kentsekere ;eword tsurua ;eword kebese ;eword
dulella ;eword kwana ;eword mololo ;eword
butle ;eword nyeo ;eword ska ;eword mollisa ;eword
sekeng ;eword ladula ;eword ka ;eword thoko ;eword
monehe ;eword eno ;eword yahao ;eword
tloha ;eword kebese ;eword
mololo ;eword uchechela ;eword kae ;eword
ledule ;eword kwana ;eword
mololo ;eword monehe ;eword
utlabeunchese ;eword kebese ;eword
keabesa ;eword jwale ;eword ure ;eword keetseng ;eword
tsurua ;eword hle ;eword mololo ;eword kebese ;eword pitsa ;eword eatimelwa ;eword
tsurua ;eword hape ;eword ketsebe ;eword hofeta ;eword kebese ;eword
tsurua ;eword mololo ;eword kefete ;eword hle ;eword
ollela ;eword draiver ;eword yaka ;eword
uankhama ;eword wena ;eword
besa ;eword ausi ;eword ntsoaki ;eword
ntsoaki ;eword ake ;eword untsamaya ;eword hle ;eword
