tsebo ;eword uanngwapa ;eword
helang ;eword tsebo ;eword
tsebo ;eword ketlaunyoka ;eword
sekoloto ;eword nka ;eword tsebo ;eword
tsebo ;eword tloo ;eword le ;eword basekomo ;eword
hoebolelwa ;eword ka ;eword mona ;eword
tsebo ;eword ere ;eword keskaselefa ;eword
tsebo ;eword erekisi ;eword ke ;eword ena ;eword
kaitholla ;eword erekisi ;eword moshana ;eword
kathola ;eword erekisi ;eword ha ;eword keitholetse ;eword
tsela ;eword he ;eword
nna ;eword kere ;eword dumela ;eword denetu ;eword
tlisa ;eword retsele ;eword tsenetu ;eword
tsebo ;eword helang ;eword
ke ;eword mme ;eword mamello ;eword
uqhadile ;eword
u ;eword setoutu ;eword na ;eword
u ;eword setoutu ;eword
u ;eword setoutu ;eword
u ;eword leshano ;eword
sepshatle ;eword
keahana ;eword
neuoe ;eword o ;eword kae ;eword tsebo ;eword
ha ;eword se ;eword lehetla ;eword hle ;eword
tsebo ;eword uaqhomisa ;eword
e ;eword
tsebo ;eword tloo ;eword le ;eword basekomo ;eword mme ;eword retlotsela ;eword
tsebo ;eword enwa ;eword oaeja ;eword erekisi ;eword
hei ;eword bo ;eword ke ;eword ya ;eword tsenetu ;eword erekisi ;eword eno ;eword
ontseahlanya ;eword
tsebo ;eword keaukolota ;eword
ke ;eword mahanyatsa ;eword
setlauloma ;eword hape ;eword
keauja ;eword
ee ;eword
ke ;eword ena ;eword
nka ;eword sekotlolo ;eword tsebo ;eword
tsebo ;eword
ketlodikolopetsa ;eword tlasa ;eword bethe ;eword moo ;eword
tsebo ;eword
nka ;eword lekhapetla ;eword tsenetu ;eword
tsenetu ;eword nka ;eword erekisi ;eword
motlohelle ;eword hle ;eword mmannyeo ;eword
tsebo ;eword tlohella ;eword ngwana ;eword hle ;eword mmannyeo ;eword
keufang ;eword
ee ;eword tsebo ;eword
helang ;eword rona ;eword retlatswela ;eword fatse ;eword ya ;eword eng ;eword
fatse ;eword ya ;eword eng ;eword na ;eword
keupshatleletse ;eword hle ;eword nnyeo ;eword
ketlaselefa ;eword
ke ;eword setsu ;eword
ke ;eword setsu ;eword
honehosena ;eword letho ;eword bona ;eword
tsebo ;eword
tsebo ;eword ha ;eword reebole ;eword tjee ;eword
nna ;eword keebola ;eword tjee ;eword
kathola ;eword
u ;eword setoutu ;eword
nka ;eword tsenetu ;eword
nna ;eword keaijella ;eword
ketloutsella ;eword
ke ;eword eng ;eword ellang ;eword jwale ;eword
ke ;eword mme ;eword mamello ;eword
u ;eword setoutu ;eword
keotla ;eword tsebo ;eword
etsetse ;eword
motlohele ;eword
e ;eword
ha ;eword hona ;eword letho ;eword hohang ;eword
ntswarele ;eword hle ;eword tsebo ;eword
ketloselefa ;eword sekotlolo ;eword sahao ;eword
seboko ;eword see ;eword
nka ;eword ke ;eword sena ;eword
ereng ;eword
untseueqhala ;eword
etsele ;eword
ya ;eword tsenetu ;eword
wena ;eword tsenetu ;eword usekabamoneha ;eword
hela ;eword erekisi ;eword hakere ;eword keja ;eword lekhapetla ;eword eahlaha ;eword banna ;eword
hela ;eword erekisi ;eword hakere ;eword keja ;eword lekhapetla ;eword eahlaha ;eword
utlaja ;eword seboko ;eword seo ;eword
ding ;eword
sepshatle ;eword
thonaka ;eword erekisi ;eword tsebo ;eword
butle ;eword tsebo ;eword ka ;eword sekoloto ;eword seo ;eword butle ;eword
ke ;eword wena ;eword
tsebo ;eword skanna ;eword ntsosa ;eword
wena ;eword
tsebo ;eword
tsebo ;eword
tsebo ;eword sekanna ;eword bapala ;eword ka ;eword erekisi ;eword ena ;eword ya ;eword batho ;eword
untseuelahlelang ;eword
tsebo ;eword keilomokuka ;eword
ha ;eword keaqhala ;eword
ha ;eword keaqhala ;eword
