uadiqeta ;eword
uaeja ;eword hlobohang ;eword
hape ;eword le ;eword nna ;eword
u ;eword leshano ;eword
ere ;eword ke ;eword lena ;eword
hlobohang ;eword uetsang ;eword
uelahlile ;eword wena ;eword
tlisa ;eword mokopu ;eword ona ;eword
ha ;eword se ;eword mokopu ;eword otswang ;eword masimong ;eword
kebatla ;eword poone ;eword ketloebesa ;eword
kebatla ;eword poone ;eword ketloebesa ;eword ausi ;eword ntsoaki ;eword
keaenka ;eword poone ;eword ketloebesa ;eword
ketlanka ;eword ka ;eword matla ;eword ahao ;eword
kwala ;eword lemati ;eword
hothwe ;eword ekwala ;eword lemati ;eword koloi ;eword
ee ;eword uatabola ;eword utabola ;eword lemati ;eword la ;eword koloi ;eword
ke ;eword ka ;eword mona ;eword uchobelang ;eword ke ;eword ka ;eword mona ;eword
e ;eword lemati ;eword
lemati ;eword lekwallwa ;eword ka ;eword nqane ;eword
hothwe ;eword hokwallwa ;eword leleng ;eword ka ;eword mona ;eword
enotletswe ;eword lekwadilweng ;eword
e ;eword lekwadilwe ;eword lemati ;eword
lebulehile ;eword hlobohang ;eword lekwale ;eword
bo ;eword butle ;eword uaeroba ;eword ntho ;eword ena ;eword
ha ;eword utsebe ;eword hokwala ;eword lemati ;eword
ulekwale ;eword tjena ;eword ho ;eword motho ;eword retlammaleha ;eword
retlammulela ;eword tjena ;eword
jwale ;eword bakwala ;eword
jwale ;eword bohle ;eword bakwala ;eword
bona ;eword ntho ;eword ena ;eword eitse ;eword
ache ;eword kebona ;eword ntho ;eword ena ;eword feela ;eword
bona ;eword mabidi ;eword ale ;eword
bona ;eword mabidi ;eword a ;eword ditsepe ;eword
mabidi ;eword a ;eword ditsepe ;eword
efedile ;eword
e ;eword hokae ;eword
hatoha ;eword
unwa ;eword lesheleshele ;eword wena ;eword
ke ;eword lesheleshele ;eword wena ;eword
he ;eword wena ;eword hlobohang ;eword
unwa ;eword lesheleshele ;eword wena ;eword
unwang ;eword
unwa ;eword lesheleshele ;eword
e ;eword hlobohang ;eword
keuapese ;eword
ere ;eword ka ;eword lebese ;eword
enke ;eword
kenka ;eword koloi ;eword yaka ;eword ya ;eword motokara ;eword
ke ;eword koloi ;eword yaka ;eword ena ;eword ha ;eword se ;eword lebokose ;eword
etsa ;eword koloi ;eword enkile ;eword
kelokisa ;eword koloi ;eword ena ;eword
kelokisa ;eword koloi ;eword yahao ;eword
ya ;eword mona ;eword earekiswa ;eword ketlaereka ;eword
uneulebehile ;eword kae ;eword
ha ;eword le ;eword yo ;eword
ha ;eword le ;eword yo ;eword lebokose ;eword lahao ;eword mona ;eword
ke ;eword lahao ;eword lebokose ;eword lee ;eword
keilolepata ;eword ka ;eword mona ;eword
le ;eword kae ;eword
enngwe ;eword epshatlehile ;eword
keilokenya ;eword tsaka ;eword mona ;eword wena ;eword
hle ;eword butle ;eword
ewetse ;eword
ochele ;eword
katakata ;eword enkile ;eword koloi ;eword enngwe ;eword
ke ;eword lena ;eword laka ;eword leatsamaya ;eword leya ;eword natala ;eword
u ;eword mang ;eword wena ;eword
u ;eword mang ;eword
ke ;eword mang ;eword elwa ;eword
elwa ;eword ena ;eword ke ;eword mang ;eword
bona ;eword ke ;eword yane ;eword
motho ;eword ke ;eword yane ;eword
motho ;eword ke ;eword yane ;eword hlobohang ;eword
bona ;eword motho ;eword ke ;eword yane ;eword
bona ;eword motho ;eword
ke ;eword motho ;eword
ke ;eword motho ;eword
ke ;eword abuti ;eword mohapi ;eword
abuti ;eword mang ;eword
abuti ;eword mohale ;eword
abuti ;eword mohale ;eword wena ;eword
abuti ;eword mohale ;eword
abuti ;eword mohale ;eword
abuti ;eword mohale ;eword
e ;eword
abuti ;eword mohale ;eword
e ;eword
wena ;eword u ;eword mang ;eword
u ;eword mang ;eword
mololo ;eword motiea ;eword
u ;eword mololo ;eword motiea ;eword
u ;eword hlobohang ;eword motiea ;eword
u ;eword hlobohang ;eword motiea ;eword
hothwe ;eword enka ;eword dikonkwane ;eword
ntlo ;eword engwe ;eword eakuka ;eword dikonkwane ;eword
ntlo ;eword enngwe ;eword enkile ;eword dikonkwane ;eword
hothwe ;eword enngwe ;eword eisa ;eword bana ;eword kliniking ;eword ha ;eword bakena ;eword ka ;eword mane ;eword
kesekeile ;eword kliniking ;eword jwale ;eword
ketentsa ;eword bana ;eword
bosiu ;eword bakena ;eword ka ;eword
e ;eword
ke ;eword eng ;eword ntho ;eword ee ;eword
ke ;eword ntho ;eword ya ;eword kumbakumba ;eword
etlabua ;eword jwalo ;eword ka ;eword wena ;eword ntho ;eword ee ;eword
etlabua ;eword jwalo ;eword ka ;eword wena ;eword
ebua ;eword jwalo ;eword ka ;eword wena ;eword
enkile ;eword bana ;eword
utlwa ;eword bana ;eword baya ;eword kliniking ;eword
bona ;eword baatsamaya ;eword
baatsamaya ;eword baya ;eword kliniking ;eword kwana ;eword
ebofile ;eword mobu ;eword
keqhala ;eword mobu ;eword
etsamaya ;eword kliniking ;eword koloi ;eword yaka ;eword
keisa ;eword bana ;eword kliniking ;eword
nka ;eword wena ;eword
a ;eword wena ;eword
aa ;eword wena ;eword
nna ;eword bana ;eword baka ;eword kebatsetse ;eword ka ;eword lebokoseng ;eword bana ;eword baka ;eword
ke ;eword bana ;eword
ke ;eword bana ;eword uababona ;eword
tlisa ;eword bana ;eword kliniking ;eword ke ;eword bana ;eword
kebaisa ;eword kliniking ;eword bana ;eword bana ;eword
kepepile ;eword ngwana ;eword
wena ;eword ure ;eword bapepwe ;eword
ka ;eword lebokoseng ;eword
bana ;eword baamatha ;eword baile ;eword kliniking ;eword
bana ;eword basebafihlile ;eword kliniking ;eword jwale ;eword
bamatha ;eword baya ;eword kliniking ;eword
diababa ;eword
batho ;eword baatsamaya ;eword
e ;eword hothwe ;eword batloswa ;eword ka ;eword tlung ;eword
baamatha ;eword
ti ;eword baamatha ;eword
ke ;eword bana ;eword bahao ;eword baya ;eword kliniking ;eword
houwa ;eword kliniking ;eword
kliniki ;eword
pepa ;eword ntho ;eword eno ;eword ntho ;eword ena ;eword epepile ;eword yane ;eword eatsamaya ;eword
dikonkwane ;eword ha ;eword dikopane ;eword mona ;eword
hothwe ;eword dikoloi ;eword dipepile ;eword bana ;eword ba ;eword rona ;eword
hei ;eword utswa ;eword kae ;eword ngwana ;eword towe ;eword
ha ;eword dikopane ;eword mona ;eword ha ;eword dikopane ;eword
eshebile ;eword kwana ;eword
ke ;eword koloi ;eword ya ;eword mang ;eword
nka ;eword wena ;eword nka ;eword
ha ;eword dikopane ;eword mona ;eword diakopana ;eword
ba ;eword kae ;eword bayang ;eword kliniking ;eword batheoha ;eword ntate ;eword bamatha ;eword
batho ;eword bana ;eword baamatha ;eword
jowe ;eword batho ;eword baamatha ;eword baya ;eword kliniking ;eword ntate ;eword
bafihla ;eword kliniking ;eword baamatha ;eword
bafihla ;eword jwale ;eword
bafihla ;eword
hothwe ;eword kliniking ;eword ke ;eword mane ;eword
hothwe ;eword kliniking ;eword ke ;eword mona ;eword
kliniki ;eword ke ;eword mona ;eword wena ;eword
bafihla ;eword kliniking ;eword bana ;eword baka ;eword ntate ;eword
barobala ;eword
oarobala ;eword emonyane ;eword
barobala ;eword
hothwe ;eword ngwana ;eword emonyane ;eword oarobala ;eword
hothwe ;eword ngwana ;eword emonyane ;eword ohatsetse ;eword ngwana ;eword emonyane ;eword ohatsetse ;eword
hothwe ;eword ngwana ;eword emonyane ;eword okena ;eword ka ;eword mokoting ;eword
uabahata ;eword bana ;eword baka ;eword
hele ;eword dintho ;eword tsekae ;eword
he ;eword ngwana ;eword emong ;eword oakaka ;eword
ketlilobona ;eword ngwana ;eword
ketlilobona ;eword ngwana ;eword ausi ;eword ntsoaki ;eword
ketlilobona ;eword
ketlilobona ;eword tsenyane ;eword
tsenyane ;eword
eya ;eword
nna ;eword kebatla ;eword poone ;eword entsutsubete ;eword
keabatla ;eword
enyane ;eword nyane ;eword nyane ;eword
mphe ;eword he ;eword
kekenya ;eword dintho ;eword ka ;eword koloi ;eword e ;eword sosopiri ;eword
o ;eword
o ;eword hlobohang ;eword
o ;eword
ee ;eword
tlisa ;eword
uetsang ;eword
nrwese ;eword
letsohile ;eword jwang ;eword
jwale ;eword mmutlanyana ;eword oneotswere ;eword tau ;eword moholo ;eword ka ;eword mohatla ;eword
ere ;eword mmutlanyana ;eword otsware ;eword tau ;eword moholo ;eword ka ;eword mohatla ;eword
echo ;eword jwalo ;eword
mohatla ;eword
echo ;eword jwalo ;eword mmutlanyana ;eword otswere ;eword tau ;eword moholo ;eword
ka ;eword mohatla ;eword
utsuba ;eword kwae ;eword wena ;eword
ke ;eword ena ;eword
choo ;eword
ere ;eword barenere ;eword
barenere ;eword
ere ;eword barenere ;eword
barenere ;eword
barenere ;eword
ha ;eword kere ;eword uetse ;eword tsomo ;eword wena ;eword ure ;eword barenere ;eword
ehlahile ;eword kantle ;eword
keetehile ;eword ntho ;eword yahao ;eword
keetehile ;eword
eo ;eword ke ;eword mang ;eword
m ;eword
ka ;eword eng ;eword
ka ;eword eng ;eword
e ;eword thatha ;eword ukekebewaeja ;eword ntho ;eword ee ;eword
keaetiisa ;eword
nna ;eword kebotenne ;eword ke ;eword bane ;eword
nkhotholele ;eword poone ;eword
mphe ;eword ena ;eword
ke ;eword hobane ;eword uilewandihela ;eword
nka ;eword kedihela ;eword yaka ;eword
keaediela ;eword
ake ;eword udihele ;eword poone ;eword yahao ;eword
uautlwa ;eword
uautlwa ;eword na ;eword
hlobohang ;eword
uantsipa ;eword
uantsaba ;eword
hai ;eword
hai ;eword
hai ;eword
keethua ;eword ka ;eword mona ;eword
baufa ;eword poone ;eword ke ;eword yane ;eword
ke ;eword sena ;eword ke ;eword sena ;eword
ketlasemulela ;eword kwana ;eword
a ;eword
nka ;eword ke ;eword tsena ;eword
ka ;eword nqane ;eword
ere ;eword tloha ;eword mona ;eword
keasebolaya ;eword
mololo ;eword osebolaile ;eword
echo ;eword hantle ;eword
jahang ;eword lele ;eword babedi ;eword ke ;eword ena ;eword
eachesa ;eword utlacha ;eword
ere ;eword ke ;eword poone ;eword
ere ;eword ke ;eword ena ;eword
eamokuka ;eword
ha ;eword emolome ;eword he ;eword
