ee ;eword mololo ;eword ska ;eword llisa ;eword ngwana ;eword hle ;eword
ee ;eword hle ;eword mololo ;eword
ee ;eword mololo ;eword ska ;eword llisa ;eword ngwana ;eword
ngwana ;eword ya ;eword moputswaputswa ;eword eno ;eword
ore ;eword uanyolle ;eword ale ;eword mabedi ;eword
tlisa ;eword nyeo ;eword hao ;eword
e ;eword
ere ;eword tanki ;eword mme ;eword
tlisa ;eword keutselle ;eword
oo ;eword
mololo ;eword wena ;eword ha ;eword ubatle ;eword keufe ;eword lesheleshele ;eword
tlosa ;eword vaskomo ;eword ena ;eword mono ;eword letleletsebe ;eword hotsamaisa ;eword dikoloi ;eword tsa ;eword lona ;eword
mololo ;eword
ketlaushapa ;eword wena ;eword
thola ;eword mololo ;eword
otswa ;eword kae ;eword
ke ;eword lesheleshele ;eword
mololo ;eword ha ;eword ukadula ;eword fatse ;eword
m ;eword
ntsa ;eword ntho ;eword ena ;eword ntsoaki ;eword
ntsoaki ;eword mosuthele ;eword
mosuthele ;eword
hlohlorela ;eword kantle ;eword ntsoaki ;eword
suthela ;eword ngwana ;eword aqhobe ;eword koloi ;eword
tloha ;eword mohale ;eword
ure ;eword oaumula ;eword
uetsela ;eword fatse ;eword mohale ;eword
ee ;eword hle ;eword
empa ;eword hothwe ;eword
