uautlwa ;eword
skaba ;eword monka ;eword
ake ;eword ubone ;eword
tloela ;eword dieta ;eword tsahae ;eword
uneumootlelang ;eword
utlafola ;eword
hobaneng ;eword
uanyanya ;eword
tsebo ;eword tlohang ;eword
tlong ;eword ka ;eword tlung ;eword
untseuetsang ;eword
dihleke ;eword dijana ;eword tseno ;eword
ska ;eword mohula ;eword ka ;eword dikobo ;eword hle ;eword manyeo ;eword
ka ;eword lebekereng ;eword nkang ;eword dintho ;eword tsena ;eword tse ;eword fatse ;eword tsena ;eword
utlamodiha ;eword
umoetsa ;eword jwang ;eword jwale ;eword tsebo ;eword
tsebo ;eword ketlaushapa ;eword
hela ;eword wena ;eword tsebo ;eword
tsebo ;eword tsamaya ;eword hotlosa ;eword ngwana ;eword hle ;eword manyeo ;eword
ae ;eword pampiri ;eword ena ;eword ke ;eword yaka ;eword ena ;eword
tlohang ;eword moyeng ;eword mona ;eword lona ;eword
ngwana ;eword oatswa ;eword
ngwana ;eword utlajang ;eword jwale ;eword
helele ;eword tsebo ;eword utlantsuwa ;eword ke ;eword mang ;eword
untseuleetsang ;eword
a ;eword macha ;eword
uutlwa ;eword uerata ;eword tsebo ;eword
haholo ;eword
ubatla ;eword dieta ;eword tsahao ;eword
aaubontsa ;eword hore ;eword otseba ;eword hotsamaya ;eword
ka ;eword letsoho ;eword
ere ;eword kebone ;eword
hotlafola ;eword
uautlwa ;eword ngwanana ;eword
uautlwa ;eword he ;eword
eka ;eword akahana ;eword hotswa ;eword
umotsosetsang ;eword
ketlamoshapa ;eword
tsamaya ;eword
tsamaya ;eword uye ;eword kwana ;eword
ngwana ;eword atlatsebe ;eword hoya ;eword teng ;eword
eahana ;eword
etlohele ;eword ha ;eword ehana ;eword
tsebo ;eword skana ;eword fasa ;eword dieta ;eword tsa ;eword ngwana ;eword helang ;eword
letlaitlhatswa ;eword kaofela ;eword
kaofela ;eword
ha ;eword hona ;eword atlasala ;eword
usefasetsang ;eword
urata ;eword holla ;eword e ;eword tsebo ;eword
nka ;eword uilobeha ;eword ketlele ;eword ena ;eword
nyanya ;eword ke ;eword ena ;eword
ebehe ;eword hle ;eword
ere ;eword tswekere ;eword ha ;eword e ;eword yo ;eword
utlamodiha ;eword kannete ;eword
uchekelang ;eword helang ;eword
motlose ;eword tsebo ;eword
tsebo ;eword motlose ;eword
nka ;eword phafa ;eword ke ;eword ena ;eword moshanyana ;eword
ketlaushapa ;eword
iseletsa ;eword lebokose ;eword lena ;eword kwana ;eword eke ;eword
mphe ;eword seeta ;eword sena ;eword kemobate ;eword
uya ;eword kae ;eword jwale ;eword
utswerwe ;eword ke ;eword boroko ;eword
bulela ;eword ngwana ;eword emong ;eword wena ;eword
ee ;eword ska ;eword bulela ;eword thupa ;eword
bula ;eword ka ;eword letsoho ;eword
ke ;eword eng ;eword
tsebo ;eword uetsang ;eword
ae ;eword hle ;eword skanna ;eword etsa ;eword dintho ;eword tseo ;eword untseudietsa ;eword ae ;eword wena ;eword
ditsebe ;eword tseo ;eword
tloha ;eword mona ;eword
uetsang ;eword
umoetsa ;eword jwang ;eword
tsamaya ;eword hoebeha ;eword
tsamaya ;eword hoebeha ;eword kwana ;eword
uetsang ;eword
keakholwa ;eword owetse ;eword hodima ;eword seeta ;eword sena ;eword
tlisa ;eword diphahlo ;eword tseno ;eword tsahae ;eword tse ;eword pela ;eword katiba ;eword tsetala ;eword
apara ;eword ntate ;eword
uamoisa ;eword hodimo ;eword hakakang ;eword
ka ;eword lebekereng ;eword
utlose ;eword le ;eword sekotlolo ;eword sena ;eword sahae ;eword
leya ;eword kae ;eword jwale ;eword lona ;eword
monanabele ;eword
ketlamoshapa ;eword
bona ;eword ngwana ;eword
ke ;eword lona ;eword lentsengletswa ;eword
leya ;eword kantle ;eword ka ;eword kwana ;eword
lentselebatlang ;eword hantle ;eword
moo ;eword ha ;eword lebine ;eword
ake ;eword ubone ;eword
utswa ;eword kae ;eword
uetsang ;eword tsebo ;eword
ditloetsang ;eword tsona ;eword
batho ;eword ba ;eword modimo ;eword udiha ;eword ngwana ;eword wena ;eword
ketlatlohakefahla ;eword ngwana ;eword ka ;eword dintho ;eword tsena ;eword
kere ;eword ngwana ;eword oya ;eword moyeng ;eword
leya ;eword kae ;eword
ere ;eword ketlaushapa ;eword
uthole ;eword feela ;eword
e ;eword monate ;eword yona ;eword ntho ;eword eo ;eword
kwae ;eword ke ;eword eng ;eword na ;eword basadi ;eword
umotsosetsang ;eword
uetsang ;eword
ketlaushapa ;eword
ha ;eword adibatle ;eword
ee ;eword skaba ;eword seba ;eword
uneumoetsa ;eword jwang ;eword
uiloetsang ;eword moyeng ;eword
uautlwa ;eword he ;eword
uatseba ;eword
skana ;eword tsosa ;eword ngwana ;eword
usefasetsang ;eword
uiphasa ;eword jwang ;eword
ee ;eword hle ;eword manyeo ;eword tsebo ;eword uetsang ;eword
uatseba ;eword hoteteka ;eword
uneujwetswa ;eword ke ;eword mang ;eword hoteteka ;eword
oauhlola ;eword
utlawela ;eword hodima ;eword ngwana ;eword
uetsang ;eword tsebo ;eword hantle ;eword
tloha ;eword
ke ;eword yaka ;eword thutswana ;eword eno ;eword
ka ;eword hare ;eword
unkuwe ;eword ke ;eword mang ;eword
ledija ;eword
skana ;eword fa ;eword ngwana ;eword wena ;eword ae ;eword
ha ;eword afasuwe ;eword ae ;eword
motloele ;eword ntate ;eword
e ;eword katiba ;eword
ae ;eword ako ;eword butle ;eword wena ;eword
dula ;eword seseng ;eword ke ;eword sane ;eword
uya ;eword kae ;eword wena ;eword
ntsa ;eword lekotikoti ;eword
ntsa ;eword ntho ;eword ena ;eword hle ;eword manyeo ;eword ena ;eword le ;eword mobu ;eword
nka ;eword wena ;eword
utlamodiha ;eword
mm ;eword bona ;eword
bona ;eword
tloo ;eword kwano ;eword
dula ;eword fatse ;eword wena ;eword
monanabele ;eword
tsebo ;eword skanna ;eword ya ;eword kantle ;eword moya ;eword o ;eword mongata ;eword
seka ;eword yang ;eword kantle ;eword
uatseba ;eword utladiha ;eword ngwana ;eword eo ;eword wena ;eword
ee ;eword
mm ;eword hakere ;eword uneure ;eword askabaya ;eword kliniking ;eword ka ;eword tsona ;eword
nka ;eword ubeha ;eword khaba ;eword ya ;eword ngwana ;eword
uautlwa ;eword he ;eword
udifasetsang ;eword
oasehwa ;eword ke ;eword mahare ;eword ka ;eword mono ;eword tsebo ;eword
ketlamootla ;eword dinko ;eword tsena ;eword
barobala ;eword ha ;eword manyeo ;eword
seka ;eword llisa ;eword ngwana ;eword emong ;eword hle ;eword wena ;eword
hoetsuwa ;eword tjena ;eword ae ;eword
umoapesa ;eword jwang ;eword
motloele ;eword
uelahlelang ;eword
ke ;eword mang ;eword yantsengaseetsa ;eword tjee ;eword
tsamaya ;eword holetlosa ;eword tsebo ;eword
tlisa ;eword phafa ;eword eno ;eword yaka ;eword
utsira ;eword mang ;eword
ee ;eword hle ;eword manyeo ;eword
ee ;eword tsebo ;eword
ore ;eword utswe ;eword
udifasetsang ;eword
ska ;eword hlwella ;eword lemating ;eword tsebo ;eword
utlaeotla ;eword ka ;eword phafa ;eword
ke ;eword mang ;eword
ofeng ;eword
ee ;eword ese ;eword wa ;eword lona ;eword
leneleseleilorwalla ;eword hape ;eword
ubeuetsang ;eword ka ;eword yona ;eword
uatseba ;eword ketlaushapa ;eword
utladirwala ;eword
tloo ;eword keurwese ;eword
ketloshapa ;eword dikatse ;eword ka ;eword yona ;eword
utladija ;eword motsehare ;eword
ee ;eword ha ;eword kere ;eword wena ;eword
eya ;eword ngwanana ;eword
hei ;eword wena ;eword
uakenyetsang ;eword
untseuetsang ;eword
yena ;eword ha ;eword akwata ;eword
kere ;eword na ;eword ke ;eword ya ;eword eng ;eword
ee ;eword lesefasetsang ;eword
umokakasetsang ;eword ngwana ;eword enwa ;eword
uatseba ;eword utlahlaha ;eword kotsi ;eword wena ;eword tsebo ;eword
ee ;eword hle ;eword wena ;eword tsebo ;eword
m ;eword
uneurutwa ;eword ke ;eword mang ;eword
sekanna ;eword sefasa ;eword
tsebo ;eword skana ;eword fasa ;eword dieta ;eword tsa ;eword ngwana ;eword
uya ;eword kae ;eword
koko ;eword ke ;eword eo ;eword
beha ;eword lefielo ;eword moshanyana ;eword
nyolla ;eword kapele ;eword hle ;eword manyeo ;eword
umokwalelang ;eword
tlisa ;eword phafa ;eword eo ;eword
eneele ;eword ha ;eword uaetsang ;eword
leya ;eword kae ;eword
sekanna ;eword kakasa ;eword ngwana ;eword
ae ;eword hle ;eword manyeo ;eword seka ;eword bapallang ;eword lemating ;eword
leetsang ;eword
kesefasitse ;eword
tsebo ;eword hle ;eword ska ;eword bapalla ;eword lemating ;eword mona ;eword
uomanya ;eword nna ;eword
tsebo ;eword ketlaushapa ;eword
ke ;eword yaka ;eword
ache ;eword ketlele ;eword ha ;eword aebehe ;eword
leilelamofa ;eword
seka ;eword motlisa ;eword
ha ;eword hoetsuwa ;eword jwalo ;eword
ska ;eword mofasa ;eword jwalo ;eword ka ;eword ngwana ;eword jwale ;eword tjena ;eword
he ;eword umoetsa ;eword jwang ;eword
sekanna ;eword koba ;eword ntho ;eword ena ;eword yaka ;eword wena ;eword
sekanna ;eword etsa ;eword tjena ;eword dieta ;eword tsa ;eword ngwana ;eword wena ;eword
keitse ;eword utlobeha ;eword ntho ;eword ee ;eword yaka ;eword moo ;eword
m ;eword
ae ;eword dula ;eword fatse ;eword
ee ;eword hle ;eword skana ;eword bapalla ;eword lemating ;eword
urata ;eword hoetsang ;eword ka ;eword yona ;eword
seka ;eword yang ;eword kantle ;eword hleng ;eword lona ;eword
ngwana ;eword otla ;eword moyeng ;eword moo ;eword
jwale ;eword ha ;eword lebine ;eword
uetsang ;eword
leetsang ;eword lona ;eword
tswa ;eword
dibehe ;eword
urata ;eword holla ;eword
oo ;eword jwale ;eword utlatseba ;eword homoteteka ;eword hantle ;eword
mane ;eword
dula ;eword fatse ;eword
ngwana ;eword otlatla ;eword mono ;eword
ae ;eword wena ;eword he ;eword motho ;eword oaseba ;eword enwa ;eword
ke ;eword phafa ;eword
uetsang ;eword jwang ;eword jwale ;eword
oiloenka ;eword
ketlaushapa ;eword
uatseba ;eword
wa ;eword boabuti ;eword thabiso ;eword
rwala ;eword
uatseba ;eword utlalla ;eword tsebo ;eword
ke ;eword seeta ;eword sena ;eword
leabona ;eword jwale ;eword
eng ;eword
udikobelang ;eword dieta ;eword tsa ;eword ngwana ;eword
umopitlelang ;eword
motho ;eword ya ;eword khopane ;eword enwa ;eword otloenka ;eword
tlisa ;eword dintho ;eword tsena ;eword tsahao ;eword
ware ;eword askabarwala ;eword dieta ;eword tsetabohileng ;eword
tsamaya ;eword
tlisa ;eword
uhlwella ;eword hobang ;eword
udibehe ;eword mohaolwaneng ;eword
umonka ;eword jwang ;eword na ;eword manyeo ;eword
neuoe ;eword ore ;eword hokwatile ;eword wena ;eword
uetsang ;eword
udifasetsang ;eword dieta ;eword tsa ;eword ngwana ;eword
useshapelang ;eword seeta ;eword sa ;eword ngwana ;eword
uatseba ;eword
moyeng ;eword
ehlile ;eword letlaikutletsa ;eword kaofela ;eword ha ;eword lona ;eword
ae ;eword ska ;eword pshatla ;eword wache ;eword
tsebo ;eword ketlaushapa ;eword
ebehe ;eword kwana ;eword ntho ;eword ena ;eword ka ;eword tlung ;eword
le ;eword mang ;eword
ngwana ;eword oya ;eword ho ;eword wena ;eword kwana ;eword
lamofa ;eword jwale ;eword
ke ;eword eng ;eword
ska ;eword ntoma ;eword
basadi ;eword motho ;eword oaseba ;eword enwa ;eword
beha ;eword dieta ;eword tsa ;eword ngwana ;eword
tsebo ;eword
bona ;eword redibeha ;eword
udikobelang ;eword he ;eword
nka ;eword molamu ;eword ono ;eword wena ;eword
untseuya ;eword kae ;eword
ntseliseng ;eword o ;eword kae ;eword
le ;eword mang ;eword
hula ;eword lelapi ;eword lena ;eword mane ;eword wena ;eword tsebo ;eword
untseubona ;eword
tsebo ;eword ska ;eword bapalla ;eword lemating ;eword
ke ;eword eo ;eword
tsamaya ;eword ufetele ;eword kwana ;eword wena ;eword
ketloleshapa ;eword
ke ;eword thutswana ;eword ya ;eword eng ;eword
ketlamofasa ;eword
etlile ;eword kwano ;eword
skana ;eword tswang ;eword
le ;eword mona ;eword
basadi ;eword che ;eword tsebo ;eword
tloo ;eword ebehe ;eword mono ;eword
tlisa ;eword phafa ;eword eno ;eword yahao ;eword
see ;eword hodima ;eword nkho ;eword
ketlashapa ;eword tsebo ;eword
tloha ;eword mono ;eword
ngwana ;eword enwa ;eword ohahlwa ;eword ke ;eword moya ;eword
udutse ;eword le ;eword mang ;eword
terateng ;eword e ;eword hokae ;eword
barekisitseng ;eword diapole ;eword
tsebo ;eword skana ;eword fasa ;eword dieta ;eword tsa ;eword ngwana ;eword
ngwana ;eword enwa ;eword
tloo ;eword dula ;eword fatse ;eword mona ;eword
dula ;eword fatse ;eword
tlisa ;eword kebate ;eword enwa ;eword
ka ;eword dithupa ;eword tsena ;eword tsa ;eword lona ;eword tsena ;eword
tloo ;eword motlose ;eword tsebo ;eword
ha ;eword utlodibeha ;eword ka ;eword mohaolwaneng ;eword manyeo ;eword na ;eword helang ;eword
thiba ;eword ngwana ;eword yane ;eword aseba ;eword
oiloetsang ;eword
etlise ;eword
uetsang ;eword
lehule ;eword mane ;eword
mphe ;eword phafa ;eword ena ;eword kemoshape ;eword
tsepedi ;eword
ae ;eword wena ;eword
eatswa ;eword
ee ;eword bo ;eword skana ;eword etsa ;eword jwalo ;eword wena ;eword
ska ;eword mopitla ;eword
ketlaushapa ;eword tsebo ;eword
jwale ;eword ladija ;eword latima ;eword tsenethu ;eword
ke ;eword ya ;eword eng ;eword
tsebo ;eword ha ;eword uthibane ;eword ditsebe ;eword tjee ;eword
wa ;eword ngwana ;eword
dula ;eword fatse ;eword wena ;eword
motlose ;eword
kere ;eword udinyolle ;eword
uatseba ;eword ketlaushapa ;eword
ako ;eword beha ;eword
mm ;eword motlohele ;eword
tsebo ;eword uatseba ;eword ketlaushapa ;eword
lebehe ;eword he ;eword
ee ;eword leonwellang ;eword
tlosa ;eword dintho ;eword tsena ;eword tsahao ;eword mona ;eword
u ;eword sele ;eword ho ;eword jwang ;eword na ;eword
ketlaushapa ;eword tsebo ;eword
utlasenya ;eword dieta ;eword tsena ;eword tsa ;eword ngwana ;eword
utlatla ;eword hootla ;eword ntho ;eword ena ;eword ya ;eword batho ;eword wena ;eword
ladija ;eword lamotima ;eword
ebuseletse ;eword kwana ;eword
leskannalayang ;eword moyeng ;eword
uetsang ;eword hantle ;eword
