ho ;eword monate ;eword kwana ;eword sakeng ;eword
ke ;eword boabuti ;eword maqhione ;eword le ;eword pheko ;eword
ke ;eword tsebo ;eword
kare ;eword kebatla ;eword ka ;eword mokhorong ;eword
nna ;eword keja ;eword la ;eword kliniki ;eword
ke ;eword ntho ;eword ya ;eword tsebo ;eword
keamatha ;eword
renerenkile ;eword makwenya ;eword le ;eword bohobe ;eword
neuoe ;eword otseba ;eword holetsa ;eword kumbakumba ;eword
kemathe ;eword
kenekeile ;eword
pheko ;eword yena ;eword onearobala ;eword ale ;eword mong ;eword
hobatleha ;eword dikausi ;eword
ketlabaleha ;eword
dipotsanyane ;eword
reneremofe ;eword
ee ;eword
reneredisa ;eword dipodi ;eword le ;eword bomaqhione ;eword le ;eword ramotoai ;eword
mane ;eword pela ;eword khohlwane ;eword
ee ;eword ketlabaleha ;eword
are ;eword okhotse ;eword
nkamatha ;eword feela ;eword
kenekere ;eword kerobale ;eword le ;eword neuoe ;eword
dichelete ;eword tsepedi ;eword
ya ;eword ntate ;eword masheane ;eword
ke ;eword phetho ;eword
lee ;eword
ka ;eword koloi ;eword
renerena ;eword le ;eword hleso ;eword le ;eword tsebo ;eword
neuoe ;eword abeasearobala ;eword le ;eword maqhione ;eword
ha ;eword kerobale ;eword
rerobala ;eword le ;eword abuti ;eword maqhione ;eword hodima ;eword seponehe ;eword
e ;eword e ;eword ntle ;eword
entle ;eword ya ;eword masenke ;eword
onealehana ;eword
lena ;eword le ;eword lecha ;eword
tsekana ;eword tsepedi ;eword
keikomosa ;eword maoto ;eword ana ;eword aka ;eword
reilerafuwa ;eword makwenya ;eword le ;eword dilamune ;eword
renereja ;eword tee ;eword
tsepedi ;eword
ke ;eword mangwane ;eword stutla ;eword
mme ;eword oneare ;eword mme ;eword mamello ;eword abule ;eword autlwe ;eword na ;eword rentserereng ;eword
la ;eword dipodi ;eword ha ;eword kelebatle ;eword
reneredihama ;eword
mane ;eword pela ;eword difate ;eword
kearobala ;eword
ketlare ;eword mme ;eword arebatlele ;eword dikausi ;eword
e ;eword
e ;eword mehla ;eword ee ;eword kaofela ;eword
ha ;eword ketsebe ;eword
ae ;eword
le ;eword maqhione ;eword le ;eword motona ;eword le ;eword ralilochane ;eword
le ;eword tsebo ;eword le ;eword ausi ;eword mangaka ;eword
ee ;eword
kajeno ;eword lena ;eword
ichee ;eword ha ;eword keahatsela ;eword ka ;eword hara ;eword maoto ;eword ka ;eword mona ;eword
ekare ;eword kehatile ;eword ka ;eword maoto ;eword fatse ;eword
kesekelebetse ;eword hore ;eword ke ;eword wa ;eword mang ;eword
o ;eword monyane ;eword
neuoe ;eword oitse ;eword otlanchebela ;eword tsane ;eword tsetsweu ;eword
renerepalame ;eword taxi ;eword
baya ;eword naheng ;eword
ae ;eword kehatsetse ;eword ka ;eword maotong ;eword feela ;eword
ha ;eword batswa ;eword sekolong ;eword
