reje ;eword le ;eword litlhare ;eword
ke ;eword moo ;eword
he ;eword ha ;eword aje ;eword le ;eword papa ;eword
jwale ;eword ha ;eword aje ;eword le ;eword papa ;eword enwa ;eword
masebina ;eword rejele ;eword
ngwana ;eword enwa ;eword orotse ;eword dieta ;eword kamabomo ;eword litlhare ;eword
ejele ;eword
sheba ;eword ausi ;eword masebina ;eword moo ;eword ejeleng ;eword
ausi ;eword masebina ;eword
bona ;eword
hakere ;eword tafole ;eword eneeeme ;eword moo ;eword
ore ;eword yena ;eword oya ;eword ha ;eword ho ;eword ausi ;eword masebina ;eword
litlhare ;eword ha ;eword atsebe ;eword hore ;eword na ;eword tafole ;eword ena ;eword erekilwe ;eword neng ;eword ena ;eword
nna ;eword keatseba ;eword khale ;eword khale ;eword
nna ;eword keatseba ;eword eneefe ;eword efokuwe ;eword ke ;eword moya ;eword
yaba ;eword yarobeha ;eword
keamohlwesa ;eword
kemotswara ;eword ka ;eword letsoho ;eword le ;eword leleng ;eword
keamonyolla ;eword
kamojwetsa ;eword
