utladintsa ;eword
mang ;eword
ketseba ;eword hokhothola ;eword
e ;eword
ausi ;eword
m ;eword
tloo ;eword mme ;eword tloo ;eword kwano ;eword
diantsuwa ;eword
uetsa ;eword jwang ;eword
oneaekhile ;eword maobane ;eword kwana ;eword
machaka ;eword uphehileng ;eword
litlhare ;eword enwa ;eword ojele ;eword mobu ;eword
e ;eword nna ;eword ha ;eword keadiqhala ;eword
holla ;eword metsi ;eword
ha ;eword alebone ;eword
motho ;eword enwa ;eword ootla ;eword dintja ;eword tsahae ;eword
ootla ;eword ka ;eword diphaka ;eword
oilonka ;eword phafa ;eword
ore ;eword enyenyane ;eword
