tsebo ;eword tlohela ;eword ngwana ;eword hle ;eword
hae ;eword utlopashalla ;eword ho ;eword yena ;eword uetsang ;eword jwale ;eword
e ;eword tsebo ;eword lona ;eword leqeta ;eword hoja ;eword hona ;eword jwale ;eword
ke ;eword hore ;eword aetsa ;eword jwang ;eword makotomane ;eword
yaitseng ;eword ha ;eword abatle ;eword dintho ;eword tsemonate ;eword ke ;eword mang ;eword
lere ;eword neuoe ;eword okwatetseng ;eword
ebeese ;eword feela ;eword ulla ;eword feela ;eword
e ;eword kae ;eword
e ;eword kae ;eword lona ;eword ka ;eword moo ;eword
ke ;eword ngwana ;eword wahao ;eword
ae ;eword ukhohlella ;eword ho ;eword yena ;eword jwale ;eword
fetela ;eword ke ;eword nqena ;eword
tsamayang ;eword bo ;eword tsebo ;eword
hothwe ;eword lesekabapalla ;eword lesakeng ;eword
wena ;eword neuoe ;eword le ;eword wena ;eword tsebo ;eword
tsebo ;eword mongwathele ;eword
tsamaya ;eword hobeha ;eword lebekere ;eword tsebo ;eword
hoba ;eword lefuwe ;eword ha ;eword hona ;eword yabuang ;eword le ;eword lineo ;eword
ke ;eword neuoe ;eword eo ;eword
