jwale ;eword ebe ;eword unkileng ;eword fatse ;eword moo ;eword
bonang ;eword dinkong ;eword mona ;eword
tsebo ;eword
utlaya ;eword
bonang ;eword tsebo ;eword obapala ;eword le ;eword ditsintsi ;eword
eya ;eword bo ;eword tsebo ;eword ha ;eword esalla ;eword hle ;eword ngwana ;eword towe ;eword
bonang ;eword tsebo ;eword hle ;eword
uanthetsa ;eword
ke ;eword yaka ;eword eno ;eword hle ;eword tsebo ;eword
ae ;eword hle ;eword nna ;eword ha ;eword keaehata ;eword
eya ;eword bo ;eword tsebo ;eword
keakholwa ;eword seneserobehile ;eword
e ;eword ketswerwe ;eword ke ;eword mahlo ;eword
eneele ;eword saka ;eword sekwaelwana ;eword sane ;eword
hoitswe ;eword batsehang ;eword batlaya ;eword kantle ;eword
u ;eword lethetsi ;eword hampe ;eword wena ;eword tsebo ;eword keatseba ;eword
lineo ;eword ore ;eword otswerwe ;eword ke ;eword mahlo ;eword
ketlanka ;eword wane ;eword omonyane ;eword wa ;eword ausi ;eword mantso ;eword
eo ;eword e ;eword pela ;eword ditlhare ;eword uesiya ;eword kae ;eword
u ;eword leshano ;eword tsebo ;eword
helang ;eword
ao ;eword ake ;eword uenke ;eword feela ;eword ketlebone ;eword hore ;eword na ;eword utlaetsa ;eword jwang ;eword ka ;eword yona ;eword
unthetsa ;eword mehla ;eword ena ;eword
untseure ;eword pipipipi ;eword
boausi ;eword teboho ;eword mohla ;eword keresemese ;eword banebajella ;eword lebekereng ;eword lena ;eword
wena ;eword tsebo ;eword ha ;eword ure ;eword ausi ;eword ke ;eword eng ;eword
tsebo ;eword uabina ;eword
ae ;eword hle ;eword tsebo ;eword
hakere ;eword hoilohlaholwa ;eword
helang ;eword wena ;eword tsebo ;eword
tsena ;eword tse ;eword pela ;eword poleiti ;eword di ;eword tharo ;eword
helang ;eword wena ;eword tsebo ;eword uilewautlwa ;eword
ke ;eword dipampiri ;eword wena ;eword tsebo ;eword
keatseba ;eword
tsebo ;eword hana ;eword u ;eword ngwanana ;eword
ketlanka ;eword wane ;eword wa ;eword nkhono ;eword
tsebo ;eword
