aneabidikisa ;eword
tsamaya ;eword ujella ;eword ka ;eword kwana ;eword le ;eword boneuoe ;eword
tsamaya ;eword hojella ;eword ka ;eword kwana ;eword
e ;eword
tsebo ;eword
e ;eword
e ;eword
ho ;eword jwang ;eword na ;eword mmannyeo ;eword
tsebo ;eword
hei ;eword hlakola ;eword maoto ;eword ana ;eword ahao ;eword utlorobala ;eword mona ;eword
ha ;eword baresukudise ;eword bana ;eword bana ;eword babangata ;eword ee ;eword
uentse ;eword jwang ;eword
uahlakotse ;eword
usekatlosa ;eword shiti ;eword ena ;eword
hoallwang ;eword
ho ;eword jwang ;eword
uobehe ;eword mane ;eword pela ;eword mme ;eword mamello ;eword mane ;eword setulong ;eword
kere ;eword uapare ;eword nightdress ;eword
ya ;eword batho ;eword
helang ;eword
ukhalehile ;eword
hona ;eword mona ;eword
utsola ;eword mose ;eword ona ;eword
uapare ;eword nightdress ;eword ena ;eword yahao ;eword
utlatena ;eword nightdress ;eword ena ;eword yahao ;eword
uetsang ;eword
ailobidikisa ;eword
abidikiseng ;eword
ae ;eword ha ;eword kesatseba ;eword
ore ;eword tjale ;eword ke ;eword ya ;eword mang ;eword
ke ;eword tseno ;eword sekotlolong ;eword sahao ;eword
sahao ;eword ke ;eword sena ;eword
ukekebewatseba ;eword
hm ;eword
ho ;eword jwang ;eword
o ;eword kae ;eword neuoe ;eword
oiloetsa ;eword jwang ;eword
bantsebaja ;eword
useuqetile ;eword hoja ;eword
e ;eword
uetsa ;eword jwang ;eword
mm ;eword
e ;eword
ailoetsa ;eword jwang ;eword
ukekewatseba ;eword honka ;eword dinyee ;eword tsepedi ;eword
tsoha ;eword
ee ;eword hlobola ;eword uakwahele ;eword ka ;eword kobo ;eword ena ;eword yahao ;eword
ailobidikisang ;eword
ke ;eword eng ;eword
eetsa ;eword jwang ;eword
eetsa ;eword jwang ;eword
eetsa ;eword jwang ;eword
eauloma ;eword
ebe ;eword ke ;eword eng ;eword yona ;eword eo ;eword
e ;eword
bare ;eword batlamosiyelang ;eword
bamosielang ;eword
ho ;eword jwang ;eword tsebo ;eword
neuoe ;eword o ;eword kae ;eword
