na ;eword
ha ;eword lenahodula ;eword kaofela ;eword mono ;eword
lekahlaladula ;eword
afe ;eword
kaofela ;eword
kae ;eword
seka ;eword beha ;eword monyako ;eword
ae ;eword ngwana ;eword lemoetsang ;eword jwale ;eword
engwe ;eword le ;eword engwe ;eword ha ;eword epshatlehile ;eword uainkela ;eword
abuti ;eword mang ;eword
ke ;eword wa ;eword kae ;eword
e ;eword
banebale ;eword bakae ;eword tsebo ;eword
ba ;eword bararo ;eword
uankile ;eword kae ;eword
ae ;eword dijesi ;eword tsena ;eword ha ;eword diakonopelwa ;eword
ke ;eword afe ;eword
ere ;eword rebone ;eword
ke ;eword tsa ;eword mang ;eword
ke ;eword lahao ;eword le ;eword lee ;eword
lenelele ;eword bangata ;eword he ;eword
ha ;eword hoetsuwang ;eword
uaetsang ;eword ka ;eword tsona ;eword
