ethibe ;eword
etletse ;eword
utlautlwa ;eword ha ;eword ekuka ;eword
khaba ;eword yamang ;eword
utlathotha ;eword ka ;eword letsoho ;eword
ke ;eword ena ;eword
eqetilwe ;eword
kebokeletsa ;eword mobu ;eword
ke ;eword palesa ;eword ntho ;eword ena ;eword hei ;eword
bona ;eword koloi ;eword yane ;eword
keatsella ;eword
a ;eword hle ;eword tipara ;eword kae ;eword
nna ;eword aka ;eword keatipa ;eword mona ;eword
tloo ;eword nka ;eword mobu ;eword
ehe ;eword tloo ;eword tsela ;eword mobu ;eword
mphe ;eword selakha ;eword he ;eword hlobohang ;eword
he ;eword etlathotha ;eword thotha ;eword ekholo ;eword
ere ;eword eile ;eword hotipa ;eword
koloi ;eword ena ;eword eatuka ;eword
ere ;eword homhom ;eword
utlabona ;eword ha ;eword ketswa ;eword natala ;eword koloi ;eword ya ;eword tipara ;eword
tloo ;eword tipa ;eword
habo ;eword koloi ;eword ke ;eword moo ;eword ke ;eword ka ;eword mona ;eword
habo ;eword koloi ;eword ke ;eword mona ;eword
utlwa ;eword tipara ;eword
ke ;eword mpho ;eword feela ;eword morena ;eword
ebe ;eword ke ;eword dikhofu ;eword dile ;eword pedi ;eword ha ;eword kere ;eword
uanka ;eword koloi ;eword yaka ;eword
tlisa ;eword koloi ;eword yaka ;eword
hlobohang ;eword nka ;eword katakata ;eword yaka ;eword
elele ;eword khate ;eword utlile ;eword honka ;eword katse ;eword
nna ;eword kena ;eword le ;eword khalafu ;eword
wapota ;eword
ketlatlauneha ;eword ke ;eword wa ;eword hao ;eword
eafihla ;eword fatse ;eword naledi ;eword
bona ;eword koloi ;eword eena ;eword
eisa ;eword habo ;eword yona ;eword
bona ;eword ke ;eword hole ;eword
eafihla ;eword koloi ;eword
etswa ;eword natala ;eword
eafihla ;eword etswang ;eword hahae ;eword natala ;eword
ha ;eword eyo ;eword eahlaha ;eword
ke ;eword yane ;eword tseleng ;eword
ha ;eword koloi ;eword yaka ;eword ke ;eword mono ;eword
othotha ;eword ka ;eword letsoho ;eword
ketlamokadima ;eword kharafu ;eword
ketlaetsetsa ;eword hlobohang ;eword athothe ;eword
koloi ;eword eauhlahlatha ;eword mane ;eword
nna ;eword keya ;eword haka ;eword
ketlaja ;eword
hei ;eword wena ;eword motho ;eword hei ;eword wena ;eword
nna ;eword ketlamula ;eword mona ;eword
nka ;eword
tloo ;eword dula ;eword le ;eword ntselleng ;eword moo ;eword
tloo ;eword dula ;eword wena ;eword ntseleng ;eword
kae ;eword
tswara ;eword ebodile ;eword
obodile ;eword hakakang ;eword banna ;eword motoho ;eword
obodile ;eword
ha ;eword obabe ;eword bodile ;eword
ho ;eword bona ;eword lemina ;eword
motoho ;eword
seka ;eword nyela ;eword ntho ;eword ena ;eword
etlile ;eword le ;eword nna ;eword ntselleng ;eword yena ;eword
ke ;eword mang ;eword abatlang ;eword o ;eword monyenyane ;eword
keautselela ;eword
hei ;eword keautsella ;eword
ole ;eword katse ;eword katse ;eword ke ;eword ona ;eword o ;eword mongata ;eword mono ;eword
ke ;eword wane ;eword ofihlile ;eword marung ;eword kwana ;eword
ha ;eword reqhoba ;eword
ha ;eword rekhanne ;eword dikoloi ;eword tsane ;eword
ke ;eword tsane ;eword
kerola ;eword dieta ;eword
keadirola ;eword dieta ;eword tsena ;eword
dianchesa ;eword ebile ;eword
e ;eword dianchesa ;eword le ;eword tsa ;eword hao ;eword
hele ;eword keadirola ;eword hele ;eword
wena ;eword utsela ;eword dibikire ;eword pampiring ;eword
lona ;eword le ;eword ntselleng ;eword
hana ;eword ngwana ;eword oo ;eword ke ;eword mang ;eword
ke ;eword ntselleng ;eword
e ;eword wena ;eword u ;eword sebobolane ;eword
u ;eword sebobolane ;eword
ha ;eword hakere ;eword keaubapadisa ;eword
useulla ;eword
a ;eword uaietsisa ;eword
keuetse ;eword
ntselleng ;eword le ;eword yena ;eword oaetsella ;eword
ntselleng ;eword ontseaecho ;eword jwalo ;eword
nka ;eword ntho ;eword
ke ;eword mang ;eword ntselleng ;eword
kaethola ;eword ntho ;eword ee ;eword
nna ;eword keaetseba ;eword
ualla ;eword
thola ;eword
utlwa ;eword masumo ;eword
ohodile ;eword moriri ;eword waka ;eword
ohodile ;eword
utlamotsella ;eword le ;eword wena ;eword
uautlwa ;eword
bona ;eword ke ;eword ena ;eword hlobohang ;eword
bona ;eword koloi ;eword ya ;eword hao ;eword
obodile ;eword bo ;eword
obodila ;eword
obodila ;eword
motoho ;eword o ;eword mokana ;eword
keqetile ;eword pele ;eword ho ;eword lona ;eword
keatsamaya ;eword
rwala ;eword dieta ;eword wena ;eword
dikhohlopo ;eword ke ;eword ding ;eword hoo ;eword ke ;eword dikhohlopo ;eword
tsahao ;eword
ha ;eword aditiise ;eword
ha ;eword keqeta ;eword mona ;eword ketlatlela ;eword ntseleng ;eword tsahae ;eword
keatla ;eword
uautlwa ;eword
hela ;eword urotse ;eword dieta ;eword wena ;eword
ntselleng ;eword ke ;eword yane ;eword
koloi ;eword yaka ;eword ena ;eword
koloi ;eword yaka ;eword etlanka ;eword
e ;eword etlatiya ;eword
etsa ;eword
tsamaya ;eword ha ;eword uqeta ;eword
hotsella ;eword
ha ;eword reye ;eword
utlaubeuesenye ;eword feela ;eword
ullela ;eword koloi ;eword ya ;eword mang ;eword
ka ;eword ya ;eword mamina ;eword
keaya ;eword nna ;eword
keapheta ;eword
alatelang ;eword
ketlalepalamisa ;eword
le ;eword koloi ;eword erobehile ;eword
he ;eword dithipa ;eword ke ;eword tsela ;eword
ke ;eword wena ;eword
keaethiba ;eword koloi ;eword ena ;eword etlathella ;eword moo ;eword
ketlasheba ;eword kae ;eword
ketlaja ;eword le ;eword wena ;eword
bana ;eword baka ;eword baya ;eword kliniking ;eword
ke ;eword bona ;eword bana ;eword
baya ;eword kliniking ;eword
tlisa ;eword lethini ;eword lena ;eword laka ;eword
ulelahlelang ;eword
utlanqala ;eword wena ;eword
uetsa ;eword jwang ;eword koloi ;eword ee ;eword yaka ;eword
ska ;eword mpata ;eword ka ;eword lejwe ;eword lena ;eword la ;eword hao ;eword
tlisa ;eword keubontse ;eword
ha ;eword wena ;eword hlobohang ;eword seke ;eword nqala ;eword
keaupola ;eword
ketlaubolaya ;eword
ka ;eword mokonkwana ;eword
ketlaupola ;eword
ketlaubolaya ;eword
uya ;eword kae ;eword
kenkile ;eword kolane ;eword
ke ;eword mang ;eword
habo ;eword mpho ;eword
hlobohang ;eword seka ;eword sukudisa ;eword ausi ;eword mamello ;eword
keja ;eword tse ;eword tsa ;eword ntselleng ;eword
hai ;eword butle ;eword keujwetse ;eword
uabona ;eword
ha ;eword reye ;eword wena ;eword
ha ;eword reye ;eword hlobohang ;eword
uotla ;eword babang ;eword ka ;eword majwe ;eword hlobohang ;eword
umpone ;eword
hela ;eword nna ;eword keasesa ;eword nna ;eword
ere ;eword kebone ;eword hlobohang ;eword
etsa ;eword tjee ;eword
ke ;eword saka ;eword sena ;eword
ha ;eword retlotswara ;eword tipara ;eword wena ;eword
hai ;eword ketlaurekela ;eword ntho ;eword ya ;eword sekolo ;eword
ntselleng ;eword akukile ;eword dieta ;eword tse ;eword ncha ;eword
otsamaile ;eword ka ;eword tsona ;eword kwana ;eword
mphe ;eword hlobohang ;eword
tsamaya ;eword
elate ;eword hlobohang ;eword
ska ;eword matha ;eword
selakha ;eword ke ;eword sena ;eword
selakha ;eword sena ;eword saka ;eword
tsamaya ;eword
ha ;eword reye ;eword
wena ;eword uitse ;eword utlile ;eword honqhwaela ;eword ka ;eword sona ;eword
ukwaetse ;eword wena ;eword
senkuwe ;eword ke ;eword nna ;eword
eneele ;eword teng ;eword
encha ;eword eneele ;eword kantle ;eword ka ;eword kwana ;eword
ha ;eword reye ;eword
ke ;eword ena ;eword
ke ;eword yane ;eword
utswela ;eword kae ;eword
ketloetsang ;eword ka ;eword kae ;eword
uaditsaba ;eword tadi ;eword tseo ;eword
e ;eword hlobohang ;eword waetheta ;eword
tloo ;eword nka ;eword
butle ;eword kebone ;eword
nna ;eword keaethulanya ;eword mona ;eword
retladula ;eword ka ;eword moo ;eword
hana ;eword ke ;eword mang ;eword
keaithiba ;eword
he ;eword wena ;eword uanka ;eword hlobohang ;eword
nna ;eword keya ;eword lapeng ;eword nna ;eword
keiloethulanya ;eword ka ;eword lejwe ;eword wena ;eword
keilehoediela ;eword
utlabona ;eword hore ;eword na ;eword ketlile ;eword hoeetsa ;eword jwang ;eword
eahana ;eword hodula ;eword mona ;eword
hlobohang ;eword ke ;eword ntho ;eword yaka ;eword ena ;eword
hlobohang ;eword tsa ;eword lona ;eword ke ;eword tsena ;eword
nka ;eword
setiiswa ;eword ke ;eword lejwe ;eword
bona ;eword
tsepe ;eword he ;eword tsepe ;eword
ee ;eword ntate ;eword morena ;eword modimo ;eword
hlobohang ;eword hlobohang ;eword ke ;eword tsena ;eword
mphe ;eword
e ;eword ke ;eword tsena ;eword
di ;eword boima ;eword
e ;eword bonolo ;eword
bakenya ;eword leswai ;eword ka ;eword mona ;eword
ketlaupshatla ;eword
radio ;eword ke ;eword ena ;eword
ketlaufa ;eword
ketlanekeufe ;eword
thibang ;eword khoho ;eword ke ;eword ena ;eword
nama ;eword ya ;eword nku ;eword ke ;eword yane ;eword
rehama ;eword nku ;eword
hlobohang ;eword otenne ;eword borikhwe ;eword
tloo ;eword tena ;eword borikhwe ;eword ke ;eword bona ;eword
tloo ;eword tena ;eword borikhwe ;eword wena ;eword
wena ;eword wena ;eword ha ;eword uatena ;eword borikhwe ;eword
keahana ;eword nna ;eword
kemofe ;eword tsee ;eword tseding ;eword
e ;eword bonolo ;eword
keahana ;eword
engwe ;eword e ;eword kae ;eword engwe ;eword
keufa ;eword esenang ;eword motsu ;eword
nka ;eword hlobohang ;eword
kapa ;eword keetse ;eword borokho ;eword
ha ;eword batsamaya ;eword hoya ;eword kae ;eword
ha ;eword retsamaye ;eword
ha ;eword retloheng ;eword moo ;eword metsing ;eword
tsamaya ;eword hoelata ;eword
ha ;eword retloheng ;eword mona ;eword mo ;eword hochekwang ;eword
ha ;eword recheke ;eword
ee ;eword uskabaseba ;eword jwale ;eword
ha ;eword reyeng ;eword hole ;eword
ke ;eword eno ;eword uenkile ;eword
utlakhomota ;eword wena ;eword
mphe ;eword pompong ;eword
ha ;eword reye ;eword
leleba ;eword kae ;eword
uakhetha ;eword mosebetsi ;eword
koloi ;eword ya ;eword ntate ;eword titane ;eword ke ;eword yane ;eword kwana ;eword
chabadimaketse ;eword
chabadimaketse ;eword
hlobohang ;eword tloo ;eword mona ;eword
etala ;eword
nkadime ;eword ena ;eword
haeba ;eword uya ;eword sekolong ;eword wena ;eword utleutle ;eword lapeng ;eword mona ;eword ketloufa ;eword bohobe ;eword
