nna ;eword ha ;eword kesarata ;eword hoqoqa ;eword le ;eword ngwana ;eword eno ;eword
mme ;eword masebina ;eword u ;eword lethetsi ;eword
ure ;eword u ;eword mo ;eword tselle ;eword mohlafotsa ;eword
e ;eword
ke ;eword tsa ;eword mmuso ;eword
oneatsipa ;eword
khalemela ;eword ngwana ;eword enwa ;eword ausi ;eword masebina ;eword
onhatile ;eword ngwana ;eword enwa ;eword
ngwana ;eword eo ;eword anthe ;eword ollela ;eword metsi ;eword eo ;eword
mme ;eword
ha ;eword keaetsa ;eword mpa ;eword yahao ;eword tjena ;eword
mme ;eword
enke ;eword ke ;eword ena ;eword
ha ;eword kena ;eword taba ;eword
kesalapa ;eword kampong ;eword
ha ;eword nkabakafa ;eword
enke ;eword
