unke ;eword hle ;eword tsebo ;eword
skanna ;eword bapalla ;eword mono ;eword
tsebo ;eword omongata ;eword otswa ;eword kae ;eword
tlisa ;eword kwano ;eword
e ;eword sentse ;eword ka ;eword mono ;eword
skana ;eword bapala ;eword ka ;eword lefielo ;eword lena ;eword wena ;eword
tloha ;eword mona ;eword
tlohela ;eword lemati ;eword lena ;eword
uatseba ;eword ngwana ;eword eo ;eword obatla ;eword thupa ;eword
ha ;eword keesore ;eword jwalo ;eword
untseumoetsang ;eword ngwana ;eword enwa ;eword tsebo ;eword
uabwela ;eword mane ;eword moo ;eword utswang ;eword
uetsang ;eword tsebo ;eword
ufielang ;eword jwale ;eword
uebusetse ;eword ke ;eword ya ;eword ntseliseng ;eword
tsebo ;eword uetsang ;eword lemati ;eword ka ;eword thupa ;eword
tlohela ;eword lemati ;eword
tlosa ;eword ntho ;eword ena ;eword uebuseletse ;eword kwana ;eword
uatsira ;eword ntseliseng ;eword
umoetsa ;eword jwang ;eword jwale ;eword
ha ;eword kesore ;eword sesepa ;eword
kae ;eword
uankile ;eword kae ;eword
ekhutlisetse ;eword ka ;eword tlung ;eword
uebuseditse ;eword kae ;eword
tlosa ;eword ngwana ;eword enwa ;eword mona ;eword
butle ;eword ketloufa ;eword
mm ;eword
ere ;eword ketswe ;eword tsebo ;eword
kenekere ;eword ntho ;eword yane ;eword ya ;eword ntseliseng ;eword
utlamodiha ;eword
tloha ;eword lemating ;eword tsebo ;eword
