ichi ;eword wena ;eword ngwana ;eword towe ;eword
ketlauotla ;eword
tloela ;eword
moshanyana ;eword oiterekile ;eword
litlhare ;eword dintho ;eword tsee ;eword ke ;eword ding ;eword tsee ;eword
hoabonahala ;eword
u ;eword leshano ;eword le ;eword makotomane ;eword
word ;eword ke ;eword eng ;eword jwale ;eword
hela ;eword keaitulela ;eword
mang ;eword
tlou ;eword etelele ;eword hakakang ;eword yanka ;eword tweba ;eword yanka ;eword mokhoditswane ;eword yadifasa ;eword sefateng ;eword
ketlaumula ;eword litlhare ;eword hela ;eword
ketlauotla ;eword uantseha ;eword ka ;eword ntho ;eword eno ;eword
kapa ;eword ubeuthabile ;eword
ketlaumula ;eword
ketlaumula ;eword ntho ;eword efubedufubedu ;eword ena ;eword
ketlauotla ;eword
ketlaumula ;eword hela ;eword
ketlatabola ;eword kobo ;eword ena ;eword haholo ;eword
utlatabola ;eword kobo ;eword ena ;eword uswabe ;eword
ntho ;eword ena ;eword uilewaesia ;eword
utlaswaba ;eword litlhare ;eword
utlashapuwa ;eword
ure ;eword setono ;eword ho ;eword nna ;eword wena ;eword
ureng ;eword
ke ;eword motase ;eword wena ;eword
utlantlwaela ;eword
ska ;eword re ;eword ntate ;eword khwaba ;eword
tloha ;eword
ntlohele ;eword
uantswara ;eword
keatswara ;eword
kena ;eword helang ;eword
litlhare ;eword tloo ;eword ntsware ;eword hape ;eword
wena ;eword kentsekebitsa ;eword kantle ;eword
uautlwa ;eword
oo ;eword
ke ;eword tsena ;eword
keilohlaisa ;eword koloi ;eword engwe ;eword
bona ;eword dintho ;eword tsena ;eword
mphe ;eword
tlisa ;eword kehlaise ;eword tseding ;eword
ditsuonyana ;eword
tlohela ;eword keujwetsa ;eword banebaile ;eword kae ;eword ha ;eword ntho ;eword etlabeje ;eword poone ;eword
haeye ;eword mona ;eword
haeye ;eword tlohe ;eword baesekeleng ;eword mona ;eword
haeye ;eword tlohe ;eword mona ;eword
etlabeje ;eword baesekele ;eword mona ;eword
ekekebe ;eword le ;eword nna ;eword ka ;eword mona ;eword
baphehile ;eword
hao ;eword banna ;eword
bana ;eword badutse ;eword sefate ;eword
ake ;eword untloele ;eword
dikhaba ;eword di ;eword kae ;eword he ;eword litlhare ;eword
hobaneng ;eword he ;eword ka ;eword moo ;eword
tswene ;eword
tsamaya ;eword uye ;eword sekolong ;eword wena ;eword
otlalemula ;eword misi ;eword
ujang ;eword
litlhare ;eword uetsa ;eword jwang ;eword mollo ;eword
e ;eword uetsa ;eword jwang ;eword mollo ;eword
leshano ;eword kepheha ;eword nama ;eword hele ;eword
uthetse ;eword ha ;eword le ;eword yo ;eword mona ;eword
lethetsi ;eword
lethetsi ;eword
ntho ;eword ee ;eword ke ;eword eng ;eword
leshano ;eword
u ;eword leshano ;eword
lehlahe ;eword le ;eword lesenke ;eword
lesenke ;eword le ;eword fesetere ;eword le ;eword stove ;eword
u ;eword leshano ;eword ntate ;eword ke ;eword ena ;eword
litlhare ;eword baetsang ;eword batho ;eword baa ;eword
nna ;eword keatseba ;eword
na ;eword baetsang ;eword
ore ;eword otlaswabisa ;eword enwa ;eword
u ;eword leshano ;eword ore ;eword otlamore ;eword
ke ;eword two ;eword
ke ;eword ten ;eword
twenty ;eword wan ;eword
ntate ;eword tichere ;eword bana ;eword baya ;eword sekolong ;eword
enwa ;eword oseaya ;eword hae ;eword
u ;eword leshano ;eword ke ;eword mme ;eword
oafihla ;eword litlhare ;eword
oafihla ;eword litlhare ;eword
ere ;eword kephetle ;eword
tsimo ;eword ya ;eword molakaladi ;eword kefihlile ;eword
se ;eword le ;eword nna ;eword kefihlile ;eword ketswa ;eword maseru ;eword
bona ;eword sefofane ;eword
sheba ;eword sefofane ;eword ke ;eword sena ;eword
dikoloi ;eword le ;eword dikhofu ;eword
khofu ;eword ke ;eword ena ;eword
kerata ;eword ebachekele ;eword lebaleng ;eword moo ;eword
helang ;eword litlhare ;eword utlakhenoha ;eword
ketlaumula ;eword litlhare ;eword
hela ;eword ketlaumula ;eword
hela ;eword ke ;eword thaka ;eword wahao ;eword ausi ;eword mamello ;eword wena ;eword
litlhare ;eword
aha ;eword litlhare ;eword ke ;eword nna ;eword enwa ;eword
nka ;eword molakaladi ;eword
mme ;eword mesisi ;eword
mme ;eword
ebe ;eword kareng ;eword nna ;eword
ngwana ;eword oseailo ;eword
bana ;eword badutse ;eword sekolong ;eword ntate ;eword tichere ;eword mme ;eword
uabona ;eword ngwana ;eword eo ;eword le ;eword ngwaneso ;eword
hei ;eword oaitlhatswa ;eword
misi ;eword
diatheoha ;eword mona ;eword
he ;eword litlhare ;eword ntho ;eword ee ;eword ke ;eword ena ;eword
u ;eword ngwana ;eword uatseba ;eword
u ;eword ngwana ;eword ha ;eword utsebe ;eword
kere ;eword u ;eword ngwana ;eword uatseba ;eword
u ;eword ngwana ;eword ha ;eword utsebe ;eword
ha ;eword utsebe ;eword
u ;eword ngwana ;eword uatseba ;eword
wena ;eword ha ;eword utsebe ;eword
uautlwa ;eword
ha ;eword utsebe ;eword
ha ;eword utsebe ;eword hore ;eword ho ;eword hobe ;eword
kapa ;eword ha ;eword urata ;eword ure ;eword ho ;eword monate ;eword
ere ;eword ho ;eword hobe ;eword
litlhare ;eword uangwapa ;eword hele ;eword
ketlauotla ;eword nna ;eword jwale ;eword
uathoba ;eword
ketlaumula ;eword wena ;eword
ketlauotla ;eword
ketlauotla ;eword
tlelapa ;eword ya ;eword eng ;eword
uskatla ;eword ho ;eword nna ;eword ule ;eword lethetsi ;eword
untseuja ;eword dierekise ;eword mona ;eword
ure ;eword ke ;eword dipompong ;eword
skanare ;eword ke ;eword makotomane ;eword mona ;eword
ha ;eword se ;eword pompong ;eword ntho ;eword ena ;eword ke ;eword erekise ;eword
useure ;eword ke ;eword makotomane ;eword
ketlaufa ;eword dintho ;eword tsa ;eword khale ;eword
u ;eword lethetsi ;eword ha ;eword se ;eword makotomane ;eword
uafuwe ;eword ke ;eword mang ;eword
e ;eword
u ;eword leshano ;eword useure ;eword ke ;eword ausi ;eword mamello ;eword
u ;eword leshano ;eword
he ;eword utlwa ;eword
butle ;eword
utlathula ;eword ntho ;eword ya ;eword batho ;eword
pata ;eword ntho ;eword ena ;eword
e ;eword pata ;eword ntho ;eword ena ;eword hle ;eword
ehlahileng ;eword molaleng ;eword mona ;eword
ubua ;eword nnete ;eword hona ;eword e ;eword teng ;eword ka ;eword mona ;eword
tsamaya ;eword hophetla ;eword abuti ;eword sello ;eword
uautlwa ;eword
bebebe ;eword ke ;eword eng ;eword litlhare ;eword
bebebe ;eword ke ;eword eng ;eword
hai ;eword kere ;eword bebebe ;eword ke ;eword eng ;eword
le ;eword nna ;eword keanyonya ;eword
stinyele ;eword ke ;eword eng ;eword
stinyele ;eword ke ;eword sethuthuthu ;eword
u ;eword lethetsi ;eword litlhare ;eword
sesotho ;eword ke ;eword eng ;eword
kapa ;eword lebua ;eword ka ;eword dibuka ;eword tsa ;eword batho ;eword
e ;eword kae ;eword
di ;eword kae ;eword dibuka ;eword
litlhare ;eword theoha ;eword hodima ;eword ntho ;eword ena ;eword ya ;eword batho ;eword
ure ;eword q ;eword hobaneng ;eword
e ;eword
u ;eword lethetsi ;eword
selili ;eword u ;eword lethetsi ;eword
ha ;eword keukhalemela ;eword
u ;eword leshano ;eword sebina ;eword obala ;eword six ;eword
modikwadikwane ;eword utlatswarwa ;eword ke ;eword modikwadikwane ;eword
modikwadikwane ;eword ke ;eword ntho ;eword etjee ;eword
nneheletse ;eword mollo ;eword wane ;eword litlhare ;eword
bea ;eword hodima ;eword tafole ;eword
keamootla ;eword
seka ;eword otla ;eword dintho ;eword tsa ;eword batho ;eword litlhare ;eword
ketlaushapa ;eword
ntate ;eword lekhwaba ;eword
bea ;eword boseka ;eword boo ;eword ba ;eword batho ;eword
uthotse ;eword ka ;eword eng ;eword litlhare ;eword
litlhare ;eword keipehetse ;eword
ketlaushapa ;eword
tswa ;eword ka ;eword mona ;eword
ketlaushapa ;eword
tswa ;eword ka ;eword mono ;eword
ntho ;eword engwe ;eword kapa ;eword engwe ;eword ke ;eword ena ;eword
ke ;eword ena ;eword
ha ;eword se ;eword yahao ;eword thutswana ;eword ee ;eword
nka ;eword motase ;eword
motase ;eword towe ;eword le ;eword wena ;eword
ngwana ;eword setono ;eword semotsu ;eword enwa ;eword
ke ;eword betere ;eword nna ;eword hobane ;eword kentsekele ;eword namane ;eword
abuti ;eword hei ;eword wena ;eword untseukututsa ;eword
hele ;eword untositse ;eword he ;eword
uatla ;eword
ke ;eword nna ;eword
keamotswara ;eword hape ;eword
uantsiya ;eword
e ;eword
ha ;eword kelle ;eword
hoseng ;eword retleng ;eword pitsong ;eword
bontate ;eword bomme ;eword tloong ;eword pitsong ;eword
tloo ;eword nka ;eword ke ;eword hona ;eword
bomme ;eword le ;eword bontate ;eword tloong ;eword pitsong ;eword
tlisa ;eword litlhare ;eword
tsamaya ;eword hobea ;eword pela ;eword bethe ;eword
ntsware ;eword hape ;eword
ntsware ;eword
nka ;eword wena ;eword
kena ;eword monna ;eword
hle ;eword monna ;eword kena ;eword
batho ;eword babaholo ;eword ba ;eword teng ;eword
monna ;eword uahana ;eword keabona ;eword
dikausi ;eword tsejwalo ;eword
ketswara ;eword ka ;eword maoto ;eword
ana ;eword ke ;eword ana ;eword ahlahang ;eword
ntsware ;eword he ;eword
ke ;eword tsee ;eword
dintho ;eword tsa ;eword molakaladi ;eword
ntho ;eword ee ;eword ya ;eword molakaladi ;eword
tloo ;eword ntsware ;eword
wena ;eword utlamatha ;eword
kebona ;eword hantle ;eword ngwana ;eword
utlantswara ;eword ka ;eword leoto ;eword
khanthe ;eword ke ;eword malomalomane ;eword
una ;eword le ;eword hore ;eword autsware ;eword ka ;eword leoto ;eword anketse ;eword tjee ;eword
etsa ;eword wena ;eword ee ;eword
he ;eword uantswara ;eword ka ;eword leoto ;eword wena ;eword
ntate ;eword we ;eword
ntsware ;eword ka ;eword leoto ;eword laka ;eword
kemodiela ;eword
keadikela ;eword
wena ;eword uhata ;eword nama ;eword
ee ;eword litlhare ;eword ha ;eword kesabapala ;eword
hela ;eword ditlauloma ;eword
dishape ;eword
le ;eword dishape ;eword mona ;eword
didutse ;eword sefateng ;eword
ditlauloma ;eword dintho ;eword tsena ;eword le ;eword tswene ;eword
ditlauloma ;eword dintho ;eword tsena ;eword le ;eword tswene ;eword
ke ;eword tswene ;eword
uabona ;eword ke ;eword sena ;eword sefofane ;eword
ke ;eword sena ;eword
keadikupetsa ;eword nna ;eword dintho ;eword tsena ;eword
nna ;eword keichebela ;eword ka ;eword mona ;eword
ke ;eword tsena ;eword ka ;eword mona ;eword
uaetabola ;eword litlhare ;eword
banna ;eword ngwana ;eword eo ;eword seka ;eword eqetela ;eword
basadi ;eword ngwana ;eword otabola ;eword buka ;eword ee ;eword
nkatloa ;eword
nkatlohakauhlaisetsa ;eword tsona ;eword
udibona ;eword hona ;eword tjee ;eword
hona ;eword tjee ;eword
kokobela ;eword
leshano ;eword skumere ;eword ke ;eword papa ;eword
tlisa ;eword
keilohlaisa ;eword koloi ;eword engwe ;eword
uautlwa ;eword
ketlilohlaisa ;eword engwe ;eword hape ;eword
ntja ;eword elelekisa ;eword khoho ;eword
moshanyana ;eword olelekisa ;eword ntjanyana ;eword
haeye ;eword mona ;eword hela ;eword
khoho ;eword ke ;eword ena ;eword
nkare ;eword haeye ;eword
tloele ;eword he ;eword
ketlashapuwa ;eword
oafihla ;eword le ;eword dijana ;eword
dijana ;eword tsepedi ;eword didutse ;eword setulong ;eword
ntja ;eword
oansutumetsa ;eword
tswene ;eword
bana ;eword
tswene ;eword enkile ;eword ditamati ;eword
e ;eword mpe ;eword tswene ;eword
ha ;eword kebatle ;eword hoebona ;eword dihwapa ;eword
hona ;eword tjena ;eword untseudumela ;eword ntate ;eword
utlanka ;eword matsoho ;eword a ;eword tswene ;eword
hlapa ;eword kapele ;eword
oafihla ;eword
tlohela ;eword otlabaetabola ;eword
m ;eword
ha ;eword o ;eword yo ;eword
lefielo ;eword le ;eword khomo ;eword khaba ;eword dintho ;eword botlolo ;eword khaba ;eword
ketlele ;eword dijana ;eword le ;eword bohobe ;eword kapo ;eword sesepa ;eword lethini ;eword le ;eword khomo ;eword diwete ;eword potwana ;eword lefielo ;eword ntate ;eword bohobe ;eword
dikhomo ;eword
dikhomo ;eword
enwa ;eword oseaqetile ;eword hocheka ;eword letsopa ;eword
oseaituletse ;eword
dikhomo ;eword
oseaqetile ;eword hocheka ;eword letsopa ;eword
oetsa ;eword lesaka ;eword
ena ;eword otseba ;eword hoetsa ;eword dikhomo ;eword ke ;eword tsena ;eword
are ;eword ee ;eword
hei ;eword osoka ;eword pitsa ;eword
e ;eword ontseosoka ;eword
obesitse ;eword diqo ;eword
moshanyana ;eword ntlo ;eword
ebehile ;eword mona ;eword
ntlo ;eword peipe ;eword tafole ;eword buka ;eword mokotla ;eword
bana ;eword ba ;eword sekolo ;eword
one ;eword two ;eword three ;eword
ntate ;eword tichere ;eword
sekolo ;eword sekene ;eword
baya ;eword sekolong ;eword
moshanyana ;eword oseafihlile ;eword jwale ;eword
oseadumedisa ;eword le ;eword ngwana ;eword habo ;eword
ntlo ;eword buka ;eword
buka ;eword
ntate ;eword otswalelekisa ;eword bana ;eword
ketlamootla ;eword ka ;eword feisi ;eword
mabekere ;eword tafole ;eword teranka ;eword
etsa ;eword jarete ;eword
mahe ;eword
etlaubona ;eword
he ;eword sheba ;eword
tloha ;eword kehlahise ;eword bana ;eword babang ;eword
hakere ;eword uafuthumatsa ;eword
eo ;eword utlaphehang ;eword moo ;eword
nna ;eword keatseba ;eword
leshano ;eword utla ;eword
lebese ;eword le ;eword teng ;eword lephehwang ;eword
u ;eword leshano ;eword
jwale ;eword utsellang ;eword
utseba ;eword jarete ;eword
litlhare ;eword ntho ;eword
ke ;eword ee ;eword ntho ;eword ee ;eword
le ;eword ntho ;eword ee ;eword
u ;eword leshano ;eword keya ;eword terankeng ;eword
uabona ;eword
tsempe ;eword feela ;eword tsebabang ;eword
ntho ;eword ee ;eword ka ;eword sekhowa ;eword ke ;eword eng ;eword
u ;eword lethetsi ;eword stove ;eword ke ;eword fesetere ;eword
u ;eword leshano ;eword ntho ;eword ena ;eword ke ;eword mme ;eword
ha ;eword basupana ;eword ka ;eword menwana ;eword tjee ;eword
ke ;eword zero ;eword
ke ;eword one ;eword
ke ;eword seven ;eword
he ;eword dichabelana ;eword dintho ;eword
he ;eword bona ;eword barwaletse ;eword patsi ;eword
le ;eword dipalo ;eword
sekese ;eword zero ;eword wan ;eword two ;eword teri ;eword four ;eword
seven ;eword
ntate ;eword tichere ;eword oruta ;eword bana ;eword
ke ;eword bana ;eword
ntate ;eword tichere ;eword oruta ;eword bana ;eword
oqala ;eword ho ;eword wena ;eword enwa ;eword
litlhare ;eword uskabasesa ;eword ka ;eword tlung ;eword
ure ;eword ke ;eword
ere ;eword
le ;eword motho ;eword enwa ;eword ke ;eword
koloi ;eword sefofane ;eword
hei ;eword tsena ;eword diatheoha ;eword
hei ;eword tsena ;eword diatheoha ;eword
ditlaumula ;eword
eneele ;eword maobane ;eword
uatseba ;eword ke ;eword ding ;eword ntho ;eword tsee ;eword
he ;eword basebare ;eword dipere ;eword
litlhare ;eword bona ;eword keitlotsitse ;eword ka ;eword sotex ;eword
keitlotsitse ;eword molaleng ;eword bona ;eword
uaefuwa ;eword kae ;eword
nna ;eword keefuwa ;eword ke ;eword nyenyane ;eword
u ;eword leshano ;eword ke ;eword skolbek ;eword
u ;eword lethetsi ;eword ke ;eword skolbek ;eword
u ;eword leshano ;eword ke ;eword skolbek ;eword
ka ;eword mane ;eword hona ;eword le ;eword mokotlana ;eword
oafihla ;eword
oafihla ;eword ka ;eword buka ;eword engwe ;eword hape ;eword
ka ;eword plastik ;eword oafihla ;eword
sheba ;eword ntho ;eword ena ;eword e ;eword mollong ;eword
eneele ;eword motsu ;eword
etlauhlaba ;eword
litlhare ;eword yena ;eword ha ;eword atsebe ;eword
litlhare ;eword kere ;eword kemoneha ;eword pula ;eword ya ;eword buka ;eword
mphe ;eword keuneha ;eword pula ;eword ya ;eword buka ;eword
uahana ;eword
pulo ;eword ya ;eword buka ;eword
motsu ;eword omong ;eword ke ;eword ona ;eword mona ;eword
omong ;eword ke ;eword ona ;eword tlase ;eword
omong ;eword ke ;eword ona ;eword
keubjatlase ;eword
litlhare ;eword
hoo ;eword litlhare ;eword hoo ;eword ngwanana ;eword
fotsek ;eword
sheba ;eword tsaka ;eword litlhare ;eword
theoha ;eword
etsela ;eword sekepe ;eword two ;eword dikepe ;eword
ketlauntsa ;eword wena ;eword litlhare ;eword
lebala ;eword lena ;eword baleentse ;eword
hore ;eword lebe ;eword letle ;eword
etlokhofola ;eword lebaleng ;eword moo ;eword
ha ;eword kebatle ;eword bese ;eword
diqala ;eword le ;eword ntlo ;eword ya ;eword haeso ;eword
tsela ;eword ela ;eword ela ;eword
litlhare ;eword
litlhare ;eword na ;eword uqabola ;eword mona ;eword
u ;eword leshano ;eword balema ;eword potwana ;eword
