nna ;eword ha ;eword ke ;eword litlhare ;eword
namane ;eword oneasampone ;eword
ache ;eword ake ;eword umonehe ;eword namane ;eword
e ;eword kae ;eword
tloo ;eword nkapise ;eword
namane ;eword lekhapetla ;eword lena ;eword
namane ;eword monehe ;eword
namane ;eword hoitswe ;eword uahlodiya ;eword batho ;eword
sekaba ;eword retena ;eword
litlhare ;eword ke ;eword eo ;eword adula ;eword mona ;eword namane ;eword
ntala ;eword ketlamomula ;eword jwale ;eword
nna ;eword litlhare ;eword ha ;eword kekeabona ;eword seeta ;eword saka ;eword seseng ;eword hape ;eword
ese ;eword uphahamisitse ;eword majoro ;eword
