ere ;eword hopolang ;eword
ere ;eword le ;eword hopolang ;eword
uneufelehetse ;eword hopolang ;eword
bonang ;eword wena ;eword ulahletse ;eword
uilewafihla ;eword neng ;eword hae ;eword
ere ;eword ke ;eword mme ;eword
ere ;eword ke ;eword mme ;eword manyili ;eword
aleetsang ;eword
koloi ;eword ke ;eword yane ;eword ha ;eword reye ;eword
ke ;eword yane ;eword ka ;eword nqena ;eword
ke ;eword yane ;eword
ehana ;eword hokhantseha ;eword
reya ;eword kliniking ;eword
hlobohang ;eword utlapshatla ;eword torch ;eword
retloja ;eword
ehana ;eword hokhantseha ;eword torch ;eword hlobohang ;eword
ke ;eword ena ;eword ekhantsang ;eword
ehana ;eword hokhantseha ;eword torch ;eword
ehana ;eword hokhantseha ;eword torch ;eword
ehana ;eword hokhantseha ;eword
ehana ;eword hokhantseha ;eword torch ;eword
uautlwa ;eword
ha ;eword utsebe ;eword wena ;eword
hotswana ;eword le ;eword eng ;eword ka ;eword mona ;eword wena ;eword
hlobohang ;eword hotswana ;eword le ;eword eng ;eword ka ;eword moo ;eword e ;eword
ehana ;eword hokhantseha ;eword
hlobohang ;eword
ke ;eword eng ;eword ntho ;eword ee ;eword
ntho ;eword eetsang ;eword
ekhantseha ;eword
kebatla ;eword eakhanisehe ;eword hlobohang ;eword
ke ;eword yane ;eword
hoja ;eword uilewakhetha ;eword ena ;eword
ehana ;eword hokhantsa ;eword torch ;eword
uanqetela ;eword hlobohang ;eword
ethuweng ;eword ke ;eword mang ;eword
e ;eword hlobohang ;eword
hlobohang ;eword
ehana ;eword hokhantseha ;eword hlobohang ;eword
uautlwa ;eword
hlobohang ;eword jwale ;eword utlankhantsa ;eword jwang ;eword
tsa ;eword bohopolang ;eword di ;eword teng ;eword ditorch ;eword
uakhantsa ;eword
uakhantsa ;eword ntho ;eword eo ;eword
hlobohang ;eword keaukhantsetsa ;eword
bona ;eword
bona ;eword eakhantseha ;eword
ke ;eword tsane ;eword
bona ;eword keaikela ;eword ka ;eword motoho ;eword
hlobohang ;eword
e ;eword torch ;eword ke ;eword yane ;eword
ehana ;eword hokhantseha ;eword
uautlwa ;eword hlobohang ;eword
ehana ;eword hokhantseha ;eword torch ;eword
ehana ;eword hokhantseha ;eword torch ;eword yahao ;eword
ehana ;eword hokhantseha ;eword torch ;eword
uautlwa ;eword
torch ;eword yahao ;eword keetimme ;eword
keetimme ;eword hore ;eword
torch ;eword yahao ;eword keetimme ;eword
keetimme ;eword hore ;eword
keetimme ;eword torch ;eword
kats ;eword
bona ;eword keaukhantsa ;eword hlobohang ;eword
keaukhantsetsa ;eword
bona ;eword
hlobohang ;eword nka ;eword torch ;eword ukhantse ;eword
nka ;eword hlobohang ;eword
kekhantsitse ;eword
hlobohang ;eword ee ;eword
kekhantsitse ;eword hlobohang ;eword
ehana ;eword hokhantseha ;eword torch ;eword
e ;eword
uautlwa ;eword he ;eword
uautlwa ;eword he ;eword hlobohang ;eword
hlobohang ;eword ehana ;eword hokhantseha ;eword torch ;eword
ehana ;eword hokhantseha ;eword torch ;eword yahao ;eword
uautlwa ;eword hei ;eword
hlobohang ;eword nka ;eword
tsamaya ;eword hore ;eword mme ;eword wahao ;eword aukhantsetse ;eword
tsamaya ;eword hlobohang ;eword
ere ;eword mme ;eword wahao ;eword akhantsetse ;eword torch ;eword
hlobohang ;eword keaetima ;eword
keaetima ;eword torch ;eword
koloi ;eword yane ;eword ekha ;eword metsi ;eword
hakere ;eword ke ;eword yane ;eword
torch ;eword e ;eword kae ;eword
torch ;eword ke ;eword yane ;eword
enkwe ;eword ke ;eword mololo ;eword
torch ;eword helang ;eword kethotse ;eword torch ;eword
hlobohang ;eword tloo ;eword ho ;eword nna ;eword keukhantsetse ;eword torch ;eword
uautlwa ;eword
hlobohang ;eword
bula ;eword
hlobohang ;eword
ketlaenka ;eword etala ;eword
hlobohang ;eword uabona ;eword etala ;eword
tloo ;eword keukhantsetse ;eword torch ;eword
tsamaya ;eword
nka ;eword hlobohang ;eword
monehe ;eword aukhantsetse ;eword hlobohang ;eword
nka ;eword tapole ;eword udibese ;eword
uautlwa ;eword
tsamaya ;eword honeha ;eword mme ;eword aukhantsetse ;eword
uautlwa ;eword
tsamaya ;eword honeha ;eword mme ;eword aukhantsetse ;eword hoja ;eword ditapole ;eword
torch ;eword
hlobohang ;eword ke ;eword ngwanaka ;eword
hlobohang ;eword ere ;eword mme ;eword wahao ;eword aukhantsetse ;eword
ere ;eword mme ;eword wahao ;eword aukhantsetse ;eword
ekhantse ;eword
ehana ;eword hokhantseha ;eword ntho ;eword eno ;eword wena ;eword
torch ;eword eno ;eword ya ;eword lapeng ;eword
uaebolaya ;eword hlobohang ;eword torch ;eword
ehana ;eword hokhantseha ;eword
tloo ;eword kwano ;eword hlobohang ;eword
ntho ;eword engwe ;eword
uautlwa ;eword
ntho ;eword engwe ;eword
hlobohang ;eword
ha ;eword usadiebola ;eword
ke ;eword hobane ;eword ha ;eword wadisunya ;eword hantle ;eword
ke ;eword hobaneng ;eword ha ;eword udipshatlanya ;eword
ketlaurekela ;eword
uautlwa ;eword
eahlaha ;eword koloi ;eword
kekopa ;eword konopo ;eword
hlobohang ;eword keakopa ;eword koloi ;eword entle ;eword
ke ;eword koloi ;eword yaka ;eword
uthotse ;eword ka ;eword koloi ;eword khanthe ;eword wena ;eword
ere ;eword reentse ;eword entso ;eword
reetse ;eword engwe ;eword
hana ;eword ubatla ;eword koloi ;eword
eahlaha ;eword
eafeta ;eword hlobohang ;eword koloi ;eword e ;eword tjena ;eword
keetsa ;eword mabidi ;eword koloi ;eword
keetsa ;eword bese ;eword
hlobohang ;eword we ;eword
uneuile ;eword kliniking ;eword
wena ;eword hlobohang ;eword keautima ;eword
keautima ;eword
sheba ;eword tseding ;eword ei ;eword
tseding ;eword di ;eword teng ;eword
tseding ;eword di ;eword teng ;eword
ere ;eword leya ;eword habo ;eword yona ;eword
tseding ;eword di ;eword kae ;eword moo ;eword
ke ;eword tse ;eword kae ;eword hlobohang ;eword
ueja ;eword ele ;eword tala ;eword wena ;eword
seka ;eword eja ;eword ele ;eword tala ;eword wena ;eword
uneuenka ;eword masimong ;eword a ;eword lapeng ;eword
lentswete ;eword
ere ;eword hlobohang ;eword uenkile ;eword lentswete ;eword
hlobohang ;eword retlaya ;eword
neng ;eword
utlaya ;eword neng ;eword tsimong ;eword ya ;eword lapeng ;eword
ee ;eword ere ;eword ha ;eword ketsebe ;eword
bona ;eword mochini ;eword
le ;eword bokhethang ;eword
ere ;eword le ;eword bo ;eword khethang ;eword
ere ;eword khethang ;eword
ere ;eword khethang ;eword hlobohang ;eword
keausiya ;eword
tseding ;eword ha ;eword di ;eword yo ;eword wena ;eword hlobohang ;eword
ke ;eword tsane ;eword tseding ;eword talala ;eword
tseding ;eword talala ;eword
uautlwa ;eword hlobohang ;eword
tseding ;eword di ;eword teng ;eword
uautlwa ;eword he ;eword
uautlwa ;eword hlobohang ;eword
tseding ;eword di ;eword teng ;eword ka ;eword mollong ;eword
uautlwa ;eword hlobohang ;eword
tseding ;eword di ;eword teng ;eword
ke ;eword tsepedi ;eword
hlobohang ;eword
ke ;eword tsepedi ;eword tsahao ;eword
di ;eword pedi ;eword
utlanka ;eword tsepedi ;eword le ;eword wena ;eword
tsepedi ;eword hlobohang ;eword
nna ;eword keeebotse ;eword
nna ;eword keeebotse ;eword
tlisa ;eword keuebolela ;eword mo ;eword
ketlilobesetsa ;eword ntho ;eword ke ;eword ena ;eword
ntho ;eword ee ;eword ke ;eword eng ;eword wena ;eword
he ;eword wena ;eword
ketlaumula ;eword dinkonyana ;eword tsena ;eword
kanka ;eword tseding ;eword jwale ;eword
tloo ;eword hlobohang ;eword
reyonka ;eword tseding ;eword hape ;eword
diaqhoma ;eword tsena ;eword
ke ;eword tsena ;eword tsahao ;eword hlobohang ;eword
ke ;eword mme ;eword wahao ;eword
nka ;eword ke ;eword ena ;eword yahao ;eword
ke ;eword ena ;eword
hlobohang ;eword nka ;eword yahao ;eword ke ;eword ena ;eword
etsang ;eword bapalang ;eword sekoch ;eword keabone ;eword na ;eword leseletseba ;eword
ke ;eword tsena ;eword
hela ;eword
sekoch ;eword
bona ;eword sekoch ;eword see ;eword hlobohang ;eword
tsamaya ;eword hlobohang ;eword
hlobohang ;eword tloo ;eword keuetsetse ;eword sekoch ;eword sekoch ;eword
jwale ;eword keauetsetsa ;eword
hakere ;eword
ah ;eword lekhowa ;eword leatla ;eword
letlang ;eword
keasesela ;eword
keaeqhala ;eword
ha ;eword reye ;eword hoketa ;eword
di ;eword pedi ;eword di ;eword tharo ;eword uautlwa ;eword hlobohang ;eword
di ;eword kaenyana ;eword
ha ;eword rehlape ;eword
uhatelang ;eword tsaka ;eword wena ;eword
utlabona ;eword ha ;eword utsebe ;eword hoketa ;eword
uetse ;eword tjee ;eword
ure ;eword
keilobatla ;eword lejwe ;eword le ;eword leng ;eword
lejwe ;eword leketang ;eword
ketloketa ;eword
ke ;eword eng ;eword hoo ;eword
ke ;eword sepekere ;eword hakere ;eword
sekoch ;eword
e ;eword hodimo ;eword keaetswara ;eword
ke ;eword dieta ;eword tsaka ;eword
hlobohang ;eword ubapala ;eword mona ;eword anthe ;eword
hlobohang ;eword eya ;eword kampong ;eword kwana ;eword
hlobohang ;eword le ;eword wena ;eword utlomphe ;eword
uautlwa ;eword
nna ;eword aka ;eword ke ;eword ana ;eword metsi ;eword hlobohang ;eword
ere ;eword atswa ;eword pompong ;eword
ere ;eword ke ;eword mme ;eword manyili ;eword
utsela ;eword dieta ;eword tsaka ;eword ka ;eword khohlopong ;eword
uaehlatswa ;eword ka ;eword hare ;eword ka ;eword mo ;eword
uaehlatswa ;eword
ha ;eword se ;eword yahao ;eword
koloi ;eword ya ;eword kliniking ;eword ke ;eword yane ;eword
nka ;eword
ha ;eword una ;eword koloi ;eword
usiya ;eword dikhohlopo ;eword ha ;eword
hlobohang ;eword
ke ;eword sa ;eword mang ;eword sewete ;eword
ke ;eword sahao ;eword e ;eword
unkile ;eword sewete ;eword sahao ;eword
thiba ;eword sewete ;eword see ;eword ke ;eword sa ;eword mang ;eword wena ;eword hlobohang ;eword
thiba ;eword
ke ;eword sa ;eword mang ;eword sewete ;eword see ;eword wena ;eword
ke ;eword sahao ;eword
sewete ;eword see ;eword ke ;eword sa ;eword mang ;eword we ;eword
kethiba ;eword koloi ;eword
ketlaethiba ;eword
selakha ;eword
selakha ;eword hlobohang ;eword
ke ;eword yaka ;eword
uenkile ;eword thotobolong ;eword
thipa ;eword ena ;eword ebeuseha ;eword
usehe ;eword untse ;eword madi ;eword
u ;eword selakha ;eword
etlauhlaba ;eword thipa ;eword ena ;eword wena ;eword
ke ;eword ya ;eword mang ;eword thipa ;eword ee ;eword
ke ;eword yaka ;eword bo ;eword
bare ;eword uetse ;eword tjee ;eword
uetse ;eword tje ;eword
kenkile ;eword kotolana ;eword
che ;eword kenkile ;eword kotola ;eword
uautlwa ;eword
kenkile ;eword kotola ;eword
e ;eword tjena ;eword kotola ;eword emonate ;eword
e ;eword kwana ;eword euhlabe ;eword
eakonopelwa ;eword ntho ;eword ena ;eword
etlaukonopela ;eword
