kere ;eword wa ;eword tsebo ;eword nna ;eword hei ;eword wena ;eword hei ;eword
butle ;eword nke ;eword keqhatse ;eword
uaqhala ;eword
butle ;eword ketsele ;eword ficholi ;eword
butle ;eword mme ;eword mme ;eword
tlisa ;eword kentse ;eword metsi ;eword aka ;eword he ;eword
neuoe ;eword
ke ;eword hobane ;eword uhana ;eword hontsella ;eword
tlisa ;eword ketloinwesa ;eword
nka ;eword botlolo ;eword yahao ;eword
tlisa ;eword kwano ;eword ketloikhella ;eword
hei ;eword ke ;eword metsi ;eword aka ;eword ana ;eword
butle ;eword neuoe ;eword kebehe ;eword
butle ;eword kesalomosa ;eword
etlise ;eword kwano ;eword wena ;eword ngwaneso ;eword
ke ;eword kwae ;eword yaka ;eword jwale ;eword
matha ;eword
uabitswa ;eword ka ;eword tlase ;eword ka ;eword kwana ;eword
ha ;eword reye ;eword neuoe ;eword
hele ;eword a ;eword mangata ;eword hakakang ;eword
keautebella ;eword
tlohela ;eword mme ;eword mme ;eword
ketlisa ;eword kwana ;eword
tlisa ;eword ntho ;eword ya ;eword rona ;eword mme ;eword
ketsele ;eword
ketsele ;eword
neuoe ;eword tloo ;eword le ;eword lekotikoti ;eword mane ;eword
ebile ;eword rona ;eword masimong ;eword
na ;eword mmete ;eword
hothwe ;eword neuoe ;eword
kere ;eword neuoe ;eword uabitswa ;eword ka ;eword tlase ;eword ka ;eword kwana ;eword
bonang ;eword hle ;eword banna ;eword
ere ;eword kekhobe ;eword lekotikoti ;eword lena ;eword
untseubitswa ;eword jareteng ;eword ya ;eword boausi ;eword maleshoane ;eword kwana ;eword
butle ;eword neuoe ;eword keetsele ;eword
keinwesa ;eword
ere ;eword keahana ;eword
tlisa ;eword
ntho ;eword eno ;eword ketsele ;eword metsi ;eword
butle ;eword ketlotla ;eword
utsele ;eword metsi ;eword uetse ;eword tjee ;eword
ha ;eword pula ;eword eana ;eword renereapere ;eword mmete ;eword
au ;eword basadi ;eword
ketleitlama ;eword ka ;eword yaka ;eword
bona ;eword mme ;eword enwa ;eword oapere ;eword jwang ;eword
butle ;eword tlisa ;eword neuoe ;eword
neuoe ;eword nka ;eword
ketsele ;eword
fishole ;eword
butle ;eword kesefe ;eword
mme ;eword eno ;eword oautswa ;eword he ;eword
tlisa ;eword kentse ;eword
utsele ;eword metsi ;eword
neuoe ;eword utle ;eword le ;eword dijo ;eword tsaka ;eword
tsamaya ;eword wena ;eword helang ;eword neuoe ;eword
ke ;eword yaka ;eword
mphe ;eword metsi ;eword aka ;eword ke ;eword ane ;eword
nna ;eword kekhile ;eword
neuoe ;eword ke ;eword ena ;eword
uabona ;eword
keuetsetse ;eword emebedi ;eword
yaka ;eword e ;eword mmedi ;eword
tlisa ;eword kwano ;eword
theoha ;eword mantsi ;eword
etlohele ;eword ketlosefa ;eword ana ;eword
metsi ;eword aka ;eword keikheletseng ;eword ona ;eword
ha ;eword keanwa ;eword
tlisa ;eword retloabeha ;eword
hothwe ;eword neuoe ;eword ka ;eword kwana ;eword ka ;eword tlase ;eword
hothwe ;eword keneuoe ;eword
neuoe ;eword hakere ;eword wena ;eword
ere ;eword eya ;eword ngwaneso ;eword
ketsele ;eword ficholi ;eword
tlisa ;eword kwano ;eword mme ;eword
sekupu ;eword see ;eword
tlisa ;eword kentse ;eword metsi ;eword aka ;eword
tlisa ;eword ketlotsela ;eword metsi ;eword a ;eword rona ;eword
lebokose ;eword lee ;eword leadutla ;eword mme ;eword helele ;eword
tlisa ;eword kwano ;eword
neuoe ;eword hothwe ;eword utlonka ;eword
ha ;eword umopepe ;eword ka ;eword mmete ;eword jwale ;eword
neuoe ;eword tlisa ;eword botlolo ;eword
tlisa ;eword ketlotsela ;eword
tlohela ;eword batho ;eword dibotlolo ;eword tsena ;eword neuoe ;eword
hela ;eword bonang ;eword neuoe ;eword uqhadile ;eword metsi ;eword
tloo ;eword utloetula ;eword neuoe ;eword
tlisa ;eword wena ;eword
butle ;eword neuoe ;eword ntho ;eword ena ;eword ke ;eword kwae ;eword
mme ;eword eno ;eword oautswa ;eword
tsamaya ;eword uiloehlatswa ;eword he ;eword
uetse ;eword tjee ;eword
neuoe ;eword reitulela ;eword
tlisa ;eword vaskomo ;eword
ntselle ;eword ketlare ;eword e ;eword mmedi ;eword
neuoe ;eword metsi ;eword afedile ;eword ka ;eword moo ;eword
tlisa ;eword kwano ;eword
mphe ;eword
ubatla ;eword ushapuwe ;eword
tlisa ;eword neuoe ;eword ketlotsela ;eword
eya ;eword utlantsella ;eword
rekisa ;eword fishole ;eword
etlohele ;eword mme ;eword mme ;eword
neuoe ;eword tsamaya ;eword honka ;eword
e ;eword keenke ;eword
ere ;eword keahana ;eword
ha ;eword e ;eword yo ;eword ntho ;eword yaka ;eword
e ;eword kae ;eword
uapere ;eword mmete ;eword
tloo ;eword robatsa ;eword ngwana ;eword wahao ;eword
tlisa ;eword neuoe ;eword
mona ;eword kechele ;eword
ebe ;eword ketlatsela ;eword kae ;eword banna ;eword
ke ;eword phala ;eword
butle ;eword
tlisa ;eword kentse ;eword ntho ;eword yaka ;eword
tlohela ;eword keujwentse ;eword
tsamaya ;eword pompong ;eword
tsebo ;eword obapalla ;eword bateng ;eword
ntselle ;eword
uautlwa ;eword
kedule ;eword
tlohela ;eword neuoe ;eword
e ;eword mmedi ;eword
oababa ;eword
ntho ;eword yaka ;eword
ha ;eword reye ;eword lapeng ;eword
eke ;eword ha ;eword hona ;eword taba ;eword
outlwa ;eword
na ;eword
butle ;eword
na ;eword mmete ;eword oo ;eword
ke ;eword laka ;eword lebokose ;eword lena ;eword
e ;eword kae ;eword
utlaehlatswa ;eword kae ;eword pompong ;eword
utlwang ;eword metsi ;eword
nna ;eword heso ;eword hona ;eword lephala ;eword
eya ;eword mme ;eword ngwana ;eword waka ;eword
he ;eword wa ;eword tsebo ;eword le ;eword keneuoe ;eword o ;eword mongata ;eword
keuetsetse ;eword emebedi ;eword
butle ;eword kentse ;eword dintho ;eword tsena ;eword tsaka ;eword
wena ;eword mme ;eword wa ;eword tsebo ;eword haeso ;eword hona ;eword lephala ;eword
e ;eword
hleso ;eword ere ;eword ketlotsela ;eword
a ;eword maholo ;eword metsi ;eword ana ;eword
ere ;eword ketlotsela ;eword
helang ;eword ake ;eword untlohele ;eword
hleso ;eword tlisa ;eword botlolo ;eword yaka ;eword ketlotsela ;eword
ke ;eword metsi ;eword aka ;eword nna ;eword
nwa ;eword hleso ;eword
ha ;eword hohatwe ;eword ka ;eword nqena ;eword
hohatwa ;eword ka ;eword nqena ;eword
keakhile ;eword pompong ;eword
etlafeta ;eword
ke ;eword moriana ;eword wahao ;eword
tlisa ;eword ntho ;eword yahao ;eword
a ;eword hleso ;eword a ;eword matle ;eword
tlisa ;eword botlolo ;eword
ha ;eword e ;eword mmedi ;eword
mphe ;eword kekwahele ;eword
mphe ;eword ketlokwahela ;eword
nna ;eword aka ;eword ha ;eword a ;eword matle ;eword
ka ;eword nqena ;eword
tlisa ;eword botlolo ;eword yaka ;eword
e ;eword
word ;eword
ake ;eword utsurue ;eword
ere ;eword ketlosefa ;eword
ke ;eword mang ;eword
ha ;eword se ;eword ntho ;eword yahao ;eword
tloha ;eword pela ;eword ka ;eword bo ;eword
atletse ;eword
a ;eword teng ;eword
aka ;eword ha ;eword a ;eword matle ;eword he ;eword
tloha ;eword pela ;eword ka ;eword hleso ;eword
tlisa ;eword botlolo ;eword yaka ;eword
e ;eword mmedi ;eword yaka ;eword
kebeha ;eword moo ;eword
ntho ;eword yahao ;eword
bona ;eword abuti ;eword hleso ;eword a ;eword matle ;eword
mm ;eword
hleso ;eword oatloha ;eword
ere ;eword ketsele ;eword
ke ;eword botlolo ;eword yaka ;eword
ere ;eword retlokwahela ;eword
ere ;eword ketlotsela ;eword
ha ;eword ke ;eword ngwana ;eword wahao ;eword nna ;eword hele ;eword
tsamaya ;eword hleso ;eword umootle ;eword
ke ;eword aka ;eword metsi ;eword ana ;eword
tloo ;eword nka ;eword lekotikoti ;eword laka ;eword
le ;eword kae ;eword
tloha ;eword ho ;eword nna ;eword bo ;eword
tloha ;eword pela ;eword ka ;eword
nna ;eword ketlokwahela ;eword
le ;eword nna ;eword ha ;eword keye ;eword ka ;eword tsimong ;eword
butle ;eword mphe ;eword
tlisa ;eword ficholi ;eword ena ;eword
tloha ;eword pela ;eword ka ;eword
kenkile ;eword
oababa ;eword
ebe ;eword ke ;eword mamarumo ;eword a ;eword moo ;eword yatellang ;eword
le ;eword nna ;eword yaka ;eword e ;eword mmedi ;eword
ere ;eword ketlotsela ;eword
ere ;eword ketlotsela ;eword hleso ;eword
ka ;eword lebokoseng ;eword
e ;eword ha ;eword wanwa ;eword
le ;eword nna ;eword yaka ;eword e ;eword mmedi ;eword
ke ;eword ena ;eword
kenka ;eword botlolo ;eword yaka ;eword
hleso ;eword nwa ;eword ke ;eword moriana ;eword wahao ;eword
kentsekeselahlile ;eword sekwaelwana ;eword saka ;eword
keenke ;eword
bona ;eword kekwaolotse ;eword
ketlokwahela ;eword
hleso ;eword nna ;eword kejela ;eword mmeteng ;eword
tloha ;eword ho ;eword nna ;eword
hleso ;eword keakwaolotse ;eword
wena ;eword
ska ;eword qeta ;eword
ketsoha ;eword borokong ;eword
tloo ;eword le ;eword dintho ;eword tseo ;eword hodimo ;eword
ketsoha ;eword
wena ;eword unthonkhile ;eword
ole ;eword mokalekale ;eword
lieketseng ;eword ha ;eword reye ;eword
ke ;eword haka ;eword bo ;eword ngwaneso ;eword
kere ;eword eneele ;eword molala ;eword
ha ;eword se ;eword haka ;eword wena ;eword lieketseng ;eword
ha ;eword reye ;eword lieketseng ;eword
molala ;eword oo ;eword o ;eword motelele ;eword
haka ;eword eseele ;eword mona ;eword
nna ;eword ketlaapara ;eword mmete ;eword
kenkile ;eword dijo ;eword ka ;eword mmete ;eword
ketlaitlama ;eword
lieketseng ;eword
molala ;eword ona ;eword o ;eword motelele ;eword
keapere ;eword mmete ;eword
lieketseng ;eword ke ;eword enwa ;eword
e ;eword
mona ;eword ketswile ;eword seso ;eword mona ;eword
jareteng ;eword
tloo ;eword leswai ;eword lane ;eword laka ;eword ke ;eword lane ;eword jareteng ;eword kwana ;eword lineo ;eword
utlise ;eword leswai ;eword lane ;eword laka ;eword
uutlwa ;eword lineo ;eword
ke ;eword lena ;eword le ;eword teng ;eword ka ;eword mane ;eword
amangata ;eword metsi ;eword
kekhile ;eword pompong ;eword
metsi ;eword amangata ;eword
a ;eword mangata ;eword ka ;eword botlolong ;eword yaka ;eword ka ;eword mona ;eword
ee ;eword lineo ;eword
mane ;eword moo ;eword reneredutse ;eword le ;eword mme ;eword mamello ;eword tsebo ;eword
amangata ;eword
