e ;eword
ha ;eword ketsebe ;eword diile ;eword kae ;eword
ha ;eword reyeng ;eword he ;eword
oo ;eword
engwe ;eword ke ;eword ena ;eword
ke ;eword nonyana ;eword
ya ;eword lekudukulu ;eword
ke ;eword ena ;eword kentsitse ;eword
ke ;eword eo ;eword
m ;eword
ke ;eword lena ;eword lehare ;eword
tlohang ;eword
oneonkile ;eword lehare ;eword yena ;eword
nkhono ;eword mamokhoena ;eword ke ;eword lena ;eword
kelebehile ;eword
ke ;eword ena ;eword
e ;eword
e ;eword
e ;eword
e ;eword
o ;eword teng ;eword
o ;eword teng ;eword
