ure ;eword leilelaotlwa ;eword ke ;eword mang ;eword
wareng ;eword ha ;eword ulla ;eword
nchebe ;eword keutlwe ;eword
ureng ;eword ha ;eword ulla ;eword
uautlwa ;eword useutseba ;eword hobala ;eword
ore ;eword bjatla ;eword
ele ;eword sekhota ;eword
nchebe ;eword rebue ;eword
umolahletse ;eword teng ;eword
ke ;eword hona ;eword kephehileng ;eword
tloo ;eword keupepise ;eword
aa ;eword le ;eword lerata ;eword
kesaphehile ;eword
we ;eword
ure ;eword ke ;eword mang ;eword
eng ;eword
ere ;eword mme ;eword
mosetsana ;eword
ke ;eword mang ;eword ailengauotla ;eword ka ;eword lejwe ;eword
auotla ;eword kae ;eword ka ;eword lejwe ;eword
e ;eword
nchebe ;eword he ;eword
uilewaotlwa ;eword ke ;eword mang ;eword ka ;eword lejwe ;eword
kae ;eword
hela ;eword litlhare ;eword
kae ;eword
ka ;eword lejwe ;eword
hoareng ;eword ha ;eword auotla ;eword
nchebe ;eword keutlwe ;eword ureng ;eword
yena ;eword sekhota ;eword
ake ;eword ubale ;eword keutlwe ;eword
nngwe ;eword
pedi ;eword
tharo ;eword
nne ;eword
hlano ;eword
tsela ;eword
supa ;eword
robedi ;eword
robong ;eword
leshome ;eword
handret ;eword
eke ;eword
