kumbakumba ;eword ke ;eword yane ;eword kwa ;eword
ke ;eword yane ;eword kwa ;eword
a ;eword mabe ;eword
mphe ;eword
ha ;eword se ;eword koloi ;eword ntho ;eword ena ;eword
ba ;eword kae ;eword
dintho ;eword tsee ;eword
borikhwe ;eword
hai ;eword tloha ;eword mona ;eword
kedibetsetsa ;eword marung ;eword dintho ;eword tsena ;eword
baleha ;eword
ere ;eword kebone ;eword
serurubele ;eword
setlauputlamela ;eword
sentswere ;eword
ke ;eword ausi ;eword mahlobohang ;eword
o ;eword kae ;eword
kena ;eword ka ;eword tlung ;eword wena ;eword
hlobohang ;eword ee ;eword hothwe ;eword reye ;eword ka ;eword tlung ;eword
mme ;eword manyili ;eword ore ;eword reye ;eword ka ;eword tlung ;eword
e ;eword kae ;eword
hei ;eword ha ;eword ditlohe ;eword mono ;eword
ke ;eword tsane ;eword
hei ;eword etlohe ;eword mona ;eword
hlobohang ;eword uabitswa ;eword
nna ;eword keya ;eword ka ;eword tlung ;eword
eneele ;eword thupa ;eword mono ;eword
keentsitse ;eword
mathini ;eword a ;eword mabedi ;eword
lena ;eword lona ;eword ka ;eword la ;eword lapeng ;eword
katakata ;eword eetsuwa ;eword ka ;eword mabidi ;eword
keya ;eword pompomning ;eword
etsa ;eword engwe ;eword wena ;eword engwe ;eword
nka ;eword ke ;eword tseno ;eword
keunehile ;eword
bona ;eword ha ;eword reetse ;eword leamofeta ;eword
ealoma ;eword
ake ;eword ulemathise ;eword mona ;eword rebone ;eword
etlamatha ;eword hore ;eword
uabona ;eword he ;eword leya ;eword hole ;eword
leabidika ;eword
nna ;eword ketlaetsa ;eword amabedi ;eword moshana ;eword wa ;eword heso ;eword
nna ;eword keabeisa ;eword moshanyana ;eword wa ;eword heso ;eword
bona ;eword
ache ;eword ntate ;eword
sheba ;eword moshanyana ;eword
nka ;eword
ketheohile ;eword he ;eword
nna ;eword ha ;eword kenahowela ;eword mollong ;eword
ere ;eword kebone ;eword
kemosiyile ;eword
keautlwa ;eword
keamohlaba ;eword
keabona ;eword
hele ;eword hele ;eword bona ;eword
ha ;eword dijane ;eword
ha ;eword reye ;eword mashala ;eword ano ;eword seka ;eword chaka ;eword ka ;eword ana ;eword
we ;eword khutla ;eword uya ;eword kae ;eword
boa ;eword wena ;eword
yaka ;eword eneematha ;eword ntate ;eword
bona ;eword tjena ;eword
aka ;eword keashebisa ;eword kwana ;eword he ;eword
ketima ;eword batho ;eword
kealeotlella ;eword
ketlobatlela ;eword leleng ;eword
kebone ;eword
kealebeha ;eword mona ;eword kebone ;eword
letlamatha ;eword
aachaisa ;eword he ;eword
atlamatha ;eword mane ;eword
hei ;eword motho ;eword bamochaisa ;eword abeashwa ;eword
keamootla ;eword haholo ;eword
keamootla ;eword yena ;eword hloho ;eword etenya ;eword ena ;eword
keamootla ;eword hlohong ;eword
ootluwa ;eword mona ;eword
ootlowa ;eword
keammolaya ;eword
keamokalamisa ;eword koloi ;eword
remoise ;eword ngakeng ;eword
eanyoloha ;eword yahae ;eword ntate ;eword yahae ;eword
hey ;eword thiba ;eword moo ;eword
keabona ;eword uahlanya ;eword
keadisenya ;eword
dinedile ;eword mona ;eword
bona ;eword mona ;eword he ;eword
ke ;eword lehlanya ;eword he ;eword lealwana ;eword
ke ;eword ntja ;eword ntho ;eword ena ;eword
bona ;eword namane ;eword eamatha ;eword
baleha ;eword monyako ;eword le ;eword wena ;eword
baleha ;eword ketswe ;eword monyako ;eword ntho ;eword ena ;eword
hothwe ;eword lebue ;eword kwana ;eword lenelengolwe ;eword
letenne ;eword dijesi ;eword tsencha ;eword
ere ;eword kefete ;eword hlobohang ;eword
engwe ;eword ke ;eword ena ;eword etlamatha ;eword
ha ;eword ematha ;eword etlamatha ;eword
ketlaemula ;eword
unkalamisa ;eword ka ;eword morao ;eword
ha ;eword remoise ;eword monna ;eword
hei ;eword moise ;eword ngakeng ;eword
oashwa ;eword
moise ;eword monna ;eword
koloi ;eword yahao ;eword eya ;eword kwana ;eword
koloi ;eword eapotapota ;eword
tlisa ;eword motho ;eword enwa ;eword waka ;eword mona ;eword
molokise ;eword hobane ;eword uatsamaya ;eword monna ;eword
nthonyana ;eword eno ;eword
ntho ;eword ena ;eword eamosiya ;eword
unkile ;eword lena ;eword
ahlabana ;eword he ;eword
hona ;eword tjee ;eword ha ;eword kealesiya ;eword ke ;eword leno ;eword
kemopate ;eword ka ;eword mokoting ;eword e ;eword motoho ;eword
bona ;eword mane ;eword
moise ;eword ngakeng ;eword monna ;eword
poleiting ;eword yaka ;eword moo ;eword
ketlaumula ;eword
uabona ;eword le ;eword dikoloi ;eword tsaka ;eword
etlauchaisa ;eword monwana ;eword ona ;eword
mashala ;eword a ;eword mangata ;eword mona ;eword
amang ;eword ke ;eword mashala ;eword ketlaanka ;eword
nna ;eword keatla ;eword
ee ;eword wena ;eword
ha ;eword reye ;eword horwala ;eword dieta ;eword
ema ;eword reye ;eword matlapeng ;eword kwana ;eword
tloo ;eword rwala ;eword dieta ;eword wena ;eword
ska ;eword ntsiyang ;eword
mang ;eword
ausi ;eword makatso ;eword
ke ;eword serurubele ;eword
ke ;eword serurubele ;eword
kaka ;eword
e ;eword masepa ;eword
e ;eword kae ;eword kaka ;eword ke ;eword ena ;eword
uethotse ;eword
kaka ;eword ke ;eword ena ;eword
ha ;eword se ;eword tipara ;eword ntho ;eword eno ;eword
ke ;eword mabopela ;eword tsela ;eword
keilonka ;eword botlolo ;eword yane ;eword ya ;eword rona ;eword
ha ;eword reye ;eword
reilonka ;eword botlolo ;eword yane ;eword ya ;eword rona ;eword
kelemutse ;eword lemati ;eword
ere ;eword a ;eword mabedi ;eword
hlobohang ;eword bona ;eword
helang ;eword kemosiyile ;eword
bona ;eword
keumula ;eword ka ;eword dieta ;eword tsena ;eword tsahao ;eword hlobohang ;eword
ena ;eword ha ;eword se ;eword yahao ;eword
keatsamaya ;eword
bona ;eword leleng ;eword ke ;eword lena ;eword
uantsipa ;eword engwe ;eword ke ;eword ena ;eword
ke ;eword ena ;eword hlobohang ;eword
nka ;eword hlobohang ;eword
ufuwe ;eword entsutsu ;eword
ke ;eword eng ;eword ntho ;eword eno ;eword hlobohang ;eword
nna ;eword nkaleqokola ;eword hona ;eword tjee ;eword hlobohang ;eword
ntho ;eword ee ;eword uenkileng ;eword kae ;eword
bale ;eword ka ;eword moo ;eword
keaumula ;eword
hey ;eword wena ;eword
keaushapa ;eword
ere ;eword uahana ;eword hlobohang ;eword
ketlaure ;eword
uabona ;eword ketlaure ;eword
uaemula ;eword hlobohang ;eword
hlobohang ;eword utlaetima ;eword
hlobohang ;eword uthetsitse ;eword yona ;eword
uilewathetsa ;eword ee ;eword
ha ;eword wathetsa ;eword le ;eword ee ;eword le ;eword ee ;eword le ;eword ee ;eword
uthetsitse ;eword ee ;eword ele ;eword engwe ;eword feela ;eword
ee ;eword hlobohang ;eword ee ;eword
le ;eword sele ;eword hlobohang ;eword
ee ;eword wena ;eword uapota ;eword
hlobohang ;eword ska ;eword rohakana ;eword
hlobohang ;eword keahlahola ;eword jwale ;eword
kehlahola ;eword masimo ;eword
keahlahola ;eword
uanfahla ;eword wena ;eword hlobohang ;eword
bona ;eword lekhale ;eword
ntho ;eword ena ;eword keautima ;eword
ntho ;eword ena ;eword keautima ;eword hakere ;eword
ere ;eword keuetsetse ;eword
nka ;eword
ukathunya ;eword ka ;eword yona ;eword
ere ;eword keuetsetse ;eword sethunya ;eword
uankhata ;eword wena ;eword
