oneasaukonopolla ;eword mona ;eword
ke ;eword dipompong ;eword ka ;eword mona ;eword ka ;eword pokothong ;eword
ore ;eword ha ;eword hona ;eword chelete ;eword ha ;eword hona ;eword dipompong ;eword
uilorobala ;eword
neng ;eword jwale ;eword
ae ;eword oneaukonopetse ;eword
neng ;eword
kaofela ;eword
ha ;eword una ;eword chelete ;eword
ha ;eword le ;eword yo ;eword ke ;eword lekhapetla ;eword feela ;eword
neuoe ;eword
ketutubetse ;eword neuoe ;eword
ahao ;eword a ;eword kae ;eword neuoe ;eword
ouotlile ;eword kae ;eword
ha ;eword una ;eword dipompong ;eword neuoe ;eword
urobala ;eword ke ;eword eng ;eword
utswerwe ;eword ke ;eword boroko ;eword
uakula ;eword ha ;eword urobala ;eword
ae ;eword ahao ;eword a ;eword kae ;eword neuoe ;eword
ha ;eword hona ;eword dipompong ;eword ka ;eword mona ;eword
a ;eword ka ;eword pokothong ;eword
uakula ;eword na ;eword
wena ;eword uja ;eword ahao ;eword
uarobala ;eword uakula ;eword na ;eword
e ;eword jwale ;eword ure ;eword keetseng ;eword ka ;eword yona ;eword
ke ;eword eng ;eword urobala ;eword ke ;eword eng ;eword
hleso ;eword
