mm ;eword
ntho ;eword ee ;eword
ea ;eword eanehilwe ;eword
eanehilwe ;eword
ekebeyacha ;eword
eanehilwe ;eword
ekebeyacha ;eword
ee ;eword
ee ;eword
ekebeyacha ;eword
butle ;eword wena ;eword
ketlaushapa ;eword
dula ;eword fatse ;eword kwana ;eword
utlacha ;eword hlobohang ;eword
e ;eword kae ;eword chelete ;eword
chelete ;eword e ;eword kae ;eword
uileuaeisa ;eword ka ;eword ntlwaneng ;eword
ha ;eword e ;eword yo ;eword
ea ;eword
tloo ;eword kelehlakole ;eword lemina ;eword
chelete ;eword e ;eword kae ;eword
tsamaya ;eword hoelata ;eword
keaebatla ;eword
tsamaya ;eword hoelata ;eword
ketlaechencha ;eword
tlisa ;eword
nka ;eword
ah ;eword nka ;eword
hlobohang ;eword bula ;eword
e ;eword
ea ;eword
kwa ;eword
tsamaya ;eword
tsamaya ;eword uye ;eword kwana ;eword
uhanang ;eword
e ;eword
hlobohang ;eword hlobohang ;eword sheba ;eword dijo ;eword ke ;eword tsena ;eword
ke ;eword tsena ;eword moo ;eword kedinkileng ;eword teng ;eword
uneure ;eword leile ;eword kae ;eword
uneure ;eword udilahlile ;eword habo ;eword likhomo ;eword
ha ;eword se ;eword chelete ;eword ntho ;eword ena ;eword
uneure ;eword uelahlile ;eword habo ;eword likhomo ;eword
ha ;eword se ;eword tseo ;eword moo ;eword
uya ;eword kae ;eword wena ;eword hlobohang ;eword
usatlahata ;eword
uya ;eword kae ;eword
ubeuya ;eword kae ;eword
utliloetsang ;eword moo ;eword
utliloetsang ;eword
hlobohang ;eword uya ;eword kae ;eword
ufetile ;eword le ;eword kae ;eword
tloo ;eword le ;eword yane ;eword
e ;eword hlobohang ;eword
mola ;eword
tlisa ;eword ke ;eword yaka ;eword
hei ;eword ha ;eword se ;eword yahao ;eword
ke ;eword yaka ;eword
ke ;eword eng ;eword elahlehang ;eword
ke ;eword tsahao ;eword ding ;eword
tanki ;eword reloreka ;eword kantlele ;eword
ee ;eword
ke ;eword wena ;eword
ke ;eword wena ;eword
hlobohang ;eword
ke ;eword mang ;eword
oentseng ;eword
ebile ;eword utlafeta ;eword hantle ;eword
ke ;eword nna ;eword
ha ;eword se ;eword wena ;eword
uaiphinyetsa ;eword mona ;eword
uadumela ;eword wena ;eword
hlobohang ;eword
lwana ;eword hlobohang ;eword
tlisang ;eword sekiriputa ;eword seo ;eword
ha ;eword relwane ;eword he ;eword
e ;eword hlobohang ;eword
ha ;eword relwane ;eword hlobohang ;eword
tloo ;eword retlolwana ;eword
ha ;eword relwane ;eword bo ;eword
ke ;eword eng ;eword
a ;eword hle ;eword
ha ;eword relwane ;eword
hlobohang ;eword ipate ;eword
tlisa ;eword thipa ;eword yaka ;eword
tlasa ;eword bethe ;eword
ketloumula ;eword
ketloumula ;eword nna ;eword
tlisa ;eword
etlise ;eword bo ;eword
tlisa ;eword
etlise ;eword bo ;eword
tlisa ;eword
mphe ;eword thipa ;eword yaka ;eword
tlisa ;eword
tlisa ;eword
tlisa ;eword thipa ;eword yaka ;eword
tlisa ;eword wena ;eword
tlisa ;eword
tlisa ;eword thipa ;eword yaka ;eword
tlisa ;eword wena ;eword
tlisa ;eword thipa ;eword yaka ;eword
tlisa ;eword wena ;eword
mphe ;eword thipa ;eword yaka ;eword wena ;eword
tlisa ;eword thipa ;eword yaka ;eword
hlobohang ;eword tlisa ;eword tlisa ;eword
hlobohang ;eword tlisa ;eword wena ;eword
keya ;eword haeno ;eword
ke ;eword tsena ;eword ke ;eword tsena ;eword koloing ;eword
e ;eword kae ;eword thipa ;eword ela ;eword
tlisa ;eword
tlisa ;eword bo ;eword
lesatladubana ;eword ka ;eword tlasa ;eword bethe ;eword
lentselere ;eword leatimana ;eword
mokh ;eword mphe ;eword thipa ;eword yaka ;eword
tlisa ;eword
tlisa ;eword thipa ;eword yaka ;eword wena ;eword
keloubitsetsa ;eword tadi ;eword
keloebitsa ;eword
keloebitsa ;eword bo ;eword
hlobohang ;eword ha ;eword unehe ;eword mololo ;eword thipa ;eword yahae ;eword
oenkile ;eword
tlisa ;eword thipa ;eword yaka ;eword
ke ;eword dichelete ;eword e ;eword ke ;eword tsona ;eword
ke ;eword dichelete ;eword kwana ;eword
ke ;eword ding ;eword
hah ;eword
leseletseba ;eword le ;eword disente ;eword hlobohang ;eword
cente ;eword ke ;eword sente ;eword ele ;eword ngwe ;eword
thu ;eword cente ;eword ke ;eword disente ;eword tsepedi ;eword
thri ;eword cente ;eword ke ;eword disente ;eword tsetharo ;eword
fo ;eword cente ;eword ke ;eword disente ;eword tsenne ;eword
faiv ;eword cente ;eword ke ;eword disente ;eword tsehlano ;eword
siks ;eword cente ;eword ke ;eword disente ;eword tsetseletseng ;eword
baesekele ;eword uneuile ;eword kae ;eword
ha ;eword letebele ;eword
letlautswa ;eword poone ;eword
baesekele ;eword uneuile ;eword kae ;eword
ha ;eword letebele ;eword letlautswa ;eword poone ;eword
hlobohang ;eword hle ;eword bula ;eword
tsamaya ;eword
baesekele ;eword oile ;eword kae ;eword
ha ;eword letebele ;eword letlautswa ;eword poone ;eword
ulomojwetsa ;eword ntsoaki ;eword
baesekele ;eword uneuile ;eword kae ;eword
ha ;eword letebele ;eword letlautswa ;eword poone ;eword
ha ;eword letebele ;eword letlautswa ;eword poone ;eword
hlobohang ;eword
ere ;eword ha ;eword una ;eword homojwetsa ;eword
upshatlile ;eword kapo ;eword yane ;eword
upshatlile ;eword kapo ;eword ya ;eword hlobohang ;eword
ke ;eword kapo ;eword ya ;eword mang ;eword
ke ;eword kapo ;eword ya ;eword mme ;eword manyili ;eword
kere ;eword uneuepshatlelang ;eword
wena ;eword ha ;eword wakhe ;eword wena ;eword
athe ;eword lona ;eword mololo ;eword lelenwele ;eword lesheleshele ;eword
hai ;eword no ;eword no ;eword
he ;eword fetelang ;eword kwana ;eword lona ;eword
hoabata ;eword
mololo ;eword kenang ;eword ka ;eword tlung ;eword hle ;eword
ha ;eword reye ;eword ka ;eword tlung ;eword wena ;eword
bare ;eword keahana ;eword nna ;eword ngwana ;eword ngwana ;eword waka ;eword
ketlouotla ;eword
kenang ;eword ka ;eword tlung ;eword kenang ;eword
uautlwa ;eword ngwana ;eword waka ;eword
tloo ;eword ketloushapa ;eword
tloo ;eword utlomoshapa ;eword ka ;eword mokonkwana ;eword wahao ;eword
ketlolwana ;eword tloo ;eword moshanyana ;eword
tsamaya ;eword wena ;eword thotobolong ;eword
ukene ;eword ka ;eword disente ;eword
khuoe ;eword
we ;eword we ;eword hai ;eword uautlwa ;eword ntate ;eword
hlobohang ;eword ako ;eword bule ;eword rebone ;eword
hele ;eword
ketloushapa ;eword
hei ;eword hei ;eword ketlauotla ;eword ka ;eword mokonkwana ;eword
mokonkwana ;eword
utlampha ;eword
ha ;eword uneunshapile ;eword
uneunshapile ;eword
uneunkile ;eword koloi ;eword
uneuile ;eword kae ;eword ka ;eword tlasa ;eword bethe ;eword
uneuile ;eword uneuile ;eword kae ;eword ka ;eword tlasa ;eword bethe ;eword
ketlapheha ;eword papa ;eword
hlobohang ;eword udiqetile ;eword tsela ;eword
dibusetse ;eword
ha ;eword diye ;eword mane ;eword
dibehe ;eword ho ;eword tseding ;eword
mono ;eword leifo ;eword
e ;eword
hlobohang ;eword nneheletse ;eword diphahlo ;eword tseding ;eword mono ;eword
ke ;eword dife ;eword
hlobohang ;eword nneheletse ;eword diphahlo ;eword tseding ;eword
hlobohang ;eword uetsa ;eword jwang ;eword
tloo ;eword hlobohang ;eword
e ;eword kae ;eword
ehlaba ;eword dipere ;eword
nna ;eword kenkile ;eword thipa ;eword
ha ;eword letebele ;eword letlautswa ;eword poone ;eword
uilomojwetsa ;eword
e ;eword hlobohang ;eword
keitseng ;eword
baesekele ;eword
uneuile ;eword kae ;eword
ha ;eword letebele ;eword utlautswa ;eword poone ;eword
uilomojwetsa ;eword
ha ;eword
le ;eword nna ;eword uneungotlelang ;eword
tlohela ;eword kobo ;eword yaka ;eword he ;eword
tlohela ;eword kobo ;eword yaka ;eword
he ;eword wena ;eword uneunketsang ;eword
ketlaukhahlola ;eword
utlantseba ;eword ntate ;eword
hela ;eword
nna ;eword ketlanka ;eword mokonkwana ;eword
keiketsetsa ;eword dikoloi ;eword ka ;eword mokhwa ;eword oo ;eword keoratang ;eword nna ;eword ntate ;eword
nka ;eword ulolata ;eword mokonkwana ;eword
ke ;eword mokonkwana ;eword wahao ;eword
omotle ;eword
hlobohang ;eword uneuile ;eword kae ;eword
ha ;eword letebele ;eword letlautswa ;eword poone ;eword
mang ;eword
uitseng ;eword wena ;eword
e ;eword ea ;eword kelomojwetsa ;eword
ke ;eword ena ;eword
jobo ;eword oenkile ;eword thu ;eword sente ;eword
ure ;eword ke ;eword chelete ;eword
hai ;eword ke ;eword ena ;eword mona ;eword
ke ;eword koloi ;eword etala ;eword
jwale ;eword lenelentseledietsa ;eword
tswara ;eword monna ;eword
tswara ;eword uetse ;eword tjena ;eword
hlobohang ;eword tswara ;eword
utlaja ;eword hape ;eword
hlobohang ;eword leya ;eword kae ;eword
hlobohang ;eword tloo ;eword ketlouhlomola ;eword
tlisang ;eword tsentsedile ;eword teng ;eword
ha ;eword hona ;eword dichelete ;eword mona ;eword
ha ;eword hona ;eword
reya ;eword ka ;eword tlung ;eword
tloo ;eword we ;eword
nna ;eword keaitswara ;eword
kataluku ;eword
tloo ;eword likhomo ;eword wa ;eword batho ;eword
nna ;eword kedula ;eword setulong ;eword
setulo ;eword sa ;eword mang ;eword
kere ;eword na ;eword ha ;eword u ;eword hlobohang ;eword
u ;eword hlobohang ;eword motiea ;eword hle ;eword
ke ;eword hlobohang ;eword molibeli ;eword
u ;eword hlobohang ;eword mang ;eword
molibeli ;eword
nna ;eword ke ;eword mololo ;eword mang ;eword
oitse ;eword hamorao ;eword
le ;eword kae ;eword
ke ;eword kumbakumba ;eword
ke ;eword kumbakumba ;eword ya ;eword mang ;eword
hlobohang ;eword ee ;eword tloo ;eword retloetsa ;eword khofu ;eword
kholo ;eword
mona ;eword ha ;eword reetse ;eword tsela ;eword ya ;eword dikoloi ;eword
nna ;eword keaeetsa ;eword ntate ;eword
keaeetsa ;eword ntate ;eword
kharafu ;eword ntate ;eword
eamatha ;eword koloi ;eword yane ;eword
ematha ;eword tlase ;eword kwana ;eword
tlase ;eword
hole ;eword
ke ;eword eo ;eword
kebatla ;eword senotlolo ;eword ketsebe ;eword hotla ;eword le ;eword koloi ;eword entle ;eword
ke ;eword wena ;eword
ke ;eword nna ;eword
le ;eword wena ;eword
dikoloi ;eword di ;eword tlase ;eword
tlase ;eword
a ;eword skasenya ;eword tsela ;eword
ureng ;eword hlobohang ;eword
o ;eword kae ;eword
we ;eword
diadikela ;eword mane ;eword pela ;eword koma ;eword
diadikela ;eword
he ;eword
mang ;eword
tsunuku ;eword
bona ;eword ketsuba ;eword ka ;eword eng ;eword
wena ;eword
nna ;eword ka ;eword thipa ;eword nna ;eword
tswela ;eword kathoko ;eword
e ;eword ngwanaka ;eword
ditsela ;eword tsa ;eword dikoloi ;eword
bona ;eword reabapala ;eword
bona ;eword reabapala ;eword lapeng ;eword
hlobohang ;eword ekaba ;eword uneuntseubapalang ;eword
rona ;eword rebapala ;eword ditsela ;eword tsa ;eword dikoloi ;eword
hai ;eword
ha ;eword etsamaye ;eword wena ;eword
ha ;eword usotsebe ;eword moshana ;eword
utlatsamaya ;eword
yanang ;eword le ;eword dikoloi ;eword ke ;eword mang ;eword
ke ;eword nna ;eword yanang ;eword le ;eword koloi ;eword ke ;eword ena ;eword
uetsang ;eword ka ;eword ditsela ;eword tsena ;eword tsa ;eword rona ;eword
ekate ;eword tsela ;eword ena ;eword
helele ;eword
kenekeitse ;eword ha ;eword usatseba ;eword hantle ;eword hore ;eword na ;eword kenekeentse ;eword jwang ;eword
hosehotlatsamauwa ;eword wena ;eword
uotla ;eword mang ;eword
o ;eword ka ;eword tlung ;eword
dikuku ;eword badinkile ;eword dikuku ;eword
ke ;eword nna ;eword
ke ;eword ntho ;eword ya ;eword rona ;eword ee ;eword
ke ;eword ena ;eword
nka ;eword hlobohang ;eword
dulang ;eword ka ;eword tlung ;eword
dulang ;eword fatse ;eword
hoabata ;eword
letswerwe ;eword ke ;eword sefuba ;eword feela ;eword lentselematha ;eword kantle ;eword ka ;eword kwana ;eword
tloha ;eword mona ;eword lehlohonolo ;eword
leotluwe ;eword ke ;eword mang ;eword
tloo ;eword ketloubona ;eword
uotluwe ;eword ke ;eword mang ;eword
ke ;eword kae ;eword
moo ;eword
thola ;eword hotlafola ;eword
ubatlang ;eword pele ;eword
ema ;eword mona ;eword
tloo ;eword keuhlakole ;eword mamina ;eword
ke ;eword tsunuku ;eword yaka ;eword ena ;eword
wena ;eword tadi ;eword
ketlauhetla ;eword nna ;eword
ketlauhetla ;eword utlabona ;eword
ketlaepata ;eword
ketlauetsa ;eword jwalo ;eword
utlwa ;eword fariki ;eword yaka ;eword utlwa ;eword
ache ;eword
ke ;eword ya ;eword mang ;eword
ke ;eword ya ;eword mang ;eword ntho ;eword ee ;eword
he ;eword wena ;eword hlobohang ;eword
hlobohang ;eword
hei ;eword
dulang ;eword
dulang ;eword kwana ;eword lona ;eword
wena ;eword hlobohang ;eword tlisa ;eword thipa ;eword yaka ;eword
ha ;eword se ;eword natala ;eword ke ;eword mona ;eword
ha ;eword se ;eword natala ;eword mono ;eword
ke ;eword mona ;eword mane ;eword
mane ;eword reakhutla ;eword hona ;eword teng ;eword
uautlwa ;eword
enke ;eword ntho ;eword ena ;eword
ohana ;eword ka ;eword lepolanka ;eword lahao ;eword monna ;eword
wena ;eword uhane ;eword
wena ;eword uhane ;eword ka ;eword lepolanka ;eword lahao ;eword
hakere ;eword
e ;eword
uatseba ;eword nna ;eword ha ;eword keutsotelle ;eword
ke ;eword kumbakumba ;eword ellang ;eword
hlobohang ;eword sheba ;eword naledi ;eword yahao ;eword
ke ;eword ntsoaki ;eword
ha ;eword se ;eword nna ;eword yaenkileng ;eword
ache ;eword ha ;eword keletsotelle ;eword
nka ;eword
nna ;eword ha ;eword keletsotelle ;eword
ha ;eword keetsotelle ;eword ntho ;eword ena ;eword
ae ;eword
ketlauotla ;eword
ketlaumula ;eword
uneurwaka ;eword mang ;eword
e ;eword hlobohang ;eword
di ;eword kae ;eword
ache ;eword
ure ;eword mang ;eword otlaswaba ;eword
wena ;eword
ubua ;eword le ;eword mang ;eword
ache ;eword
ha ;eword una ;eword hompitla ;eword
ke ;eword eo ;eword lekhowa ;eword
keahana ;eword wena ;eword hlobohang ;eword
he ;eword bona ;eword radio ;eword encha ;eword
e ;eword ncha ;eword
hohang ;eword ntate ;eword e ;eword ncha ;eword
oo ;eword tanki ;eword umphile ;eword yona ;eword kaofela ;eword
tanki ;eword mme ;eword
ke ;eword naledi ;eword
batho ;eword ha ;eword ba ;eword yo ;eword ka ;eword beseng ;eword
eanyoloha ;eword
eamatha ;eword
ke ;eword eo ;eword eahlwella ;eword mane ;eword
eahlwa ;eword mane ;eword
eajethema ;eword
e ;eword ke ;eword bana ;eword
ntate ;eword
koloi ;eword yaka ;eword enkile ;eword phofo ;eword
koloi ;eword enkile ;eword phofo ;eword
retlotsamaya ;eword
ke ;eword phofo ;eword ntho ;eword ena ;eword
ke ;eword phofo ;eword
ulebe ;eword ha ;eword kotsia ;eword
hosilwa ;eword lelwala ;eword le ;eword ha ;eword kotsia ;eword kwana ;eword
lelwala ;eword
ha ;eword reye ;eword ha ;eword kotsia ;eword
keeqetela ;eword hape ;eword khanthe ;eword uenkile ;eword
uenkile ;eword
ha ;eword uetsotelle ;eword
koloi ;eword ke ;eword ena ;eword
uampotela ;eword
he ;eword wena ;eword hlobohang ;eword
hei ;eword senotlolo ;eword sahao ;eword le ;eword koloi ;eword yaka ;eword
he ;eword wena ;eword hlobohang ;eword
ee ;eword skaotla ;eword ngwana ;eword
unkileng ;eword
ha ;eword retlobolaya ;eword ntho ;eword
keaethiba ;eword ntate ;eword
keaeroba ;eword ntate ;eword
ee ;eword wena ;eword hlobohang ;eword
uhane ;eword wena ;eword
ache ;eword naledi ;eword yaka ;eword entle ;eword chee ;eword
entle ;eword naledi ;eword yaka ;eword ntate ;eword
