ha ;eword ketsebe ;eword
e ;eword kemorobaditse ;eword
o ;eword kantle ;eword
kealeboha ;eword nkhono ;eword waka ;eword
ntho ;eword empe ;eword ya ;eword ausi ;eword maria ;eword erobetse ;eword
kantle ;eword mona ;eword
kealeboha ;eword
kobo ;eword ke ;eword yane ;eword
ke ;eword lena ;eword
kebatla ;eword lemao ;eword
keatsamaya ;eword keya ;eword kampong ;eword
e ;eword keseketsamaya ;eword
kealeboha ;eword nkhono ;eword waka ;eword
ka ;eword mona ;eword ka ;eword lekokong ;eword laka ;eword
nkhono ;eword tsebo ;eword opatile ;eword kobo ;eword ya ;eword ngwana ;eword waka ;eword
kepepile ;eword thoto ;eword
e ;eword keitlhakotse ;eword
ehlaile ;eword
ntho ;eword empe ;eword e ;eword teng ;eword
kampong ;eword
wena ;eword nkhono ;eword kobo ;eword ke ;eword eo ;eword
keafofa ;eword
keya ;eword kampong ;eword
ke ;eword ka ;eword mona ;eword
ke ;eword ena ;eword
keafofa ;eword
nna ;eword kealeboha ;eword
ehlahile ;eword kobo ;eword ya ;eword ngwana ;eword waka ;eword
e ;eword le ;eword kobong ;eword
ke ;eword lena ;eword kobong ;eword
ngwana ;eword eo ;eword waka ;eword
kelethotse ;eword
oile ;eword kantle ;eword
renerebina ;eword lekokong ;eword
tsebo ;eword opatile ;eword kobo ;eword ya ;eword ngwana ;eword waka ;eword
nna ;eword ketswa ;eword ka ;eword mona ;eword
reya ;eword kampong ;eword
ketswa ;eword le ;eword mona ;eword
nna ;eword keya ;eword kampong ;eword
keahana ;eword
ere ;eword keapare ;eword
kemotentsitse ;eword lelapi ;eword
ke ;eword lena ;eword
e ;eword
e ;eword o ;eword kantle ;eword ha ;eword o ;eword yo ;eword
a ;eword ka ;eword mona ;eword
nna ;eword ngwana ;eword waka ;eword oafofa ;eword
ke ;eword nna ;eword
kerekile ;eword ngwana ;eword
keaseba ;eword
ke ;eword kumbakumba ;eword
ka ;eword mona ;eword ka ;eword lekokong ;eword laka ;eword
e ;eword erobetse ;eword ntho ;eword empe ;eword ya ;eword ausi ;eword maria ;eword
nna ;eword ketlile ;eword
kepepile ;eword thoto ;eword
kemoreketse ;eword
ehlaile ;eword
baile ;eword habo ;eword
kealeboha ;eword
ketswa ;eword ka ;eword mona ;eword
e ;eword ke ;eword enwa ;eword
kealeboha ;eword hape ;eword
nkhono ;eword nkhono ;eword
keile ;eword kampong ;eword
ke ;eword enwa ;eword
kealeboha ;eword
e ;eword kena ;eword le ;eword bethe ;eword
kealeboha ;eword
kena ;eword le ;eword bete ;eword
ketlamoshapa ;eword hakakang ;eword
e ;eword
ha ;eword ba ;eword yo ;eword
ke ;eword ka ;eword mona ;eword
e ;eword keahatsela ;eword
kealeboha ;eword hape ;eword
ha ;eword a ;eword yo ;eword
wena ;eword mme ;eword waka ;eword kemotentsitse ;eword lelapi ;eword
nkhono ;eword nkhono ;eword thupa ;eword yaka ;eword ya ;eword mme ;eword masethu ;eword
ke ;eword ena ;eword kobo ;eword ya ;eword ngwana ;eword waka ;eword
keahana ;eword
ka ;eword hara ;eword
ketswile ;eword le ;eword betheng ;eword yaka ;eword
ketswa ;eword kliniking ;eword
retswarele ;eword nkhono ;eword waka ;eword
ha ;eword a ;eword yo ;eword
kere ;eword untswarele ;eword
apare ;eword
keilekamootla ;eword ka ;eword lejwe ;eword
kealeboha ;eword
ke ;eword hokae ;eword
kebapala ;eword kele ;eword mong ;eword
kenekeshapuwa ;eword ke ;eword nkeletseng ;eword
e ;eword keatsamaya ;eword hona ;eword tjena ;eword
nna ;eword kebina ;eword lekokong ;eword
ke ;eword ena ;eword kobo ;eword ya ;eword ngwana ;eword waka ;eword
ke ;eword enwa ;eword
e ;eword ho ;eword mang ;eword
kealeboha ;eword
ke ;eword nkeletseng ;eword
ntswarele ;eword nkhono ;eword waka ;eword
keatsamaya ;eword
e ;eword
ha ;eword a ;eword yo ;eword
tsebo ;eword o ;eword kantle ;eword
o ;eword kantle ;eword
uiloelahla ;eword kantle ;eword
o ;eword kantle ;eword
e ;eword ehlahile ;eword
olahlile ;eword ngwana ;eword waka ;eword
ke ;eword yena ;eword
ke ;eword yane ;eword
kehlweletse ;eword betheng ;eword yaka ;eword
oneankotla ;eword ka ;eword letsoho ;eword
oalelahla ;eword
ha ;eword a ;eword yo ;eword tsebo ;eword
oile ;eword makhapung ;eword
keilekamootla ;eword ka ;eword lejwe ;eword
keapara ;eword kobo ;eword
keya ;eword hona ;eword tjena ;eword
tswa ;eword le ;eword mona ;eword
ketlare ;eword mme ;eword ampesetse ;eword mollo ;eword
keenka ;eword sefofaneng ;eword
kena ;eword le ;eword kele ;eword mong ;eword
oneankotla ;eword ditonong ;eword
ketswa ;eword le ;eword mona ;eword
kena ;eword kele ;eword mong ;eword
ke ;eword nkhono ;eword nkhono ;eword
ore ;eword masepa ;eword aka ;eword
ka ;eword mokhwa ;eword oo ;eword matule ;eword asatlalang ;eword ka ;eword teng ;eword
keahana ;eword
kealeboha ;eword nkhono ;eword
nkeletseng ;eword onkotlile ;eword
nna ;eword keilobesa ;eword poone ;eword yaka ;eword
keilekashapuwa ;eword ke ;eword nna ;eword
e ;eword oanthwaka ;eword
keahana ;eword
keya ;eword ho ;eword sefofane ;eword
kealeboha ;eword nkhono ;eword waka ;eword
ore ;eword ke ;eword masepa ;eword ahae ;eword
uelahla ;eword kae ;eword
kelethotse ;eword mantlwantlwaneng ;eword
ke ;eword yane ;eword
kealeboha ;eword nkhono ;eword waka ;eword
kelethotse ;eword
retswa ;eword le ;eword mona ;eword
lento ;eword laka ;eword
ke ;eword ena ;eword kobo ;eword ya ;eword ngwana ;eword waka ;eword
keapara ;eword kobo ;eword
ketlamoshapa ;eword uatseba ;eword
e ;eword mantlwantlwane ;eword aka ;eword
kealeboha ;eword nkhono ;eword waka ;eword
uatseba ;eword obatla ;eword hopshatjwa ;eword
onkile ;eword tholwana ;eword yaka ;eword
mantlwantlwane ;eword aka ;eword
e ;eword oile ;eword haka ;eword
ketlaya ;eword le ;eword ngwana ;eword waka ;eword
ke ;eword mosadi ;eword wa ;eword ntate ;eword kopano ;eword
o ;eword hahae ;eword kwana ;eword
sekhannwa ;eword ke ;eword nna ;eword
ke ;eword ana ;eword
ke ;eword enwa ;eword ngwana ;eword waka ;eword
mme ;eword wahae ;eword ke ;eword nna ;eword
keya ;eword kele ;eword mong ;eword
mosadi ;eword waka ;eword
ketlapalama ;eword sefofane ;eword
kwana ;eword hahae ;eword
lebitso ;eword lahae ;eword ke ;eword neuoe ;eword
ke ;eword sa ;eword ngwana ;eword waka ;eword
ntate ;eword lefu ;eword weso ;eword
keya ;eword kele ;eword mong ;eword
kepalama ;eword kele ;eword mong ;eword
keya ;eword kampong ;eword
kehlatswa ;eword hona ;eword tjena ;eword
ntatemoholo ;eword waka ;eword
matule ;eword onkile ;eword tholwana ;eword yaka ;eword
e ;eword a ;eword ka ;eword mona ;eword
ka ;eword mona ;eword
a ;eword ka ;eword mona ;eword
ke ;eword ntate ;eword mohanwe ;eword
ntate ;eword lefu ;eword khekhethane ;eword
kwana ;eword
monna ;eword waka ;eword ke ;eword ntate ;eword kopano ;eword
ka ;eword mona ;eword
ntate ;eword waka ;eword ke ;eword ntate ;eword mohanwe ;eword
renerebina ;eword lekokong ;eword
ketlarota ;eword ka ;eword yona ;eword
renerebina ;eword lekokong ;eword
