lemohang ;eword
neuoe ;eword
tsamaya ;eword ubehe ;eword betheng ;eword
ukwatile ;eword
nka ;eword ubehe ;eword katiba ;eword yaka ;eword betheng ;eword
uaebona ;eword
neuoe ;eword bona ;eword kumbakumba ;eword ke ;eword yane ;eword
ha ;eword kebone ;eword abaleha ;eword
phephi ;eword
tlohella ;eword ngwana ;eword
ukwatile ;eword na ;eword mmannyeo ;eword
uabaleha ;eword
neuoe ;eword tsamaya ;eword uye ;eword honka ;eword phate ;eword ya ;eword ngwana ;eword ke ;eword yane ;eword
tsamaya ;eword unke ;eword phate ;eword ya ;eword ngwana ;eword
okwatile ;eword kajeno ;eword
helang ;eword
beha ;eword mane ;eword pela ;eword mosamo ;eword wa ;eword ngwana ;eword
monehe ;eword
eng ;eword
obotsa ;eword tsebo ;eword
ola ;eword dierekisi ;eword tseno ;eword hleso ;eword
utswe ;eword hleso ;eword ha ;eword ule ;eword bokako ;eword tjee ;eword
ha ;eword are ;eword wena ;eword
