ketlisitse ;eword lemao ;eword lahao ;eword
hantle ;eword
helang ;eword nna ;eword ha ;eword keaehata ;eword tsebo ;eword hle ;eword
eya ;eword kekhathetse ;eword
dikotlolo ;eword tse ;eword tsaka ;eword
keutlwa ;eword eka ;eword ke ;eword sefofane ;eword
oo ;eword ke ;eword mme ;eword
lineo ;eword otswerwe ;eword ke ;eword boroko ;eword
hleso ;eword ontseankhata ;eword
ae ;eword
ketlanka ;eword mohoma ;eword waka ;eword kehlahole ;eword le ;eword ausi ;eword mantso ;eword
eya ;eword houwa ;eword masimong ;eword
ke ;eword tsebo ;eword yantsengankotla ;eword
houwa ;eword masimong ;eword
kesabona ;eword mose ;eword waka ;eword o ;eword ditsila ;eword
