bohleso ;eword
nkhono ;eword basebatlile ;eword
kenkeng ;eword
nkhono ;eword
e ;eword
boausi ;eword baantsiya ;eword
nkhono ;eword bohleso ;eword ba ;eword kae ;eword
keketile ;eword seboko ;eword thotobolong ;eword kwana ;eword
keiloqhala ;eword
kebehile ;eword kantle ;eword kwana ;eword
seboko ;eword
ke ;eword dierekisi ;eword tsee ;eword
nkhono ;eword makhapetla ;eword ke ;eword a ;eword mang ;eword aa ;eword
nkhono ;eword
eh ;eword
e ;eword
erekisi ;eword
makhapetla ;eword
bona ;eword seboko ;eword
mane ;eword
kantle ;eword
kemohatile ;eword
ke ;eword seboko ;eword
oile ;eword tsebo ;eword osiyile ;eword
ketseleng ;eword
ke ;eword seboko ;eword
seile ;eword kae ;eword
ke ;eword erekisi ;eword
nkhono ;eword ntho ;eword empe ;eword
m ;eword
moo ;eword
habo ;eword teboho ;eword
habo ;eword teboho ;eword
ke ;eword erekisi ;eword
le ;eword nna ;eword keitomme ;eword
nkhono ;eword mphe ;eword makhapetla ;eword
ke ;eword sena ;eword
makhapetla ;eword
ke ;eword eng ;eword
erekisi ;eword
kebatla ;eword erekisi ;eword
kebatla ;eword erekisi ;eword
kebatla ;eword erekisi ;eword
baile ;eword kae ;eword
baile ;eword
