leammona ;eword tsebo ;eword jwale ;eword ha ;eword aitlotsitse ;eword
tsenethu ;eword ha ;eword a ;eword tjena ;eword hle ;eword mannyeo ;eword
enwa ;eword bomotswere ;eword oseabilearobetse ;eword
ae ;eword jwale ;eword leetsang ;eword
tsebo ;eword ha ;eword lekhathetse ;eword letswe ;eword leye ;eword kantle ;eword
hoetsuwa ;eword jwang ;eword jwale ;eword
aehata ;eword jwang ;eword na ;eword tsebo ;eword
tsebo ;eword tsamaya ;eword uye ;eword kantle ;eword hee ;eword
keabona ;eword ukhathetse ;eword
le ;eword wena ;eword ska ;eword thakhalla ;eword tjena ;eword
jwalo ;eword ka ;eword haeka ;eword ukhathetse ;eword tjena ;eword
tsebo ;eword ha ;eword lekhathetse ;eword letsamaye ;eword leye ;eword kantle ;eword
