ke ;eword diphokoto ;eword
enka ;eword le ;eword mokhoditswane ;eword kaofela ;eword
bina ;eword keutlwe ;eword
e ;eword kumbakumba ;eword eo ;eword
utloutlwe ;eword hona ;eword
enwa ;eword oaditseba ;eword enwa ;eword
hothweng ;eword
uautlwa ;eword haholo ;eword
etlaethula ;eword
etlasia ;eword
ho ;eword ho ;eword ho ;eword ke ;eword yaka ;eword
ethijwa ;eword ke ;eword dieta ;eword
ke ;eword bosiu ;eword
e ;eword
ke ;eword bosiu ;eword wena ;eword
e ;eword hlobohang ;eword
yona ;eword pokotho ;eword ya ;eword borikhwe ;eword boo ;eword
le ;eword nna ;eword oetabotse ;eword
le ;eword nna ;eword keetabotse ;eword
le ;eword nna ;eword keetabotse ;eword
keahana ;eword
ure ;eword ke ;eword dihoro ;eword
bobotso ;eword boseka ;eword
ee ;eword hle ;eword hlobohang ;eword
dihoro ;eword kemosiile ;eword kwana ;eword wena ;eword
hahabo ;eword matieng ;eword
moremoholo ;eword ke ;eword matieng ;eword
hlobohang ;eword ukhaola ;eword boseka ;eword ba ;eword batho ;eword
wena ;eword wena ;eword hlobohang ;eword
kaephethola ;eword kumbakumba ;eword
hlobohang ;eword
abuti ;eword wahao ;eword ke ;eword mang ;eword
ke ;eword wena ;eword
o ;eword kae ;eword abuti ;eword wahao ;eword
o ;eword kae ;eword
sekolong ;eword hothweng ;eword sekolong ;eword
mamela ;eword keujwetse ;eword hothweng ;eword sekolong ;eword
ha ;eword hobinwa ;eword hothweng ;eword
hothwe ;eword tlou ;eword ena ;eword le ;eword eng ;eword
ha ;eword hobinwa ;eword
hothwe ;eword tlou ;eword ena ;eword le ;eword eng ;eword
tlou ;eword le ;eword nko ;eword monna ;eword
hothweng ;eword
m ;eword hothweng ;eword
uautlwa ;eword he ;eword
uautlwa ;eword mololo ;eword otseba ;eword hofeta ;eword wena ;eword
hothweng ;eword
ha ;eword kenaufa ;eword kumbakumba ;eword
e ;eword holokile ;eword utlaenka ;eword
ke ;eword yahao ;eword
uhana ;eword hobina ;eword tlou ;eword le ;eword nko ;eword e ;eword telele ;eword
auu ;eword
ha ;eword diulekane ;eword
hlobohang ;eword hlobohang ;eword e ;eword bona ;eword
e ;eword kebone ;eword
habedi ;eword
wena ;eword rola ;eword dieta ;eword tsaka ;eword
ke ;eword ngwe ;eword
ke ;eword nngwe ;eword ntho ;eword ena ;eword wena ;eword
he ;eword enkuwe ;eword
etlatsamaya ;eword haholo ;eword
keahana ;eword
mm ;eword
keemula ;eword koloi ;eword eno ;eword
yaka ;eword yaethula ;eword
emathile ;eword he ;eword
yamatha ;eword haholo ;eword
yaesia ;eword hele ;eword
ena ;eword ke ;eword yaka ;eword ena ;eword
hele ;eword yaetabolela ;eword hole ;eword ya ;eword hlobohang ;eword
mm ;eword
ae ;eword hata ;eword ka ;eword leotwana ;eword
hlobohang ;eword oehata ;eword ka ;eword leoto ;eword
ke ;eword ane ;eword
koloi ;eword ke ;eword yane ;eword
koloi ;eword
koloi ;eword ke ;eword eo ;eword etla ;eword
koloi ;eword ke ;eword eo ;eword
ha ;eword rebeise ;eword
uabona ;eword he ;eword ke ;eword vaskomo ;eword
le ;eword dieta ;eword tse ;eword
kenka ;eword yaka ;eword nna ;eword
eneeetsitse ;eword mokololoko ;eword dile ;eword kana ;eword dipedi ;eword
engwe ;eword eema ;eword mona ;eword
yaka ;eword emathile ;eword
yaka ;eword yare ;eword pai ;eword
ha ;eword wena ;eword utima ;eword ntho ;eword yaka ;eword
wena ;eword
lekhantsitse ;eword ke ;eword ana ;eword
cheka ;eword bopopodi ;eword
cheka ;eword mokoti ;eword
cheka ;eword phakwe ;eword
eya ;eword phakwe ;eword
keitse ;eword pharo ;eword
cheka ;eword papa ;eword
cheka ;eword pharo ;eword pharo ;eword hlobohang ;eword
phara ;eword jese ;eword ena ;eword
ephare ;eword
ephare ;eword
hlobohang ;eword ena ;eword oitse ;eword ubatla ;eword ka ;eword lebese ;eword hlobohang ;eword
hlobohang ;eword eba ;eword letabotse ;eword koloi ;eword eno ;eword
tsamaya ;eword hoenka ;eword
m ;eword
khaba ;eword ena ;eword ka ;eword lebese ;eword
