moshanyana ;eword e ;eword uasebetsa ;eword
ke ;eword eng ;eword moshanyana ;eword
jwale ;eword uya ;eword kae ;eword
mm ;eword
neuoe ;eword tloo ;eword kwano ;eword hle ;eword
le ;eword hleso ;eword le ;eword mang ;eword
leilelajang ;eword
mangwane ;eword setutla ;eword
utlabeudifuwe ;eword ke ;eword mang ;eword
uya ;eword kae ;eword
umojwetsitse ;eword hore ;eword na ;eword sakeng ;eword kwa ;eword bana ;eword ba ;eword teng ;eword ke ;eword bomang ;eword
nkekekaleneha ;eword hoba ;eword hoitswe ;eword ledule ;eword fatse ;eword
haholo ;eword
we ;eword
ha ;eword uahlakola ;eword mamina ;eword ke ;eword eng ;eword e ;eword neuoe ;eword
dipompong ;eword
mangwane ;eword setutla ;eword
ke ;eword ntate ;eword remaketse ;eword
le ;eword mang ;eword
le ;eword eng ;eword
oileaboja ;eword
jwale ;eword letla ;eword le ;eword mang ;eword ha ;eword letla ;eword moo ;eword thabang ;eword
ka ;eword koloi ;eword ya ;eword mang ;eword
leilelaja ;eword ha ;eword mamphathi ;eword
tloo ;eword behe ;eword ka ;eword tlase ;eword
lenelentsele ;eword
le ;eword mang ;eword
le ;eword pheko ;eword
ha ;eword utswa ;eword kae ;eword
utlafa ;eword mme ;eword
le ;eword mang ;eword
ke ;eword bomang ;eword
utlafa ;eword tsenethu ;eword
uitse ;eword ke ;eword mang ;eword
nka ;eword isa ;eword ka ;eword tlung ;eword
honehole ;eword monate ;eword
mme ;eword ebehuwa ;eword ka ;eword moo ;eword
uabona ;eword ha ;eword lentseletsamaya ;eword tjee ;eword lesamamele ;eword
jwale ;eword ka ;eword dirurubele ;eword tjena ;eword
utlafa ;eword mang ;eword dipompong ;eword
le ;eword mme ;eword wa ;eword tanki ;eword
leautlwang ;eword
ke ;eword pheto ;eword jwale ;eword bohobe ;eword
le ;eword masheleshele ;eword
le ;eword eng ;eword
le ;eword eng ;eword hape ;eword
ema ;eword he ;eword udule ;eword mane ;eword le ;eword mme ;eword wa ;eword tanki ;eword
hm ;eword honehole ;eword jwang ;eword sakeng ;eword kwa ;eword e ;eword
ake ;eword utlohe ;eword mono ;eword kapa ;eword ukwale ;eword monyako ;eword ono ;eword
hleso ;eword ake ;eword utlohe ;eword mono ;eword
uautlwa ;eword hleso ;eword
hleso ;eword untseuetsang ;eword
ako ;eword haeye ;eword
hleso ;eword ake ;eword utlise ;eword ngwana ;eword ketlomohlatswa ;eword
phakisa ;eword hleso ;eword
hleso ;eword o ;eword kae ;eword
hleso ;eword phakisa ;eword
hei ;eword tlosa ;eword ntho ;eword ena ;eword ka ;eword tlung ;eword
tlosa ;eword dijana ;eword pele ;eword
ae ;eword beha ;eword kotikoti ;eword eo ;eword ya ;eword batho ;eword
