utsohile ;eword mme ;eword mmannyeo ;eword
oho ;eword
m ;eword
tsamaya ;eword uye ;eword hoebola ;eword dierekisi ;eword kantle ;eword
uautlwa ;eword
ke ;eword tsena ;eword tsahao ;eword
ubatla ;eword hoseba ;eword
tsebo ;eword
tloo ;eword le ;eword ntho ;eword
ke ;eword eng ;eword hana ;eword
sekwaelwana ;eword seo ;eword kantle ;eword ka ;eword moo ;eword
mono ;eword
kantle ;eword ka ;eword mane ;eword
uatseba ;eword
uitomme ;eword
ujellang ;eword kaofela ;eword
phephi ;eword uneujellang ;eword kaofela ;eword
uabona ;eword bokako ;eword na ;eword boetsa ;eword jwang ;eword
ha ;eword uneuntseoetsang ;eword
uakhathatsa ;eword le ;eword wena ;eword
e ;eword letletsebe ;eword hoalahla ;eword kwana ;eword
theoha ;eword
ee ;eword wena ;eword ache ;eword
utlabona ;eword ntho ;eword
uetsang ;eword
setlaukhama ;eword
uabona ;eword
olang ;eword dintho ;eword tsane ;eword lona ;eword
utlawela ;eword
moroho ;eword oo ;eword uaobona ;eword
ubatla ;eword hotheoha ;eword
esale ;eword urobala ;eword
esale ;eword urobala ;eword
tsamaya ;eword uye ;eword kantle ;eword
ha ;eword udibatle ;eword
tloo ;eword utlonka ;eword makhapetlana ;eword
ketloutsella ;eword
seka ;eword akhela ;eword kwana ;eword
matso ;eword o ;eword kae ;eword
utlisang ;eword jwale ;eword
utlaqeta ;eword hoja ;eword makhapetla ;eword amangata ;eword aa ;eword
hm ;eword
sekanna ;eword lahla ;eword hohle ;eword
uabehe ;eword nqa ;eword ele ;eword ngwe ;eword
utsamaya ;eword ka ;eword mpa ;eword
otsamaya ;eword ka ;eword mpa ;eword
e ;eword untseuetsang ;eword
uetsang ;eword ha ;eword uja ;eword kaofela ;eword
uetsa ;eword ntho ;eword empe ;eword
untseuetsang ;eword
utseba ;eword horobala ;eword
uarobala ;eword
bona ;eword he ;eword uqetile ;eword kapele ;eword
umoisa ;eword kae ;eword
eseng ;eword osailotsela ;eword
lefeng ;eword
tloo ;eword le ;eword ntho ;eword ketloutsella ;eword
utlawela ;eword
baebola ;eword dierekisi ;eword
ubatla ;eword tsaka ;eword
moo ;eword ketlilotsela ;eword teng ;eword
ubatla ;eword hoithuta ;eword
utseba ;eword hoebola ;eword
uatseba ;eword
angwathe ;eword kae ;eword jwale ;eword
uneuya ;eword kae ;eword
katse ;eword ena ;eword etlaja ;eword ditsuonyana ;eword
opaqame ;eword
wena ;eword utsamaya ;eword ka ;eword mpa ;eword
ha ;eword utsebe ;eword honyoloha ;eword
utseba ;eword feela ;eword horobala ;eword
uetsang ;eword
uakhathatsa ;eword
udiisa ;eword kae ;eword
e ;eword
uahana ;eword
bona ;eword
e ;eword beha ;eword kantle ;eword he ;eword
uaphela ;eword
ehe ;eword
utlawela ;eword wena ;eword
oh ;eword kephela ;eword hantle ;eword
baaebola ;eword kantle ;eword
hm ;eword
ke ;eword makhapetla ;eword
ona ;eword makhapetla ;eword
neng ;eword jwale ;eword
ore ;eword na ;eword a ;eword monate ;eword
ere ;eword kebone ;eword
hokae ;eword
utlaja ;eword diboko ;eword wena ;eword
ukaaqeta ;eword amakalokalo ;eword
oakhasa ;eword ha ;eword aetsa ;eword tjee ;eword
ka ;eword mpa ;eword
uja ;eword kaofela ;eword
ke ;eword eng ;eword
ska ;eword ja ;eword dintho ;eword tsena ;eword kaofela ;eword
ubone ;eword utlakhohlela ;eword
tswela ;eword dintho ;eword tsena ;eword
ditswele ;eword
ee ;eword uetsang ;eword
ukhathetse ;eword
uetsang ;eword
bona ;eword
uetsang ;eword
uja ;eword kaofela ;eword ke ;eword eng ;eword
e ;eword
ke ;eword mang ;eword yatsebang ;eword hoebola ;eword
ere ;eword kebone ;eword na ;eword utseba ;eword hoebola ;eword
leolleng ;eword moo ;eword
tselang ;eword ka ;eword moo ;eword
tselang ;eword dintho ;eword tseno ;eword
uaisa ;eword kae ;eword
ere ;eword kebatla ;eword hotswara ;eword wena ;eword
raqeta ;eword kapele ;eword
hela ;eword utlawela ;eword
