tloha ;eword
tloha ;eword
tloha ;eword
uetsa ;eword sediba ;eword
etsa ;eword tjena ;eword
uetse ;eword ntlo ;eword
urulele ;eword
ee ;eword
tsebo ;eword ska ;eword mofa ;eword omongata ;eword haholo ;eword
helang ;eword
ekene ;eword ka ;eword leihlong ;eword
tsebo ;eword ketlaumula ;eword
nna ;eword ha ;eword kena ;eword tadi ;eword
ichu ;eword tsebo ;eword
tsebo ;eword hatoha ;eword mose ;eword ona ;eword waka ;eword
kengwatha ;eword ole ;eword mong ;eword feela ;eword
ntho ;eword ena ;eword e ;eword ngata ;eword ka ;eword mona ;eword
ka ;eword ha ;eword e ;eword ngata ;eword hatoha ;eword tsebo ;eword
uetsa ;eword ntlo ;eword tsebo ;eword
bo ;eword butle ;eword tsebo ;eword
hontsuwa ;eword moya ;eword
tsebo ;eword ere ;eword kengwathe ;eword keabontse ;eword mme ;eword mamello ;eword
hele ;eword kealetsa ;eword
hele ;eword keletsitse ;eword
tsebo ;eword mphe ;eword khaba ;eword
tsebo ;eword ore ;eword ha ;eword aohata ;eword
laka ;eword ke ;eword lena ;eword ka ;eword nqena ;eword
uautlwa ;eword
le ;eword nna ;eword kentsekelebatla ;eword
tsebo ;eword kokonyana ;eword nkong ;eword mona ;eword
untseunthaha ;eword
nna ;eword yaka ;eword keeqetile ;eword tee ;eword yaka ;eword
ke ;eword wena ;eword
tsebo ;eword sheba ;eword
ore ;eword ha ;eword aohata ;eword
uetsang ;eword
e ;eword ntle ;eword bebele ;eword ntlo ;eword ya ;eword tsebo ;eword
ake ;eword ushebe ;eword tsebo ;eword
etsa ;eword hantle ;eword ure ;eword
ee ;eword ukwale ;eword ka ;eword dithupa ;eword
tsebo ;eword honkuwa ;eword senepe ;eword
ke ;eword laka ;eword
e ;eword
tsebo ;eword kebapala ;eword le ;eword wena ;eword
tsebo ;eword ketlaumula ;eword
keahana ;eword
