ee ;eword hle ;eword seke ;eword lahlwa ;eword mona ;eword moo ;eword hohelehang ;eword
ere ;eword kedudise ;eword hlobohang ;eword
tloha ;eword mololo ;eword
tsamaya ;eword uye ;eword thotobolong ;eword
ketlaleshapa ;eword
mololo ;eword ako ;eword ye ;eword thotobolong ;eword
mmtine ;eword
ke ;eword koloi ;eword ya ;eword mang ;eword
ere ;eword mme ;eword
m ;eword ho ;eword mang ;eword
utswa ;eword kae ;eword
tloo ;eword nshebele ;eword
tlisa ;eword kwano ;eword
ntsoaki ;eword hleka ;eword diphahlo ;eword tsanene ;eword diskakena ;eword matjeketjane ;eword
keeketse ;eword
