elahla ;eword
tsebo ;eword
tloo ;eword kwano ;eword
tloha ;eword tsebo ;eword
ha ;eword a ;eword yo ;eword
keilotlola ;eword le ;eword mane ;eword
kepepile ;eword thoto ;eword
kealeboha ;eword
kele ;eword mong ;eword
mme ;eword wa ;eword ntho ;eword empe ;eword ke ;eword mang ;eword
tsebo ;eword tsebo ;eword poone ;eword yahao ;eword e ;eword teng ;eword
ya ;eword neuoe ;eword e ;eword teng ;eword
yaka ;eword e ;eword teng ;eword le ;eword ya ;eword sanku ;eword e ;eword teng ;eword le ;eword ya ;eword
ha ;eword keauthiba ;eword
ketlafofa ;eword
ngwana ;eword
ngwana ;eword o ;eword teng ;eword ka ;eword mane ;eword wena ;eword tsebo ;eword
lekwetse ;eword ka ;eword mokhorong ;eword ka ;eword mola ;eword
tloha ;eword ketswe ;eword
ke ;eword lena ;eword lemao ;eword
tsebo ;eword tloha ;eword
tsebo ;eword tloha ;eword
keaemena ;eword
ke ;eword kobo ;eword ya ;eword ngwana ;eword waka ;eword
kobo ;eword ya ;eword ngwana ;eword waka ;eword e ;eword kae ;eword
eile ;eword kae ;eword
bonang ;eword oile ;eword ha ;eword matela ;eword
tsebo ;eword hatohe ;eword
tsebo ;eword leoto ;eword laka ;eword tsebo ;eword
e ;eword kerekile ;eword ngwana ;eword
ska ;eword hatsela ;eword
tsebo ;eword ure ;eword eng ;eword
ha ;eword a ;eword yo ;eword tsebo ;eword
o ;eword kantle ;eword
tsebo ;eword kobo ;eword ke ;eword eo ;eword
kepatile ;eword ngwana ;eword le ;eword kobo ;eword
kobo ;eword ya ;eword ngwana ;eword waka ;eword e ;eword kae ;eword
kobo ;eword ya ;eword ngwana ;eword waka ;eword e ;eword kae ;eword
ke ;eword ausi ;eword waka ;eword
oipatile ;eword
keuhata ;eword
tswa ;eword
keqala ;eword hofihla ;eword
kemotlama ;eword ka ;eword lelapi ;eword
kemotlamile ;eword ka ;eword lelapi ;eword
e ;eword teng ;eword
unyela ;eword kobo ;eword yaka ;eword ee ;eword
tswa ;eword
ke ;eword ausi ;eword waka ;eword
a ;eword ka ;eword mona ;eword
hoitswe ;eword hotlakhethwa ;eword kapele ;eword
ketetlebanya ;eword fatse ;eword kere ;eword
keafofa ;eword
ha ;eword e ;eword yo ;eword
kobo ;eword ya ;eword ngwana ;eword waka ;eword ke ;eword ena ;eword
ule ;eword kae ;eword
emong ;eword ke ;eword enwa ;eword
oaipata ;eword nna ;eword ngwana ;eword waka ;eword
tlisa ;eword
ke ;eword ena ;eword
kobo ;eword ya ;eword ngwana ;eword waka ;eword e ;eword kae ;eword
kemofile ;eword tsebo ;eword
ke ;eword ausi ;eword waka ;eword enwa ;eword
ka ;eword dikhabeng ;eword
keepatile ;eword ngwana ;eword waka ;eword
retlabesa ;eword dipoone ;eword tsa ;eword rona ;eword tsebo ;eword
lekwetse ;eword le ;eword mang ;eword
kepepa ;eword thoto ;eword
ke ;eword ya ;eword mang ;eword
ngwana ;eword enwa ;eword waka ;eword askabahatsela ;eword
emong ;eword ke ;eword enwa ;eword ngwana ;eword waka ;eword
oiloipata ;eword
ke ;eword ena ;eword kobo ;eword ngwana ;eword waka ;eword engwe ;eword
keepatile ;eword kobo ;eword ngwana ;eword waka ;eword
tsebo ;eword
ngwana ;eword enwa ;eword waka ;eword keamopepa ;eword
ke ;eword tsane ;eword dikobo ;eword tsa ;eword ngwana ;eword waka ;eword
eng ;eword
letswa ;eword lekokong ;eword mona ;eword
tloha ;eword tsebo ;eword
kobo ;eword ya ;eword ngwana ;eword waka ;eword
uepatile ;eword
ke ;eword mang ;eword
o ;eword kae ;eword tsebo ;eword ngwana ;eword waka ;eword
kemorobaditse ;eword
ka ;eword dijaneng ;eword
eng ;eword
e ;eword letswa ;eword lekokong ;eword
e ;eword kae ;eword
kebatla ;eword ngwana ;eword waka ;eword
