nyanya ;eword
ha ;eword ho ;eword thuso ;eword ya ;eword holefa ;eword hoba ;eword ha ;eword aqeta ;eword holefa ;eword letlatsamaya ;eword
etlise ;eword
ujang ;eword
u ;eword kae ;eword le ;eword hokae ;eword lona ;eword
che ;eword ngwana ;eword modimo ;eword kannete ;eword ketlaushapa ;eword ha ;eword bohloko ;eword
eetse ;eword
nka ;eword mahe ;eword ana ;eword a ;eword dikhoho ;eword uaise ;eword kwana ;eword
untseukobakoba ;eword uetsang ;eword ha ;eword keuroma ;eword helang ;eword
nka ;eword sekotlolo ;eword uaabehe ;eword
dikhoho ;eword tsena ;eword dibatla ;eword hofuwa ;eword dintho ;eword tsena ;eword
e ;eword
ae ;eword hana ;eword
lentseleetsang ;eword lekabapala ;eword hantle ;eword
ke ;eword mang ;eword
beha ;eword dieta ;eword tsena ;eword ka ;eword tlung ;eword
ae ;eword mohwelehetsa ;eword neuoe ;eword
nka ;eword tsebo ;eword
kere ;eword umphe ;eword sekotlolo ;eword see ;eword ka ;eword hodimo ;eword seno ;eword seno ;eword
sona ;eword see ;eword uneure ;eword se ;eword metsi ;eword hona ;eword tjee ;eword
ha ;eword hona ;eword bolo ;eword wena ;eword ka ;eword mono ;eword
lemao ;eword le ;eword kae ;eword
tsebo ;eword ontseaetsang ;eword ee ;eword tsebo ;eword
ehlobole ;eword kobo ;eword
seke ;eword lamollisang ;eword helang ;eword
mme ;eword mamello ;eword yena ;eword ha ;eword amofa ;eword pompong ;eword
dipompong ;eword tsona ;eword uadirata ;eword feela ;eword uabaleha ;eword
leneleiloetsang ;eword jwale ;eword
uatseba ;eword hoeqhwaolla ;eword e ;eword
ha ;eword umothuelle ;eword
ja ;eword dipompong ;eword tsena ;eword
ketlauphoqa ;eword
untseuetsang ;eword
ae ;eword skanna ;eword etsa ;eword jwalo ;eword
tsebo ;eword kenekeitse ;eword leye ;eword
alenke ;eword aetse ;eword jwang ;eword
dipompong ;eword tseo ;eword
umotseha ;eword le ;eword eng ;eword
ha ;eword are ;eword letsamaye ;eword ore ;eword ha ;eword letsamaya ;eword otlalefa ;eword
jwale ;eword usa ;eword dieta ;eword
etsa ;eword kapele ;eword utswe ;eword ka ;eword mona ;eword ngwana ;eword enwa ;eword oakena ;eword
uya ;eword kae ;eword jwale ;eword tsebo ;eword
eo ;eword uenkang ;eword kae ;eword
e ;eword
ae ;eword kannete ;eword tsamaya ;eword hobeha ;eword mane ;eword
tloo ;eword mphe ;eword sekotlolo ;eword sena ;eword see ;eword ka ;eword hodimo ;eword sena ;eword
uetsang ;eword
tsamayang ;eword
tsamaya ;eword leye ;eword hodula ;eword mane ;eword
lemao ;eword lahae ;eword le ;eword kae ;eword
tsebo ;eword tsebo ;eword usebetsang ;eword ka ;eword tlung ;eword ka ;eword moo ;eword tsebo ;eword
