mme ;eword masebina ;eword
keare ;eword ntjanyana ;eword ejele ;eword papa ;eword
koskarete ;eword
le ;eword ha ;eword refihla ;eword sekolong ;eword reetsa ;eword thapelo ;eword
ho ;eword uye ;eword hae ;eword
ausi ;eword rapeleng ;eword o ;eword teng ;eword
le ;eword ha ;eword re ;eword
kake ;eword
le ;eword rona ;eword sekolong ;eword sa ;eword rona ;eword hoetswa ;eword thapelo ;eword
thibang ;eword
mme ;eword masebina ;eword ngwana ;eword ena ;eword enwa ;eword oilowa ;eword
ke ;eword vaseline ;eword
tloo ;eword mme ;eword
ausi ;eword masebina ;eword relapile ;eword
ausi ;eword masebina ;eword
hokhutlile ;eword mang ;eword
moro ;eword ontsole ;eword moo ;eword
efe ;eword
tloo ;eword
kentsekeetsa ;eword ka ;eword mathe ;eword
