bona ;eword entsuwe ;eword
hela ;eword wena ;eword
keetse ;eword tjee ;eword
ha ;eword reeme ;eword mane ;eword
ure ;eword efeng ;eword
tsee ;eword
ure ;eword tsee ;eword tsee ;eword
oo ;eword
hlobohang ;eword
dintho ;eword tsena ;eword ke ;eword tsena ;eword tsa ;eword masenke ;eword
ke ;eword tsena ;eword
keetlisitse ;eword
oo ;eword
ure ;eword mme ;eword manyili ;eword
ke ;eword mang ;eword yaletsang ;eword kumbakumba ;eword
eshebe ;eword
le ;eword matieng ;eword kwana ;eword
ureng ;eword hlobohang ;eword
mmm ;eword
hlobohang ;eword eneele ;eword bomang ;eword bautswang ;eword diperekisi ;eword
eya ;eword
le ;eword likhomo ;eword
le ;eword hlobohang ;eword
he ;eword nyeo ;eword hana ;eword ke ;eword mang ;eword
ke ;eword likhomo ;eword
le ;eword hopolang ;eword
le ;eword modise ;eword
haeno ;eword ke ;eword kwa ;eword ha ;eword kweneo ;eword
ha ;eword kweneo ;eword
le ;eword wa ;eword makhwadi ;eword kaofela ;eword le ;eword wahao ;eword
tloo ;eword mona ;eword ha ;eword nna ;eword mona ;eword
pokotho ;eword enngwe ;eword
utenang ;eword
ba ;eword mang ;eword
uboreketswe ;eword ke ;eword mang ;eword
pokotho ;eword ena ;eword uereketswe ;eword ke ;eword mang ;eword
mang ;eword
hana ;eword ke ;eword mme ;eword mang ;eword
aa ;eword hle ;eword
mme ;eword manyili ;eword
usabatla ;eword borikhwe ;eword
hei ;eword
ubatla ;eword borikhwe ;eword
etabohile ;eword
etabohile ;eword
kae ;eword
he ;eword ke ;eword hokae ;eword
e ;eword botabohile ;eword teng ;eword
uatena ;eword
halala ;eword keausiya ;eword
erobehile ;eword
ketlauhula ;eword ka ;eword leoto ;eword feela ;eword
ntate ;eword makhisi ;eword
e ;eword
ntate ;eword hlobohang ;eword
bona ;eword ke ;eword tsena ;eword
qomu ;eword qomu ;eword qomu ;eword
hei ;eword ketsela ;eword peterole ;eword
jwale ;eword keiloetsela ;eword ka ;eword lapeng ;eword ka ;eword tlung ;eword ka ;eword lapeng ;eword peterole ;eword
jowe ;eword ere ;eword keilo ;eword peterole ;eword
ha ;eword reye ;eword
tsepedi ;eword qomu ;eword qomu ;eword qomu ;eword
tswara ;eword he ;eword
otlauloma ;eword
ke ;eword ekholo ;eword
mphe ;eword kebone ;eword ke ;eword efeng ;eword
keuotla ;eword ka ;eword yona ;eword
unchaketse ;eword
utliloetsang ;eword
hothwe ;eword e ;eword
hothwe ;eword utlokadima ;eword moroho ;eword
