binelang ;eword hona ;eword mona ;eword
e ;eword kumbakumba ;eword e ;eword teng ;eword
e ;eword kae ;eword
ache ;eword ee ;eword hle ;eword
uya ;eword kae ;eword jwale ;eword
uya ;eword kae ;eword
kelahla ;eword tholwana ;eword
tsamaya ;eword hoeneha ;eword mme ;eword
hoitswe ;eword leye ;eword hobina ;eword lekokong ;eword mane ;eword tsebo ;eword
retswarele ;eword
skana ;eword yang ;eword ka ;eword mono ;eword tsebo ;eword
uyapalamang ;eword
rekhotse ;eword kannete ;eword
mme ;eword wa ;eword ntho ;eword empe ;eword ke ;eword mang ;eword
e ;eword kae ;eword ntho ;eword empe ;eword
ntho ;eword empe ;eword e ;eword kae ;eword
oo ;eword khwedi ;eword le ;eword beke ;eword
leya ;eword ka ;eword la ;eword bokae ;eword hona ;eword tjee ;eword
hakere ;eword leya ;eword ka ;eword labone ;eword
leya ;eword ka ;eword la ;eword bokae ;eword
leyapalamang ;eword
ee ;eword uetsa ;eword jwang ;eword jwale ;eword
atlohele ;eword
ee ;eword ska ;eword laetsang ;eword jwalo ;eword
tsebo ;eword ake ;eword utswe ;eword mono ;eword
ake ;eword utlohe ;eword
ska ;eword rekhathatsa ;eword
tsamaya ;eword homonka ;eword
tsamaya ;eword ure ;eword aufe ;eword yena ;eword
e ;eword o ;eword kae ;eword
untseuetsang ;eword tsebo ;eword
tsebo ;eword
o ;eword kae ;eword ngwana ;eword
hoetsuwa ;eword jwang ;eword jwale ;eword
tswa ;eword kaofela ;eword
tswang ;eword ka ;eword moo ;eword
e ;eword hle ;eword basadi ;eword hoetswang ;eword jwale ;eword
uafofa ;eword
letswa ;eword le ;eword kae ;eword
le ;eword kae ;eword
oo ;eword
ee ;eword uetsa ;eword jwang ;eword
ee ;eword
e ;eword wena ;eword ska ;eword fofa ;eword wena ;eword
he ;eword wena ;eword tloha ;eword wena ;eword
lefofela ;eword kae ;eword
chee ;eword jwale ;eword dintho ;eword tsa ;eword lona ;eword
utlwa ;eword
ka ;eword kae ;eword
tswang ;eword hei ;eword
tswang ;eword
e ;eword hle ;eword jwale ;eword baatla ;eword ka ;eword ke ;eword eng ;eword
houwa ;eword kae ;eword ha ;eword hofofwa ;eword tjee ;eword
untseuetsang ;eword wena ;eword
ngwana ;eword o ;eword kae ;eword
eo ;eword yona ;eword ke ;eword mang ;eword
e ;eword
atlomorobatse ;eword
butle ;eword
ska ;eword senya ;eword wena ;eword hle ;eword
lekelempinele ;eword hle ;eword
wena ;eword untseuetsang ;eword manyeo ;eword
ere ;eword aufe ;eword yena ;eword
neha ;eword nyeo ;eword kobo ;eword yahae ;eword ya ;eword ngwana ;eword
tswa ;eword le ;eword mona ;eword
matule ;eword oahana ;eword
ke ;eword eng ;eword
eo ;eword ke ;eword mang ;eword
ha ;eword se ;eword wena ;eword ke ;eword yena ;eword
o ;eword kae ;eword
he ;eword wena ;eword
ebafumane ;eword kae ;eword
hofofelwa ;eword kae ;eword
uetsang ;eword nyeo ;eword wena ;eword
ee ;eword mofe ;eword ngwana ;eword wahae ;eword hle ;eword
tsamaya ;eword
mofe ;eword
tswang ;eword ka ;eword mona ;eword lona ;eword
e ;eword
e ;eword mofe ;eword ngwana ;eword wahae ;eword hle ;eword
ntate ;eword lefu ;eword mang ;eword
tswang ;eword ka ;eword moo ;eword
