thabo ;eword ke ;eword bana ;eword basenya ;eword koloi ;eword yahao ;eword
thabo ;eword mmannyeo ;eword sekaqala ;eword ngwana ;eword
ena ;eword
hlapa ;eword uingwathele ;eword
e ;eword
hlapa ;eword uingwathele ;eword
oeme ;eword
uabona ;eword he ;eword
useusheba ;eword kae ;eword jwale ;eword
ha ;eword aatena ;eword
kenekebatla ;eword yane ;eword ya ;eword ausi ;eword mamosili ;eword ena ;eword e ;eword botswa ;eword hampe ;eword
le ;eword lona ;eword terata ;eword ena ;eword leaesokodisa ;eword
e ;eword
nka ;eword he ;eword
uja ;eword dijo ;eword tsee ;eword tsa ;eword ngwana ;eword uakhala ;eword
he ;eword abuti ;eword sello ;eword
nka ;eword
abuti ;eword sello ;eword
skamootla ;eword haholo ;eword
otlalla ;eword
litlhare ;eword o ;eword kae ;eword
ere ;eword keamobitsa ;eword
utlwa ;eword hothwe ;eword ausi ;eword sebina ;eword
o ;eword kae ;eword
oreng ;eword
