neuoe ;eword nka ;eword
skana ;eword laqhwaolla ;eword mona ;eword lona ;eword
ke ;eword mang ;eword
skana ;eword nwa ;eword dintho ;eword tsempe ;eword tseno ;eword wena ;eword
utloaparelang ;eword mmete ;eword
ere ;eword kebone ;eword
ee ;eword ee ;eword monehe ;eword ke ;eword ya ;eword hleso ;eword ntho ;eword eno ;eword
uneukhellwa ;eword ke ;eword mang ;eword metsi ;eword aa ;eword
kae ;eword
ke ;eword mang ;eword yanengare ;eword uakhe ;eword pompong ;eword
uetsang ;eword
neuoe ;eword jwale ;eword uetsang ;eword na ;eword manyeo ;eword
we ;eword neuoe ;eword
monehe ;eword
e ;eword lemojese ;eword
hleso ;eword ketlaushapa ;eword
ese ;eword ubona ;eword ha ;eword kentsekeubapadisa ;eword uhopola ;eword hore ;eword ketlabapala ;eword le ;eword wena ;eword
askawela ;eword manyeo ;eword
beha ;eword mmete ;eword ona ;eword hleso ;eword
efeng ;eword
hleso ;eword sheba ;eword ngwana ;eword
hleso ;eword ke ;eword ya ;eword mang ;eword ntho ;eword eo ;eword
eno ;eword ya ;eword seampiorene ;eword ekang ;eword phala ;eword
nka ;eword wena ;eword hleso ;eword
yona ;eword ee ;eword unenguebehile ;eword moo ;eword
