babe ;eword mafehlefehle ;eword
kere ;eword i ;eword am ;eword jumping ;eword
i ;eword am ;eword jumping ;eword
likwampa ;eword
kephehele ;eword malome ;eword
nna ;eword keiloihlatswa ;eword
nna ;eword keatseba ;eword
moo ;eword
esale ;eword hosasa ;eword
nna ;eword keadula ;eword fatse ;eword
fatse ;eword
kwana ;eword
monate ;eword wa ;eword tsona ;eword
bathabise ;eword batswadi ;eword
kwana ;eword
mafehlefehle ;eword
bana ;eword babe ;eword tjee ;eword
nna ;eword keajima ;eword
m ;eword
abcd ;eword
kebala ;eword nine ;eword
kere ;eword
badumele ;eword horongwa ;eword
tsaka ;eword
nna ;eword kerutwa ;eword ke ;eword nkhono ;eword manini ;eword
motsehare ;eword
nkhono ;eword manini ;eword
le ;eword nna ;eword laka ;eword
baphele ;eword ha ;eword monate ;eword
likwampa ;eword
hosane ;eword
badumele ;eword horongwa ;eword
m ;eword
le ;eword nna ;eword laka ;eword lelebe ;eword
kere ;eword i ;eword am ;eword jumping ;eword
ke ;eword bana ;eword ba ;eword motsehare ;eword
bana ;eword babe ;eword tjee ;eword
nna ;eword keatseba ;eword
ketlamofa ;eword dijo ;eword tsaka ;eword
hela ;eword maelia ;eword
lebitso ;eword lahao ;eword lekhethehe ;eword
umpeurentse ;eword bobeng ;eword
leleng ;eword leleng ;eword
mmuso ;eword wahao ;eword
letsatsi ;eword leleng ;eword
bohobe ;eword ba ;eword rona ;eword
letsatsing ;eword leleng ;eword
thapelo ;eword ya ;eword morena ;eword
mmuso ;eword wahao ;eword otle ;eword
bohobe ;eword
ba ;eword rona ;eword
ya ;eword hao ;eword
le ;eword matla ;eword
eetsuwe ;eword lefatseng ;eword
ntate ;eword wa ;eword rona ;eword mahodimong ;eword
thapelo ;eword ya ;eword morena ;eword
lebitso ;eword lahao ;eword lekhethehe ;eword
thato ;eword yahao ;eword
jwalo ;eword ka ;eword lehodimong ;eword
urefe ;eword kajeno ;eword
ba ;eword letsatsi ;eword leleng ;eword le ;eword leleng ;eword
uretswarele ;eword dibe ;eword tsa ;eword rona ;eword
le ;eword rona ;eword retswarela ;eword
ska ;eword reisa ;eword molekong ;eword
hobane ;eword
mmuso ;eword
le ;eword khanya ;eword
ka ;eword hosa ;eword eng ;eword kae ;eword
amen ;eword
