ketlaushapa ;eword
u ;eword leshano ;eword ha ;eword se ;eword nna ;eword
tloo ;eword kwano ;eword moshanyana ;eword wa ;eword mme ;eword wahae ;eword
hae ;eword wena ;eword uchesetsang ;eword ngwana ;eword eo ;eword wa ;eword heso ;eword
ha ;eword se ;eword khopane ;eword ke ;eword lekhopo ;eword letswileng ;eword tsebo ;eword
obatla ;eword dikausi ;eword tsetsweu ;eword
neuoe ;eword ere ;eword kefete ;eword
nyaonyao ;eword uetsisa ;eword katse ;eword
ke ;eword eng ;eword entsengebina ;eword jwale ;eword
hae ;eword ketlauotla ;eword
namela ;eword mane ;eword neuoe ;eword
dikatse ;eword diungwapile ;eword kae ;eword
dikatse ;eword diungwapile ;eword kae ;eword
ha ;eword ureng ;eword
ha ;eword ure ;eword dinyaonyao ;eword
entseere ;eword nyao ;eword
neuoe ;eword ketlomamela ;eword hamonate ;eword
ketlaushapa ;eword neuoe ;eword uatseba ;eword
ketlaushapa ;eword
u ;eword leshano ;eword
u ;eword leshano ;eword
wena ;eword hleso ;eword katse ;eword eileyashapuwa ;eword haholo ;eword
hleso ;eword sheba ;eword moo ;eword kengwapuweng ;eword
tsenethu ;eword odula ;eword fatse ;eword
nna ;eword ha ;eword keangwapuwa ;eword ke ;eword dikatse ;eword hee ;eword
nna ;eword ha ;eword keangwapuwa ;eword ke ;eword dintho ;eword tseno ;eword
ke ;eword katse ;eword
abuti ;eword hleso ;eword maobane ;eword ona ;eword le ;eword khopane ;eword mona ;eword le ;eword mona ;eword
