ee ;eword mololo ;eword ska ;eword llisa ;eword ngwana ;eword hle ;eword
ska ;eword llisa ;eword ngwana ;eword wena ;eword
thola ;eword autlwe ;eword na ;eword oareng ;eword
oo ;eword ngwaneso ;eword
ee ;eword hle ;eword na ;eword sewete ;eword seo ;eword setlajewa ;eword
oo ;eword mololo ;eword etla ;eword le ;eword dikhohlopo ;eword tsahae ;eword
dulella ;eword kwana ;eword he ;eword mololo ;eword
mololo ;eword mofe ;eword engwe ;eword
khethang ;eword opalame ;eword kombi ;eword le ;eword wena ;eword
thola ;eword le ;eword wena ;eword abue ;eword
tsamaya ;eword hompha ;eword phafa ;eword kantle ;eword mololo ;eword
neha ;eword ngwana ;eword hae ;eword
ele ;eword bomang ;eword
wena ;eword ubua ;eword kapelenyana ;eword
ako ;eword butle ;eword le ;eword wena ;eword mololo ;eword
ee ;eword mololo ;eword ee ;eword
ngwana ;eword ha ;eword asobue ;eword
mololo ;eword uahlodiya ;eword le ;eword ena ;eword
ee ;eword hle ;eword mololo ;eword
thola ;eword
tloela ;eword homorwesa ;eword dikhohlopo ;eword adutse ;eword mollong ;eword hose ;eword moo ;eword oyang ;eword
leya ;eword kae ;eword mololo ;eword
useubuile ;eword tsengata ;eword tsengata ;eword
ee ;eword tlohela ;eword bana ;eword baqoqa ;eword moqoqo ;eword wa ;eword bona ;eword
ake ;eword utloele ;eword bana ;eword
tsa ;eword mang ;eword
dulela ;eword ka ;eword morao ;eword ka ;eword kwana ;eword
keitse ;eword ledulele ;eword kwana ;eword
lebapale ;eword le ;eword ngwana ;eword
kesalephehela ;eword bohobe ;eword
leautlwa ;eword
e ;eword ledule ;eword kwana ;eword
dulang ;eword mane ;eword leyobapala ;eword ka ;eword dikoloi ;eword tsa ;eword lona ;eword
