mme ;eword wahao ;eword
hm ;eword
hoetsa ;eword jwang ;eword
uahana ;eword
skanna ;eword lefasa ;eword maotong ;eword
jwale ;eword ha ;eword unkuwa ;eword ha ;eword ketsebe ;eword hore ;eword na ;eword ure ;eword reuetseng ;eword
keneuoe ;eword
ae ;eword uhata ;eword uya ;eword kae ;eword jwale ;eword
kae ;eword
tlohang ;eword mona ;eword
e ;eword
uya ;eword hae ;eword
motsose ;eword ka ;eword letsoho ;eword
tloo ;eword kwano ;eword
manyeo ;eword na ;eword untseuutlwa ;eword
hela ;eword leatswana ;eword
ke ;eword eng ;eword
tswara ;eword ngwana ;eword ka ;eword morao ;eword wena ;eword
uya ;eword kae ;eword jwale ;eword
wena ;eword ha ;eword uthodise ;eword ngwana ;eword ke ;eword eng ;eword
tsoha ;eword keitse ;eword utlorobala ;eword
ulebehe ;eword mona ;eword setulong ;eword
we ;eword keneuoe ;eword
etlose ;eword mono ;eword
tsamaya ;eword honka ;eword lekhapetla ;eword lane ;eword la ;eword namune ;eword
untseuetsang ;eword na ;eword manyeo ;eword
lebanta ;eword le ;eword kae ;eword
le ;eword kae ;eword lebanta ;eword
hore ;eword hotlobe ;eword jwang ;eword
jwale ;eword untseuetsang ;eword
motsose ;eword
le ;eword kae ;eword
le ;eword kae ;eword lemao ;eword
le ;eword wena ;eword useuja ;eword lekhapetla ;eword na ;eword
e ;eword eana ;eword
ae ;eword khale ;eword kere ;eword udule ;eword ka ;eword dibono ;eword
uetsa ;eword jwang ;eword
hape ;eword
tloo ;eword eke ;eword
skana ;eword iqhwaolla ;eword wena ;eword
ke ;eword eng ;eword
ae ;eword
ha ;eword utsebe ;eword na ;eword ubatlang ;eword athe ;eword uetsang ;eword na ;eword e ;eword
uatsoha ;eword uarobala ;eword
ema ;eword le ;eword wena ;eword ka ;eword mona ;eword
khutlela ;eword lekokong ;eword mane ;eword
ka ;eword mokhorong ;eword
ke ;eword eng ;eword jwale ;eword unkileng ;eword
motsware ;eword ka ;eword morao ;eword
uleentse ;eword jwang ;eword
uletlise ;eword kwano ;eword
ke ;eword yane ;eword
jo ;eword
mothibe ;eword mono ;eword akhutlele ;eword kwana ;eword
e ;eword e ;eword ke ;eword yane ;eword hle ;eword
tsoha ;eword utlorobala ;eword haeba ;eword utswerwe ;eword ke ;eword boroko ;eword mme ;eword manyeo ;eword
rola ;eword dieta ;eword
urobala ;eword urwetse ;eword dieta ;eword ke ;eword eng ;eword
keneuoe ;eword
letswa ;eword kae ;eword
yahao ;eword e ;eword kae ;eword e ;eword keneuoe ;eword
ha ;eword ketsebe ;eword
ao ;eword
uya ;eword kae ;eword
oaubitsa ;eword keneuoe ;eword kwana ;eword
uqhwaela ;eword hantle ;eword ha ;eword hole ;eword jwang ;eword
tloo ;eword ketlouqhwaela ;eword
jwale ;eword untseuetsang ;eword
hore ;eword hotlobe ;eword jwang ;eword
uenkile ;eword ake ;eword pompong ;eword
eauhlola ;eword na ;eword
eauhlola ;eword
e ;eword e ;eword kae ;eword
motlohele ;eword tsamaya ;eword homobitsa ;eword
ulelahlile ;eword lemao ;eword laka ;eword
ae ;eword unkang ;eword
mobitse ;eword
uya ;eword kae ;eword
kwala ;eword monyako ;eword
wena ;eword nkhono ;eword tlisa ;eword lemao ;eword laka ;eword
uneuntseuetsa ;eword jwang ;eword
keneuoe ;eword jwale ;eword lelokoletso ;eword useuleentse ;eword jwang ;eword
e ;eword we ;eword keneuoe ;eword
ha ;eword ufasitse ;eword lebanta ;eword leotong ;eword jwale ;eword uilodula ;eword
uilewaeqeta ;eword neng ;eword basadi ;eword
uja ;eword mathe ;eword a ;eword ngwana ;eword
ujang ;eword
uentse ;eword jwang ;eword
uarobala ;eword uatsoha ;eword jwale ;eword
uabaleha ;eword
ke ;eword eng ;eword jwale ;eword lemoetsang ;eword hei ;eword
ke ;eword dichunkama ;eword
e ;eword monate ;eword
yahao ;eword ke ;eword efe ;eword keneuoe ;eword
neuoe ;eword uya ;eword kae ;eword
e ;eword
mobitse ;eword
e ;eword tsamaya ;eword honka ;eword baselini ;eword yane ;eword
untseuetsa ;eword jwang ;eword
jwale ;eword untseuetsang ;eword
ngwana ;eword eno ;eword otlathula ;eword dintho ;eword
eauhlola ;eword
e ;eword
jwale ;eword ha ;eword usarole ;eword dieta ;eword ke ;eword eng ;eword
hei ;eword utladiha ;eword ngwana ;eword enwa ;eword
ngwana ;eword eno ;eword otlatla ;eword eya ;eword lekokong ;eword kwana ;eword
motsware ;eword ka ;eword letsoho ;eword umotsose ;eword
tlisa ;eword
tlisa ;eword
mokhutlise ;eword kwana ;eword
lesekabapalla ;eword ka ;eword tlung ;eword
ke ;eword chunkama ;eword le ;eword yona ;eword
he ;eword wena ;eword ha ;eword anahouqhwaela ;eword hantle ;eword
khale ;eword kere ;eword udule ;eword fatse ;eword le ;eword wena ;eword
ke ;eword ding ;eword
he ;eword katla ;eword kateneha ;eword jwale ;eword
letlahata ;eword yane ;eword yantsengaituletse ;eword hantle ;eword
jwale ;eword ueisa ;eword kae ;eword haeka ;eword uneueisa ;eword kae ;eword
eng ;eword
leya ;eword kae ;eword kaofela ;eword
ae ;eword ha ;eword houwa ;eword kae ;eword
jwale ;eword ueetsa ;eword jwang ;eword ha ;eword untseuesuha ;eword tjee ;eword
uneuntseuetsang ;eword
tsebo ;eword ore ;eword udibehe ;eword kae ;eword moo ;eword ke ;eword eng ;eword
hela ;eword wena ;eword
nkauotla ;eword le ;eword wena ;eword hona ;eword tjena ;eword
ae ;eword ska ;eword beha ;eword dintho ;eword tseno ;eword
oitse ;eword ubehe ;eword yona ;eword ntho ;eword ee ;eword moo ;eword
le ;eword wena ;eword khale ;eword kere ;eword udule ;eword fatse ;eword mona ;eword
hleso ;eword uatseba ;eword khale ;eword kere ;eword utswe ;eword mono ;eword
tloha ;eword keotle ;eword lehlanya ;eword lena ;eword
hleso ;eword seka ;eword thibela ;eword ngwana ;eword ha ;eword atsamaya ;eword wena ;eword hei ;eword
jwale ;eword unhlodiya ;eword mona ;eword
dintho ;eword tsena ;eword dintsedibakwa ;eword ke ;eword wena ;eword tsena ;eword
ke ;eword chunkama ;eword ntho ;eword ena ;eword ke ;eword eng ;eword
ae ;eword
mm ;eword hei ;eword ngwana ;eword enwa ;eword oaufahla ;eword wena ;eword
honeng ;eword kelekhalemela ;eword moo ;eword jwale ;eword
hleso ;eword hei ;eword wena ;eword dula ;eword fatse ;eword
udinka ;eword kae ;eword dipompong ;eword
mm ;eword
hela ;eword wena ;eword hleso ;eword useufihlile ;eword ka ;eword mokutu ;eword oo ;eword wahao ;eword e ;eword
untsuetsang ;eword hleso ;eword
ke ;eword mang ;eword
ohanne ;eword le ;eword nna ;eword ha ;eword kemonka ;eword
oahana ;eword
osakhenne ;eword hoo ;eword akhenneng ;eword
obatla ;eword mme ;eword wahae ;eword hoo ;eword ammatlang ;eword
ae ;eword ha ;eword asabatla ;eword letho ;eword ho ;eword mang ;eword kapa ;eword mang ;eword
