litlhare ;eword tlisa ;eword
ere ;eword mme ;eword uantiha ;eword
utlobona ;eword
ntsurue ;eword keauthula ;eword
ke ;eword lesotho ;eword national ;eword party ;eword
sefofane ;eword
unkotla ;eword ka ;eword lepei ;eword
litlhare ;eword keuotla ;eword ka ;eword ntho ;eword ena ;eword litlhare ;eword
thiba ;eword
eaqhoma ;eword hodima ;eword tafole ;eword mona ;eword
efela ;eword ha ;eword banahouneha ;eword dibuka ;eword tsa ;eword bona ;eword
ke ;eword ntho ;eword ena ;eword eatheoha ;eword mona ;eword
ena ;eword eabaleha ;eword ke ;eword eo ;eword
keiloelata ;eword
ke ;eword bolo ;eword yaka ;eword yona ;eword litlhare ;eword
bese ;eword ekalo ;eword
ha ;eword se ;eword naledi ;eword
national ;eword
balang ;eword mona ;eword litlhare ;eword
mphe ;eword dibuka ;eword he ;eword keubadise ;eword
ketlauneha ;eword yona ;eword
nkebekauneha ;eword ha ;eword usamphe ;eword buka ;eword
bona ;eword bolo ;eword ekholo ;eword ke ;eword ena ;eword
litlhare ;eword bala ;eword mona ;eword bukeng ;eword
otlaitereka ;eword
litlhare ;eword yena ;eword ohana ;eword ha ;eword kere ;eword ka ;eword hahae ;eword ke ;eword ka ;eword mona ;eword
hakere ;eword ka ;eword moo ;eword ke ;eword ka ;eword haka ;eword
etsa ;eword ka ;eword pelenyana ;eword
tsamaya ;eword he ;eword
pampiri ;eword
unke ;eword pampiri ;eword jwale ;eword
kabekecho ;eword jwalo ;eword
eya ;eword hahao ;eword
hele ;eword ntho ;eword ya ;eword batho ;eword banna ;eword
litlhare ;eword we ;eword
ntlo ;eword ena ;eword e ;eword nyane ;eword ena ;eword
ketsamaya ;eword kekhukhuna ;eword
e ;eword nyane ;eword ntlo ;eword ee ;eword
ketsamaye ;eword
kere ;eword
kenka ;eword ntho ;eword ena ;eword
oneaseaitlhatswitse ;eword
reilobapala ;eword
kere ;eword sekolo ;eword sekene ;eword
tsaka ;eword
litlhare ;eword dibolephene ;eword di ;eword kae ;eword
ukene ;eword ka ;eword haka ;eword litlhare ;eword
litlhare ;eword yena ;eword ha ;eword
litlhare ;eword yena ;eword obapala ;eword hampe ;eword
ha ;eword kesabapala ;eword le ;eword litlhare ;eword
keauthudisa ;eword
hatoha ;eword kobo ;eword yaka ;eword litlhare ;eword
ntho ;eword eo ;eword ke ;eword eng ;eword
dinke ;eword
litlhare ;eword uabona ;eword bolo ;eword e ;eword kholo ;eword
morena ;eword bolo ;eword ekalo ;eword
mese ;eword yaka ;eword keresemese ;eword
m ;eword
etlise ;eword
e ;eword
thula ;eword
oabaleha ;eword
wena ;eword litlhare ;eword ntho ;eword ena ;eword etlauqomela ;eword
mfepe ;eword
maelia ;eword
ere ;eword kere ;eword mme ;eword waka ;eword maelia ;eword
mme ;eword uadiha ;eword
mme ;eword uandihela ;eword
nkadimeng ;eword lemao ;eword keithatolle ;eword
uya ;eword kae ;eword
litlhare ;eword batswetse ;eword ba ;eword tlokweng ;eword ke ;eword bomang ;eword
u ;eword motswetse ;eword wa ;eword tlokweng ;eword litlhare ;eword
litlhare ;eword uetsang ;eword jwale ;eword
uiloetsang ;eword
bona ;eword litlhare ;eword see ;eword sentseseetsang ;eword
litlhare ;eword bona ;eword striving ;eword seabidika ;eword
ke ;eword tseo ;eword
ole ;eword waka ;eword mona ;eword
litlhare ;eword saka ;eword sane ;eword
bona ;eword ntho ;eword entle ;eword esiile ;eword leoto ;eword laka ;eword ke ;eword leo ;eword
ketlounka ;eword
litlhare ;eword ee ;eword
dibaesekele ;eword tloo ;eword uutlwe ;eword
ake ;eword ubone ;eword
khalase ;eword
sefofane ;eword
phetla ;eword mona ;eword
phetla ;eword ka ;eword nqena ;eword
phetla ;eword ka ;eword nqena ;eword
helele ;eword
sefofane ;eword
bese ;eword
ntho ;eword ena ;eword ekare ;eword lesotho ;eword national ;eword
ao ;eword
sefofane ;eword
lesotho ;eword national ;eword party ;eword
ere ;eword bona ;eword ha ;eword uentse ;eword jwalo ;eword ke ;eword bese ;eword
lesotho ;eword national ;eword party ;eword
mane ;eword
mane ;eword
m ;eword
mane ;eword
ditsuonyana ;eword di ;eword kae ;eword
he ;eword bo ;eword mmutla ;eword
ke ;eword oo ;eword
ke ;eword ona ;eword moo ;eword oipatang ;eword
ke ;eword ona ;eword moo ;eword oipatang ;eword
mmutla ;eword ke ;eword ona ;eword
sefofane ;eword seseng ;eword
heke ;eword
ke ;eword tsena ;eword
eseeile ;eword
mong ;eword mona ;eword ke ;eword rhou ;eword
hele ;eword ditau ;eword
ntate ;eword
mme ;eword
abuti ;eword neo ;eword
ditulo ;eword le ;eword bolo ;eword
le ;eword ditenese ;eword
hei ;eword bolo ;eword bolo ;eword
helele ;eword ditswene ;eword dibokane ;eword
hele ;eword bolo ;eword e ;eword kalo ;eword
banna ;eword reefetile ;eword ke ;eword ena ;eword ka ;eword mona ;eword bolo ;eword ekholo ;eword
ke ;eword ena ;eword
bona ;eword enyenyane ;eword ena ;eword
ha ;eword e ;eword yo ;eword ka ;eword mona ;eword
ha ;eword e ;eword yo ;eword etlahlaha ;eword
tlohella ;eword mono ;eword
ka ;eword mona ;eword ekatloha ;eword yaba ;eword e ;eword teng ;eword
tlisa ;eword wena ;eword
bolo ;eword e ;eword teng ;eword mona ;eword
ae ;eword tlohella ;eword
bona ;eword khoho ;eword
bona ;eword khoho ;eword ntho ;eword ena ;eword khoho ;eword
wena ;eword litlhare ;eword tloo ;eword bona ;eword khoho ;eword
ere ;eword litlhare ;eword atlobona ;eword khoho ;eword
nka ;eword u ;eword tamati ;eword
letsa ;eword
it ;eword is ;eword girl ;eword
ke ;eword baby ;eword
ke ;eword baby ;eword
ausi ;eword masebina ;eword hakere ;eword ke ;eword baby ;eword
ke ;eword dibaby ;eword
hei ;eword
ke ;eword baby ;eword
uautlwa ;eword
baesekele ;eword
dintja ;eword dialoma ;eword ntate ;eword
ke ;eword ya ;eword likhapa ;eword ena ;eword
kenehe ;eword likhapa ;eword ee ;eword
keamina ;eword
e ;eword
he ;eword ngwana ;eword oseale ;eword dijong ;eword
uautlwa ;eword keitseng ;eword
ae ;eword
ho ;eword neng ;eword uja ;eword litlhare ;eword
metsi ;eword afedile ;eword mono ;eword e ;eword ya ;eword pompong ;eword kwana ;eword
metsi ;eword afedile ;eword
keubulelang ;eword
thiba ;eword
litlhare ;eword tlisa ;eword ntho ;eword eo ;eword yaka ;eword
ketloumula ;eword
ketlouotla ;eword
tlisa ;eword
tlisa ;eword ntho ;eword yaka ;eword litlhare ;eword
mphe ;eword ebileng ;eword
ha ;eword kenahotheolela ;eword tsane ;eword tsahao ;eword
mphe ;eword ka ;eword mona ;eword ka ;eword mona ;eword ketlauneha ;eword
m ;eword
etlise ;eword
tlisa ;eword helang ;eword
keilobolela ;eword hore ;eword uhana ;eword ka ;eword dintho ;eword tsa ;eword rona ;eword
ebileng ;eword utlashapuwa ;eword
ketlauisa ;eword enteng ;eword
ha ;eword ukaballa ;eword feela ;eword mose ;eword wane ;eword wahao ;eword keoisa ;eword kinini ;eword kampong ;eword
keoisa ;eword khefing ;eword
litlhare ;eword ntho ;eword ena ;eword yaka ;eword eahana ;eword
ethiba ;eword
useuetabotse ;eword hape ;eword
litlhare ;eword thiba ;eword ke ;eword eo ;eword
eachaisa ;eword ka ;eword nqane ;eword ke ;eword eo ;eword
untseuetsang ;eword
etswile ;eword wena ;eword litlhare ;eword
eneeseehana ;eword
litlhare ;eword ke ;eword ena ;eword
thiba ;eword
u ;eword ntho ;eword
litlhare ;eword
litlhare ;eword keabapala ;eword nna ;eword
ke ;eword eo ;eword
e ;eword kae ;eword bolo ;eword ekholo ;eword
wena ;eword litlhare ;eword ketlohlaise ;eword bolo ;eword ekholo ;eword
baesekele ;eword
litlhare ;eword ketloehlaise ;eword wena ;eword
litlhare ;eword bolo ;eword ekholo ;eword
bese ;eword ekalo ;eword
ekare ;eword lesotho ;eword national ;eword
litlhare ;eword tloo ;eword bone ;eword
bona ;eword
ke ;eword eng ;eword ntho ;eword ee ;eword
kebona ;eword
oseaetsetolotse ;eword
wena ;eword litlhare ;eword
tswa ;eword wena ;eword
ntsa ;eword ntho ;eword ena ;eword
ere ;eword ke ;eword
ketlauneha ;eword
ebatle ;eword
litlhare ;eword ongotlile ;eword moseng ;eword waka ;eword
ere ;eword kekene ;eword litlhare ;eword
keuntsetsa ;eword
ketlatla ;eword houneha ;eword yona ;eword
ebatle ;eword
otswa ;eword shopong ;eword
litlhare ;eword onantsare ;eword
keetswere ;eword
kealebona ;eword
ke ;eword lane ;eword
kealebona ;eword
litlhare ;eword ha ;eword aebone ;eword
e ;eword keaebona ;eword
litlhare ;eword yena ;eword ontsare ;eword ke ;eword yahae ;eword
litlhare ;eword bala ;eword
ke ;eword ntate ;eword tichere ;eword
balang ;eword
one ;eword sekese ;eword
eya ;eword ubadile ;eword
mphe ;eword ketlauneha ;eword
nna ;eword ke ;eword ntate ;eword tichere ;eword
le ;eword nna ;eword ke ;eword mme ;eword misi ;eword
mphe ;eword ketlauneha ;eword pensele ;eword
ska ;eword ngola ;eword mona ;eword ha ;eword se ;eword buka ;eword yahao ;eword
pampiri ;eword ke ;eword ena ;eword
nka ;eword pampiri ;eword ke ;eword ena ;eword ngola ;eword
pene ;eword yane ;eword ke ;eword yane ;eword
ha ;eword ongole ;eword dipalo ;eword ungola ;eword ten ;eword to ;eword one ;eword
udingotse ;eword udinepile ;eword
tloo ;eword keutswaye ;eword
tloo ;eword ketloutswaya ;eword
hotswayowa ;eword tjee ;eword
keutswayile ;eword
ere ;eword kebehe ;eword pensele ;eword
utlangola ;eword hosasa ;eword
tla ;eword sekolong ;eword
litlhare ;eword che ;eword yena ;eword ha ;eword atle ;eword ka ;eword sekolong ;eword
jese ;eword entle ;eword hakalo ;eword
ke ;eword ya ;eword mang ;eword jese ;eword ee ;eword
jese ;eword entle ;eword
nna ;eword yaka ;eword e ;eword teng ;eword
jese ;eword etswanang ;eword le ;eword ya ;eword
dieta ;eword tsa ;eword abuti ;eword sello ;eword ke ;eword tsena ;eword
dieta ;eword
ke ;eword kokonyana ;eword
ebalehile ;eword
keatlola ;eword
na ;eword keoetsa ;eword jwang ;eword
ketlookuka ;eword foto ;eword
senepe ;eword sahao ;eword setlahlaha ;eword hosasa ;eword
jwale ;eword keebeha ;eword ka ;eword tlung ;eword
hahao ;eword ke ;eword ka ;eword ntlong ;eword ya ;eword masenke ;eword
le ;eword ka ;eword haka ;eword ka ;eword moo ;eword ke ;eword ka ;eword tlung ;eword ya ;eword masenke ;eword
uqetile ;eword hongola ;eword
dikolo ;eword dikwetswe ;eword
tsamaya ;eword uye ;eword hahao ;eword dikolo ;eword dikwetswe ;eword
eya ;eword
ketlatla ;eword holeshapa ;eword hona ;eword jwale ;eword
ore ;eword wena ;eword oitlhatswe ;eword
yena ;eword oseaqetile ;eword hoitlhatswa ;eword
itlhatswe ;eword ka ;eword letsoho ;eword leleng ;eword
ha ;eword uqetile ;eword
itlhatswe ;eword hlohong ;eword
oqetile ;eword hotena ;eword jwale ;eword
tloo ;eword sekolong ;eword
litlhare ;eword yena ;eword oahana ;eword
sekolo ;eword sephomotse ;eword
tsamaya ;eword hobapala ;eword
tsamaya ;eword hobapala ;eword
utlatla ;eword hophaka ;eword dijo ;eword
wena ;eword ha ;eword otle ;eword ka ;eword sekolong ;eword
tloo ;eword ka ;eword sekolong ;eword
ke ;eword yahao ;eword
sephomotse ;eword
tsamaya ;eword hobapala ;eword
ketlobula ;eword teranka ;eword
litlhare ;eword tlisa ;eword bolephene ;eword
litlhare ;eword hothwe ;eword reskannabapalla ;eword tafoleng ;eword
ha ;eword retlobapalla ;eword mona ;eword
ha ;eword rekene ;eword ka ;eword sekolong ;eword
sekolo ;eword sekene ;eword
otlathulwa ;eword
e ;eword ncha ;eword
di ;eword teng ;eword
litlhare ;eword bare ;eword uilobeha ;eword sekotche ;eword
uatella ;eword
hothwe ;eword letlohe ;eword
likhapa ;eword wena ;eword ha ;eword ubapale ;eword ke ;eword eng ;eword
che ;eword neo ;eword
betsa ;eword dile ;eword pedi ;eword
litlhare ;eword okwetse ;eword
litlhare ;eword ha ;eword rebetse ;eword
litlhare ;eword ha ;eword kebetse ;eword le ;eword wena ;eword
ubapale ;eword mona ;eword
