odutse ;eword mona ;eword
ke ;eword kae ;eword hona ;eword moo ;eword
ha ;eword abue ;eword ngwana ;eword eo ;eword
ha ;eword uutlwe ;eword
seka ;eword bokanang ;eword ka ;eword mona ;eword
lebatlang ;eword ka ;eword moo ;eword ntiea ;eword
nkhono ;eword manini ;eword
ese ;eword betheng ;eword
kake ;eword
mateboho ;eword kake ;eword
nkhono ;eword mang ;eword
mateboho ;eword jwale ;eword unuphoqwa ;eword ke ;eword mang ;eword
mateboho ;eword mose ;eword oo ;eword uetsang ;eword na ;eword
oo ;eword he ;eword wena ;eword urutehile ;eword jwale ;eword
ele ;eword mang ;eword yareng ;eword utle ;eword hae ;eword
mateboho ;eword uetsang ;eword
dulang ;eword fatse ;eword reboneng ;eword
motho ;eword enwa ;eword are ;eword enwa ;eword jwale ;eword obone ;eword uitsola ;eword
