ebehe ;eword feela ;eword
useule ;eword moholo ;eword
hokae ;eword
la ;eword mang ;eword jwale ;eword lebese ;eword
sethonakuweng ;eword thotobolong ;eword
usenkile ;eword kae ;eword
kae ;eword
diise ;eword ka ;eword tlung ;eword feela ;eword
lephunyeha ;eword jwang ;eword na ;eword
le ;eword letle ;eword ha ;eword uleja ;eword lentselele ;eword jwalo ;eword
ahao ;eword a ;eword kae ;eword tsebo ;eword
le ;eword leng ;eword feela ;eword
ka ;eword kae ;eword
keitse ;eword ufe ;eword neuoe ;eword
leleng ;eword hape ;eword leleng ;eword
afedile ;eword
afedile ;eword ka ;eword mona ;eword ka ;eword pokothong ;eword
ke ;eword eng ;eword
uatseba ;eword bana ;eword baratwa ;eword ke ;eword dinta ;eword haholo ;eword
uentse ;eword jwang ;eword moo ;eword
ahlilea ;eword mahlano ;eword
tlosa ;eword thupa ;eword ena ;eword monyako ;eword mona ;eword
ha ;eword uberelle ;eword lemati ;eword lee ;eword motho ;eword wa ;eword modimo ;eword
uakentse ;eword kae ;eword
onteakonopollelang ;eword
mm ;eword konopela ;eword ena ;eword
ekhaotswe ;eword neuoe ;eword
uskabamotsosa ;eword
efeng ;eword
ualeebola ;eword
fa ;eword neuoe ;eword uautlwa ;eword he ;eword
oo ;eword
feela ;eword ha ;eword akaapara ;eword phahlo ;eword eno ;eword yaqeta ;eword beke ;eword ditlaba ;eword teng ;eword
ae ;eword tsebo ;eword dulella ;eword kwana ;eword
beha ;eword thupa ;eword ena ;eword kantle ;eword ka ;eword kwana ;eword
letlaotla ;eword ngwana ;eword lebelemohate ;eword
tloo ;eword
tsebo ;eword hothwe ;eword ushebe ;eword lekotomane ;eword ke ;eword lena ;eword
afedile ;eword jwale ;eword
ketlalefa ;eword makotomane ;eword hle ;eword manyeo ;eword
atseletse ;eword
tloha ;eword mono ;eword wena ;eword
ha ;eword o ;eword mongata ;eword
kannete ;eword usenkile ;eword thotobolong ;eword
kannete ;eword usenkile ;eword thotobolong ;eword eya ;eword bo ;eword
keubone ;eword ha ;eword utla ;eword le ;eword sona ;eword thotobolong ;eword
ee ;eword uskabatsosa ;eword ngwana ;eword
eke ;eword
a ;eword makae ;eword
umofa ;eword lelenyane ;eword hobaneng ;eword
mofe ;eword leleholo ;eword
antseale ;eword mangata ;eword he ;eword
babanyenyane ;eword ha ;eword akaapara ;eword phahlo ;eword beke ;eword kaofela ;eword
empa ;eword untseumohlatswetsa ;eword feela ;eword
ke ;eword ha ;eword ubua ;eword ha ;eword ucho ;eword jwalo ;eword
leselentselele ;eword tjena ;eword
ntsa ;eword ntho ;eword ena ;eword mona ;eword
hae ;eword wena ;eword tsebo ;eword utladiha ;eword ngwana ;eword enwa ;eword
ae ;eword uskamoamoha ;eword
e ;eword haeba ;eword osetisa ;eword ha ;eword o ;eword mongata ;eword
leleng ;eword le ;eword kae ;eword
dinta ;eword hana ;eword ke ;eword eng ;eword na ;eword
ureng ;eword ha ;eword ubuela ;eword ka ;eword teng ;eword
ureng ;eword ha ;eword ubuela ;eword ka ;eword sekotlolong ;eword
hakere ;eword ke ;eword wena ;eword yareng ;eword ubuela ;eword ka ;eword sekotlolong ;eword
ha ;eword ure ;eword bu ;eword bu ;eword bu ;eword kannete ;eword
usenya ;eword lemati ;eword lena ;eword
umonka ;eword jwang ;eword
ha ;eword uaje ;eword ke ;eword eng ;eword
eke ;eword uabona ;eword he ;eword
ketlamofa ;eword he ;eword
untsoleetsang ;eword
e ;eword leaebole ;eword
helang ;eword utlaaja ;eword ha ;eword aja ;eword ahae ;eword
leleng ;eword le ;eword teng ;eword hape ;eword
ae ;eword eseng ;eword tsitsidi ;eword wena ;eword
ketlamofa ;eword ka ;eword tlung ;eword
tloha ;eword
uetsang ;eword tsebo ;eword
uetsa ;eword jwang ;eword jwale ;eword
kae ;eword
thola ;eword monna ;eword
ka ;eword sefubeng ;eword ka ;eword moo ;eword a ;eword makae ;eword
ae ;eword che ;eword ke ;eword wiki ;eword
basadi ;eword tsebo ;eword sekanna ;eword kenya ;eword thupa ;eword enono ;eword wena ;eword
dulella ;eword mane ;eword
e ;eword holokile ;eword
e ;eword hona ;eword mono ;eword setulong ;eword
hobaneng ;eword lona ;eword ha ;eword leikebolele ;eword ke ;eword eng ;eword
a ;eword mahlano ;eword a ;eword makae ;eword
