ae ;eword
ntho ;eword ee ;eword
neuoe ;eword
ahle ;eword neuoe ;eword ha ;eword keatona ;eword mahlo ;eword
eo ;eword e ;eword pela ;eword dinkho ;eword yona ;eword
neuoe ;eword untseuetsang ;eword
nna ;eword ha ;eword kekule ;eword hle ;eword neuoe ;eword
tsa ;eword lona ;eword etlaba ;eword tsena ;eword
kere ;eword ekaba ;eword utlanka ;eword wa ;eword nkhono ;eword neuoe ;eword
useure ;eword ke ;eword yahao ;eword
ke ;eword bolineo ;eword le ;eword lieketseng ;eword
ha ;eword keinketse ;eword ntho ;eword pele ;eword
hleso ;eword tlisa ;eword
hei ;eword wena ;eword hleso ;eword ska ;eword ntsutumetsa ;eword
keeboletse ;eword le ;eword yona ;eword
le ;eword wena ;eword lieketseng ;eword ake ;eword ubehe ;eword kobo ;eword ena ;eword
lineo ;eword
helang ;eword
lineo ;eword ke ;eword wena ;eword
lineo ;eword uakula ;eword hee ;eword
lineo ;eword utswerwe ;eword ke ;eword boroko ;eword
ha ;eword kebona ;eword untseutona ;eword mahlo ;eword tjee ;eword
