dula ;eword hlobohang ;eword
dula ;eword
hwane ;eword
hwane ;eword
ke ;eword eng ;eword
ke ;eword khwedi ;eword
ke ;eword khwedi ;eword
ke ;eword khwedi ;eword
ke ;eword yane ;eword
ha ;eword e ;eword yo ;eword hle ;eword
letsa ;eword kumbakumba ;eword
utlwa ;eword
thola ;eword
ausi ;eword mahlobohang ;eword ontseaubitsa ;eword
hlobohang ;eword
keuotlile ;eword
utlwa ;eword jwale ;eword
ako ;eword tle ;eword le ;eword ntho ;eword
kearoba ;eword leoto ;eword
ere ;eword skanroba ;eword leoto ;eword
kentsitse ;eword dieta ;eword
kedintsitse ;eword dieta ;eword tsahao ;eword
kedintsitse ;eword
he ;eword wena ;eword uanhata ;eword
ketlaupenya ;eword
ketlaupenya ;eword
ketlaupenya ;eword
hlobohang ;eword keausiya ;eword
keutswere ;eword
tlosa ;eword leotonyana ;eword lena ;eword
keletswere ;eword
haeno ;eword matatiel ;eword
uya ;eword kae ;eword
e ;eword
dula ;eword mona ;eword
dula ;eword fatse ;eword
dula ;eword
bona ;eword hlobohang ;eword
bona ;eword keenkile ;eword
bona ;eword hlobohang ;eword
hlobohang ;eword
bonang ;eword poone ;eword
hlobohang ;eword nka ;eword poone ;eword
bonang ;eword poone ;eword ke ;eword ena ;eword
hlobohang ;eword uaebona ;eword wena ;eword
bonang ;eword poone ;eword ke ;eword ena ;eword
bonang ;eword poone ;eword hlobohang ;eword
bona ;eword
hlobohang ;eword bona ;eword ke ;eword enana ;eword
hlobohang ;eword
tloo ;eword bone ;eword poone ;eword
ke ;eword enana ;eword
poone ;eword ke ;eword yane ;eword
poone ;eword ke ;eword ya ;eword mang ;eword
abuti ;eword hlobohang ;eword
tsipa ;eword kwae ;eword
eqhala ;eword kwae ;eword
ke ;eword enwa ;eword hlobohang ;eword
ketlaukhama ;eword
keaukhama ;eword
keutswara ;eword ka ;eword kobo ;eword yane ;eword
keutswara ;eword ka ;eword kobo ;eword yane ;eword
tsamaya ;eword
kearobala ;eword hlobohang ;eword
kerobala ;eword tjena ;eword
ere ;eword kobo ;eword
kobo ;eword
ere ;eword tsimong ;eword
ere ;eword lesuane ;eword
leharaswana ;eword
tlisa ;eword ntho ;eword yane ;eword e ;eword uethotseng ;eword
e ;eword uethotseng ;eword
ke ;eword yane ;eword
ke ;eword yane ;eword moo ;eword atsamayang ;eword teng ;eword
ke ;eword yane ;eword leboteng ;eword
ke ;eword ntho ;eword ela ;eword
mane ;eword leboteng ;eword sekho ;eword ke ;eword sane ;eword
dialoma ;eword
ulahlile ;eword dieta ;eword wena ;eword
ulahlile ;eword dieta ;eword
se ;eword kae ;eword
uselahlile ;eword
aaa ;eword
aaa ;eword
se ;eword kae ;eword seo ;eword
wena ;eword se ;eword kae ;eword
udilahlile ;eword
dieta ;eword
udilahlile ;eword
utlabona ;eword hore ;eword na ;eword dieta ;eword tsahao ;eword di ;eword kae ;eword
bona ;eword
bona ;eword ke ;eword tsena ;eword
e ;eword
ke ;eword modumo ;eword wa ;eword hohama ;eword
keauhama ;eword
keauhama ;eword
bona ;eword
bona ;eword hlobohang ;eword kesesetse ;eword teng ;eword
ha ;eword uatena ;eword ke ;eword eng ;eword
ha ;eword uatena ;eword
robala ;eword
bona ;eword keahama ;eword
ere ;eword ea ;eword
ere ;eword ea ;eword
