dula ;eword kwana ;eword fatse ;eword
uaisa ;eword kae ;eword makapa ;eword
helang ;eword jwale ;eword mme ;eword mamello ;eword leseleqetile ;eword ka ;eword enwa ;eword e ;eword
utlwa ;eword
amopepile ;eword hakale ;eword
ha ;eword ho ;eword monate ;eword
leautlwang ;eword
keutlwa ;eword ure ;eword usetswere ;eword
ha ;eword urate ;eword
ako ;eword bone ;eword mose ;eword oo ;eword
utlatselang ;eword ka ;eword moo ;eword e ;eword
e ;eword dula ;eword fatse ;eword
mojwetse ;eword
tloo ;eword hle ;eword mmanyeo ;eword
uya ;eword kae ;eword jwale ;eword tsebo ;eword
leautlwang ;eword
le ;eword hore ;eword honehole ;eword jwang ;eword kliniking ;eword
honehole ;eword jwang ;eword
ka ;eword koloing ;eword
lentselemoqoqela ;eword jwale ;eword
leutlwa ;eword hole ;eword jwang ;eword
mm ;eword oo ;eword ke ;eword yaka ;eword
usetswere ;eword kapa ;eword seutswere ;eword
ae ;eword jwale ;eword letlamoqoqela ;eword neng ;eword jwale ;eword
tloo ;eword letlodula ;eword mona ;eword
leseleekhile ;eword qhela ;eword
tsebo ;eword ako ;eword kena ;eword utlontsa ;eword ntho ;eword ena ;eword
ka ;eword sekotlolong ;eword ka ;eword mona ;eword
ke ;eword ya ;eword mang ;eword ee ;eword
ha ;eword eentse ;eword jwang ;eword
e ;eword teng ;eword
kenekere ;eword na ;eword uya ;eword kae ;eword
mantlwantlwaneng ;eword
uneubatla ;eword hoya ;eword kae ;eword jwale ;eword
wahao ;eword o ;eword dipokotho ;eword
dula ;eword kwana ;eword fatse ;eword
umojwetse ;eword hore ;eword honehole ;eword jwang ;eword
wena ;eword ha ;eword urwale ;eword dieta ;eword ke ;eword eng ;eword
eya ;eword kwana ;eword
eya ;eword hle ;eword phakisa ;eword etloseba ;eword hle ;eword
otlaunka ;eword foto ;eword untseule ;eword tje ;eword
ujang ;eword
e ;eword umojwetse ;eword
hakere ;eword lekamojwetsa ;eword hore ;eword maobane ;eword kenekeile ;eword kliniking ;eword
ke ;eword mang ;eword yailengalepepa ;eword
ha ;eword leutlwe ;eword hole ;eword monate ;eword
otlaheletsa ;eword
uankile ;eword kae ;eword e ;eword
obatla ;eword hotseba ;eword hore ;eword honehole ;eword jwang ;eword kliniking ;eword
tloha ;eword mona ;eword uacheka ;eword wena ;eword
ae ;eword letlaekha ;eword
katse ;eword tsamaya ;eword kapele ;eword
uafuwe ;eword ke ;eword mang ;eword
sa ;eword mannete ;eword nnete ;eword nnete ;eword
antseakhalehile ;eword
tloo ;eword ketlobona ;eword dieta ;eword tsena ;eword
yane ;eword atlonka ;eword dijana ;eword tsena ;eword
tswara ;eword
e ;eword akaunke ;eword foto ;eword uhlobotse ;eword utsamaya ;eword tje ;eword
kliniking ;eword umojwetsitse ;eword dijo ;eword ha ;eword di ;eword yo ;eword kajeno ;eword lena ;eword kliniking ;eword
mme ;eword ake ;eword ufasolle ;eword
utlwa ;eword
uhlwetse ;eword kae ;eword e ;eword
ke ;eword mahe ;eword
uautlwa ;eword tsebo ;eword
kannete ;eword
uhlwella ;eword kae ;eword jwale ;eword
hakere ;eword ebehuwe ;eword ke ;eword
ubona ;eword jwang ;eword hore ;eword diatswana ;eword
amopepile ;eword adutse ;eword abaaema ;eword ka ;eword ena ;eword
ae ;eword bo ;eword leetsa ;eword jwang ;eword jwale ;eword
leilelamojwetsa ;eword le ;eword hore ;eword ha ;eword kliniking ;eword honehole ;eword jwang ;eword
ska ;eword hlwella ;eword hodimo ;eword hle ;eword manyeo ;eword
ha ;eword unahoheletse ;eword
haeka ;eword uja ;eword dijello ;eword feela ;eword tje ;eword
ae ;eword ha ;eword urate ;eword
seentse ;eword jwang ;eword
e ;eword kae ;eword
beha ;eword seeta ;eword sena ;eword
uilohlwella ;eword kae ;eword na ;eword mmannyeo ;eword
ke ;eword oo ;eword
lona ;eword lenelepalame ;eword koloi ;eword
motselle ;eword tsebo ;eword utlotsebe ;eword hoisa ;eword lebekere ;eword ka ;eword tlung ;eword
le ;eword dikotlolo ;eword tsena ;eword
kere ;eword untse ;eword katse ;eword ka ;eword tlase ;eword bethe ;eword
hee ;eword mme ;eword mamello ;eword ha ;eword anka ;eword camera ;eword keunke ;eword foto ;eword
e ;eword neuoe ;eword oakhohlela ;eword
katse ;eword e ;eword teng ;eword ka ;eword tlasa ;eword bethe ;eword
uasebona ;eword
ake ;eword ubone ;eword
e ;eword teng ;eword
tloo ;eword letlomoqoqela ;eword
uetsang ;eword
senesetabolwa ;eword ke ;eword eng ;eword
basadi ;eword ae ;eword tloo ;eword behe ;eword lebekere ;eword ka ;eword tlung ;eword
tsebo ;eword untseuetsang ;eword
ka ;eword tlasa ;eword bethe ;eword
motselle ;eword utlotsebe ;eword hoisa ;eword lebekere ;eword ka ;eword tlung ;eword
he ;eword he ;eword uolahlela ;eword fatse ;eword
oileabearobala ;eword amopepile ;eword
tsebo ;eword hle ;eword basadi ;eword lere ;eword ha ;eword leamojwetsa ;eword we ;eword
keitse ;eword lenke ;eword dibuka ;eword tsena ;eword
yaretlodisa ;eword mane ;eword lekhalong ;eword
ngwana ;eword eno ;eword ontseaja ;eword ntho ;eword ena ;eword
tsebo ;eword ha ;eword ujwetse ;eword mme ;eword mamello ;eword hore ;eword ha ;eword leafumana ;eword dijo ;eword
uetse ;eword feela ;eword
uetsang ;eword mokotlaneng ;eword ona ;eword wa ;eword batho ;eword
renereile ;eword
ake ;eword ubone ;eword uadiha ;eword basadi ;eword
dipelete ;eword tsa ;eword mang ;eword
eneetsamaya ;eword ka ;eword rona ;eword
