keneuoe ;eword ha ;eword utsebe ;eword hobua ;eword
ha ;eword ubue ;eword ke ;eword eng ;eword
neuoe ;eword umootlelang ;eword
wena ;eword keneuoe ;eword ubatlang ;eword
uatseba ;eword
ke ;eword eng ;eword ha ;eword usabue ;eword tjee ;eword
wena ;eword neuoe ;eword tsenetu ;eword oja ;eword phofo ;eword ele ;eword tala ;eword
neuoe ;eword moamohe ;eword oaeqeta ;eword
kekekekemotlela ;eword le ;eword dintho ;eword tsa ;eword christmas ;eword sehole ;eword sena ;eword sesatsebeng ;eword hobua ;eword
tsenetu ;eword oaekwenya ;eword ele ;eword tala ;eword
mathule ;eword uautswa ;eword hm ;eword
lineo ;eword khanthe ;eword ha ;eword utsebe ;eword hobua ;eword hm ;eword
