uetsang ;eword thabo ;eword
wena ;eword thabo ;eword malehloa ;eword
mafehloase ;eword tloha ;eword
butle ;eword le ;eword wena ;eword manchwathi ;eword
dieta ;eword tsentle ;eword ke ;eword tsena ;eword tsetsweu ;eword
koloi ;eword ke ;eword ena ;eword namane ;eword
ako ;eword thole ;eword wena ;eword ngwana ;eword towe ;eword
uphetholehile ;eword
hae ;eword wena ;eword namane ;eword ake ;eword othole ;eword
hae ;eword wena ;eword namane ;eword hoitswe ;eword usanhlodiya ;eword
uautlwa ;eword
kemotabolele ;eword
motaboleleng ;eword
motloele ;eword mpi ;eword
motaboleleng ;eword mpinane ;eword
motabolele ;eword mpinane ;eword
tlohang ;eword nthati ;eword
le ;eword tsena ;eword
motlohele ;eword
hothwe ;eword remotlohele ;eword ntala ;eword namame ;eword
