ke ;eword eno ;eword ntho ;eword yahao ;eword neuoe ;eword oebuseditse ;eword
uautlwa ;eword
ketlauraha ;eword
etlose ;eword
neuoe ;eword
tloo ;eword neuoe ;eword
neuoe ;eword
neuoe ;eword thola ;eword
utlalla ;eword neuoe ;eword
neuoe ;eword
butle ;eword keupolele ;eword
neuoe ;eword
neuoe ;eword ule ;eword moholo ;eword tjee ;eword useukukwa ;eword
onkotlile ;eword dula ;eword fatse ;eword bo ;eword
neuoe ;eword
nna ;eword ketlaumula ;eword
keaupolela ;eword
tseo ;eword keikeboletseng ;eword
neuoe ;eword utlalla ;eword jwale ;eword
neuoe ;eword uhlola ;eword tsebo ;eword motlohele ;eword
neuoe ;eword u ;eword moholo ;eword skaba ;eword kukwa ;eword
neuoe ;eword ke ;eword tsa ;eword
neuoe ;eword ska ;eword tlelapa ;eword hakanakana ;eword uhlola ;eword tsebo ;eword
nna ;eword ketlautsatsara ;eword
dula ;eword fatse ;eword we ;eword
e ;eword tlosa ;eword ntho ;eword ena ;eword yahao ;eword
uabua ;eword neuoe ;eword
neuoe ;eword
nna ;eword jwale ;eword ha ;eword kesana ;eword tsaka ;eword
utlalla ;eword
neuoe ;eword tloo ;eword
baleha ;eword ketlobapadisa ;eword ngwana ;eword neuoe ;eword
ere ;eword neuoe ;eword keupolele ;eword
keapola ;eword
ketlauraha ;eword
ketlauraha ;eword
ketlaumula ;eword
ketlauotla ;eword
ha ;eword di ;eword yo ;eword
ketlauotla ;eword
