dumela ;eword ausi ;eword
dumela ;eword
ere ;eword eya ;eword mme ;eword
uaphela ;eword mokwena ;eword
uphela ;eword hantle ;eword
moo ;eword hofodile ;eword
ka ;eword moo ;eword
ka ;eword moo ;eword teng ;eword ho ;eword jwang ;eword
ka ;eword moo ;eword teng ;eword hofodile ;eword
ha ;eword hona ;eword moo ;eword oleng ;eword bohloko ;eword
na ;eword mona ;eword ho ;eword bohloko ;eword mona ;eword fodisa ;eword
folisa ;eword mona ;eword ho ;eword bohloko ;eword ho ;eword nna ;eword mona ;eword
keakula ;eword fodisa ;eword
ure ;eword ha ;eword urate ;eword mme ;eword
uamoutlwa ;eword
litlhare ;eword
mphodise ;eword mona ;eword
ure ;eword ha ;eword urate ;eword kannete ;eword
m ;eword
oreng ;eword namane ;eword
litlhare ;eword
mphodise ;eword
uahana ;eword
hobaneng ;eword
uhanelang ;eword litlhare ;eword homphodisa ;eword monwana ;eword oo ;eword
fodisa ;eword
uahana ;eword
