eh ;eword
ukumeletsang ;eword
uetsa ;eword jwang ;eword
uetsang ;eword
na ;eword uaebola ;eword
e ;eword
etlaukubuta ;eword basekomo ;eword ee ;eword
hlohong ;eword mona ;eword
jwale ;eword lona ;eword
nka ;eword makhapetla ;eword
lona ;eword leebolela ;eword ka ;eword hanong ;eword feela ;eword
jwale ;eword lona ;eword ee ;eword
wena ;eword utlilotlanka ;eword dintho ;eword tsena ;eword tsempe ;eword
e ;eword leebolela ;eword hoja ;eword feela ;eword
ha ;eword se ;eword diboko ;eword feela ;eword
wena ;eword uetsang ;eword
haeseeka ;eword leja ;eword ntho ;eword ee ;eword hakakang ;eword
ha ;eword motho ;eword aqetile ;eword hohlafuna ;eword ke ;eword hona ;eword atlaqala ;eword hoebola ;eword
na ;eword wena ;eword uaebola ;eword
