ska ;eword mokhathatsa ;eword motlohele ;eword hle ;eword keneuoe ;eword
tsamaya ;eword horola ;eword dieta ;eword tsena ;eword ka ;eword kwana ;eword ka ;eword tlung ;eword
beha ;eword hona ;eword ka ;eword mono ;eword wena ;eword keneuoe ;eword
tsamaya ;eword hobeha ;eword dieta ;eword tseno ;eword wena ;eword
lekhathetse ;eword tswang ;eword reye ;eword kantle ;eword
tswang ;eword leyeng ;eword kantle ;eword jwale ;eword keabona ;eword lekhathetse ;eword
dula ;eword fatse ;eword hobonahala ;eword hore ;eword ukhathetse ;eword kapa ;eword ha ;eword uakhathala ;eword
helang ;eword onwile ;eword ha ;eword ana ;eword le ;eword mahlo ;eword ke ;eword eng ;eword
ke ;eword ya ;eword mang ;eword jwale ;eword
hleso ;eword etloha ;eword moo ;eword hei ;eword wena ;eword
hleso ;eword untseuetsang ;eword
ako ;eword jeng ;eword kapele ;eword letsebe ;eword hosebetsa ;eword mosebetsi ;eword wa ;eword lona ;eword
oungwapile ;eword neng ;eword jwale ;eword
hleso ;eword ake ;eword utlohele ;eword ho ;eword nna ;eword uqela ;eword
ha ;eword lekhathetse ;eword leeme ;eword letsamaye ;eword
hei ;eword hei ;eword uya ;eword kae ;eword
uaseba ;eword lineo ;eword
a ;eword ketlopepa ;eword ngwana ;eword enwa ;eword
lineo ;eword uetsang ;eword hee ;eword
uaseba ;eword nka ;eword pompong ;eword ke ;eword ena ;eword
tloo ;eword ketloutentsa ;eword
uetsang ;eword uisa ;eword kapele ;eword ka ;eword morao ;eword
o ;eword mobe ;eword ha ;eword a ;eword motle ;eword
u ;eword ntho ;eword entsengella ;eword feela ;eword
le ;eword ha ;eword upepiwe ;eword
ha ;eword ubone ;eword hore ;eword keneuoe ;eword ke ;eword ngwana ;eword
ngwana ;eword emonyane ;eword o ;eword kae ;eword
uetsisa ;eword keneuoe ;eword ele ;eword ngwana ;eword
ha ;eword ketsebe ;eword hore ;eword na ;eword ke ;eword eng ;eword
ae ;eword thola ;eword
hee ;eword
hantle ;eword ubeullelang ;eword jwale ;eword
dulang ;eword hantle ;eword lona ;eword bana ;eword batletsebe ;eword hodula ;eword hantle ;eword
bana ;eword ke ;eword hona ;eword bajang ;eword dijo ;eword tsa ;eword jwale ;eword
hakere ;eword lona ;eword leseledijele ;eword
