ke ;eword mohlang ;eword oo ;eword efe ;eword
seka ;eword etsa ;eword tjena ;eword
ontseasatsebe ;eword hotankisa ;eword
he ;eword basadi ;eword pateriki ;eword
ee ;eword pateriki ;eword
tloo ;eword le ;eword kharafu ;eword yane ;eword
setletse ;eword eng ;eword
seka ;eword molelekisa ;eword
pateriki ;eword beha ;eword ntho ;eword ena ;eword
ska ;eword letabola ;eword lengolo ;eword la ;eword sebina ;eword
e ;eword
kelenkile ;eword feela ;eword mona ;eword lengolo ;eword lena ;eword
ee ;eword ntala ;eword o ;eword kae ;eword
ee ;eword ska ;eword letabola ;eword
kesentse ;eword moqoqo ;eword
ore ;eword na ;eword sekolo ;eword mme ;eword misi ;eword ke ;eword eng ;eword
wena ;eword u ;eword lerata ;eword
una ;eword le ;eword yahao ;eword wena ;eword
tlisa ;eword
pateriki ;eword seka ;eword mollisa ;eword
kena ;eword
nkaseqeta ;eword
ee ;eword utlatswa ;eword kotsi ;eword
pateriki ;eword tloha ;eword
di ;eword kae ;eword
uya ;eword kae ;eword jwale ;eword
pateriki ;eword ee ;eword
pateriki ;eword ha ;eword uhlomphe ;eword ausi ;eword wahao ;eword kannete ;eword
e ;eword
haeba ;eword monna ;eword ya ;eword moholo ;eword ka ;eword wena ;eword
ee ;eword ketlaleshapa ;eword
ee ;eword motlohele ;eword pateriki ;eword
kwalang ;eword he ;eword
keitseng ;eword
utlathulwa ;eword
oile ;eword
uya ;eword lekhaleng ;eword
usekamollisa ;eword
etlise ;eword
ekhutlise ;eword
uskamootla ;eword alle ;eword
he ;eword mehlolo ;eword he ;eword
ache ;eword mosadi ;eword eo ;eword
uiloetsang ;eword
ha ;eword uammona ;eword
kebehile ;eword
uskabaelahla ;eword pateriki ;eword
tlisang ;eword
le ;eword sele ;eword
uneusefuwe ;eword ke ;eword mang ;eword
ao ;eword basadi ;eword pateriki ;eword
oreng ;eword
una ;eword le ;eword yahao ;eword wena ;eword chelete ;eword
helang ;eword
otlalla ;eword
pateriki ;eword na ;eword ha ;eword untseusatsebe ;eword hore ;eword danki ;eword mme ;eword
tlisa ;eword kwano ;eword
pateriki ;eword pateriki ;eword
phakisang ;eword
chelete ;eword
pateriki ;eword ee ;eword ketlautlosa ;eword
