tlisa ;eword kenke ;eword
lahao ;eword ke ;eword lena ;eword wena ;eword
keenkile ;eword mona ;eword
eya ;eword
ka ;eword tlung ;eword ya ;eword masenke ;eword ahlaha ;eword
ekene ;eword ntlo ;eword ya ;eword masenke ;eword
bona ;eword
ebidikisa ;eword jwalo ;eword
ee ;eword ntho ;eword ebidikisang ;eword ntho ;eword nyeo ;eword
utsela ;eword batho ;eword
nna ;eword ha ;eword kebatle ;eword
uababatla ;eword
utlwa ;eword
ntho ;eword ee ;eword ke ;eword lekareche ;eword le ;eword lena ;eword
one ;eword two ;eword three ;eword
bula ;eword mane ;eword
eshwele ;eword koloi ;eword ena ;eword
ebolaile ;eword lekarache ;eword lena ;eword
keyolebeha ;eword
mamina ;eword ke ;eword ana ;eword
ere ;eword keuhlakole ;eword
ihlakole ;eword
e ;eword eotle ;eword
ka ;eword ntho ;eword eo ;eword
ache ;eword hothwe ;eword rona ;eword le ;eword hlobohang ;eword
eya ;eword
tsuba ;eword
hei ;eword wena ;eword etlauchesa ;eword
mphe ;eword he ;eword
mphe ;eword kwae ;eword yaka ;eword
mphe ;eword eo ;eword keiketseditseng ;eword
ke ;eword ya ;eword mang ;eword
ke ;eword yahao ;eword
hlobohang ;eword
kelebehile ;eword
tloo ;eword ketloubontsa ;eword
hlobohang ;eword ke ;eword lena ;eword
hlobohang ;eword tloo ;eword lebone ;eword hore ;eword ke ;eword lena ;eword
kae ;eword
ke ;eword wa ;eword ntate ;eword mang ;eword
wa ;eword ntate ;eword mololo ;eword
uya ;eword kae ;eword
khutla ;eword
pula ;eword eana ;eword
uneuya ;eword kae ;eword
e ;eword
utlare ;eword untsiyile ;eword kae ;eword
kebatla ;eword hona ;eword
uatseba ;eword
eakhetswe ;eword ke ;eword mang ;eword
kenekele ;eword teng ;eword
etlaukhama ;eword ntho ;eword ena ;eword
nna ;eword keaesheba ;eword nna ;eword
earaha ;eword
e ;eword kae ;eword
ubatla ;eword ntho ;eword ena ;eword yahao ;eword
keelahlile ;eword
efihlile ;eword uaebona ;eword
e ;eword
ebile ;eword nna ;eword chee ;eword keaeraha ;eword
oerahile ;eword
ha ;eword di ;eword pedi ;eword
ere ;eword ke ;eword dintho ;eword tsa ;eword lebokose ;eword
wena ;eword uentsitse ;eword
le ;eword ena ;eword keaelokisa ;eword
ke ;eword ena ;eword kumbakumba ;eword
ulentsitse ;eword
hothwe ;eword ke ;eword eng ;eword ntho ;eword ena ;eword
ntho ;eword ena ;eword
ere ;eword ke ;eword ntho ;eword ena ;eword
ntho ;eword ena ;eword
ntho ;eword ena ;eword
sheba ;eword
ure ;eword ketlaushapa ;eword
dintho ;eword tseding ;eword ke ;eword tsena ;eword
ke ;eword yane ;eword
hlobohang ;eword
e ;eword
keujwetse ;eword na ;eword keebetseditse ;eword kae ;eword
keebetseditse ;eword mane ;eword ka ;eword tlung ;eword
hokae ;eword
lemating ;eword
ke ;eword yane ;eword
ke ;eword yane ;eword
u ;eword motenya ;eword
lee ;eword
nna ;eword ketlankela ;eword lena ;eword
ketlaetsa ;eword koloi ;eword ausi ;eword mamello ;eword
ke ;eword ena ;eword
ke ;eword ena ;eword ka ;eword mono ;eword
ke ;eword difoto ;eword
ke ;eword ena ;eword
ke ;eword yane ;eword
eya ;eword
ha ;eword reyobapala ;eword
kapa ;eword ke ;eword kumbakumba ;eword
ke ;eword yona ;eword
kesekeebehile ;eword
nna ;eword kebabone ;eword
ha ;eword keaetswara ;eword
eabaleha ;eword
ke ;eword yane ;eword
hei ;eword ke ;eword ena ;eword
eqometse ;eword mona ;eword ke ;eword eno ;eword
keaeja ;eword engwe ;eword
a ;eword emula ;eword banna ;eword
e ;eword mmotse ;eword lekotikoti ;eword mona ;eword
hlobohang ;eword tloo ;eword hokena ;eword ka ;eword lebokoseng ;eword lena ;eword
ke ;eword yane ;eword
ke ;eword ntlo ;eword ya ;eword masenke ;eword
keentsitse ;eword
hlobohang ;eword di ;eword dipedi ;eword
e ;eword kae ;eword
ke ;eword ena ;eword hlobohang ;eword
e ;eword kae ;eword
keaetlisa ;eword ntlong ;eword ya ;eword masenke ;eword
ke ;eword wena ;eword yaelahlileng ;eword
ka ;eword mola ;eword
ka ;eword kwa ;eword
ke ;eword ena ;eword
ntho ;eword yahao ;eword ke ;eword ena ;eword
ha ;eword e ;eword yo ;eword
ke ;eword ena ;eword he ;eword
eya ;eword
uejele ;eword
uekwentse ;eword
uekwentse ;eword wena ;eword
e ;eword kae ;eword
ka ;eword moo ;eword
e ;eword kae ;eword ke ;eword ee ;eword
masenke ;eword
ke ;eword ena ;eword ka ;eword lemating ;eword
ke ;eword eno ;eword
keubulele ;eword
nna ;eword kere ;eword uelahlile ;eword
mang ;eword
ha ;eword se ;eword nna ;eword ke ;eword wena ;eword
keaebona ;eword
e ;eword kae ;eword
ke ;eword ena ;eword
ke ;eword ena ;eword
ha ;eword eakwala ;eword ka ;eword moo ;eword
ha ;eword hona ;eword moo ;eword otselwang ;eword mona ;eword
nna ;eword kesesitse ;eword kwana ;eword
hele ;eword
e ;eword ebe ;eword kebapala ;eword le ;eword wena ;eword hlobohang ;eword
ketlathiba ;eword mane ;eword
ke ;eword lejwe ;eword eya ;eword
e ;eword
ke ;eword ena ;eword
hei ;eword wena ;eword seka ;eword nketsa ;eword ka ;eword ntho ;eword ee ;eword
untseunkile ;eword yahao ;eword hela ;eword
nna ;eword yaka ;eword e ;eword kae ;eword
nna ;eword yaka ;eword ke ;eword ena ;eword
nna ;eword laka ;eword ke ;eword lane ;eword
ke ;eword ena ;eword yaka ;eword ke ;eword ena ;eword
ha ;eword se ;eword yahao ;eword
e ;eword yaka ;eword ke ;eword ena ;eword
ketloukhama ;eword
ketlouqeta ;eword
hoitswe ;eword lele ;eword babedi ;eword
ntlong ;eword ya ;eword masenke ;eword
ubatla ;eword lahao ;eword
ulefuwe ;eword ke ;eword mang ;eword
ere ;eword ledutse ;eword moo ;eword
ke ;eword lena ;eword
keiponetse ;eword pele ;eword
lepei ;eword lena ;eword
a ;eword hle ;eword
yaka ;eword
le ;eword kae ;eword
ke ;eword lena ;eword
e ;eword leatla ;eword
kelelahlile ;eword
laka ;eword
le ;eword kae ;eword ke ;eword lena ;eword
ufa ;eword ngwana ;eword hei ;eword
nka ;eword lepei ;eword lahao ;eword
etsamaise ;eword kelebone ;eword
sori ;eword
uetsa ;eword mola ;eword ntlong ;eword ya ;eword masenke ;eword
erotse ;eword
etlabaleha ;eword
le ;eword hokae ;eword
lediketse ;eword mane ;eword
dula ;eword kwana ;eword
kentsekenkile ;eword
ere ;eword yaethatelang ;eword ngwana ;eword
kealemula ;eword
ke ;eword nna ;eword
kenka ;eword lepei ;eword la ;eword mang ;eword
ha ;eword se ;eword moo ;eword
e ;eword ka ;eword nqane ;eword
uadibatla ;eword
le ;eword lesweu ;eword
tloo ;eword
kenkile ;eword lepei ;eword
moneha ;eword he ;eword
eakhele ;eword
eakhele ;eword hlobohang ;eword
ketlaekapa ;eword
e ;eword ha ;eword eakhele ;eword
ketlalekapa ;eword
keakhela ;eword
di ;eword dipedi ;eword
keapotlotsa ;eword
