ke ;eword eng ;eword kenekere ;eword kaba ;eword ke ;eword keneuoe ;eword
neuoe ;eword ere ;eword rakhadi ;eword aufe ;eword
tsila ;eword ntso ;eword
kengolla ;eword khaitsedi ;eword yaka ;eword
yaka ;eword e ;eword kholo ;eword le ;eword ya ;eword neuoe ;eword
ketlare ;eword neuoe ;eword ausi ;eword mantso ;eword oneahlahola ;eword hare ;eword ka ;eword masimong ;eword
oqetile ;eword dikhwedi ;eword tsekana ;eword
neuoe ;eword ere ;eword kebone ;eword majwe ;eword ahao ;eword
ae ;eword eseng ;eword letswai ;eword lekotikoti ;eword laka ;eword leneletsetsa ;eword dibiri ;eword
ake ;eword untselle ;eword ngwanana ;eword
yaka ;eword e ;eword kholo ;eword le ;eword ya ;eword neuoe ;eword e ;eword kholo ;eword
hm ;eword
ha ;eword ungolle ;eword tsebo ;eword ke ;eword eng ;eword
neuoe ;eword wena ;eword ha ;eword udiqete ;eword
neuoe ;eword
wena ;eword keneuoe ;eword ubapala ;eword ka ;eword dieta ;eword
helang ;eword neuoe ;eword ketlauotla ;eword jwale ;eword
hleso ;eword hoitswe ;eword resekabina ;eword
hakere ;eword ke ;eword bohleso ;eword
ache ;eword ya ;eword sephara ;eword eo ;eword le ;eword ena ;eword
mme ;eword oaubitsa ;eword
letswai ;eword laka ;eword lenelele ;eword ka ;eword tlung ;eword e ;eword ka ;eword tlase ;eword
hleso ;eword hakere ;eword mme ;eword o ;eword seketeng ;eword
hleso ;eword tsamaya ;eword uye ;eword sekeketeng ;eword
u ;eword leshano ;eword ha ;eword renahocha ;eword
rakhadi ;eword moroa ;eword otlafa ;eword nna ;eword
untlele ;eword hleso ;eword metsi ;eword
uneuntseuphakelang ;eword hona ;eword tsahao ;eword
tsebo ;eword ontseatsela ;eword mobu ;eword
keahana ;eword
hleso ;eword
nna ;eword keja ;eword ka ;eword khaba ;eword ya ;eword tsenethu ;eword etswanang ;eword le ;eword ya ;eword ausi ;eword ntseliseng ;eword
nkathaba ;eword haholo ;eword
ha ;eword ekathetsa ;eword marung ;eword
tsamaya ;eword uise ;eword sekotlolo ;eword ka ;eword tlung ;eword
yaka ;eword e ;eword kholo ;eword
tsamaya ;eword lieketseng ;eword
lieketseng ;eword uabitswa ;eword ke ;eword mme ;eword mapitso ;eword
lieketseng ;eword kere ;eword umphelehetse ;eword reye ;eword khohlwaneng ;eword
lieketseng ;eword kengolla ;eword moroa ;eword
rakhadi ;eword moroa ;eword ketlauchakela ;eword le ;eword mme ;eword mamello ;eword
ha ;eword reyeng ;eword
moroa ;eword u ;eword nko ;eword entso ;eword
hoitswe ;eword bakhathetseng ;eword batlohe ;eword
moroa ;eword uabitswa ;eword
uaithatelang ;eword
uahlodiya ;eword wena ;eword moroa ;eword
kere ;eword lona ;eword leye ;eword hobitsa ;eword botsebo ;eword
tsamaya ;eword bitsang ;eword botsebo ;eword
moroa ;eword tloha ;eword moo ;eword ngwana ;eword anengadutse ;eword
tloha ;eword lerakong ;eword moroa ;eword
moroa ;eword tsamayang ;eword hobane ;eword nna ;eword kesetse ;eword le ;eword ngwana ;eword
uaithatelang ;eword sebono ;eword sa ;eword mohlafunya ;eword
moroa ;eword nkeleng ;eword molakalading ;eword
bitsang ;eword botsebo ;eword
hela ;eword moroa ;eword hoitswe ;eword letletsamaye ;eword ha ;eword lekhathetse ;eword uautlwa ;eword
tsamaya ;eword hobitsa ;eword
lineo ;eword ketlatla ;eword keipatlela ;eword dintho ;eword tsentle ;eword moreneng ;eword
lineo ;eword ha ;eword utsebe ;eword tsila ;eword ntso ;eword
ka ;eword mona ;eword ha ;eword ho ;eword bohloko ;eword
ausi ;eword ntseliseng ;eword untseuhana ;eword ha ;eword kere ;eword meno ;eword a ;eword moroa ;eword abodile ;eword
uabone ;eword
ausi ;eword ntseliseng ;eword hakere ;eword meno ;eword a ;eword moroa ;eword abodile ;eword
lona ;eword le ;eword bomang ;eword
keahana ;eword
hleso ;eword oneakula ;eword
ausi ;eword ntseliseng ;eword hoja ;eword uneudule ;eword ka ;eword moo ;eword uneuleka ;eword hoo ;eword
nna ;eword ha ;eword re ;eword sephara ;eword
lona ;eword le ;eword bomang ;eword
ausi ;eword ntseliseng ;eword tsamaya ;eword hobolela ;eword hore ;eword lieketseng ;eword onwele ;eword metsi ;eword ha ;eword aqeta ;eword ohana ;eword hoisa ;eword sekotlolo ;eword ka ;eword tlung ;eword
