amphe ;eword
abeailomatha ;eword
moya ;eword o ;eword mo ;eword
nna ;eword ha ;eword ke ;eword thaka ;eword wahao ;eword
ke ;eword ntho ;eword ee ;eword mona ;eword engolang ;eword dipalo ;eword dipereng ;eword
ke ;eword teri ;eword ntho ;eword ena ;eword
uahauha ;eword
keakholwa ;eword namune ;eword efedile ;eword
e ;eword
ebile ;eword ha ;eword kedifapanye ;eword wena ;eword
ha ;eword se ;eword mapeleng ;eword mono ;eword
mapeding ;eword ke ;eword kwana ;eword
mapeding ;eword ke ;eword kwana ;eword
bula ;eword wena ;eword
a ;eword tloha ;eword
u ;eword mashano ;eword
u ;eword mashano ;eword
yaba ;eword ore ;eword
loma ;eword
eababa ;eword
ntate ;eword michael ;eword ke ;eword enwa ;eword
bona ;eword moo ;eword untswetseng ;eword
e ;eword kefile ;eword matsatsi ;eword aleshome ;eword
yaka ;eword e ;eword kholo ;eword
uatseba ;eword
utlojwentsa ;eword mme ;eword hore ;eword uebotse ;eword
uautlwa ;eword
m ;eword
kanthe ;eword ke ;eword encha ;eword
kanthe ;eword ntho ;eword ena ;eword e ;eword ntle ;eword
kanthe ;eword ntho ;eword ena ;eword e ;eword monate ;eword
akhela ;eword makhapetla ;eword
orwetse ;eword dieta ;eword
ke ;eword dikoko ;eword
m ;eword
sheba ;eword yaka ;eword
enang ;eword le ;eword mohwele ;eword
utlaja ;eword makhapetla ;eword ao ;eword ababang ;eword
nna ;eword ke ;eword ana ;eword moo ;eword keaoletseng ;eword
utlaja ;eword dintho ;eword tseo ;eword tsebabang ;eword
diababa ;eword dintho ;eword tseo ;eword
ababa ;eword
e ;eword
a ;eword wena ;eword ubolaya ;eword nonyana ;eword
retlabolaya ;eword mabodi ;eword
m ;eword
nna ;eword keqetile ;eword kaofela ;eword feela ;eword
m ;eword
utlababa ;eword
utlababelwa ;eword ubeuutlwe ;eword
eababa ;eword
loma ;eword mona ;eword
mm ;eword eababa ;eword
uja ;eword namune ;eword kaofela ;eword
utlakhangwa ;eword
baba ;eword
seka ;eword ntsa ;eword namune ;eword ka ;eword hare ;eword
seka ;eword ntsa ;eword namune ;eword ka ;eword hanong ;eword
etlaukhama ;eword wena ;eword
utlakhangwa ;eword
e ;eword
enke ;eword ke ;eword eno ;eword
nka ;eword ke ;eword yane ;eword
e ;eword moya ;eword o ;eword mongata ;eword mona ;eword
m ;eword
nna ;eword keaebola ;eword
oababa ;eword
oaubabela ;eword
etlaubabela ;eword
eababa ;eword ntho ;eword ena ;eword
hela ;eword tlohela ;eword
ubatla ;eword makhapetla ;eword heno ;eword moo ;eword
helek ;eword keutlwile ;eword bohloko ;eword
echaba ;eword khwedi ;eword
echaba ;eword
echaba ;eword khwedi ;eword
echaba ;eword khwedi ;eword
echaba ;eword fesetereng ;eword
echaba ;eword mona ;eword le ;eword mane ;eword kwana ;eword
echaba ;eword mona ;eword le ;eword mane ;eword
m ;eword
eya ;eword litlhare ;eword le ;eword mane ;eword lemating ;eword
hodima ;eword lemati ;eword eachaba ;eword
eachaba ;eword
nyeo ;eword seka ;eword mpuisa ;eword jwalo ;eword
seka ;eword bua ;eword jwalo ;eword
ke ;eword sena ;eword sejwalo ;eword sekupo ;eword
se ;eword jwalo ;eword sekupu ;eword see ;eword
oo ;eword ke ;eword plastiki ;eword ntho ;eword ee ;eword
ke ;eword eng ;eword ee ;eword
litlhare ;eword
hela ;eword wena ;eword litlhare ;eword litlhare ;eword litlhare ;eword
litlhare ;eword
litlhare ;eword enwa ;eword
litlhare ;eword bona ;eword
etlauchesa ;eword ntho ;eword ena ;eword
etlauchesa ;eword
bona ;eword
e ;eword litlhare ;eword
ke ;eword palo ;eword efe ;eword teri ;eword
ke ;eword ngwana ;eword wahao ;eword
banna ;eword nna ;eword ha ;eword ke ;eword ngwana ;eword wahao ;eword
uatseba ;eword
ha ;eword eaphungwa ;eword
ha ;eword aefuwa ;eword
oerekile ;eword
ee ;eword
hela ;eword retloqala ;eword hoebona ;eword
ke ;eword ena ;eword ekare ;eword encha ;eword
ekare ;eword encha ;eword
ekare ;eword encha ;eword ena ;eword
ke ;eword moriana ;eword
ke ;eword moriana ;eword ha ;eword se ;eword botlolo ;eword ntho ;eword ee ;eword
mphe ;eword
ja ;eword bo ;eword ngwaneso ;eword
ja ;eword
jaa ;eword
utlwa ;eword ekare ;eword kampong ;eword
entseere ;eword bubububu ;eword
rola ;eword ntho ;eword ena ;eword
kesalerolela ;eword dieta ;eword tsena ;eword
ebileng ;eword dinonyetsa ;eword maoto ;eword
dieta ;eword tsee ;eword dinonyetsa ;eword
dinonyetsa ;eword maoto ;eword tsena ;eword dieta ;eword tsene ;eword
dieta ;eword tsena ;eword dianonyetsa ;eword
dianonyetsa ;eword
e ;eword
mme ;eword masebina ;eword o ;eword kae ;eword
nna ;eword keammona ;eword ke ;eword enwa ;eword
ke ;eword enwa ;eword
ke ;eword enwa ;eword mme ;eword masebina ;eword
tsamaya ;eword
ntate ;eword michael ;eword ke ;eword enwa ;eword
ee ;eword hle ;eword ntate ;eword michael ;eword ke ;eword eo ;eword
ha ;eword se ;eword ntate ;eword michael ;eword ke ;eword ntate ;eword bright ;eword
leleng ;eword feela ;eword ke ;eword ntate ;eword michael ;eword
ntate ;eword bright ;eword bo ;eword
wena ;eword ha ;eword kere ;eword ntate ;eword bright ;eword wena ;eword utlare ;eword khait ;eword
utlare ;eword bright ;eword
ha ;eword kere ;eword bright ;eword
e ;eword
lekwenya ;eword
hele ;eword le ;eword monate ;eword
lena ;eword kelebeha ;eword mona ;eword
ketlaleja ;eword
mphe ;eword
mphe ;eword lekwenya ;eword
mpe ;eword
he ;eword mphe ;eword ntho ;eword ee ;eword
wa ;eword bo ;eword
litlhare ;eword ho ;eword jwang ;eword
m ;eword
hoitswe ;eword maobane ;eword asekabaya ;eword
oo ;eword
ke ;eword mistrese ;eword
hona ;eword jwale ;eword jwale ;eword
ure ;eword namune ;eword e ;eword monate ;eword
ntho ;eword ena ;eword eralotsang ;eword ee ;eword
uabona ;eword he ;eword eetsang ;eword ntho ;eword ee ;eword
athola ;eword kantle ;eword ka ;eword moo ;eword
uqhala ;eword haufinyane ;eword
keabula ;eword
ebile ;eword ha ;eword ntate ;eword koma ;eword a ;eword mangata ;eword
litlhare ;eword uahlaha ;eword ha ;eword ubona ;eword keqetile ;eword makhapetla ;eword
ubona ;eword keqetile ;eword makhapetla ;eword moo ;eword
ke ;eword ane ;eword litlhare ;eword makhapetla ;eword
anke ;eword ke ;eword ane ;eword mono ;eword ka ;eword morao ;eword
ke ;eword ane ;eword morao ;eword
utlabeufiela ;eword wena ;eword
utlabeufiela ;eword
utlabeumphiella ;eword wena ;eword
eja ;eword mphe ;eword ketlaumula ;eword
ketlaumula ;eword
ketlaumula ;eword
ketlauraha ;eword
thotobolong ;eword umoraha ;eword ke ;eword eng ;eword
ure ;eword morara ;eword
keaumula ;eword u ;eword morara ;eword
morara ;eword o ;eword jwang ;eword
ketlaumula ;eword nna ;eword
ure ;eword morara ;eword omonyenyane ;eword o ;eword jwang ;eword
ngwana ;eword enwa ;eword ketlamomula ;eword
ke ;eword moqhaka ;eword ntho ;eword ena ;eword
ha ;eword ke ;eword moqhaka ;eword nna ;eword
ketlaumula ;eword
ketlaumula ;eword uantlwaela ;eword
u ;eword moqhaka ;eword keaubona ;eword
ketlauraha ;eword
keabona ;eword u ;eword moqhaka ;eword
usale ;eword mafing ;eword ha ;eword eqeta ;eword
keakholwa ;eword
tentenki ;eword yena ;eword
ntate ;eword makapukapu ;eword ore ;eword u ;eword tentenki ;eword
kerwala ;eword dieta ;eword wena ;eword
kentsekerwala ;eword dieta ;eword wena ;eword
ketlauraha ;eword ka ;eword ditenta ;eword tsena ;eword
ketlamoraha ;eword ngwana ;eword enwa ;eword
tsamaya ;eword kebutse ;eword
tloo ;eword mphe ;eword rekere ;eword
litlhare ;eword tloo ;eword nkadime ;eword rekere ;eword
ere ;eword ketlobona ;eword
ere ;eword ketlobona ;eword rekere ;eword
ere ;eword kebone ;eword
ke ;eword yaka ;eword
ke ;eword yaka ;eword etelele ;eword
yaka ;eword
bona ;eword yaka ;eword
keentse ;eword koloi ;eword
keakhanna ;eword
bona ;eword yaka ;eword entseeetsang ;eword
bona ;eword yaka ;eword
uelahlelang ;eword
ekhaowa ;eword
e ;eword monate ;eword ntho ;eword ena ;eword
ha ;eword se ;eword tuku ;eword ke ;eword rekere ;eword
keiloetsa ;eword kuku ;eword ena ;eword
keetsa ;eword kuku ;eword yane ;eword e ;eword ka ;eword hodimo ;eword
ha ;eword e ;eword yo ;eword
utlautlwa ;eword ha ;eword euotla ;eword mona ;eword
mphe ;eword yaka ;eword
sheba ;eword yaka ;eword e ;eword kholo ;eword
ke ;eword ena ;eword yaka ;eword ekholo ;eword ke ;eword ena ;eword
eya ;eword eakhaoha ;eword
yaka ;eword e ;eword kae ;eword
ke ;eword ena ;eword mona ;eword yaka ;eword
nna ;eword keatlohela ;eword
e ;eword kae ;eword
e ;eword kae ;eword hela ;eword
na ;eword e ;eword kae ;eword
yahao ;eword e ;eword kae ;eword nkhono ;eword
bona ;eword yaka ;eword
eawa ;eword hodima ;eword bethe ;eword
e ;eword ke ;eword ena ;eword eawela ;eword
sheba ;eword yaka ;eword nna ;eword
yaka ;eword e ;eword kae ;eword
yaka ;eword ke ;eword eo ;eword he ;eword
kenyepela ;eword hodimo ;eword
ntlohele ;eword kejewa ;eword ke ;eword sefuba ;eword
he ;eword litlhare ;eword ke ;eword thaka ;eword wahao ;eword
uabona ;eword ntho ;eword ee ;eword ke ;eword khaba ;eword ee ;eword
ketlainkela ;eword makhapetla ;eword ana ;eword keaje ;eword
ha ;eword monate ;eword makhapetla ;eword
ketlatla ;eword hoinkela ;eword ana ;eword
kedutse ;eword
ha ;eword uampone ;eword kedutse ;eword
kedutse ;eword
wena ;eword monna ;eword waka ;eword
he ;eword litlhare ;eword uetsang ;eword
matebeleng ;eword ke ;eword kwana ;eword
ke ;eword kwana ;eword matebeleng ;eword
mapeding ;eword ke ;eword kwana ;eword
mapeleng ;eword ke ;eword kwana ;eword
hela ;eword ha ;eword ubona ;eword
ha ;eword ebue ;eword
eabobola ;eword
eabobola ;eword
utlautlwa ;eword popopo ;eword
hlakola ;eword ntho ;eword ena ;eword
e ;eword hlakole ;eword ntho ;eword ena ;eword
epepe ;eword
utlapolopoqo ;eword
ketlaure ;eword fa ;eword kapa ;eword keure ;eword pho ;eword
u ;eword ngwana ;eword mang ;eword wena ;eword
ha ;eword una ;eword hofotsek ;eword
ketlaumula ;eword
nna ;eword ketlatla ;eword houotla ;eword
u ;eword sele ;eword
ketlaumula ;eword
thipa ;eword eno ;eword
mphe ;eword thipa ;eword eno ;eword
thipa ;eword ena ;eword
aa ;eword
namune ;eword eo ;eword yaka ;eword
yaka ;eword ke ;eword ee ;eword
bona ;eword yaka ;eword namune ;eword yaka ;eword
namune ;eword yaka ;eword e ;eword tala ;eword
e ;eword mpe ;eword
ketlaumula ;eword morohong ;eword mona ;eword
bala ;eword
ha ;eword utsebe ;eword hobula ;eword jwale ;eword
ke ;eword lena ;eword
nna ;eword ketlaumula ;eword
litlhare ;eword nna ;eword ntlele ;eword
lemati ;eword feela ;eword
utswela ;eword ntate ;eword
e ;eword
ha ;eword hona ;eword mme ;eword matsofane ;eword moo ;eword
ebata ;eword mang ;eword
a ;eword bona ;eword ausi ;eword masebina ;eword
hobane ;eword mme ;eword matsofane ;eword ke ;eword enwa ;eword
ke ;eword eo ;eword
ke ;eword yena ;eword
ha ;eword se ;eword yena ;eword
ha ;eword se ;eword yena ;eword
u ;eword leshano ;eword
ketlaupshatla ;eword
tswa ;eword
ketlaumula ;eword
udutse ;eword hodima ;eword tafole ;eword
hodima ;eword tafole ;eword
ee ;eword hata ;eword
theoha ;eword mona ;eword
uhatile ;eword ngwana ;eword enwa ;eword
polopoqo ;eword
ketlaudiela ;eword mona ;eword
uautlwa ;eword
uantihela ;eword
ntheole ;eword
utlantseba ;eword
lekhale ;eword nna ;eword lekhale ;eword
ukankuka ;eword wena ;eword
ukekewankuka ;eword
utlaroba ;eword setulo ;eword
uetsang ;eword
e ;eword
bo ;eword litlhare ;eword
tloo ;eword thonake ;eword ntho ;eword ena ;eword yahao ;eword mona ;eword
nna ;eword ketloinkela ;eword pampiri ;eword
ke ;eword yaka ;eword pampiri ;eword eno ;eword
ke ;eword yaka ;eword
ke ;eword yaka ;eword
ke ;eword yaka ;eword
oo ;eword
ke ;eword yaka ;eword ena ;eword
e ;eword ka ;eword sesepa ;eword
nka ;eword sesepa ;eword
mphe ;eword pampiri ;eword
otlauhlatswa ;eword
eke ;eword
ntho ;eword eotileng ;eword ee ;eword
salang ;eword
litlhare ;eword usakentse ;eword plastiki ;eword ya ;eword
