ha ;eword reye ;eword thabang ;eword litlhare ;eword
litlhare ;eword baleha ;eword
mootle ;eword
tri ;eword
four ;eword
a ;eword
eakhele ;eword
litlhare ;eword bolo ;eword elahlile ;eword
ke ;eword ena ;eword
ha ;eword hona ;eword ache ;eword mona ;eword
ema ;eword ketloukapisa ;eword
mashupushopu ;eword ke ;eword eng ;eword
uneunkotla ;eword ha ;eword bohloko ;eword
che ;eword unkapisa ;eword hantle ;eword litlhare ;eword
butle ;eword reebeha ;eword mona ;eword
ema ;eword keukapise ;eword
he ;eword litlhare ;eword uaqhobotsa ;eword
nkapise ;eword
bona ;eword litlhare ;eword
ke ;eword yahao ;eword
keta ;eword keta ;eword pele ;eword ketlaumula ;eword
le ;eword mese ;eword emengata ;eword
le ;eword mese ;eword emengata ;eword
eya ;eword ka ;eword terankeng ;eword
ere ;eword ka ;eword terankeng ;eword
haka ;eword
tloo ;eword keubontse ;eword na ;eword di ;eword kae ;eword
litlhare ;eword ke ;eword eng ;eword
ke ;eword khofu ;eword
eshebe ;eword bona ;eword bona ;eword bona ;eword
uabona ;eword ephahamisitse ;eword
tlohela ;eword
ee ;eword tswara ;eword ena ;eword
ee ;eword tlohela ;eword ena ;eword tswara ;eword ena ;eword
emule ;eword
uebona ;eword eahlaha ;eword
bona ;eword eawela ;eword
bona ;eword eawela ;eword
uabona ;eword ewetse ;eword
bona ;eword keaetsela ;eword he ;eword
keepalamise ;eword
e ;eword butle ;eword litlhare ;eword
litlhare ;eword mme ;eword machaka ;eword
e ;eword
ketlaelefa ;eword sente ;eword yahao ;eword
e ;eword kae ;eword
ebatle ;eword
ha ;eword keebone ;eword
e ;eword butle ;eword
hothwe ;eword
hei ;eword litlhare ;eword rona ;eword renkile ;eword mona ;eword
ke ;eword ena ;eword
litlhare ;eword ha ;eword rebineng ;eword basadi ;eword
litlhare ;eword tloo ;eword nke ;eword etala ;eword
bangolang ;eword
litlhare ;eword olebata ;eword
ukhadile ;eword
tsamaya ;eword uye ;eword kwadisa ;eword wena ;eword litlhare ;eword
hakere ;eword maobane ;eword reileraja ;eword diapole ;eword
reseretlatsamaya ;eword
uskalla ;eword uautlwa ;eword
otlautlela ;eword le ;eword diapole ;eword
mme ;eword machaka ;eword o ;eword kae ;eword
utlabeuelahle ;eword utlebone ;eword etlaya ;eword kantle ;eword ka ;eword mane ;eword ka ;eword tlase ;eword ka ;eword mona ;eword
ai ;eword litlhare ;eword ee ;eword
nkapise ;eword pele ;eword
ha ;eword keanke ;eword bolo ;eword litlhare ;eword
litlhare ;eword ha ;eword rekore ;eword
keta ;eword
etsa ;eword litlhare ;eword
ke ;eword ya ;eword mamakhowa ;eword
oorekile ;eword kae ;eword
ha ;eword kotsia ;eword
ere ;eword keetsele ;eword mobu ;eword
bona ;eword eahana ;eword
eya ;eword butle ;eword
ke ;eword khofu ;eword
bona ;eword keeqhale ;eword
keqhale ;eword
litlhare ;eword le ;eword nna ;eword yaka ;eword ke ;eword ena ;eword
tloo ;eword ketloubona ;eword
litlhare ;eword keebehile ;eword hlohong ;eword
ungolang ;eword
kere ;eword na ;eword ungolang ;eword
ngola ;eword seven ;eword
e ;eword ngola ;eword seven ;eword
khekhe ;eword o ;eword kae ;eword
ha ;eword reye ;eword thabang ;eword
ha ;eword reye ;eword thabang ;eword
thabang ;eword ke ;eword kae ;eword
dintho ;eword tsahao ;eword di ;eword kae ;eword litlhare ;eword
tloo ;eword ketloipata ;eword
tloo ;eword ketloipata ;eword
nna ;eword yaka ;eword ke ;eword ena ;eword litlhare ;eword
ke ;eword mang ;eword
ke ;eword mang ;eword yaulelekisang ;eword e ;eword
mme ;eword machaka ;eword o ;eword kae ;eword
e ;eword
bona ;eword sheba ;eword kenekere ;eword ketlaufa ;eword dipompong ;eword
keaeja ;eword
litlhare ;eword baleha ;eword theoha ;eword ketla ;eword hotlautsosa ;eword
umathe ;eword
uskabaetsa ;eword lerata ;eword kebalehela ;eword kwana ;eword
ha ;eword
litlhare ;eword ke ;eword ena ;eword
theoha ;eword
aa ;eword
otlatla ;eword houshapa ;eword
litlhare ;eword ee ;eword
litlhare ;eword ee ;eword tloo ;eword kwano ;eword
eke ;eword dula ;eword dula ;eword dula ;eword ebe ;eword udutse ;eword dula ;eword
mme ;eword machaka ;eword otlautima ;eword dipompong ;eword he ;eword
ebile ;eword di ;eword teng ;eword dula ;eword uautlwa ;eword
ache ;eword litlhare ;eword tloo ;eword mona ;eword
dula ;eword fatse ;eword uautlwa ;eword
mme ;eword machaka ;eword otlaumula ;eword akha ;eword
ketlabitsa ;eword sethuthuthu ;eword ebile ;eword
nkotle ;eword litlhare ;eword rebapale ;eword geimi ;eword
baleha ;eword litlhare ;eword ketloubatla ;eword
nka ;eword kapa ;eword tloo ;eword keukapise ;eword
litlhare ;eword uanqabola ;eword bo ;eword ngwanana ;eword
litlhare ;eword ha ;eword rebapale ;eword geimi ;eword
tloo ;eword nkapise ;eword
nkapise ;eword kele ;eword ka ;eword nqena ;eword
nkapise ;eword
ke ;eword eno ;eword
e ;eword ha ;eword aenke ;eword kapa ;eword
ukhathetse ;eword
ukhathetse ;eword
uskankakhela ;eword tsee ;eword tjena ;eword litlhare ;eword
thula ;eword mmannyeo ;eword
mmannyeo ;eword kekhathetse ;eword ichu ;eword ichu ;eword
litlhare ;eword ha ;eword rebapale ;eword geimi ;eword
baleha ;eword
keta ;eword pele ;eword
keta ;eword ulla ;eword
litlhare ;eword ojingwe ;eword
keta ;eword
kekete ;eword
ache ;eword nka ;eword ukete ;eword
wan ;eword
two ;eword
butle ;eword utlaelata ;eword
litlhare ;eword
tloo ;eword litlhare ;eword retloqhomisa ;eword bolo ;eword
ere ;eword bolo ;eword
utlaelata ;eword
thula ;eword mabota ;eword
jwale ;eword ubapala ;eword le ;eword eng ;eword
ubapala ;eword le ;eword eng ;eword
ha ;eword rerahe ;eword litlhare ;eword
raha ;eword tsehodimo ;eword
hele ;eword keukorile ;eword ke ;eword koulu ;eword
ke ;eword koulu ;eword
tlisa ;eword ketlauqetella ;eword
uskaba ;eword botswa ;eword litlhare ;eword tloo ;eword retlobadansa ;eword
etswile ;eword hele ;eword etswile ;eword
etswile ;eword bolo ;eword ena ;eword
entsitswe ;eword ke ;eword wena ;eword
keta ;eword litlhare ;eword keta ;eword wan ;eword
litlhare ;eword useutseba ;eword hokapa ;eword
nkapise ;eword
litlhare ;eword yena ;eword ubetsa ;eword hampe ;eword
elahlile ;eword
elahlile ;eword
eile ;eword le ;eword mola ;eword
uelahlile ;eword
tlase ;eword kwana ;eword
he ;eword keahana ;eword
skanna ;eword
litlhare ;eword uskareotla ;eword molomong ;eword oapetsoha ;eword
litlhare ;eword ntho ;eword ee ;eword entso ;eword ke ;eword eng ;eword
ke ;eword molomo ;eword
yona ;eword ntho ;eword ee ;eword thimola ;eword ee ;eword
utleelahle ;eword feela ;eword etlaya ;eword le ;eword mola ;eword
ntala ;eword olahlile ;eword bolo ;eword wena ;eword litlhare ;eword
ka ;eword tlase ;eword
ke ;eword eno ;eword ka ;eword morao ;eword wena ;eword litlhare ;eword ke ;eword eno ;eword
ka ;eword morao ;eword libuseng ;eword
litlhare ;eword tloo ;eword retloketa ;eword pele ;eword ke ;eword pele ;eword
aa ;eword
bonang ;eword ntho ;eword etsabehang ;eword ena ;eword
banka ;eword dinawa ;eword mono ;eword
useuqadile ;eword hape ;eword
ha ;eword kenahohlola ;eword houkapisa ;eword
kapa ;eword litlhare ;eword
untseuhlahisa ;eword dimpa ;eword tjee ;eword
a ;eword
rekore ;eword
eya ;eword eya ;eword bona ;eword litlhare ;eword
keelahle ;eword
elate ;eword
litlhare ;eword bolo ;eword eile ;eword ka ;eword tlase ;eword
uenkile ;eword
keta ;eword litlhare ;eword kebone ;eword
nna ;eword keaebatla ;eword
ke ;eword yahao ;eword
litlhare ;eword nkapise ;eword
entse ;eword
entse ;eword litlhare ;eword
entse ;eword
e ;eword kae ;eword
eile ;eword kae ;eword
kae ;eword
eakhele ;eword
uskaeakhela ;eword hampe ;eword
eakhele ;eword haholo ;eword
ache ;eword litlhare ;eword keta ;eword
litlhare ;eword ulahlile ;eword bolo ;eword ya ;eword mamakhowa ;eword
e ;eword kae ;eword
wena ;eword ubaleha ;eword ka ;eword bolo ;eword
elahle ;eword utlobona ;eword mamakhowa ;eword otlaushapa ;eword
nkadime ;eword nkadime ;eword keekete ;eword
aa ;eword he ;eword tsamaya ;eword uiloema ;eword mane ;eword pela ;eword lemati ;eword
hlaha ;eword ubone ;eword moo ;eword ediketseng ;eword
e ;eword kae ;eword
ke ;eword ena ;eword
litlhare ;eword bolo ;eword e ;eword kae ;eword
ke ;eword ena ;eword
litlhare ;eword yena ;eword oabaleha ;eword
keta ;eword keutlwe ;eword
motlohele ;eword wena ;eword litlhare ;eword otlaelata ;eword ka ;eword tlase ;eword ka ;eword mane ;eword
nna ;eword ketliloitsehela ;eword skoch ;eword
keitsehela ;eword skoch ;eword saka ;eword
kebapala ;eword le ;eword wena ;eword uautlwa ;eword
uskalla ;eword
ha ;eword nkabakadisa ;eword
litlhare ;eword koba ;eword
he ;eword litlhare ;eword ekare ;eword kesekefumane ;eword ponto ;eword
ha ;eword retlokete ;eword pele ;eword
ha ;eword retlokete ;eword pele ;eword
eya ;eword ee ;eword kesekaketa ;eword
ha ;eword reetse ;eword tjena ;eword
tloo ;eword tloo ;eword ukete ;eword pele ;eword litlhare ;eword
keta ;eword mono ;eword
bolo ;eword ke ;eword yane ;eword
eseele ;eword yahao ;eword pela ;eword yaka ;eword
ha ;eword resebana ;eword pele ;eword
ha ;eword resebana ;eword
keseha ;eword ngwana ;eword wahao ;eword
hei ;eword keentse ;eword motho ;eword ya ;eword jwang ;eword
litlhare ;eword bona ;eword ngwana ;eword wahao ;eword oaqhoma ;eword
butle ;eword keetse ;eword waka ;eword
a ;eword ke ;eword wahao ;eword enwa ;eword
hei ;eword ngwana ;eword eo ;eword ke ;eword wa ;eword mang ;eword
ntho ;eword ee ;eword etletse ;eword phofo ;eword
keuetsetse ;eword ngwana ;eword waka ;eword
oentseng ;eword mamakhowa ;eword
ha ;eword se ;eword bolo ;eword eno ;eword haeno ;eword
e ;eword utlaerekelwa ;eword ha ;eword ntate ;eword tebele ;eword bolo ;eword
e ;eword yahao ;eword
e ;eword retladirekelwa ;eword
litlhare ;eword uarobala ;eword
urobala ;eword motsehare ;eword eseng ;eword bosiu ;eword
mosamo ;eword o ;eword kae ;eword
ka ;eword tlung ;eword
ke ;eword wa ;eword mang ;eword
mme ;eword masebina ;eword
oo ;eword
uatseba ;eword ha ;eword kotsia ;eword
ho ;eword hotle ;eword
ho ;eword hotle ;eword
horekilweng ;eword
otlareka ;eword dieta ;eword tsengata ;eword
ka ;eword moo ;eword ka ;eword tlung ;eword
le ;eword dipompong ;eword
tsa ;eword hokae ;eword
five ;eword sente ;eword
e ;eword
ya ;eword mang ;eword
siks ;eword ranta ;eword
dikuskus ;eword
e ;eword chee ;eword keadibona ;eword dikuskus ;eword
ke ;eword kuskus ;eword yona ;eword ntho ;eword etelele ;eword tjee ;eword
dikuskus ;eword dikana ;eword
hele ;eword hele ;eword u ;eword lethetsi ;eword litlhare ;eword di ;eword tjena ;eword
hei ;eword ha ;eword e ;eword kalo ;eword seretse ;eword sena ;eword
di ;eword kana ;eword
di ;eword kana ;eword dikuskus ;eword
we ;eword useure ;eword di ;eword kalo ;eword
empa ;eword dile ;eword kana ;eword dikuskus ;eword
dipompong ;eword di ;eword kae ;eword
dipompong ;eword di ;eword kae ;eword
dilamune ;eword di ;eword kae ;eword
diapole ;eword di ;eword kae ;eword
beha ;eword diapole ;eword litlhare ;eword
hela ;eword hei ;eword uaditseba ;eword diapole ;eword litlhare ;eword
litlhare ;eword
litlhare ;eword
sekotlolo ;eword se ;eword sekana ;eword
jwale ;eword uya ;eword kae ;eword
utlonka ;eword popodia ;eword
litlhare ;eword ke ;eword eng ;eword ntho ;eword ee ;eword
e ;eword
ke ;eword ntho ;eword yahao ;eword
uenkile ;eword kae ;eword
bona ;eword soka ;eword
ke ;eword soka ;eword sa ;eword mang ;eword see ;eword
ee ;eword ke ;eword saka ;eword
we ;eword
litlhare ;eword uaqabola ;eword
ke ;eword bane ;eword
bona ;eword
khofu ;eword e ;eword kae ;eword
tswara ;eword ena ;eword
ephahame ;eword
ere ;eword keephahamise ;eword
bona ;eword ha ;eword keaedihele ;eword
bona ;eword
oeqhalelang ;eword
bona ;eword bobo ;eword bona ;eword bona ;eword
e ;eword kae ;eword
efate ;eword mona ;eword
e ;eword kae ;eword moo ;eword
e ;eword butle ;eword
kekwale ;eword
wena ;eword uediha ;eword ka ;eword letsoho ;eword
butle ;eword ketsele ;eword
bona ;eword litlhare ;eword
bona ;eword
keqhale ;eword litlhare ;eword
ere ;eword e ;eword
umoisa ;eword kae ;eword
e ;eword kae ;eword
e ;eword butle ;eword
bona ;eword
e ;eword kae ;eword moo ;eword
uelahlile ;eword
kenekeenkile ;eword
ebatle ;eword
ebatle ;eword
bona ;eword
sheba ;eword
litlhare ;eword uanka ;eword mona ;eword
litlhare ;eword ua ;eword ee ;eword
e ;eword kae ;eword
litlhare ;eword ha ;eword reebatle ;eword mono ;eword
ha ;eword e ;eword yo ;eword
ha ;eword reebatle ;eword
ska ;eword ingwaya ;eword
ebatle ;eword
ha ;eword e ;eword yo ;eword mona ;eword
ha ;eword e ;eword yo ;eword
ha ;eword esale ;eword yo ;eword
jwale ;eword rentserephutolla ;eword
nna ;eword ebile ;eword keaebona ;eword
e ;eword kae ;eword
ke ;eword ena ;eword
litlhare ;eword batla ;eword chelete ;eword
mphe ;eword uenkile ;eword
seka ;eword eqhala ;eword ka ;eword letsoho ;eword litlhare ;eword
reeqhale ;eword ka ;eword serata ;eword
uaeqhwaolla ;eword
ekebeyaqhwaoleha ;eword
litlhare ;eword ha ;eword rebatle ;eword chelete ;eword
ke ;eword dintho ;eword tsaka ;eword tsena ;eword
helang ;eword litlhare ;eword
kehatile ;eword sente ;eword
ke ;eword ena ;eword
litlhare ;eword bona ;eword
ketlautsela ;eword ka ;eword sefaneng ;eword ka ;eword mona ;eword
utlwa ;eword ha ;eword khofu ;eword ematha ;eword
bona ;eword sefofane ;eword feela ;eword
ure ;eword ke ;eword khofu ;eword
tsena ;eword dihlahile ;eword
e ;eword
mpho ;eword ontseaenkile ;eword chelete ;eword eno ;eword yahao ;eword
he ;eword ke ;eword ena ;eword
chelete ;eword ke ;eword ena ;eword
ke ;eword enana ;eword litlhare ;eword
hosetele ;eword
hosetele ;eword
nna ;eword mme ;eword masebina ;eword
litlhare ;eword ee ;eword
metsing ;eword ha ;eword rebine ;eword le ;eword wena ;eword a ;eword a ;eword a ;eword
ke ;eword ena ;eword
u ;eword leshano ;eword wena ;eword litlhare ;eword
litlhare ;eword lengolanang ;eword hantle ;eword
bachekang ;eword
hai ;eword uatseba ;eword matitae ;eword
e ;eword ka ;eword mola ;eword
ke ;eword eng ;eword ntho ;eword eo ;eword
ere ;eword kebone ;eword
u ;eword khopane ;eword
litlhare ;eword chelete ;eword ke ;eword ena ;eword
lejwe ;eword leo ;eword ke ;eword monna ;eword wahao ;eword
monyantse ;eword
umolomelang ;eword
litlhare ;eword useukhotse ;eword
useulapile ;eword
litlhare ;eword ha ;eword retlobina ;eword hostele ;eword
ke ;eword utsware ;eword
wena ;eword ha ;eword ubine ;eword hostele ;eword
hostele ;eword
hobane ;eword ubona ;eword abuti ;eword khoalla ;eword aja ;eword
useulapile ;eword hobane ;eword ukhadile ;eword
u ;eword sekhalakhalane ;eword
litlhare ;eword keujwentse ;eword ausi ;eword mamello ;eword otlaurekela ;eword makwenya ;eword
makwenya ;eword uthole ;eword uautlwa ;eword
ha ;eword uakwadisa ;eword monyako ;eword mane ;eword
nna ;eword kelapile ;eword
monehe ;eword
eya ;eword le ;eword banana ;eword leutlwang ;eword
banana ;eword baka ;eword
le ;eword banana ;eword
ulapile ;eword
ulapile ;eword
ka ;eword sejwang ;eword
litlhare ;eword kesekailomochesa ;eword ka ;eword titonong ;eword
litlhare ;eword uatena ;eword
ulapile ;eword
be ;eword butle ;eword
reseretlatsamaya ;eword
mme ;eword machaka ;eword oyaufa ;eword papa ;eword
uautlwa ;eword
bo ;eword butle ;eword sebina ;eword afihle ;eword
atlaungwathela ;eword
retsamaye ;eword
ulapile ;eword
hei ;eword ngwana ;eword eo ;eword weso ;eword olapile ;eword
retsamaye ;eword
ulapile ;eword ka ;eword sesesweu ;eword
resiye ;eword ausi ;eword mamello ;eword
remosiye ;eword
hobaneng ;eword
araba ;eword potso ;eword
araba ;eword dipotso ;eword
keufelehetse ;eword
litlhare ;eword be ;eword butle ;eword
mme ;eword machaka ;eword oiloufa ;eword dijo ;eword
uautlwa ;eword
utlotsebe ;eword hobua ;eword ka ;eword mothamo ;eword
uautlwa ;eword
ntate ;eword wahao ;eword ke ;eword mang ;eword
ntate ;eword migele ;eword
uautlwa ;eword
tsengata ;eword
utime ;eword majoro ;eword
ha ;eword reye ;eword
udieha ;eword hotsamaya ;eword
retsamaye ;eword
uautlwa ;eword
uiloja ;eword
uautlwa ;eword
litlhare ;eword ke ;eword eng ;eword ntho ;eword ee ;eword
