utswa ;eword kae ;eword neuoe ;eword
etlarelaya ;eword neuoe ;eword
ure ;eword uja ;eword papa ;eword ka ;eword lesheleshele ;eword
uneunkile ;eword le ;eword ela ;eword eetsang ;eword tje ;eword
etsa ;eword neuoe ;eword
neuoe ;eword hothwe ;eword uetse ;eword
neuoe ;eword tlisa ;eword dijana ;eword tsaka ;eword
tlisa ;eword keuhlapise ;eword
neuoe ;eword tswa ;eword ka ;eword haka ;eword
utlatsitse ;eword matsoho ;eword a ;eword ditsila ;eword aa ;eword ka ;eword moo ;eword
neuoe ;eword nna ;eword keaiphotla ;eword
nka ;eword neuoe ;eword tlosa ;eword ntho ;eword ena ;eword
etsa ;eword mane ;eword
e ;eword
ae ;eword neuoe ;eword u ;eword masepa ;eword
ke ;eword ena ;eword neuoe ;eword ke ;eword ena ;eword
etlohele ;eword neuoe ;eword
babang ;eword bare ;eword dibobolane ;eword diajewa ;eword
keuqhatsetse ;eword
abuti ;eword hleso ;eword dieta ;eword tsena ;eword tsahao ;eword diacheka ;eword
useupheha ;eword
seulomme ;eword ere ;eword keubontse ;eword sekotlong ;eword
che ;eword hleso ;eword che ;eword
utloitlhatswa ;eword kaofela ;eword
seulomme ;eword mona ;eword
ya ;eword mang ;eword
metsi ;eword ana ;eword ha ;eword abate ;eword
ae ;eword ae ;eword
hleso ;eword oneare ;eword ha ;eword dibobolane ;eword diajewa ;eword
hobatla ;eword motho ;eword oafuthumatse ;eword metsi ;eword ana ;eword abatang ;eword
u ;eword leshano ;eword
lefiso ;eword la ;eword rona ;eword le ;eword kae ;eword
che ;eword hleso ;eword
ha ;eword hona ;eword taba ;eword yaka ;eword entseele ;eword ena ;eword
hleso ;eword mona ;eword uentse ;eword jwang ;eword
ontseosaphehe ;eword ka ;eword e ;eword
ae ;eword ha ;eword antseanka ;eword
kumbakumba ;eword
le ;eword nna ;eword keya ;eword mantlwantlwaneng ;eword
dieta ;eword tsena ;eword tsaka ;eword
makotomane ;eword
ketlamootla ;eword
nna ;eword ketlapheha ;eword ka ;eword ena ;eword
nna ;eword keaoqopeletsa ;eword ka ;eword papa ;eword
ha ;eword e ;eword yo ;eword
ketlaaqhalla ;eword kwana ;eword
ha ;eword ketsebe ;eword
ae ;eword keahana ;eword helang ;eword ntho ;eword yaka ;eword
ekaba ;eword retlaepheha ;eword jwang ;eword retletsolele ;eword mme ;eword mamello ;eword
keaqhala ;eword ka ;eword pela ;eword ka ;eword
etlare ;eword ntate ;eword kentsekere ;eword kentsekephehile ;eword kenekere ;eword kephehe ;eword fishole ;eword
ke ;eword kumbakumba ;eword
haholo ;eword jwale ;eword etsetse ;eword fishole ;eword
kumbakumba ;eword ya ;eword mme ;eword mamello ;eword ella ;eword hanyenyana ;eword
abuti ;eword hleso ;eword dieta ;eword tsena ;eword tsahao ;eword diacheka ;eword
e ;eword
we ;eword lieketseng ;eword
le ;eword nna ;eword ketlaaqhalla ;eword kwana ;eword
ebehe ;eword ka ;eword hodima ;eword hae ;eword
lieketseng ;eword bona ;eword le ;eword mona ;eword
etlose ;eword
le ;eword nna ;eword ketlauotla ;eword
oya ;eword tlase ;eword
tlisa ;eword wena ;eword
yahao ;eword
lieketseng ;eword fokotsa ;eword metsi ;eword ana ;eword rehladiyele ;eword
etlose ;eword mona ;eword
ha ;eword kemothusa ;eword
helang ;eword lieketseng ;eword
uautlwa ;eword he ;eword ke ;eword eng ;eword
hoetswang ;eword
pela ;eword ka ;eword ketloiphotla ;eword
lieketseng ;eword nka ;eword ntho ;eword eno ;eword ya ;eword moroa ;eword uebetsetsa ;eword kwana ;eword
u ;eword sele ;eword uatseba ;eword
lieketseng ;eword
unqhatsetse ;eword ka ;eword morohong ;eword
eke ;eword eke ;eword wena ;eword
tlosa ;eword ntho ;eword ena ;eword yahao ;eword moroa ;eword
tlisa ;eword
moroa ;eword tlisa ;eword ntho ;eword yane ;eword yaka ;eword
he ;eword wena ;eword moroa ;eword
bomang ;eword
moroa ;eword ntho ;eword yaka ;eword e ;eword kae ;eword
tlosa ;eword ntho ;eword ena ;eword yahao ;eword moroa ;eword
ketlaafuthumatsa ;eword ha ;eword letsatsi ;eword lena ;eword leitse ;eword qaaqaa ;eword feela ;eword
moroa ;eword thola ;eword retlerebue ;eword
ae ;eword oseaqetile ;eword hoafuthumatsa ;eword
moroa ;eword thola ;eword retlereutlwe ;eword
ehlile ;eword helang ;eword moroa ;eword tlisa ;eword ntho ;eword ena ;eword yaka ;eword
e ;eword
ako ;eword unqhatsetse ;eword
useuhana ;eword ka ;eword bolo ;eword ee ;eword yaka ;eword
ke ;eword lena ;eword
tsamaya ;eword honqhatsetsa ;eword
tsamaya ;eword honqhatsetsa ;eword ka ;eword nthong ;eword ena ;eword
ureng ;eword ka ;eword makotomane ;eword a ;eword batho ;eword
bona ;eword yaka ;eword
ketlamootla ;eword
a ;eword teng ;eword ka ;eword tlung ;eword helang ;eword
eng ;eword
oile ;eword mesebetsing ;eword yahae ;eword
alala ;eword lieketseng ;eword
thola ;eword
