di ;eword tharo ;eword dichelete ;eword
keujwetsa ;eword ausi ;eword masebina ;eword
sena ;eword seseholo ;eword selekane ;eword
kebona ;eword metsi ;eword atlafefoha ;eword mona ;eword
dieta ;eword tsaka ;eword kedirotse ;eword
lehlwa ;eword leselentselena ;eword
ketlile ;eword le ;eword chelete ;eword yaka ;eword
ntho ;eword ee ;eword
o ;eword aka ;eword
mohla ;eword eleng ;eword keresemese ;eword nkebenkaya ;eword
e ;eword
ebileng ;eword
ha ;eword lene ;eword
e ;eword mang ;eword
ntate ;eword makapukapu ;eword ore ;eword litlhare ;eword ke ;eword tentenki ;eword
eawela ;eword
motho ;eword ke ;eword eo ;eword hodima ;eword tafole ;eword
mphe ;eword mme ;eword
motho ;eword otlarethunya ;eword
ebile ;eword ha ;eword ele ;eword keresemese ;eword nkebenkaya ;eword
ebileng ;eword letsatsi ;eword lechabile ;eword kantle ;eword ka ;eword kwana ;eword
makwenya ;eword a ;eword ka ;eword mpeng ;eword yaka ;eword
tentenki ;eword
ha ;eword kerate ;eword nna ;eword
ke ;eword tsane ;eword moo ;eword kedileseletseng ;eword
mme ;eword
kathola ;eword ka ;eword chelete ;eword
o ;eword hodimo ;eword kwana ;eword
nna ;eword ketlaya ;eword natala ;eword hole ;eword kwana ;eword
keakwala ;eword
le ;eword mohlang ;eword wane ;eword nkebekaya ;eword
sekotlolo ;eword seseholo ;eword
nna ;eword keetse ;eword mona ;eword
keya ;eword kantle ;eword
lekwenya ;eword
nna ;eword nkafihla ;eword ha ;eword ntate ;eword tebele ;eword
engwe ;eword
danki ;eword mme ;eword
keakholwa ;eword ke ;eword soka ;eword
hodima ;eword tafole ;eword
hakere ;eword oneailoqhala ;eword lekhapetla ;eword
ke ;eword ntate ;eword kolefane ;eword
mphe ;eword
ke ;eword yaka ;eword
yaka ;eword
ore ;eword litlhare ;eword ke ;eword tentenki ;eword
oampha ;eword lekokomete ;eword
he ;eword ngwana ;eword enwa ;eword oephunya ;eword ka ;eword thipa ;eword
helang ;eword ngwana ;eword eo ;eword otswara ;eword saese ;eword yaka ;eword
ngwana ;eword enwa ;eword otlare ;eword polopoqo ;eword
