pere ;eword keya ;eword matieng ;eword wena ;eword
eya ;eword
bona ;eword
ha ;eword etsebe ;eword hofula ;eword
ha ;eword se ;eword yeno ;eword
keitse ;eword yane ;eword
eya ;eword
kere ;eword eno ;eword eqhanehilweng ;eword
kere ;eword eno ;eword pere ;eword eatsamaya ;eword
feela ;eword ha ;eword ebalehe ;eword
eatsamaya ;eword
ha ;eword etlohlwa ;eword mona ;eword
engwe ;eword ke ;eword yane ;eword
ehatuwang ;eword
tsamaya ;eword hoesheba ;eword
ntho ;eword eno ;eword ke ;eword eno ;eword
erobehileng ;eword
usojela ;eword hona ;eword moo ;eword nthong ;eword ee ;eword
oneajahile ;eword koloi ;eword yahao ;eword
utloutlwa ;eword le ;eword nna ;eword
e ;eword
koloi ;eword ha ;eword reboneng ;eword pele ;eword
mphe ;eword le ;eword leleng ;eword
ketlaumula ;eword
hlobohang ;eword tlisa ;eword lebokose ;eword laka ;eword
keiphuntsa ;eword lengolo ;eword laka ;eword
uabona ;eword
ke ;eword lena ;eword ualebona ;eword
ke ;eword la ;eword batho ;eword
ke ;eword laka ;eword
uabona ;eword ke ;eword lejwang ;eword
ualebona ;eword
uiloetsang ;eword ka ;eword lona ;eword
uiloetsang ;eword
ee ;eword uhana ;eword ka ;eword lebokose ;eword laka ;eword
tloha ;eword wena ;eword moshanyana ;eword ee ;eword
nna ;eword keilobapala ;eword ka ;eword dikoloi ;eword
hei ;eword utlwa ;eword ntate ;eword wena ;eword
keaejaha ;eword
theoha ;eword tlase ;eword lekotikoti ;eword moo ;eword
nna ;eword yaka ;eword ha ;eword yaphethoha ;eword ena ;eword
e ;eword nyenyane ;eword nna ;eword yaka ;eword
e ;eword nyenyane ;eword ya ;eword lebokose ;eword
ketlaehula ;eword
eya ;eword
nna ;eword kefuwe ;eword ke ;eword nkhono ;eword mamokhoena ;eword
keathunya ;eword
utabotseng ;eword
ka ;eword moo ;eword
uneuitse ;eword
eatsamaya ;eword
hana ;eword ke ;eword efe ;eword etsamayang ;eword
ha ;eword etsamaye ;eword
eneetsamaya ;eword
ditlabedikena ;eword moriri ;eword ona ;eword
pere ;eword
ha ;eword ditswane ;eword
e ;eword ena ;eword yona ;eword e ;eword mpe ;eword
yane ;eword e ;eword ncha ;eword
etlaetsuwe ;eword etswane ;eword le ;eword yane ;eword
hey ;eword etlatsamaya ;eword jwang ;eword
eatsamaya ;eword
eya ;eword habo ;eword
ya ;eword mme ;eword
yane ;eword eatseba ;eword yeno ;eword ya ;eword abuti ;eword kabelo ;eword
ee ;eword
ha ;eword etsebe ;eword
mokotlana ;eword
helang ;eword eatsamaya ;eword
eatsamaya ;eword pere ;eword eno ;eword yeno ;eword
pere ;eword eatsamaya ;eword ke ;eword eno ;eword
nna ;eword keya ;eword mane ;eword
ke ;eword yane ;eword
hlobohang ;eword
ha ;eword reyeng ;eword hlobohang ;eword
ke ;eword koloi ;eword
hele ;eword ha ;eword reabapala ;eword
yaka ;eword eile ;eword maseru ;eword
ha ;eword e ;eword yo ;eword kotikoti ;eword
kenkile ;eword
kere ;eword lekotikoti ;eword leleng ;eword keleitse ;eword
keja ;eword diapole ;eword
keaeqeta ;eword
nwese ;eword
ke ;eword leno ;eword oo ;eword
utlwa ;eword ntate ;eword
e ;eword nka ;eword
nna ;eword yaka ;eword etlaitsamaisa ;eword
bona ;eword hei ;eword
eitsamaisitse ;eword hey ;eword
koloi ;eword eitsamaisitse ;eword
pi ;eword pi ;eword eafihla ;eword hae ;eword
ha ;eword lefihla ;eword
echa ;eword boriki ;eword
hlobohang ;eword bona ;eword
nna ;eword keentse ;eword jwang ;eword
kere ;eword letsetseng ;eword
kere ;eword letsetse ;eword kwae ;eword
dintho ;eword tsaka ;eword ke ;eword tsane ;eword
dipompong ;eword ke ;eword tsena ;eword
tsee ;eword ke ;eword tsa ;eword mang ;eword
tsee ;eword
tsee ;eword ke ;eword tsa ;eword mang ;eword tsona ;eword
ha ;eword nna ;eword tsaka ;eword disetse ;eword ha ;eword ha ;eword
esetse ;eword ele ;eword engwe ;eword
ha ;eword utsebe ;eword
kelekentse ;eword
e ;eword kae ;eword kwae ;eword
ere ;eword kebone ;eword
tloo ;eword enke ;eword kwae ;eword eno ;eword yaka ;eword
m ;eword lebokose ;eword lee ;eword kelethotse ;eword pele ;eword
wena ;eword uitholetse ;eword lahao ;eword kwana ;eword
nna ;eword laka ;eword lesetse ;eword kwana ;eword
ke ;eword ana ;eword
nna ;eword letsetse ;eword kwae ;eword
etletse ;eword
nna ;eword ketsela ;eword lengolo ;eword laka ;eword
yatabotseng ;eword lebokose ;eword laka ;eword ke ;eword mang ;eword
yaithatelang ;eword lehare ;eword lee ;eword ke ;eword mang ;eword
rena ;eword le ;eword lebokose ;eword
ha ;eword rechenchane ;eword
nna ;eword keahana ;eword
ha ;eword lechenchane ;eword moshanyana ;eword
ke ;eword lebeha ;eword ka ;eword mo ;eword
keangola ;eword
tloha ;eword
koloi ;eword yaka ;eword etsamaya ;eword erwetse ;eword dieta ;eword
moshanyana ;eword eo ;eword waka ;eword ore ;eword
danki ;eword morena ;eword
ha ;eword ketloha ;eword mona ;eword
nna ;eword keatsamaya ;eword
dikhomo ;eword tsee ;eword ditladiswa ;eword ke ;eword mang ;eword
ditladiswa ;eword ke ;eword mang ;eword
nna ;eword ketlaba ;eword diretse ;eword
ketsamaya ;eword ka ;eword tsona ;eword
ketsamaya ;eword ka ;eword tsona ;eword
ure ;eword ba ;eword
ure ;eword ntho ;eword ena ;eword
nna ;eword keaetswara ;eword
ska ;eword tswara ;eword ntho ;eword ee ;eword
ketlaletlohela ;eword
ha ;eword keetseng ;eword
kere ;eword ee ;eword ke ;eword kumbakumba ;eword
ke ;eword kumbakumba ;eword
usiya ;eword nna ;eword
e ;eword tsamaya ;eword
utlantima ;eword bohobe ;eword
keauthunya ;eword
kenya ;eword
bapota ;eword ka ;eword nqa ;eword
e ;eword kae ;eword moo ;eword
ebile ;eword ke ;eword yaka ;eword wena ;eword moshanyana ;eword
