tsebo ;eword ako ;eword bo ;eword butle ;eword hobua ;eword
utswa ;eword uya ;eword kae ;eword wena ;eword
e ;eword kae ;eword
phafa ;eword ena ;eword keebehetse ;eword wena ;eword mona ;eword
honehole ;eword jwang ;eword kliniking ;eword
dula ;eword fatse ;eword wena ;eword
tswa ;eword uye ;eword hodula ;eword kantle ;eword
ure ;eword ha ;eword lebue ;eword leakhiba ;eword
uya ;eword kae ;eword
ureng ;eword wena ;eword
urata ;eword hore ;eword ubeuotlwe ;eword tsebo ;eword
utlatswa ;eword jwalo ;eword ka ;eword maobane ;eword
tloo ;eword dule ;eword mona ;eword wena ;eword
untseuetsang ;eword
uiloetsang ;eword kantle ;eword
untseuahlama ;eword tjee ;eword ke ;eword eng ;eword
dula ;eword mona ;eword wena ;eword
uya ;eword kae ;eword
dula ;eword mona ;eword
