e ;eword mokhotsi ;eword
tloo ;eword ebole ;eword
mafehloase ;eword tloo ;eword bapaleng ;eword
e ;eword
oiloetsang ;eword
mona ;eword
mokhotsi ;eword
uaraba ;eword mang ;eword
oiloetsang ;eword
m ;eword
oiloetsang ;eword gauteng ;eword
tloong ;eword lebapaleng ;eword mona ;eword mafehloase ;eword
tloo ;eword mme ;eword tloo ;eword
oo ;eword
okena ;eword sekolo ;eword
tloo ;eword kwano ;eword
mona ;eword
motlohele ;eword hle ;eword
tloo ;eword mme ;eword
tloo ;eword kwano ;eword
o ;eword teng ;eword namane ;eword
tselang ;eword ka ;eword mona ;eword mafehloase ;eword
mokhotsi ;eword tloo ;eword kwano ;eword
ke ;eword ntho ;eword ee ;eword ausi ;eword tlalane ;eword
keilobina ;eword le ;eword ena ;eword ausi ;eword tlalane ;eword
ausi ;eword tlalane ;eword utsebe ;eword namane ;eword okena ;eword sekolo ;eword
ke ;eword tsena ;eword
keaja ;eword ausi ;eword tlalane ;eword
ausi ;eword tlalane ;eword
ausi ;eword tlalane ;eword
kae ;eword
ere ;eword ausi ;eword
ausi ;eword tlalane ;eword sheba ;eword ketseba ;eword hokhothola ;eword
kae ;eword
mpho ;eword
ke ;eword tsena ;eword tsengata ;eword
ausi ;eword tlalane ;eword
oauqaphatsa ;eword
baitse ;eword oatla ;eword
ausi ;eword tlalane ;eword keilobina ;eword
sheba ;eword oetsa ;eword ka ;eword tsepedi ;eword
e ;eword
ore ;eword umorobele ;eword
