namane ;eword
namane ;eword u ;eword mang ;eword
ketlare ;eword mme ;eword masebina ;eword litlhare ;eword oitse ;eword ho ;eword namane ;eword raseeta ;eword
namane ;eword
namane ;eword utsaba ;eword hobua ;eword
namane ;eword
ke ;eword ntiea ;eword
ke ;eword mang ;eword anengatsokotsa ;eword kantle ;eword lemati ;eword
majoro ;eword
haeba ;eword uya ;eword ka ;eword ntlong ;eword enyane ;eword ujwetse ;eword ausi ;eword masebina ;eword litlhare ;eword ore ;eword raseeta ;eword ho ;eword nna ;eword
u ;eword mang ;eword
kena ;eword
