engotse ;eword moo ;eword
le ;eword nna ;eword keetsa ;eword moo ;eword
uaetabola ;eword wena ;eword
keetse ;eword tjee ;eword
sethunya ;eword sewela ;eword
o ;eword re ;eword
hape ;eword le ;eword mona ;eword le ;eword mona ;eword le ;eword mona ;eword
leshebe ;eword ke ;eword lena ;eword
ke ;eword lena ;eword ka ;eword nqena ;eword
he ;eword hape ;eword le ;eword leng ;eword ka ;eword nqena ;eword
le ;eword ena ;eword
utlwa ;eword
hape ;eword bona ;eword
eya ;eword haholo ;eword eseng ;eword hanyane ;eword
nna ;eword kere ;eword wena ;eword
hape ;eword keitse ;eword
hle ;eword mona ;eword hape ;eword le ;eword mona ;eword
kengola ;eword ka ;eword bolpen ;eword
ualahla ;eword pene ;eword yaka ;eword
ha ;eword rengole ;eword jwale ;eword
nna ;eword ketlangola ;eword moo ;eword
ere ;eword kephunye ;eword
ketlabona ;eword
ere ;eword kebone ;eword na ;eword efedile ;eword
ere ;eword kebone ;eword
ere ;eword chenchane ;eword
e ;eword eahana ;eword
bolpen ;eword
phephi ;eword nna ;eword kauotla ;eword
a ;eword hle ;eword keabona ;eword
yangola ;eword
etse ;eword tjena ;eword
ere ;eword keeshebe ;eword
ere ;eword kebone ;eword
ha ;eword reye ;eword
ntlohele ;eword nna ;eword keya ;eword kwana ;eword
hoo ;eword habo ;eword habo ;eword
hlobohang ;eword hlobohang ;eword uikomosa ;eword kae ;eword
rwala ;eword eta ;eword tsena ;eword tsa ;eword ka ;eword
tsena ;eword tsaka ;eword ha ;eword diacha ;eword
bona ;eword
rwala ;eword tsena ;eword tsa ;eword ka ;eword
bona ;eword se ;eword seng ;eword
ha ;eword diacha ;eword
ha ;eword diacha ;eword hoo ;eword
ha ;eword anka ;eword bolpene ;eword
etswana ;eword le ;eword yona ;eword
nna ;eword ketlaulatela ;eword hoo ;eword hoo ;eword hoo ;eword
hei ;eword keukamile ;eword
keahlame ;eword keitse ;eword
ahlama ;eword le ;eword wena ;eword
kethola ;eword
ha ;eword reye ;eword lapeng ;eword kwana ;eword
ha ;eword reye ;eword hlobohang ;eword
ke ;eword yane ;eword efihla ;eword marung ;eword kwana ;eword
ha ;eword reyeng ;eword kwana ;eword
otlang ;eword omong ;eword ke ;eword wane ;eword
ha ;eword reye ;eword
omong ;eword ke ;eword ona ;eword oya ;eword hodimo ;eword
oya ;eword hodimo ;eword
o ;eword kae ;eword
nna ;eword keomutse ;eword
oya ;eword tlase ;eword
atswara ;eword
atswara ;eword hlobohang ;eword
ha ;eword ho ;eword na ;eword taba ;eword ke ;eword habo ;eword moo ;eword
echu ;eword nna ;eword kehatsetse ;eword
nna ;eword nna ;eword ntloele ;eword
ha ;eword hobate ;eword
koloi ;eword
uaubatla ;eword mollo ;eword oo ;eword
le ;eword khale ;eword nna ;eword ha ;eword keacha ;eword
utlanka ;eword lejwe ;eword
uaootla ;eword mollo ;eword oo ;eword
uitse ;eword
nna ;eword keya ;eword ka ;eword tlung ;eword
nna ;eword dieta ;eword tsaka ;eword ha ;eword dina ;eword hocha ;eword
uautlwa ;eword oatuka ;eword
ke ;eword bana ;eword ba ;eword rona ;eword
ke ;eword bana ;eword ba ;eword rona ;eword bana ;eword
ho ;eword mosi ;eword
ke ;eword mollo ;eword wa ;eword rona ;eword
oatuka ;eword feela ;eword ha ;eword otime ;eword
leatheta ;eword
eaetsa ;eword pitla ;eword
nna ;eword keaeqeta ;eword
koloi ;eword
eankimela ;eword
ya ;eword hao ;eword e ;eword kae ;eword hlobohang ;eword
enele ;eword moo ;eword
jwale ;eword uafihla ;eword uaenka ;eword
nna ;eword keetswara ;eword
tsena ;eword
tsena ;eword
ke ;eword tsena ;eword
palama ;eword
ha ;eword reye ;eword
kebapala ;eword ntlo ;eword ya ;eword makapakapa ;eword
aa ;eword nna ;eword keafala ;eword
kelemile ;eword
kenkile ;eword eskaba ;eword
lefifi ;eword
nna ;eword ketlaya ;eword lapeng ;eword
pene ;eword ena ;eword yahao ;eword
he ;eword ke ;eword eng ;eword ntho ;eword ee ;eword
kafeta ;eword lemating ;eword leletala ;eword kare ;eword
kaeotla ;eword
elahlehile ;eword
eroke ;eword
tloo ;eword mona ;eword
ha ;eword reye ;eword rebona ;eword tsuonyana ;eword tse ;eword pedi ;eword
uya ;eword kae ;eword
uya ;eword kae ;eword
he ;eword a ;eword unhlaba ;eword
utlahlakola ;eword khaba ;eword
ketlaqala ;eword ka ;eword hore ;eword
ka ;eword tsenene ;eword
ha ;eword rebapale ;eword mantlwantlwane ;eword
mantlwantlwane ;eword
e ;eword keahaha ;eword mantlwantlwane ;eword
eya ;eword ketlahaha ;eword engwe ;eword
tloha ;eword
tloo ;eword nthuse ;eword bo ;eword
aha ;eword
tloo ;eword mathang ;eword tjena ;eword
keapitla ;eword
pitla ;eword ntho ;eword ena ;eword
kekuka ;eword pitla ;eword
tloo ;eword tlosa ;eword kapele ;eword
tlisa ;eword pitla ;eword ekholo ;eword
tlisa ;eword pitla ;eword ekholo ;eword
keufe ;eword molamu ;eword
he ;eword keitholla ;eword ka ;eword khaba ;eword banna ;eword
kenekeibapaleste ;eword kaitholla ;eword ka ;eword khaba ;eword
kenekeibapaleste ;eword kaitholla ;eword ka ;eword khaba ;eword
kaetswara ;eword
kaetswara ;eword
ketlaepjatlana ;eword hloho ;eword e ;eword tenya ;eword ena ;eword
dialekana ;eword dieta ;eword tse ;eword hlobohang ;eword
ako ;eword umpetse ;eword mona ;eword
ake ;eword umpetse ;eword
wena ;eword hlobohang ;eword enke ;eword
enke ;eword bo ;eword
etlise ;eword kwano ;eword
kedula ;eword fatse ;eword
mokotlana ;eword ona ;eword o ;eword ka ;eword haka ;eword ona ;eword
hlobohang ;eword tloo ;eword enke ;eword
nka ;eword baleha ;eword ka ;eword yona ;eword
baleha ;eword
tlisa ;eword kwano ;eword
untlotsa ;eword ka ;eword mamina ;eword
tloo ;eword nfetise ;eword
kesheba ;eword thipa ;eword
thiba ;eword ntho ;eword ena ;eword
he ;eword ntate ;eword george ;eword dieta ;eword tsa ;eword rona ;eword diphutswa ;eword
ntate ;eword george ;eword
nka ;eword
renerere ;eword le ;eword maburu ;eword
elahlele ;eword hole ;eword kwana ;eword
tloo ;eword hlobohang ;eword tloo ;eword
hlobohang ;eword
ke ;eword mang ;eword aureketseng ;eword dieta ;eword
siya ;eword mona ;eword
ha ;eword reye ;eword lapeng ;eword
rwala ;eword seeta ;eword
hata ;eword fatse ;eword
sekenye ;eword
sekene ;eword
uadikoma ;eword
ha ;eword rerobale ;eword
keapara ;eword kobo ;eword
uapota ;eword
