oseakhathetse ;eword masebina ;eword hle ;eword
holla ;eword metsi ;eword ho ;eword yena ;eword ngwana ;eword enwa ;eword
ke ;eword metsi ;eword hono ;eword
mm ;eword feela ;eword ore ;eword oilohadika ;eword
oseakhathetse ;eword
oanwele ;eword haholo ;eword
m ;eword
utlwang ;eword
ore ;eword ho ;eword monate ;eword
oseakhathetse ;eword
ha ;eword aekha ;eword nkhono ;eword machaka ;eword poone ;eword
ubatla ;eword poone ;eword masebina ;eword
okhathetse ;eword hle ;eword masebina ;eword
holla ;eword metsi ;eword
jonna ;eword ngwana ;eword masebina ;eword we ;eword oreng ;eword jwale ;eword
omatha ;eword aya ;eword kae ;eword
litlhare ;eword osheba ;eword yena ;eword hore ;eword na ;eword oamobona ;eword
basadi ;eword
modimo ;eword okhutla ;eword le ;eword enngwe ;eword phukhu ;eword jwale ;eword
basadi ;eword ebe ;eword ntho ;eword ee ;eword oneaebontswa ;eword ke ;eword mang ;eword
batho ;eword bana ;eword baja ;eword ntho ;eword eo ;eword kesaeutlwisiseng ;eword
ebe ;eword ololelata ;eword kae ;eword lejwe ;eword
ore ;eword oalelata ;eword
bona ;eword ontsearota ;eword
bonang ;eword omatha ;eword ka ;eword matsoho ;eword
bona ;eword ontseashapuwa ;eword
uabona ;eword
otswara ;eword metsi ;eword
jonna ;eword otlareshapa ;eword
okhathetse ;eword
bana ;eword bane ;eword bona ;eword bakena ;eword sefeng ;eword na ;eword sekolo ;eword
otseba ;eword le ;eword difeisi ;eword motho ;eword enwa ;eword
bare ;eword na ;eword phafa ;eword e ;eword kae ;eword
e ;eword phafa ;eword e ;eword kae ;eword
litlhare ;eword otlahlanya ;eword bana ;eword ba ;eword haeso ;eword
mosetsana ;eword
obalehile ;eword jwale ;eword
