mm ;eword lona ;eword
ore ;eword le ;eword wena ;eword
ae ;eword ake ;eword letloheleng ;eword litlhare ;eword lona ;eword
mononose ;eword mona ;eword maotong ;eword
ausi ;eword mamakhowa ;eword rona ;eword reausiya ;eword reya ;eword nokaneng ;eword
thiba ;eword ke ;eword yo ;eword
e ;eword emomamaretse ;eword le ;eword sefuba ;eword
keaetlosa ;eword
ketlomopepisa ;eword
hele ;eword bamopepisa ;eword
ke ;eword mang ;eword enwa ;eword yantsenganonosa ;eword ngwana ;eword enwa ;eword
ketlamoraha ;eword eno ;eword yaitswereng ;eword hampe ;eword qha ;eword
e ;eword emomamaretse ;eword
