nka ;eword
engwe ;eword ke ;eword ena ;eword
ke ;eword tsane ;eword
jwale ;eword uhana ;eword hodula ;eword fatse ;eword
nna ;eword keitse ;eword ketlaubatlela ;eword ngwana ;eword umopepe ;eword
ke ;eword tsena ;eword ake ;eword ubone ;eword
ubontse ;eword ausi ;eword mamello ;eword matswele ;eword
keatseba ;eword
ere ;eword kebone ;eword litlhare ;eword
ere ;eword kebone ;eword
ke ;eword ntho ;eword yaka ;eword eno ;eword
ere ;eword kebone ;eword
seka ;eword ekoba ;eword
rebone ;eword bana ;eword
retsebe ;eword hobaisa ;eword kampong ;eword
uautlwa ;eword
tloo ;eword wena ;eword
sala ;eword helang ;eword
onkile ;eword dilamune ;eword
ke ;eword tsena ;eword dingata ;eword
onkile ;eword le ;eword makotomane ;eword
ae ;eword jwale ;eword ufetela ;eword kae ;eword
ketlauotla ;eword
ketlare ;eword utsamaye ;eword le ;eword wena ;eword
ebileng ;eword u ;eword sele ;eword he ;eword
tloha ;eword mona ;eword hela ;eword
yahao ;eword ke ;eword ena ;eword le ;eword wena ;eword
keufe ;eword
nka ;eword
le ;eword makotomane ;eword le ;eword makotomane ;eword ahae ;eword
litlhare ;eword tloha ;eword kebehe ;eword ngwana ;eword enwa ;eword helang ;eword
etlauja ;eword ntho ;eword ena ;eword
litlhare ;eword hothwe ;eword utle ;eword
utlonka ;eword chelete ;eword ke ;eword ena ;eword
tloo ;eword nngwathele ;eword
dijo ;eword
ausi ;eword litlhare ;eword ketlaufa ;eword ditapole ;eword
uautlwa ;eword
ska ;eword ngotla ;eword
tloo ;eword retlodula ;eword fatse ;eword
ufetela ;eword kae ;eword
utlahata ;eword ngwana ;eword
ha ;eword ukabua ;eword feela ;eword keujwetse ;eword
ha ;eword uneushapuwa ;eword
hotlanehothwe ;eword
litlhare ;eword khiba ;eword nnyeo ;eword
bina ;eword keutlwe ;eword
seeiso ;eword
litlhare ;eword ausi ;eword mamello ;eword ore ;eword utle ;eword
bailourekela ;eword dilamune ;eword
kapa ;eword urata ;eword makwenya ;eword kapa ;eword motombo ;eword
litlhare ;eword usokodisa ;eword ausi ;eword mamello ;eword
he ;eword uasokodisa ;eword litlhare ;eword
eya ;eword
ha ;eword usatsamaye ;eword feela ;eword le ;eword ausi ;eword mamello ;eword
ke ;eword lahao ;eword retsebe ;eword hotlatla ;eword hoetsa ;eword tobetsa ;eword
uautlwa ;eword
e ;eword dula ;eword hantle ;eword jwale ;eword
butle ;eword
nna ;eword keitse ;eword ketlaubatlela ;eword ngwana ;eword
moo ;eword ke ;eword eng ;eword moo ;eword
dula ;eword hantle ;eword he ;eword jwale ;eword
uskabahlodiya ;eword utlafuwa ;eword chelete ;eword
ukadima ;eword koloi ;eword
litlhare ;eword eo ;eword ya ;eword monyanenyana ;eword
ntho ;eword ee ;eword ke ;eword eng ;eword
ke ;eword lehe ;eword
bona ;eword lehe ;eword
u ;eword leshano ;eword ha ;eword se ;eword lelenyenyane ;eword
tsamaya ;eword hobula ;eword
tloo ;eword
butle ;eword keubontse ;eword
litlhare ;eword tloo ;eword keungolle ;eword la ;eword likhapha ;eword he ;eword
tloella ;eword ka ;eword mona ;eword
tloo ;eword ketlaungolla ;eword
ngola ;eword mona ;eword
ke ;eword ena ;eword yahao ;eword
bone ;eword lenala ;eword
nka ;eword litlhare ;eword
be ;eword butle ;eword likhapha ;eword
ha ;eword kesoqete ;eword
hoitswe ;eword ke ;eword ya ;eword mang ;eword bolephene ;eword eo ;eword
bolephene ;eword eo ;eword ya ;eword mme ;eword masebina ;eword ke ;eword yahao ;eword
ha ;eword se ;eword yahae ;eword bolephene ;eword ena ;eword
u ;eword leshano ;eword
sekhutlong ;eword ke ;eword kae ;eword
chabasemaketse ;eword ke ;eword kae ;eword
sekolong ;eword ke ;eword kae ;eword
ha ;eword mojakisane ;eword ke ;eword kae ;eword
u ;eword bothetsi ;eword ke ;eword mme ;eword motho ;eword enwa ;eword
ke ;eword tsena ;eword le ;eword mabiskis ;eword
uiloreka ;eword chukama ;eword
hothwe ;eword keunehe ;eword
nka ;eword ubeuseureka ;eword le ;eword dilamune ;eword
jwale ;eword ha ;eword dile ;eword mpe ;eword
ke ;eword lekotikoti ;eword
ha ;eword reyeng ;eword ka ;eword tlung ;eword
litlhare ;eword
lengole ;eword ke ;eword lena ;eword
keitse ;eword ure ;eword manchwathi ;eword
litlhare ;eword ehlakole ;eword
le ;eword morwa ;eword
morwa ;eword
letsohong ;eword
e ;eword lejwe ;eword ke ;eword lena ;eword leletso ;eword
ha ;eword retloekape ;eword
mobontse ;eword
eya ;eword ere ;eword kebone ;eword
ao ;eword litlhare ;eword ukabahana ;eword ha ;eword rebona ;eword
o ;eword kae ;eword ntate ;eword moo ;eword
nna ;eword ke ;eword nna ;eword enwa ;eword litlhare ;eword
ke ;eword kae ;eword
skana ;eword etsa ;eword tjena ;eword
litlhare ;eword ake ;eword ubone ;eword namune ;eword ke ;eword ena ;eword
untseuya ;eword kae ;eword
otlatla ;eword houotla ;eword mme ;eword masebina ;eword
ako ;eword tloo ;eword dula ;eword fatse ;eword nqha ;eword
ke ;eword tsena ;eword ditletse ;eword
ere ;eword keufe ;eword tsona ;eword
uloreka ;eword dipompong ;eword
teaspoon ;eword
mphe ;eword yona ;eword
tloo ;eword dule ;eword fatse ;eword helang ;eword
litlhare ;eword hothwe ;eword utlonka ;eword sente ;eword ena ;eword
bona ;eword likhapa ;eword
litlhare ;eword hothwe ;eword usekebewarekelwa ;eword mose ;eword
ke ;eword ausi ;eword mamello ;eword
utlwa ;eword likhapha ;eword ena ;eword oabua ;eword
litlhare ;eword bina ;eword
baile ;eword hona ;eword tjee ;eword le ;eword mpinane ;eword
ha ;eword se ;eword yahao ;eword
ke ;eword ya ;eword ausi ;eword mamello ;eword he ;eword
reyeng ;eword mane ;eword
bona ;eword bomamakhoa ;eword
e ;eword le ;eword nna ;eword oitse ;eword oilonthekela ;eword
uatsamaya ;eword
uya ;eword hahabo ;eword ha ;eword hae ;eword
ha ;eword reye ;eword litlhare ;eword
hakere ;eword useuqetile ;eword hoithoma ;eword
e ;eword ha ;eword reye ;eword wena ;eword weso ;eword
u ;eword ngwaneso ;eword uautlwa ;eword
retlarekelwa ;eword mese ;eword etswanang ;eword ka ;eword keresemese ;eword
oo ;eword keatla ;eword
di ;eword eng ;eword
lejwe ;eword
ke ;eword koko ;eword
hobaneng ;eword likhapha ;eword osarobetse ;eword
kekena ;eword pele ;eword
ha ;eword reotle ;eword
uchikwa ;eword
ha ;eword keachikwa ;eword
eya ;eword bo ;eword uchikwe ;eword
tswara ;eword wena ;eword litlhare ;eword
uentse ;eword mothamo ;eword wa ;eword eng ;eword
tlisa ;eword keuebolele ;eword
jwale ;eword nna ;eword keaemomona ;eword wena ;eword
litlhare ;eword dula ;eword fatse ;eword
uahlajwa ;eword fatse ;eword mona ;eword
dula ;eword mona ;eword
o ;eword teng ;eword ona ;eword le ;eword mang ;eword
oufile ;eword dilamune ;eword tsahae ;eword feela ;eword useummaleha ;eword
litlhare ;eword tloo ;eword retlonka ;eword ntho ;eword ena ;eword
hostele ;eword
pompong ;eword le ;eword pere ;eword
udule ;eword hantle ;eword u ;eword be ;eword ngwanana ;eword morwetsana ;eword
bina ;eword haholo ;eword
ureng ;eword
ure ;eword litlhare ;eword oatella ;eword
ube ;eword mosadi ;eword wa ;eword ntate ;eword tlala ;eword
u ;eword leshano ;eword
ke ;eword eng ;eword
kere ;eword utswerwe ;eword ke ;eword sefuba ;eword
etsisa ;eword sefofane ;eword
etsisa ;eword ntho ;eword ena ;eword e ;eword ka ;eword mona ;eword
echo ;eword
ha ;eword utsebe ;eword
utlabeutsebe ;eword
uautlwa ;eword
oilorwalla ;eword
mobotse ;eword
utloutlwe ;eword
mobotse ;eword
ere ;eword na ;eword ntate ;eword mikaele ;eword o ;eword kae ;eword
litlhare ;eword tloha ;eword
ke ;eword letswele ;eword
ngwana ;eword eo ;eword ke ;eword mang ;eword
utlalenyantsa ;eword
tloha ;eword litlhare ;eword keale ;eword
uskabahlodiya ;eword he ;eword litlhare ;eword
ha ;eword lena ;eword mafura ;eword lee ;eword wena ;eword
hae ;eword wena ;eword
uetsang ;eword
ngola ;eword two ;eword
ngwana ;eword enwa ;eword obatlaaenepa ;eword
ae ;eword ska ;eword phetla ;eword ka ;eword nqa ;eword engwe ;eword
motle ;eword
etsa ;eword jwalo ;eword
bonang ;eword ungotse ;eword koloi ;eword
ke ;eword ena ;eword
ke ;eword masenke ;eword
ngola ;eword baesekele ;eword
uneumotsikinyetsa ;eword
ako ;eword tloele ;eword litlhare ;eword
ngola ;eword
nama ;eword jwale ;eword ka ;eword thabo ;eword he ;eword
keubontse ;eword
utlobeuseulengola ;eword
ngola ;eword mona ;eword
ungolle ;eword ausi ;eword mamello ;eword
udiqetile ;eword
ullelang ;eword
ke ;eword enwa ;eword
ke ;eword yane ;eword
ha ;eword ketsebe ;eword
etsa ;eword koloi ;eword kebone ;eword
uaohata ;eword
litlhare ;eword u ;eword sele ;eword
eke ;eword litlhare ;eword
litlhare ;eword
tloha ;eword litlhare ;eword
litlhare ;eword ha ;eword unkadime ;eword
yalaeha ;eword
utlwa ;eword ngwana ;eword he ;eword
mpepe ;eword
kelepepe ;eword
ha ;eword kebatle ;eword
ha ;eword kesore ;eword keaebatla ;eword
litlhare ;eword nneheletse ;eword dijo ;eword tseo ;eword tsa ;eword likhapha ;eword
utlalla ;eword hape ;eword
tlisa ;eword kelebontse ;eword lebitso ;eword lahao ;eword
le ;eword ausi ;eword mamello ;eword ke ;eword lena ;eword lengole ;eword
utlashapuwa ;eword wena ;eword ngwana ;eword towe ;eword
butle ;eword kelengole ;eword mona ;eword feela ;eword
none ;eword ke ;eword ena ;eword
ke ;eword kae ;eword
ke ;eword ena ;eword
ungole ;eword le ;eword sello ;eword
ha ;eword reyeng ;eword reiloetsang ;eword kalamisa ;eword
e ;eword
u ;eword leshano ;eword wena ;eword ha ;eword se ;eword yahao ;eword
tloo ;eword ausi ;eword mamello ;eword ke ;eword enwa ;eword
litlhare ;eword mme ;eword masebina ;eword o ;eword kae ;eword
u ;eword leshano ;eword
litlhare ;eword ako ;eword dule ;eword fatse ;eword
seka ;eword etsa ;eword moferefere ;eword tjena ;eword ya ;eword mpa ;eword etenya ;eword enwa ;eword
tswenyane ;eword ngwanaka ;eword ya ;eword litlhare ;eword bina ;eword
utlabata ;eword ngwana ;eword
oitse ;eword bomamakhoa ;eword bailourekela ;eword dilamune ;eword
le ;eword dipompong ;eword
litlhare ;eword mme ;eword masebina ;eword ke ;eword eo ;eword otlaumula ;eword
e ;eword ha ;eword reyeng ;eword he ;eword
haeba ;eword baesekele ;eword bo ;eword teng ;eword
ha ;eword reiloetsang ;eword tobetsa ;eword
e ;eword ha ;eword reiloetsang ;eword tobetsa ;eword
ha ;eword reye ;eword
uautlwa ;eword
ithome ;eword he ;eword
utsebe ;eword hoya ;eword bontsa ;eword ausi ;eword mamello ;eword
umobontse ;eword
ha ;eword uetsuwa ;eword tobetsa ;eword
ke ;eword ya ;eword mang ;eword
ha ;eword utsebe ;eword
likhapa ;eword onkile ;eword pompong ;eword
ke ;eword yane ;eword
ha ;eword reyeng ;eword litlhare ;eword
e ;eword retlerethabe ;eword ha ;eword aureketse ;eword uautlwa ;eword
retleretene ;eword mese ;eword emecha ;eword ka ;eword keresemese ;eword
e ;eword lelekhutswanyane ;eword
ha ;eword rekape ;eword
litlhare ;eword sekana ;eword bea ;eword dintho ;eword tsena ;eword
bina ;eword hostel ;eword
bina ;eword
hostel ;eword kedula ;eword
ure ;eword babang ;eword baanyala ;eword
utlammona ;eword
e ;eword dula ;eword fatse ;eword he ;eword ausi ;eword
ke ;eword ana ;eword
retsamayeng ;eword
le ;eword kae ;eword lehe ;eword moo ;eword
ngola ;eword tje ;eword
uskanaetsa ;eword tjena ;eword
bala ;eword
uautlwa ;eword
efela ;eword useule ;eword moholo ;eword
ere ;eword kebone ;eword litlhare ;eword
ere ;eword kebone ;eword
uaeroba ;eword
ke ;eword nna ;eword enwa ;eword
likhapa ;eword ke ;eword enwa ;eword
wena ;eword litlhare ;eword
ha ;eword se ;eword yahao ;eword
likhapa ;eword ke ;eword enwa ;eword litlhare ;eword ke ;eword enwa ;eword
likhapa ;eword
dula ;eword
tloo ;eword litlhare ;eword
retlatla ;eword hobua ;eword
retleretsebe ;eword hoya ;eword kerekeng ;eword
be ;eword butle ;eword
bo ;eword butleng ;eword litlhare ;eword ausi ;eword mamello ;eword angole ;eword
ditabole ;eword litlhare ;eword
ditabole ;eword
e ;eword ska ;eword ditabola ;eword
tlohang ;eword
koloi ;eword ela ;eword ha ;eword e ;eword yo ;eword litlhare ;eword
litlhare ;eword ake ;eword ubue ;eword
ausi ;eword mamello ;eword oitse ;eword ubue ;eword
ke ;eword mang ;eword ausi ;eword eo ;eword
litlhare ;eword
diphushile ;eword
ke ;eword tsena ;eword diphushing ;eword
litlhare ;eword uaediha ;eword
litlhare ;eword ae ;eword ketlauotla ;eword ha ;eword uitswere ;eword hampe ;eword tjena ;eword
koloi ;eword ena ;eword ebileng ;eword ke ;eword yaka ;eword
ehe ;eword le ;eword nna ;eword keadibapala ;eword litlhare ;eword
le ;eword wena ;eword untseu ;eword sele ;eword
le ;eword wena ;eword u ;eword sele ;eword
litlhare ;eword uraha ;eword ngwana ;eword
che ;eword litlhare ;eword reatseba ;eword
che ;eword litlhare ;eword
ketlaumula ;eword
sheba ;eword
litlhare ;eword hle ;eword ake ;eword udule ;eword fatse ;eword
bonang ;eword na ;eword ontsa ;eword
litlhare ;eword ha ;eword khuku ;eword
litlhare ;eword hothwe ;eword utlonka ;eword dipompong ;eword ke ;eword tsena ;eword
nka ;eword
litlhare ;eword hothwe ;eword ubue ;eword na ;eword ntate ;eword mikaele ;eword o ;eword kae ;eword
ntate ;eword mikaele ;eword o ;eword kae ;eword
u ;eword leshano ;eword
ha ;eword a ;eword yo ;eword
oile ;eword kae ;eword
oile ;eword kampong ;eword
oile ;eword kae ;eword
dula ;eword litlhare ;eword pele ;eword ushapuwa ;eword
e ;eword wena ;eword untlwaetse ;eword hampe ;eword ee ;eword
dula ;eword fatse ;eword litlhare ;eword
uatseba ;eword ausi ;eword mamello ;eword akebeahlola ;eword aufa ;eword bolo ;eword yahae ;eword
tloha ;eword mona ;eword
litlhare ;eword ake ;eword utlohe ;eword
e ;eword tloo ;eword ntselle ;eword ka ;eword mona ;eword
ufuwa ;eword lamune ;eword wena ;eword litlhare ;eword
wena ;eword untseukotjoma ;eword
ke ;eword ena ;eword oseaenkile ;eword
oseaenkile ;eword ka ;eword dikobong ;eword
bonang ;eword litlhare ;eword
seka ;eword otla ;eword ngwana ;eword enwa ;eword wa ;eword batho ;eword helang ;eword
tloo ;eword retlodula ;eword fatse ;eword
butle ;eword
utlaborephinyetsa ;eword
utonositse ;eword matonosa ;eword
bua ;eword pele ;eword
ke ;eword nnyee ;eword ya ;eword eng ;eword
litlhare ;eword hantle ;eword una ;eword le ;eword eng ;eword
hothwe ;eword otlanthekela ;eword likhapha ;eword feela ;eword
akebeaurekela ;eword ha ;eword usabue ;eword
dula ;eword fatse ;eword
otlaurekela ;eword bolpen ;eword
ungole ;eword
dula ;eword fatse ;eword
ha ;eword osadule ;eword
ha ;eword ourekela ;eword
udule ;eword
uautlwa ;eword
ntho ;eword ee ;eword ke ;eword eng ;eword litlhare ;eword
mina ;eword litlhare ;eword
litlhare ;eword untsuetsang ;eword
ha ;eword useubue ;eword hothusang ;eword
litlhare ;eword tloo ;eword retlobua ;eword
ausi ;eword mamello ;eword oilolerekela ;eword dilamune ;eword
litlhare ;eword uya ;eword kae ;eword
litlhare ;eword tloo ;eword bue ;eword dilamune ;eword ke ;eword tsena ;eword
ha ;eword reye ;eword
baesekele ;eword reborata ;eword hampe ;eword rona ;eword
ha ;eword reye ;eword reiloetsang ;eword tobetsa ;eword
keya ;eword le ;eword wena ;eword kerekeng ;eword
uautlwa ;eword
e ;eword ha ;eword reye ;eword reiloetsang ;eword tobetsa ;eword
ubeubontse ;eword ausi ;eword mamello ;eword ntho ;eword entle ;eword
uautlwa ;eword
usokodisa ;eword ausi ;eword mamello ;eword
ithome ;eword
kanthenyane ;eword uneusoithome ;eword
ee ;eword uithome ;eword
ha ;eword uqetile ;eword
reye ;eword ausi ;eword mamello ;eword ailoreletsetsa ;eword kumbakumba ;eword
ausi ;eword mamello ;eword ailoreletsetsa ;eword kumbakumba ;eword
uautlwa ;eword
e ;eword ke ;eword yahao ;eword le ;eword ya ;eword ausi ;eword mamello ;eword
uye ;eword mane ;eword
retlaubolaela ;eword dinonyana ;eword
bontala ;eword bailoubolaela ;eword dinonyana ;eword
uautlwa ;eword
keujwetse ;eword etlauloma ;eword ntho ;eword ena ;eword
ere ;eword ketebele ;eword ke ;eword khwalabolokwe ;eword
ke ;eword khwalabolokwe ;eword
eja ;eword makaka ;eword
ha ;eword reyeng ;eword litlhare ;eword
ke ;eword bao ;eword batla ;eword ka ;eword dinamune ;eword
litlhare ;eword uautlwa ;eword
reye ;eword ho ;eword mme ;eword masebina ;eword mane ;eword
keitse ;eword mme ;eword masebina ;eword otlaufa ;eword dipompong ;eword
tsamaisa ;eword retsebe ;eword hotsamaya ;eword
ntate ;eword mikaele ;eword oile ;eword kae ;eword
oile ;eword kampong ;eword
oiloutlela ;eword le ;eword mose ;eword
uautlwa ;eword
utlamokhankhadisa ;eword ntala ;eword
ha ;eword u ;eword sele ;eword
ausi ;eword mamello ;eword oausiya ;eword
leletso ;eword
ke ;eword lahao ;eword
lejwe ;eword
e ;eword le ;eword lena ;eword lelekholo ;eword ke ;eword lahao ;eword
uautlwa ;eword
e ;eword leleng ;eword ke ;eword lahao ;eword
hono ;eword ke ;eword sesu ;eword
litlhare ;eword ha ;eword akhwaditisa ;eword
ha ;eword akhwaditisa ;eword dikhama ;eword dintsedile ;eword teng ;eword
se ;eword teng ;eword ka ;eword ditonong ;eword
ausi ;eword litlhare ;eword ke ;eword tseso ;eword
kere ;eword senepe ;eword sena ;eword sa ;eword rona ;eword le ;eword wena ;eword se ;eword kae ;eword ausi ;eword mamello ;eword
eya ;eword litlhare ;eword retlobua ;eword
uautlwa ;eword
e ;eword hobaneng ;eword ntate ;eword mikaele ;eword otlatla ;eword ka ;eword mantaha ;eword
otlatla ;eword aureketsa ;eword mose ;eword
uautlwa ;eword
kekene ;eword pele ;eword
kekena ;eword le ;eword litlhare ;eword pele ;eword
ha ;eword reotle ;eword teng ;eword
litlhare ;eword ena ;eword oaetamolla ;eword
uaehata ;eword yaba ;eword uekhaola ;eword
litlhare ;eword reaujwetsa ;eword
jwale ;eword tjena ;eword etlare ;eword ha ;eword reetsa ;eword kalamisa ;eword wena ;eword waetsa ;eword tobetsa ;eword
hae ;eword ubatlang ;eword
litlhare ;eword haeka ;eword ualla ;eword tjee ;eword
ullelang ;eword
seka ;eword lla ;eword
litlhare ;eword wena ;eword ha ;eword ulla ;eword tjee ;eword
tswara ;eword wena ;eword
litlhare ;eword ngola ;eword one ;eword
kapa ;eword litlhare ;eword
ke ;eword yahae ;eword wena ;eword
monehe ;eword litlhare ;eword ke ;eword ya ;eword mamakhoa ;eword
litlhare ;eword ha ;eword usa ;eword
ha ;eword ubona ;eword dilamune ;eword
ere ;eword keuebolele ;eword
ha ;eword usoqete ;eword
echo ;eword
babang ;eword basala ;eword
ere ;eword keamomona ;eword
litlhare ;eword tloo ;eword nke ;eword ntho ;eword ena ;eword
nka ;eword ke ;eword ena ;eword
litlhare ;eword tloo ;eword bone ;eword ntate ;eword mikaele ;eword ke ;eword enwa ;eword
litlhare ;eword
hothwe ;eword uilobona ;eword ntate ;eword mikaele ;eword
hlaha ;eword mo ;eword ema ;eword mona ;eword
ema ;eword kwana ;eword
litlhare ;eword dula ;eword fatse ;eword
masebina ;eword oile ;eword kae ;eword
oile ;eword masimong ;eword
uilorwala ;eword
uskanasukudisa ;eword ausi ;eword mamello ;eword
uautlwa ;eword
udule ;eword fatse ;eword
ketlaupepa ;eword
dula ;eword fatse ;eword
maoto ;eword ahao ;eword ha ;eword uahlatswe ;eword ke ;eword eng ;eword litlhare ;eword
e ;eword
utlahlatswa ;eword
uja ;eword dilamune ;eword tse ;eword maotong ;eword
bina ;eword
mpinele ;eword hostele ;eword
hostele ;eword
encha ;eword
udule ;eword hantle ;eword
uautlwa ;eword
ebe ;eword ngwanana ;eword uautlwa ;eword
eya ;eword
bua ;eword he ;eword ngwanana ;eword
bina ;eword haholo ;eword
keutlwe ;eword litlhare ;eword
keutlwe ;eword na ;eword untsureng ;eword
butle ;eword keujwetse ;eword
ere ;eword litlhare ;eword uatella ;eword
u ;eword sele ;eword uya ;eword kae ;eword
useuya ;eword kae ;eword
uya ;eword kae ;eword
dula ;eword hantle ;eword
utlobe ;eword ngwanana ;eword emotle ;eword wa ;eword mme ;eword masebina ;eword
wa ;eword mme ;eword mmasebina ;eword
atlaurekele ;eword diphushing ;eword le ;eword dibuts ;eword
uautlwa ;eword
le ;eword disentlase ;eword
uautlwa ;eword
etlare ;eword ha ;eword afihla ;eword mona ;eword umomete ;eword
uautlwa ;eword
utladihela ;eword ntho ;eword ena ;eword ya ;eword batho ;eword wena ;eword
ketlaubitsetsa ;eword phamokate ;eword
phamokate ;eword e ;eword hodima ;eword tsela ;eword
uahlodiya ;eword
utswerwe ;eword ke ;eword mokhokhotwane ;eword
utswerwe ;eword ke ;eword sefuba ;eword
utswerwe ;eword ke ;eword mokhokhotwane ;eword
utswerwe ;eword ke ;eword eng ;eword
utlatseba ;eword
litlhare ;eword keujwetse ;eword
uabona ;eword ausi ;eword mamello ;eword aufile ;eword dilamune ;eword tsahae ;eword
utloneubue ;eword hape ;eword
otlaurekela ;eword
jwale ;eword otlaurekela ;eword diapole ;eword
dula ;eword hantle ;eword he ;eword ubue ;eword
ubue ;eword hantle ;eword
umobotse ;eword ditaba ;eword
e ;eword dula ;eword
umobotse ;eword na ;eword mme ;eword masebina ;eword o ;eword kae ;eword
dula ;eword hantle ;eword
umobotse ;eword hape ;eword
mobotse ;eword na ;eword ntate ;eword michael ;eword oile ;eword kae ;eword
otlaurekela ;eword diapole ;eword ha ;eword ukamobotsa ;eword
le ;eword kae ;eword letswele ;eword
hatoha ;eword litlhare ;eword
umosielang ;eword
u ;eword leshano ;eword
hothwe ;eword ketlomonka ;eword
thola ;eword
mafura ;eword a ;eword kae ;eword moo ;eword
lee ;eword ha ;eword lena ;eword mafura ;eword
honang ;eword le ;eword mafura ;eword ke ;eword nama ;eword
uateraefa ;eword
ngola ;eword ngwe ;eword
eya ;eword ngola ;eword
ngola ;eword ngwe ;eword he ;eword
wena ;eword ungola ;eword seven ;eword jwang ;eword na ;eword wena ;eword
ngola ;eword teri ;eword
ngola ;eword five ;eword
ngola ;eword sekese ;eword
ngola ;eword sekese ;eword hantle ;eword
ungotse ;eword nine ;eword
eya ;eword unepile ;eword
ngola ;eword seven ;eword
atlangola ;eword
ngola ;eword eiti ;eword
uletsa ;eword molodi ;eword
ngola ;eword nine ;eword
ngola ;eword litlhare ;eword
mongole ;eword
bona ;eword ngwana ;eword
ha ;eword atsebe ;eword hore ;eword ngwana ;eword
mongole ;eword
mongole ;eword mona ;eword
untseuntlwaela ;eword
uatseba ;eword
tswa ;eword mona ;eword
litlhare ;eword ska ;eword otla ;eword ngwana ;eword emong ;eword
leahlodiya ;eword
matsoho ;eword a ;eword kae ;eword a ;eword ntate ;eword migaele ;eword
ke ;eword ona ;eword motoa ;eword oo ;eword
uneuseulebetse ;eword
ke ;eword maka ;eword ntho ;eword ee ;eword
matsoho ;eword a ;eword tjena ;eword
ketlaumula ;eword wena ;eword ha ;eword ke ;eword manchwathi ;eword
ketlaumula ;eword rasekhwadi ;eword
engole ;eword
ungotse ;eword lebokose ;eword
ketlauotla ;eword litlhare ;eword
uneuentse ;eword hloho ;eword etswanang ;eword le ;eword dikoloi ;eword
oantsokodisa ;eword
eya ;eword seka ;eword etswara ;eword he ;eword
ngola ;eword one ;eword yahao ;eword mona ;eword
ngola ;eword one ;eword etswanang ;eword le ;eword ena ;eword le ;eword ena ;eword
ena ;eword eitseng ;eword engole ;eword
ngola ;eword one ;eword ke ;eword ena ;eword
sheba ;eword litlhare ;eword ke ;eword ena ;eword one ;eword
engole ;eword e ;eword jwalo ;eword
koloi ;eword e ;eword kae ;eword
e ;eword ntlo ;eword ke ;eword ena ;eword
be ;eword butle ;eword wena ;eword litlhare ;eword
jwale ;eword litlhare ;eword untseuetsa ;eword tse ;eword
ngola ;eword leleme ;eword
lengole ;eword
letswanang ;eword le ;eword lena ;eword
lengole ;eword
ubatlileulenepa ;eword
lengole ;eword hantle ;eword
ngola ;eword meno ;eword
ke ;eword ana ;eword angole ;eword
ngola ;eword nko ;eword
nko ;eword ya ;eword podi ;eword
ya ;eword podi ;eword
ya ;eword khomo ;eword utlaeetsa ;eword neng ;eword
nko ;eword ya ;eword podi ;eword
ngola ;eword nko ;eword ya ;eword likhapha ;eword
engole ;eword mona ;eword
nko ;eword ya ;eword likhapha ;eword
ya ;eword thabo ;eword
ya ;eword thabo ;eword e ;eword jwang ;eword na ;eword banna ;eword
nama ;eword etsa ;eword tjena ;eword litlhare ;eword
seka ;eword emisa ;eword maoto ;eword
eke ;eword uetse ;eword jwale ;eword
efela ;eword utlaba ;eword motle ;eword
bala ;eword na ;eword uitseng ;eword mona ;eword
bala ;eword litlhare ;eword
ae ;eword litlhare ;eword ska ;eword mootla ;eword
bala ;eword mona ;eword oitseng ;eword
bala ;eword ungotseng ;eword
bo ;eword butle ;eword
kere ;eword kwenya ;eword
bala ;eword haholo ;eword
sekana ;eword sebela ;eword
bala ;eword haholo ;eword
sekana ;eword sebela ;eword
utlawela ;eword
ke ;eword ditaba ;eword tsekholo ;eword
ke ;eword ena ;eword koloi ;eword
umoetsang ;eword
ngola ;eword lebitso ;eword la ;eword hao ;eword
bo ;eword butle ;eword le ;eword wena ;eword manchwathi ;eword
tswara ;eword tjee ;eword
etsware ;eword tjee ;eword
ungole ;eword lebitso ;eword lahao ;eword
uautlwa ;eword
ngola ;eword nko ;eword he ;eword
likhapha ;eword none ;eword
litlhare ;eword
e ;eword lengole ;eword he ;eword
e ;eword tloo ;eword keubontse ;eword
tlisa ;eword keubontse ;eword
ngola ;eword lebitso ;eword la ;eword ntate ;eword mikaele ;eword mona ;eword
u ;eword leshano ;eword
etsware ;eword he ;eword
keubontse ;eword na ;eword ulengole ;eword jwang ;eword
litlhare ;eword
litlhare ;eword ntlohelle ;eword
ngola ;eword he ;eword
otlongola ;eword manteterwane ;eword asatlalang ;eword feela ;eword
eksaese ;eword ena ;eword ese ;eword ebile ;eword etletse ;eword manteterwane ;eword
litlhare ;eword
utlare ;eword manteterwane ;eword
ha ;eword ungola ;eword koloi ;eword
kebona ;eword mabidi ;eword ana ;eword a ;eword koloi ;eword
hoo ;eword ahotsebang ;eword ke ;eword one ;eword
ngola ;eword
kae ;eword
utswile ;eword madi ;eword
uskabathonkheha ;eword
yes ;eword utlaba ;eword ngwanana ;eword jwale ;eword he ;eword
ngola ;eword he ;eword
ungole ;eword
mehla ;eword e ;eword uebea ;eword tjee ;eword
ha ;eword resatseba ;eword na ;eword hoengola ;eword se ;eword jwang ;eword ka ;eword lebaka ;eword la ;eword ngwana ;eword enwa ;eword
ngola ;eword
bina ;eword
bala ;eword mona ;eword na ;eword hoitsweng ;eword
keubontse ;eword la ;eword ausi ;eword mamello ;eword
utlolengole ;eword
uautlwa ;eword
bo ;eword butle ;eword
ke ;eword lena ;eword moo ;eword kelengotseng ;eword
ska ;eword ngola ;eword mona ;eword
uanqhekella ;eword
tlisa ;eword kebone ;eword
ngola ;eword ausi ;eword mamello ;eword
tlisa ;eword keungole ;eword litlhare ;eword
u ;eword ngwana ;eword motle ;eword
etabohile ;eword
ke ;eword enwa ;eword
suitcase ;eword
uephuntse ;eword litlhare ;eword
ntho ;eword eo ;eword ealla ;eword
phumola ;eword
bonang ;eword
leanyoloha ;eword le ;eword mane ;eword
ke ;eword lane ;eword
ha ;eword enyoloha ;eword
litlhare ;eword ntho ;eword yahae ;eword ke ;eword ena ;eword
ke ;eword ena ;eword
metsi ;eword a ;eword mangata ;eword
ha ;eword kebua ;eword leanyoloha ;eword
mphe ;eword lekoko ;eword
bantsebauqala ;eword
ke ;eword ena ;eword he ;eword litlhare ;eword
ketlaubitsa ;eword litlhare ;eword
untsuetsa ;eword tjena ;eword
ke ;eword lengolo ;eword hona ;eword hona ;eword
uatseba ;eword
kengole ;eword likhapha ;eword
ke ;eword ya ;eword ausi ;eword mamello ;eword bolephene ;eword ena ;eword
litlhare ;eword
nka ;eword ke ;eword bona ;eword
bala ;eword na ;eword keitseng ;eword
u ;eword leshano ;eword
keitse ;eword litlhare ;eword none ;eword likhapha ;eword none ;eword mme ;eword masebina ;eword none ;eword
u ;eword leshano ;eword litlhare ;eword
likhapa ;eword litlhare ;eword ako ;eword bue ;eword matebeleng ;eword
harafolotsane ;eword ke ;eword kae ;eword
ha ;eword moharamotinyane ;eword ke ;eword hokae ;eword
natala ;eword ke ;eword kae ;eword
hona ;eword leboteng ;eword moo ;eword
maseru ;eword ke ;eword kae ;eword
hona ;eword dihlohlolong ;eword moo ;eword
kampong ;eword ke ;eword kae ;eword
kampong ;eword ke ;eword kae ;eword litlhare ;eword
leboteng ;eword moo ;eword
ntlholoetsane ;eword ke ;eword kae ;eword
oo ;eword moo ;eword hona ;eword moo ;eword
oo ;eword kantle ;eword moo ;eword
hona ;eword matebeleng ;eword moo ;eword
tloo ;eword keubontse ;eword
romeng ;eword ke ;eword kae ;eword
di ;eword monate ;eword
litlhare ;eword ungotse ;eword six ;eword
uautlwa ;eword
hothwe ;eword utlongola ;eword mme ;eword wahao ;eword le ;eword ntate ;eword wahao ;eword wena ;eword
tloo ;eword ketlouetsa ;eword koko ;eword
wena ;eword useule ;eword koko ;eword
keja ;eword bana ;eword
keilomopheha ;eword
