e ;eword
sebina ;eword o ;eword kae ;eword
kae ;eword
poone ;eword
litlhare ;eword
mose ;eword ke ;eword wa ;eword mang ;eword
ooreketswe ;eword ke ;eword mang ;eword
diphukhu ;eword
e ;eword kae ;eword phukhu ;eword
khothola ;eword yahao ;eword
bona ;eword uaelahla ;eword
o ;eword ha ;eword mme ;eword masepono ;eword
hoo ;eword ke ;eword eng ;eword
hoo ;eword ke ;eword eng ;eword
hoo ;eword
hoo ;eword ke ;eword eng ;eword hoo ;eword
hoo ;eword
hoo ;eword ke ;eword eng ;eword
hona ;eword
hoo ;eword ke ;eword eng ;eword hoo ;eword
eng ;eword
hoo ;eword ke ;eword eng ;eword
dula ;eword jwalo ;eword ka ;eword basadi ;eword mme ;eword
bina ;eword mme ;eword
ubina ;eword koloi ;eword
ere ;eword ke ;eword ledinyane ;eword
kere ;eword na ;eword ke ;eword eng ;eword hona ;eword
hoo ;eword ke ;eword eng ;eword
keloefa ;eword namane ;eword
oh ;eword
e ;eword
dula ;eword fatse ;eword hosesa ;eword mme ;eword
hoo ;eword ke ;eword eng ;eword
ke ;eword la ;eword mang ;eword
dula ;eword hantle ;eword
tloo ;eword
tloo ;eword ho ;eword mme ;eword misstress ;eword wan ;eword thu ;eword
matha ;eword he ;eword
entseele ;eword mang ;eword oetsang ;eword
oushapile ;eword kae ;eword
monana ;eword
umoshape ;eword hore ;eword
uautlwa ;eword
uamobona ;eword ha ;eword kemoshapa ;eword
tloo ;eword kwano ;eword mme ;eword
moshape ;eword masebina ;eword
moshape ;eword
tloo ;eword kwano ;eword
hela ;eword
e ;eword tloo ;eword mphe ;eword
ke ;eword ena ;eword phafa ;eword
ke ;eword ena ;eword
ere ;eword nkhono ;eword
e ;eword
tloo ;eword nke ;eword phafa ;eword ke ;eword ena ;eword mme ;eword
tloo ;eword fe ;eword naina ;eword ntho ;eword entle ;eword
tloo ;eword fe ;eword naina ;eword ntho ;eword entle ;eword
litlhare ;eword
uetsang ;eword
tloo ;eword mme ;eword
akhela ;eword ausi ;eword mamello ;eword
moakhele ;eword
oaakhela ;eword mang ;eword
nkapise ;eword
ketlaenka ;eword jwale ;eword hobane ;eword uaelahla ;eword
tloo ;eword
ha ;eword retsamaye ;eword relopheha ;eword
e ;eword kae ;eword
uenkile ;eword kae ;eword
ke ;eword mme ;eword
ke ;eword mme ;eword
e ;eword litlhare ;eword
litlhare ;eword
litlhare ;eword
eng ;eword
ke ;eword eng ;eword
phukhu ;eword
ditswa ;eword kae ;eword
ke ;eword ya ;eword mang ;eword phukhu ;eword eo ;eword
ha ;eword utsebe ;eword
ke ;eword tsena ;eword
e ;eword
e ;eword
uthonakang ;eword mme ;eword
uthonakang ;eword
ding ;eword
ding ;eword
diphukhu ;eword
ntselle ;eword he ;eword
namane ;eword o ;eword kae ;eword
kere ;eword na ;eword namane ;eword o ;eword kae ;eword
namane ;eword o ;eword kae ;eword
kere ;eword na ;eword sebina ;eword o ;eword kae ;eword
tlase ;eword
oetsang ;eword
oetsang ;eword
oasebetsa ;eword
mpinane ;eword o ;eword kae ;eword
oetsang ;eword
oasebetsa ;eword
ya ;eword mang ;eword
ufuwang ;eword
e ;eword mme ;eword
ke ;eword wa ;eword mang ;eword mose ;eword
wa ;eword mang ;eword
kere ;eword na ;eword ke ;eword wa ;eword mang ;eword
wa ;eword mme ;eword
kae ;eword
enngwe ;eword ke ;eword ena ;eword
nka ;eword tsena ;eword
diphukhu ;eword
uenkile ;eword kae ;eword
ke ;eword ena ;eword
khothola ;eword yahao ;eword
uetsang ;eword
bona ;eword ntho ;eword ena ;eword
ke ;eword eng ;eword hoo ;eword
hoo ;eword ke ;eword eng ;eword
kere ;eword hona ;eword ke ;eword eng ;eword hona ;eword
hoo ;eword ke ;eword eng ;eword
hoo ;eword
hoo ;eword
e ;eword e ;eword
enwa ;eword oetsa ;eword ka ;eword tsepedi ;eword
hoo ;eword ke ;eword eng ;eword moo ;eword
ele ;eword nngwe ;eword feela ;eword
tsepedi ;eword ke ;eword tsena ;eword
dieta ;eword di ;eword kae ;eword
e ;eword litlhare ;eword
hela ;eword mosetsana ;eword
dieta ;eword di ;eword kae ;eword
kae ;eword
kae ;eword
kae ;eword
ntate ;eword ke ;eword yane ;eword
ntate ;eword
mang ;eword
oile ;eword kae ;eword
m ;eword
masimong ;eword
ere ;eword oile ;eword gauteng ;eword
dula ;eword jwalo ;eword ka ;eword basadi ;eword
hoo ;eword ke ;eword eng ;eword hoo ;eword
hoo ;eword ke ;eword eng ;eword
ke ;eword eng ;eword
ya ;eword mang ;eword
ya ;eword masebina ;eword
ausi ;eword mamello ;eword oaubitsa ;eword
eng ;eword
ding ;eword
ding ;eword
ere ;eword diphukhu ;eword
dula ;eword jwalo ;eword ka ;eword basadi ;eword
udutse ;eword na ;eword
uqetile ;eword
ereng ;eword ketsele ;eword mona ;eword
e ;eword litlhare ;eword
mme ;eword ophehileng ;eword
le ;eword eng ;eword
ere ;eword le ;eword mokopu ;eword hape ;eword
na ;eword mme ;eword ophehile ;eword papa ;eword le ;eword mokopu ;eword
ke ;eword eng ;eword hoo ;eword mme ;eword
litlhare ;eword
ke ;eword eng ;eword
kere ;eword na ;eword ke ;eword eng ;eword hona ;eword
hoo ;eword ke ;eword eng ;eword hoo ;eword
ere ;eword ke ;eword kumbakumba ;eword
ke ;eword kumbakumba ;eword
ya ;eword mang ;eword
ya ;eword mang ;eword
ya ;eword ausi ;eword mamello ;eword
ya ;eword mang ;eword
e ;eword
ere ;eword ke ;eword ya ;eword lekhowa ;eword
ke ;eword ausi ;eword mamello ;eword
uautlwa ;eword
ke ;eword ausi ;eword mamello ;eword
kethonakang ;eword mme ;eword
ding ;eword
ding ;eword
mpho ;eword o ;eword kae ;eword
ke ;eword ding ;eword
bina ;eword mme ;eword keutlwe ;eword
bina ;eword keutlwe ;eword
bina ;eword koloi ;eword ena ;eword
dula ;eword mona ;eword
bina ;eword koloi ;eword ena ;eword mme ;eword
ere ;eword koloi ;eword
mpinane ;eword kere ;eword ketlourekela ;eword dipompong ;eword
uitse ;eword koloi ;eword
ke ;eword tsena ;eword
ke ;eword tsena ;eword
ke ;eword sena ;eword
se ;eword kae ;eword
seng ;eword
ke ;eword tseo ;eword
ukhotholela ;eword mang ;eword
ketseba ;eword hoeboha ;eword
uaeboha ;eword
ke ;eword tsena ;eword kaofela ;eword
ding ;eword
ding ;eword
hoo ;eword ke ;eword eng ;eword hoo ;eword
e ;eword mme ;eword
hoo ;eword ke ;eword eng ;eword moo ;eword
e ;eword mme ;eword
litlhare ;eword
eke ;eword ntswepelele ;eword enyane ;eword enyenyane ;eword moo ;eword feela ;eword
ere ;eword ketswepele ;eword he ;eword
ke ;eword mang ;eword
mang ;eword
mang ;eword
mang ;eword
ke ;eword ena ;eword
di ;eword kae ;eword
hakere ;eword ketlaurekela ;eword pompong ;eword he ;eword
uautlwa ;eword litlhare ;eword
keilobapala ;eword
ebola ;eword mme ;eword
ebola ;eword
keebola ;eword le ;eword wena ;eword litlhare ;eword
uqetile ;eword
nka ;eword enngwe ;eword ke ;eword ena ;eword mona ;eword
e ;eword kae ;eword
nka ;eword ebola ;eword mokhotsi ;eword
ebola ;eword
uautlwa ;eword mme ;eword
uebolang ;eword
eng ;eword
lemao ;eword ke ;eword lane ;eword
lemao ;eword
ke ;eword tsena ;eword
ke ;eword mokhotsi ;eword
hoo ;eword ntho ;eword ke ;eword eng ;eword
ke ;eword eng ;eword hoo ;eword
e ;eword
hoo ;eword
eng ;eword
ke ;eword mang ;eword
ke ;eword mang ;eword mme ;eword
ebola ;eword mme ;eword
ha ;eword rerobale ;eword litlhare ;eword
litlhare ;eword bona ;eword dintho ;eword ke ;eword tsena ;eword dingata ;eword
ke ;eword tsena ;eword
ke ;eword tsane ;eword tseding ;eword kwana ;eword
khothola ;eword mme ;eword ke ;eword tsena ;eword
kere ;eword khothola ;eword
ke ;eword mang ;eword
tsela ;eword beiseneng ;eword
unka ;eword enyenyane ;eword
ha ;eword reetse ;eword hlanaphetho ;eword litlhare ;eword
litlhare ;eword hei ;eword ha ;eword reetse ;eword hlanaphetho ;eword
ha ;eword reetse ;eword hlanaphetho ;eword litlhare ;eword
tloo ;eword reetse ;eword jwalo ;eword
litlhare ;eword tloo ;eword nke ;eword ntho ;eword encha ;eword
tloo ;eword nke ;eword
tloo ;eword bone ;eword
tloo ;eword dula ;eword mona ;eword mokhotsi ;eword waka ;eword
tloo ;eword dule ;eword mokhotsi ;eword
eng ;eword
ke ;eword eng ;eword yona ;eword eo ;eword
urwetseng ;eword mokhotsi ;eword
litlhare ;eword ha ;eword relobapala ;eword
litlhare ;eword ha ;eword relobapala ;eword
ha ;eword relobapala ;eword
mokhotsi ;eword ha ;eword rebapale ;eword
uautlwa ;eword
ketlaurekela ;eword dipompong ;eword
uautlwa ;eword
uautlwa ;eword mokhotsi ;eword waka ;eword
kenekere ;eword ketlaufa ;eword dipompong ;eword
mane ;eword
jwalo ;eword ka ;eword letsetse ;eword
tloo ;eword rwale ;eword tuku ;eword mme ;eword
tloo ;eword ketlourwesa ;eword
ooh ;eword kenekere ;eword utlaba ;eword sindosindo ;eword
jwale ;eword u ;eword mobe ;eword
bina ;eword mme ;eword
bina ;eword wena ;eword mokhotsi ;eword
oo ;eword keneketlaufa ;eword ntho ;eword entle ;eword
ebile ;eword ketlautima ;eword le ;eword bona ;eword
ke ;eword mang ;eword eo ;eword ke ;eword ausi ;eword mang ;eword
ke ;eword ausi ;eword mang ;eword eo ;eword
e ;eword
jaa ;eword mme ;eword
tloo ;eword je ;eword
jaa ;eword
ujang ;eword
mphe ;eword lejwe ;eword mono ;eword
mphe ;eword lejwe ;eword
ke ;eword lena ;eword
litlhare ;eword
mphe ;eword lejwe ;eword ke ;eword leno ;eword
mphe ;eword lejwe ;eword ke ;eword lena ;eword
oo ;eword bona ;eword mokhotsi ;eword keneketlaufa ;eword dipompong ;eword he ;eword
ke ;eword lena ;eword
ke ;eword lena ;eword
ke ;eword lena ;eword
ke ;eword lena ;eword ulefeta ;eword
tsamaya ;eword uye ;eword holelata ;eword
tsamaya ;eword
tsamaya ;eword
tsamaya ;eword
matha ;eword he ;eword
leng ;eword
ntlele ;eword le ;eword leleng ;eword ke ;eword lane ;eword
ke ;eword leno ;eword
e ;eword
ke ;eword lena ;eword ke ;eword leo ;eword
ke ;eword leno ;eword
ke ;eword lena ;eword mme ;eword
dula ;eword fatse ;eword usese ;eword
tloo ;eword mphe ;eword
hoo ;eword ke ;eword eng ;eword hoo ;eword
tloo ;eword kwano ;eword ketloubontsa ;eword
tloo ;eword ketloubontsa ;eword
hoo ;eword ke ;eword eng ;eword hoo ;eword
hoo ;eword ekang ;eword ke ;eword metsi ;eword hoo ;eword
ke ;eword metsi ;eword a ;eword ng ;eword
a ;eword ng ;eword
e ;eword
e ;eword
e ;eword
m ;eword
uipatile ;eword
e ;eword
lejwe ;eword
dula ;eword fatse ;eword
ke ;eword hore ;eword ke ;eword tsa ;eword motho ;eword
ha ;eword etlohe ;eword mona ;eword
tsamaya ;eword hotsela ;eword sekotlolong ;eword
ke ;eword eng ;eword
ke ;eword eng ;eword
tloo ;eword mme ;eword
e ;eword
e ;eword
tloo ;eword mphe ;eword
u ;eword sindo ;eword sindo ;eword
uautlwa ;eword mme ;eword
thupa ;eword
tsamaya ;eword hoebatla ;eword
tloo ;eword ketlobona ;eword hore ;eword na ;eword uetsa ;eword jwang ;eword mme ;eword
unkile ;eword eng ;eword mme ;eword
ipate ;eword otliloushapa ;eword mme ;eword
otloushapa ;eword
ha ;eword ketsebe ;eword na ;eword ke ;eword leng ;eword ke ;eword leo ;eword
ya ;eword mang ;eword
ya ;eword masebina ;eword
nka ;eword lahla ;eword ena ;eword
kae ;eword
kae ;eword
ha ;eword uakhathala ;eword mme ;eword
tloo ;eword kwano ;eword mme ;eword
baleha ;eword
mang ;eword
mang ;eword
mang ;eword
moshape ;eword
o ;eword kae ;eword
tloo ;eword kwano ;eword mme ;eword ketloubotsa ;eword hore ;eword na ;eword ushapile ;eword masebina ;eword kae ;eword
tloo ;eword kwano ;eword
phakisa ;eword kapele ;eword
moshape ;eword masebina ;eword
moshape ;eword
ushapile ;eword masebina ;eword kae ;eword
e ;eword tloo ;eword mphe ;eword mme ;eword
uakutlula ;eword le ;eword mangwele ;eword ana ;eword
keaitlhaba ;eword
tloo ;eword ipate ;eword mona ;eword
ke ;eword eng ;eword
tloo ;eword lwane ;eword
litlhare ;eword
tloo ;eword nke ;eword phafa ;eword ke ;eword ena ;eword
phafa ;eword ketloukhella ;eword phafa ;eword
e ;eword kae ;eword
ekhe ;eword mme ;eword
ukhang ;eword mme ;eword
uaefothola ;eword
e ;eword
ketloukhellang ;eword
ushapa ;eword mang ;eword
mpinane ;eword
o ;eword kae ;eword mpinane ;eword
kae ;eword
jwale ;eword ke ;eword ha ;eword uetsang ;eword
uetsang ;eword moo ;eword
usebetsang ;eword
sekanshapa ;eword
tloo ;eword mme ;eword utloketa ;eword
tloo ;eword retloketa ;eword
tloo ;eword kete ;eword
tloo ;eword tlodise ;eword mme ;eword
tloo ;eword tlola ;eword mme ;eword
rebapala ;eword ka ;eword eng ;eword
e ;eword mme ;eword
uaketa ;eword
uetsang ;eword mme ;eword
uetsang ;eword
e ;eword
tloo ;eword
hele ;eword
kapa ;eword he ;eword mme ;eword
ujang ;eword
eng ;eword
ujang ;eword
m ;eword
oitseng ;eword
umofileng ;eword mme ;eword
eng ;eword
umofile ;eword papa ;eword
umofile ;eword
uetsang ;eword
ee ;eword beha ;eword sekoch ;eword
nkadime ;eword bolo ;eword
ee ;eword sekahlwa ;eword
ha ;eword keunyolle ;eword
khutla ;eword
tloo ;eword
tloo ;eword nkapise ;eword
nkapise ;eword
tloo ;eword ka ;eword tlung ;eword
ke ;eword eo ;eword
ha ;eword e ;eword yo ;eword
litlhare ;eword nkadime ;eword bolo ;eword
akhela ;eword
akhela ;eword
e ;eword
nka ;eword poone ;eword unkadime ;eword bolo ;eword
nka ;eword
nkadime ;eword le ;eword bolo ;eword keerahe ;eword
tlisa ;eword poone ;eword yaka ;eword
akhela ;eword keerahe ;eword
kapa ;eword
akhela ;eword he ;eword
kapa ;eword
hela ;eword euhatile ;eword
ehete ;eword
akhela ;eword
nkapise ;eword
tlisa ;eword poone ;eword
nkadime ;eword yona ;eword
dumelang ;eword basetsana ;eword
e ;eword
