ke ;eword mang ;eword yanengaqhala ;eword
ke ;eword mang ;eword yanengaqhala ;eword
e ;eword jwale ;eword retloja ;eword makalokalo ;eword a ;eword bohobe ;eword
uautlwa ;eword mme ;eword
ubone ;eword ha ;eword esale ;eword eo ;eword moo ;eword
uaebona ;eword moo ;eword
ha ;eword e ;eword yo ;eword
ha ;eword se ;eword tswekere ;eword ntho ;eword ena ;eword
ke ;eword eng ;eword hoo ;eword
hoo ;eword ke ;eword eng ;eword hoo ;eword
hoo ;eword ke ;eword eng ;eword
hothwe ;eword urwale ;eword katiba ;eword
nka ;eword
rwala ;eword mme ;eword
rwala ;eword kebone ;eword na ;eword u ;eword motle ;eword
ke ;eword hore ;eword haholo ;eword
ke ;eword hobane ;eword u ;eword motle ;eword
ikame ;eword wena ;eword utlotsebe ;eword hobe ;eword motle ;eword
urwetseng ;eword
katiba ;eword
uaerola ;eword
kerwale ;eword
nnake ;eword hoja ;eword ha ;eword keerwala ;eword keneketlaerwala ;eword ka ;eword lestitch ;eword
babang ;eword baerwala ;eword ka ;eword lestitch ;eword
beha ;eword katiba ;eword ena ;eword mono ;eword
uebehile ;eword kae ;eword
mme ;eword mang ;eword
ke ;eword ausi ;eword mang ;eword
hoo ;eword
kumbakumba ;eword
ha ;eword se ;eword moo ;eword sekolong ;eword
sekolong ;eword ke ;eword mono ;eword abuti ;eword masela ;eword sa ;eword rona ;eword seo ;eword
uile ;eword sekolong ;eword sesenyenyane ;eword
e ;eword
nna ;eword keahana ;eword
keetsang ;eword
ere ;eword ausi ;eword
e ;eword
oetsang ;eword
ha ;eword keetsang ;eword
ke ;eword ausi ;eword tlalane ;eword
tafoleng ;eword
ke ;eword mang ;eword yachong ;eword jwalo ;eword
mang ;eword
mme ;eword maleloko ;eword
ka ;eword kae ;eword
kannete ;eword
alala ;eword
bona ;eword kotsi ;eword yaka ;eword
bona ;eword kotsi ;eword mme ;eword
uaebona ;eword kotsi ;eword
kotsi ;eword
uentse ;eword jwang ;eword mme ;eword
eng ;eword
kannete ;eword
kae ;eword
m ;eword
reetse ;eword jwang ;eword
uetsang ;eword
rebaleha ;eword nku ;eword
kebaleha ;eword nku ;eword
uaetsaba ;eword
litlhare ;eword uneukangwa ;eword ke ;eword mang ;eword
ke ;eword mang ;eword elwa ;eword
litlhare ;eword bona ;eword e ;eword diretse ;eword
khutla ;eword mme ;eword
matha ;eword
otlauja ;eword mosi ;eword
feela ;eword empa ;eword lelobapala ;eword
tloo ;eword mphe ;eword mme ;eword
litlhare ;eword nka ;eword karete ;eword
nka ;eword karete ;eword
karete ;eword ke ;eword enana ;eword
nka ;eword karete ;eword ena ;eword litlhare ;eword
dikarete ;eword tsena ;eword
ere ;eword five ;eword seven ;eword nine ;eword litlhare ;eword
ubapalang ;eword mme ;eword
ding ;eword
retlalaolla ;eword
ditheole ;eword
uautlwa ;eword
ketladilaolla ;eword
ere ;eword kelaolle ;eword
utlwa ;eword ketlaukwalla ;eword
uya ;eword kae ;eword mme ;eword
uya ;eword kae ;eword
ke ;eword ena ;eword
ke ;eword ya ;eword mang ;eword
uetsela ;eword ka ;eword mobu ;eword
efedile ;eword
dula ;eword fatse ;eword moo ;eword
tloo ;eword keufe ;eword pele ;eword he ;eword
kebala ;eword five ;eword
ke ;eword taba ;eword yahao ;eword ha ;eword kefiela ;eword
e ;eword litlhare ;eword
tswa ;eword
botsele ;eword
ha ;eword se ;eword papa ;eword ntho ;eword ena ;eword ke ;eword bohobe ;eword
ke ;eword eng ;eword litlhare ;eword
ke ;eword mang ;eword yanengaqhala ;eword
ke ;eword mang ;eword yanengaqhala ;eword
e ;eword
tlohela ;eword betheng ;eword mono ;eword
ke ;eword wena ;eword
ke ;eword wena ;eword
ke ;eword mang ;eword
ke ;eword bohobe ;eword ntho ;eword ena ;eword
uankototsa ;eword
ska ;eword nkototsa ;eword
uboqetile ;eword
ha ;eword uaqeta ;eword
rwala ;eword
rwala ;eword
ukhotse ;eword
keuqetetse ;eword
nka ;eword bohobe ;eword
uahlahela ;eword
nna ;eword keloulota ;eword
ketlabona ;eword hore ;eword na ;eword utlaya ;eword kae ;eword
keya ;eword hape ;eword
ha ;eword kehlaha ;eword ure ;eword e ;eword kae ;eword
uaidihela ;eword
ha ;eword ketla ;eword le ;eword moo ;eword useuntseutla ;eword umatha ;eword
ke ;eword mang ;eword
litlhare ;eword ke ;eword mang ;eword yaotsosang ;eword
ke ;eword mang ;eword yaotsosang ;eword
litlhare ;eword ha ;eword kemotsosa ;eword ore ;eword basadi ;eword
ha ;eword
basadi ;eword ke ;eword eng ;eword
oo ;eword
keausiya ;eword
tsamaya ;eword
uetsang ;eword mme ;eword
uetsang ;eword
u ;eword kobong ;eword
hoitswe ;eword retlobapala ;eword ka ;eword tlung ;eword ka ;eword mona ;eword wena ;eword
hoitswe ;eword retlobapala ;eword
hothwe ;eword retlobapala ;eword ka ;eword tlung ;eword ka ;eword mona ;eword wena ;eword
tloo ;eword litlhare ;eword
tloo ;eword nke ;eword
tloo ;eword nke ;eword mollo ;eword ona ;eword utlwebe ;eword
nka ;eword
tlweba ;eword
ke ;eword eng ;eword
nka ;eword litlhare ;eword
tloo ;eword kwano ;eword
bare ;eword utlonka ;eword watch ;eword
lebapale ;eword ka ;eword tlung ;eword ka ;eword mona ;eword
uautlwa ;eword mme ;eword
kantle ;eword hoabata ;eword
kantle ;eword hoabata ;eword
e ;eword kae ;eword mme ;eword
eng ;eword
e ;eword kae ;eword
ke ;eword eng ;eword ka ;eword moo ;eword
ke ;eword eng ;eword ka ;eword moo ;eword
eneele ;eword motoho ;eword wena ;eword
otswa ;eword kae ;eword
kae ;eword
mane ;eword kae ;eword
ausi ;eword tlalane ;eword ore ;eword oneotswa ;eword ha ;eword ausi ;eword mamajoro ;eword
oneotswa ;eword ha ;eword ausi ;eword mamajoro ;eword
renereile ;eword le ;eword boausi ;eword masebina ;eword le ;eword bolitlhare ;eword
ke ;eword eng ;eword hoo ;eword
ke ;eword eng ;eword
hona ;eword hoo ;eword mme ;eword
ke ;eword eng ;eword
ya ;eword mang ;eword
ya ;eword mang ;eword
ausi ;eword mamello ;eword
oerekile ;eword kae ;eword
kae ;eword
maobane ;eword
kae ;eword
kae ;eword
kae ;eword
hoo ;eword ke ;eword eng ;eword hoo ;eword
hoo ;eword
ke ;eword eng ;eword
wa ;eword mang ;eword
mang ;eword
mme ;eword wa ;eword sebina ;eword
eng ;eword
laka ;eword
ha ;eword se ;eword laka ;eword nna ;eword
ha ;eword utsehe ;eword
nka ;eword hothwe ;eword urwale ;eword
katiba ;eword ke ;eword ena ;eword
bonang ;eword enwa ;eword
uautlwa ;eword mme ;eword
ya ;eword mang ;eword
ya ;eword mang ;eword
uenkile ;eword maobane ;eword
kae ;eword
kwana ;eword
mme ;eword wahao ;eword ke ;eword yane ;eword ha ;eword mme ;eword mantsuoe ;eword wena ;eword
ke ;eword mang ;eword eo ;eword
ke ;eword mang ;eword
ke ;eword namane ;eword
ke ;eword ngwana ;eword wa ;eword mang ;eword
wa ;eword mang ;eword
wa ;eword namane ;eword
ka ;eword nnete ;eword
uneuile ;eword kae ;eword motsehare ;eword
motsehare ;eword uneuile ;eword kae ;eword kentsekeobatla ;eword
ke ;eword mang ;eword eo ;eword
eng ;eword
ya ;eword mang ;eword
ya ;eword sebina ;eword
ka ;eword nnete ;eword
hoo ;eword ke ;eword eng ;eword hoo ;eword
ya ;eword mang ;eword
ka ;eword nnete ;eword
uaerwala ;eword
eng ;eword
m ;eword
uabona ;eword eautswanela ;eword
ke ;eword mang ;eword
mme ;eword mang ;eword
mme ;eword masebina ;eword
e ;eword
hothwe ;eword na ;eword ubua ;eword le ;eword mang ;eword
ke ;eword mang ;eword
uskaesarolla ;eword mme ;eword
utlaetabola ;eword
uaetabola ;eword
ke ;eword mang ;eword eo ;eword hothweng ;eword ke ;eword litlhare ;eword
ke ;eword mang ;eword eo ;eword
ke ;eword mang ;eword eo ;eword
ere ;eword kapukapu ;eword
mang ;eword
ke ;eword mang ;eword
ere ;eword ntate ;eword makapukapu ;eword hle ;eword mmannyeo ;eword
makapukapu ;eword
ke ;eword ntate ;eword makapukapu ;eword
ha ;eword se ;eword ntate ;eword kapukapu ;eword
ke ;eword ntate ;eword mang ;eword
uatseba ;eword bo ;eword
ke ;eword ntate ;eword mang ;eword
hola ;eword ke ;eword eng ;eword
ke ;eword eng ;eword hoo ;eword
ke ;eword eng ;eword hoo ;eword
hoo ;eword
ya ;eword mang ;eword
e ;eword
ka ;eword mane ;eword ke ;eword eng ;eword na ;eword
ke ;eword eng ;eword
sekolong ;eword
babang ;eword badula ;eword ho ;eword seseholo ;eword
uneusautlwe ;eword ha ;eword renerebina ;eword
tafole ;eword
uerekile ;eword kae ;eword
kae ;eword
kae ;eword
hokae ;eword
eng ;eword
utlwa ;eword
uetsang ;eword
uakumbakumba ;eword
ke ;eword mang ;eword mme ;eword
ke ;eword mang ;eword
ke ;eword wena ;eword
ketlaushapa ;eword ha ;eword untseubapala ;eword tlasa ;eword tafole ;eword mona ;eword
uautlwa ;eword
e ;eword
e ;eword
e ;eword
mme ;eword
oreng ;eword
ore ;eword utlohe ;eword tafoleng ;eword
jwale ;eword wena ;eword uitseng ;eword
dula ;eword mona ;eword
jwale ;eword wena ;eword uileuareng ;eword
uileuareng ;eword
kae ;eword
ke ;eword eng ;eword hola ;eword
ke ;eword mme ;eword mang ;eword
mme ;eword maleloko ;eword ha ;eword a ;eword ka ;eword kwana ;eword
o ;eword ka ;eword kwana ;eword ka ;eword kampong ;eword
uentse ;eword jwang ;eword moo ;eword
uentse ;eword jwang ;eword
maleloko ;eword
mang ;eword
mang ;eword
ke ;eword mang ;eword
ke ;eword mang ;eword
maleloko ;eword
ere ;eword nkhono ;eword
m ;eword nkhono ;eword mang ;eword
nkhono ;eword maleloko ;eword
nkhono ;eword maleloko ;eword
eo ;eword ke ;eword mang ;eword
elwa ;eword ke ;eword mang ;eword
ntate ;eword mang ;eword
mang ;eword
mang ;eword
mang ;eword
kannete ;eword
kannete ;eword
maleloko ;eword
nkhono ;eword maleloko ;eword ke ;eword yane ;eword
michael ;eword
oafihla ;eword
otswa ;eword kae ;eword
utswa ;eword kae ;eword
utswa ;eword kae ;eword
matebeleng ;eword
ke ;eword kae ;eword matebeleng ;eword
oabina ;eword
oreng ;eword ha ;eword abina ;eword
oreng ;eword
oreng ;eword
ke ;eword eng ;eword hoo ;eword
ke ;eword eng ;eword
e ;eword
e ;eword
sweet ;eword aid ;eword
sweet ;eword aid ;eword
m ;eword
he ;eword
uetsang ;eword
sweet ;eword aid ;eword mokhotsi ;eword
ke ;eword eng ;eword
ke ;eword kotsi ;eword
kannete ;eword
e ;eword kotsi ;eword ekale ;eword
uentse ;eword jwang ;eword
ke ;eword eng ;eword
o ;eword bohloko ;eword
kannete ;eword
ho ;eword jwang ;eword
o ;eword bohloko ;eword
kannete ;eword
bua ;eword kotsi ;eword ke ;eword ena ;eword
kotsi ;eword
kotsi ;eword
kannete ;eword
m ;eword
ke ;eword eng ;eword mme ;eword
e ;eword kae ;eword
e ;eword kae ;eword
rebalehele ;eword kae ;eword
e ;eword kae ;eword
ke ;eword ena ;eword
rebalehele ;eword mola ;eword
ke ;eword ena ;eword
ako ;eword behe ;eword ntho ;eword ena ;eword
kannete ;eword
uabaleha ;eword
bona ;eword tadi ;eword yane ;eword moo ;eword emathang ;eword
ke ;eword eng ;eword
sheba ;eword kwana ;eword
ubaleha ;eword koko ;eword
ubaleha ;eword koko ;eword
m ;eword
e ;eword kae ;eword
m ;eword
koko ;eword
ubaleha ;eword nku ;eword
uaetsaba ;eword nku ;eword
feela ;eword ele ;eword nama ;eword
kannete ;eword
kebaleha ;eword nku ;eword
kannete ;eword
keipatele ;eword nku ;eword ka ;eword moo ;eword
ere ;eword ke ;eword mpene ;eword
ke ;eword mang ;eword
le ;eword khale ;eword
le ;eword khale ;eword maotoana ;eword ahao ;eword utlabona ;eword apotapota ;eword
litlhare ;eword
litlhare ;eword eo ;eword ke ;eword mang ;eword eo ;eword
eo ;eword ke ;eword mang ;eword eo ;eword
e ;eword
eo ;eword ke ;eword mang ;eword eo ;eword
eo ;eword
eo ;eword
eo ;eword
eo ;eword ke ;eword mang ;eword eo ;eword
eo ;eword
eo ;eword ke ;eword mang ;eword eo ;eword
eo ;eword
eo ;eword ke ;eword mang ;eword eo ;eword
ke ;eword mang ;eword
useutlamobona ;eword
m ;eword
ka ;eword nnete ;eword
ee ;eword ha ;eword ketswe ;eword letsopeng ;eword
ere ;eword otswa ;eword kae ;eword
ere ;eword na ;eword otswa ;eword kae ;eword
sheba ;eword litlhare ;eword koloi ;eword yane ;eword entseele ;eword diretse ;eword
m ;eword
ubapala ;eword le ;eword namane ;eword
uetsang ;eword mme ;eword
khutla ;eword moo ;eword mosi ;eword otlauqeta ;eword mme ;eword
ukhutle ;eword mosi ;eword oauja ;eword
mosi ;eword ke ;eword oo ;eword
tloo ;eword mphe ;eword
obalehile ;eword jwale ;eword
utlile ;eword hobapala ;eword le ;eword mamello ;eword
litlhare ;eword nka ;eword keufe ;eword
dikarete ;eword
ke ;eword ena ;eword litlhare ;eword
litlhare ;eword ke ;eword ntho ;eword
dikarete ;eword ke ;eword tsenana ;eword
uetsang ;eword mme ;eword
keatsela ;eword
nka ;eword karete ;eword
haholo ;eword
ere ;eword four ;eword five ;eword seven ;eword
utlwa ;eword ke ;eword tsena ;eword dikarete ;eword
ee ;eword dikarete ;eword ke ;eword tseno ;eword
bala ;eword
e ;eword
dikarete ;eword tsena ;eword keadirekisa ;eword litlhare ;eword
uautlwa ;eword
uautlwa ;eword na ;eword hothweng ;eword
ketlatla ;eword keditlatsitse ;eword ka ;eword koloing ;eword dikarete ;eword
hona ;eword le ;eword ekholo ;eword
utlaebona ;eword koloi ;eword ena ;eword
etlatla ;eword etletseng ;eword
hakere ;eword uabala ;eword
utlobone ;eword koloi ;eword ena ;eword
bona ;eword
litlhare ;eword
ke ;eword koloi ;eword
tlodisa ;eword he ;eword
ke ;eword ena ;eword nka ;eword
bare ;eword elaetse ;eword banna ;eword
bare ;eword eachesa ;eword
dintho ;eword tsena ;eword dipalama ;eword dikoloi ;eword tsena ;eword litlhare ;eword
ditheole ;eword
theola ;eword
ere ;eword kelaolle ;eword
ore ;eword na ;eword ubapala ;eword le ;eword patrick ;eword
ea ;eword
reqetile ;eword
karete ;eword
kengotse ;eword
five ;eword wena ;eword
hele ;eword hele ;eword ngwana ;eword eo ;eword
ebile ;eword ukwetse ;eword
unkwallang ;eword
ebile ;eword retloukwalla ;eword
skababula ;eword koloi ;eword ena ;eword yaka ;eword le ;eword garage ;eword mona ;eword
rebapalang ;eword
nna ;eword keaebatla ;eword
ungola ;eword seven ;eword
betsa ;eword
utlwa ;eword
utlwa ;eword
tsiba ;eword
five ;eword
utlwa ;eword
ntate ;eword nnyeo ;eword unkile ;eword dikarete ;eword kaofela ;eword
wena ;eword uautswa ;eword ke ;eword karete ;eword yaka ;eword ena ;eword
keqetile ;eword le ;eword nna ;eword
keqetile ;eword
ha ;eword reyeng ;eword hodibeisa ;eword he ;eword
ha ;eword refetise ;eword he ;eword
nna ;eword kelodibeisa ;eword
ha ;eword relodibeisa ;eword he ;eword
kelodibeisa ;eword
nna ;eword keqetile ;eword
m ;eword
keqetile ;eword
m ;eword
keakapa ;eword
litlhare ;eword e ;eword
ubapala ;eword dikarete ;eword
ubapalang ;eword mme ;eword
ebile ;eword kena ;eword le ;eword two ;eword cents ;eword ke ;eword ena ;eword
tloo ;eword bone ;eword
tloo ;eword bone ;eword chelete ;eword mme ;eword
tloo ;eword bone ;eword chelete ;eword yaka ;eword
ere ;eword ke ;eword yaka ;eword
keufile ;eword koloi ;eword
e ;eword litlhare ;eword
mm ;eword litlhare ;eword wena ;eword mm ;eword
uhatsetse ;eword mme ;eword
uhatsetse ;eword
haholo ;eword
tloo ;eword utlonka ;eword dikarete ;eword mona ;eword
shafa ;eword rebetse ;eword
tlisa ;eword keshafe ;eword he ;eword
eke ;eword ha ;eword rebetse ;eword he ;eword mme ;eword
betsa ;eword
uetsang ;eword mme ;eword
uetsang ;eword
uqetile ;eword
uetsang ;eword
ka ;eword nnete ;eword
shafa ;eword he ;eword
ke ;eword eng ;eword hoo ;eword
ke ;eword eng ;eword
eng ;eword
ke ;eword ya ;eword mang ;eword ntjanyana ;eword ee ;eword
uetsela ;eword ka ;eword mobu ;eword
ka ;eword nnete ;eword
m ;eword
ore ;eword letlobapala ;eword dikarete ;eword
m ;eword
mofepe ;eword
kekwetse ;eword
fepa ;eword he ;eword
ke ;eword ena ;eword
uetsa ;eword jwang ;eword
ha ;eword una ;eword letho ;eword hle ;eword mme ;eword
ke ;eword oo ;eword keufepetse ;eword
kekwetse ;eword
tsamaya ;eword ubeumphe ;eword tjale ;eword ka ;eword tlung ;eword ka ;eword moo ;eword
mphe ;eword tjale ;eword ka ;eword tlung ;eword ka ;eword moo ;eword
