sa ;eword sebina ;eword
jwale ;eword usepepetseng ;eword
ubotsa ;eword nna ;eword
lebitso ;eword lahae ;eword ke ;eword mang ;eword
ke ;eword ntate ;eword michael ;eword
ha ;eword utsebe ;eword
ure ;eword ha ;eword utsebe ;eword
upepile ;eword ngwana ;eword mang ;eword
lebitso ;eword lahae ;eword ke ;eword mang ;eword
ke ;eword mang ;eword
eng ;eword
ha ;eword se ;eword ngwana ;eword
ke ;eword seeta ;eword sa ;eword mang ;eword
kere ;eword kapa ;eword ke ;eword ngwana ;eword
lebitso ;eword lahae ;eword ke ;eword mang ;eword
helang ;eword ha ;eword umotsebe ;eword
ke ;eword mang ;eword
ha ;eword kemotsebe ;eword ke ;eword mang ;eword
e ;eword ha ;eword kemotsebe ;eword ke ;eword mang ;eword
nna ;eword ketlamo ;eword
ketlamotheola ;eword ngwana ;eword enwa ;eword
ke ;eword motheole ;eword
ke ;eword mang ;eword lebitso ;eword lahae ;eword
ha ;eword utsebe ;eword
lepepile ;eword ngwana ;eword wa ;eword mme ;eword masebina ;eword
ngwana ;eword upepile ;eword ntate ;eword
upepile ;eword ntate ;eword wa ;eword hao ;eword
