khutla ;eword
ee ;eword mololo ;eword uya ;eword kae ;eword
tloo ;eword kwano ;eword mololo ;eword
e ;eword ntle ;eword jese ;eword yahao ;eword
fa ;eword ngwana ;eword
ee ;eword ska ;eword hlobolang ;eword hoabata ;eword
ee ;eword lahao ;eword ke ;eword lane ;eword
seke ;eword laetsang ;eword jwalo ;eword
thotobolong ;eword kwana ;eword
ke ;eword mang ;eword yaiswang ;eword ngakeng ;eword
letlantsana ;eword dikotsi ;eword
kantle ;eword leya ;eword kae ;eword mololo ;eword
leya ;eword kae ;eword kantle ;eword
uqala ;eword hobona ;eword neng ;eword hore ;eword utenne ;eword sekipa ;eword sencha ;eword
sheba ;eword ha ;eword
nna ;eword keitse ;eword lemofe ;eword toche ;eword abapale ;eword
khutlang ;eword mono ;eword
leilobatlang ;eword kantle ;eword
ketlashapa ;eword wena ;eword
tsamaya ;eword holata ;eword mashala ;eword ano ;eword ukhutle ;eword wena ;eword
keitse ;eword leskalaya ;eword kantle ;eword mololo ;eword
keitse ;eword leskalaya ;eword kantle ;eword mololo ;eword
leautlwa ;eword
leapere ;eword dijese ;eword tsetswehlang ;eword
