tswene ;eword ke ;eword ena ;eword
kobo ;eword ee ;eword ejele ;eword
keentse ;eword
ekentswe ;eword ke ;eword mang ;eword
keentsitse ;eword
kentsitse ;eword tswene ;eword
koko ;eword e ;eword teng ;eword sehlohlolong ;eword koko ;eword
etswile ;eword le ;eword mane ;eword le ;eword sehlohlolong ;eword
ako ;eword
la ;eword hlobohang ;eword
koloi ;eword enkile ;eword
eya ;eword kwana ;eword
nna ;eword kedihetseng ;eword
keisitse ;eword hodimo ;eword
ha ;eword lenahofihlela ;eword
keisitse ;eword hodimo ;eword
ha ;eword lenahofihlela ;eword mona ;eword
efihlele ;eword kebone ;eword
uefuwe ;eword ke ;eword mang ;eword
oenkile ;eword
wena ;eword hlobohang ;eword
helele ;eword wena ;eword hlobohang ;eword
hlobohang ;eword uelahlile ;eword
nna ;eword ketlare ;eword leneletlisa ;eword tseding ;eword
nna ;eword ketlare ;eword dineditla ;eword le ;eword hlobohang ;eword
ditholwana ;eword wena ;eword
nna ;eword ketlare ;eword ulahlile ;eword tsaka ;eword
hakere ;eword ulahlile ;eword tsaka ;eword tsepedi ;eword
ulahlile ;eword tsengata ;eword
uaqala ;eword ka ;eword engwe ;eword
dinedile ;eword kae ;eword
ele ;eword wan ;eword tho ;eword sekese ;eword
ulahlile ;eword diperekisi ;eword tsaka ;eword
wan ;eword thu ;eword sek ;eword fo ;eword thu ;eword thu ;eword sek ;eword
bona ;eword bankile ;eword le ;eword thipa ;eword
emong ;eword onkile ;eword le ;eword thipa ;eword
emong ;eword onkile ;eword le ;eword thipa ;eword
bankile ;eword dintho ;eword tsa ;eword mamati ;eword
amohlaba ;eword
ake ;eword umphe ;eword ake ;eword umphe ;eword tsahao ;eword ke ;eword tsena ;eword tsepedi ;eword
yahao ;eword ke ;eword yane ;eword
he ;eword seseng ;eword ke ;eword sane ;eword
tlisa ;eword seseng ;eword
hae ;eword tlisa ;eword seseng ;eword
haeso ;eword kwa ;eword matieng ;eword
hocheka ;eword
tsamaya ;eword holata ;eword tseno ;eword tsaka ;eword
tsane ;eword
hlobohang ;eword tsamaya ;eword horwala ;eword tsahao ;eword
lebina ;eword hantle ;eword
ntlohele ;eword
ha ;eword rekene ;eword ka ;eword tlung ;eword
ha ;eword leise ;eword
he ;eword ke ;eword mona ;eword
hlobohang ;eword tsamaya ;eword holata ;eword beisene ;eword yahao ;eword
nka ;eword seno ;eword saka ;eword ha ;eword urata ;eword
mm ;eword
ubatla ;eword entle ;eword he ;eword
utsele ;eword
oachesa ;eword
bone ;eword e ;eword ntle ;eword
ubeuekape ;eword
nna ;eword utlompone ;eword
nna ;eword keetsa ;eword fariki ;eword
he ;eword bona ;eword katse ;eword
hocheka ;eword
le ;eword nna ;eword keakhora ;eword
nna ;eword keitse ;eword keakhora ;eword
ke ;eword ketane ;eword
nna ;eword keaqeta ;eword nyeo ;eword
ofole ;eword otlauchesa ;eword
otlauchesa ;eword
ke ;eword mang ;eword yangwathileng ;eword moo ;eword
wena ;eword hlobohang ;eword ungwathile ;eword
nna ;eword kebatla ;eword ofole ;eword
nna ;eword kebatla ;eword omochese ;eword
e ;eword
nna ;eword kebatla ;eword oo ;eword
etlantabola ;eword
ketlauripitla ;eword
etlauetsa ;eword jwang ;eword
di ;eword pedi ;eword
dikatsekatse ;eword di ;eword pedi ;eword
u ;eword tje ;eword
di ;eword pedi ;eword
keaepenya ;eword
wena ;eword uemetse ;eword katse ;eword
ketlobolela ;eword
uerahile ;eword ka ;eword seeta ;eword
nna ;eword ha ;eword keaemula ;eword eno ;eword
wena ;eword hothweng ;eword u ;eword katsekatse ;eword
ketlouotla ;eword ka ;eword phafa ;eword
he ;eword wena ;eword
ketlaumula ;eword
he ;eword ena ;eword enyanyane ;eword
a ;eword wena ;eword
hona ;eword ke ;eword dipoleiti ;eword
nna ;eword poleiti ;eword yaka ;eword ke ;eword ena ;eword
eno ;eword ke ;eword ya ;eword rona ;eword le ;eword hlobohang ;eword
yahao ;eword ke ;eword yane ;eword
hakere ;eword yahao ;eword ke ;eword ela ;eword
kere ;eword ena ;eword
e ;eword tje ;eword
m ;eword
nna ;eword keja ;eword ka ;eword khaba ;eword
hocheka ;eword
nna ;eword
uanyafotsa ;eword
kemonyafotsa ;eword ka ;eword mohlafotsa ;eword
unke ;eword mohlafotsa ;eword wahao ;eword
nna ;eword ke ;eword metsi ;eword
onkotlile ;eword
bona ;eword hlobohang ;eword
ephunyehile ;eword
nna ;eword ke ;eword besa ;eword pele ;eword
le ;eword nna ;eword
dikatsekatse ;eword
keaeraha ;eword ka ;eword seeta ;eword
kena ;eword
jowe ;eword ealoma ;eword
etlauloma ;eword
hlobohang ;eword ena ;eword otena ;eword mose ;eword
m ;eword
ka ;eword mahetleng ;eword
ehe ;eword
ho ;eword ke ;eword mang ;eword yaphintseng ;eword
kwala ;eword
phinya ;eword
hocheka ;eword
keaphunya ;eword mono ;eword
koo ;eword kahlaba ;eword
nna ;eword ke ;eword ngwana ;eword moshanyana ;eword
katse ;eword
ha ;eword urata ;eword
etlatla ;eword
hotla ;eword mona ;eword
nna ;eword keja ;eword hantsutsu ;eword
nna ;eword keitse ;eword
uabona ;eword
uneuitse ;eword
nna ;eword kelenkile ;eword la ;eword bana ;eword baka ;eword
jaa ;eword
helang ;eword jaa ;eword
mosi ;eword otla ;eword ka ;eword tlung ;eword ka ;eword mona ;eword
q ;eword otla ;eword ka ;eword tlung ;eword q ;eword
katse ;eword ketlaemula ;eword
lentwana ;eword lena ;eword kebatla ;eword haholo ;eword eseng ;eword hanyane ;eword
e ;eword ejowe ;eword
ke ;eword ena ;eword
ke ;eword mang ;eword yaqhadileng ;eword
ke ;eword eng ;eword yaqhadileng ;eword mohlafotsa ;eword waka ;eword
njwetseng ;eword ke ;eword mang ;eword
nna ;eword keya ;eword matlapeng ;eword pele ;eword
ketswerwe ;eword ke ;eword matlapa ;eword
e ;eword haholo ;eword
le ;eword wena ;eword ngwatha ;eword
ha ;eword reyeng ;eword matlapeng ;eword he ;eword
aa ;eword bana ;eword bankile ;eword
ke ;eword hoba ;eword
kenkile ;eword mohlafotsa ;eword wahao ;eword
eya ;eword
keobone ;eword
mm ;eword
ntho ;eword ena ;eword ketloenka ;eword
enwa ;eword ongwathile ;eword
nna ;eword baka ;eword ke ;eword bona ;eword hlobohang ;eword moshana ;eword
ubolahlile ;eword
boleng ;eword diphahlong ;eword mona ;eword
bo ;eword teng ;eword ka ;eword mona ;eword wena ;eword
hlobohang ;eword kebobone ;eword ka ;eword mona ;eword
nna ;eword keahlwa ;eword
nna ;eword keahlwa ;eword kere ;eword
ha ;eword ketheoha ;eword kere ;eword
kejetheme ;eword
bona ;eword baile ;eword bana ;eword bana ;eword
retlatloha ;eword
nchape ;eword
nchape ;eword
matsoho ;eword ahao ;eword amanyane ;eword
aka ;eword amaholo ;eword
a ;eword nshape ;eword
kesheba ;eword kae ;eword
dumela ;eword morena ;eword
e ;eword morena ;eword dumela ;eword morena ;eword
uphela ;eword jwang ;eword morena ;eword
utlwa ;eword
e ;eword morena ;eword
kephela ;eword hantle ;eword morena ;eword
jwale ;eword kephela ;eword hantle ;eword morena ;eword
moriri ;eword
eng ;eword
keaudihela ;eword
keaukhama ;eword
ha ;eword anahonfahla ;eword lekhale ;eword
lekhala ;eword
lekhale ;eword ha ;eword anahonfahla ;eword lekhale ;eword
katse ;eword
ketlaupotlotsa ;eword haholo ;eword
engwe ;eword ke ;eword ena ;eword
tsipa ;eword kwae ;eword
tsipa ;eword kwae ;eword
mantila ;eword tilane ;eword
mantila ;eword tilane ;eword
mantila ;eword tilane ;eword
mantila ;eword tilane ;eword
hoshe ;eword mantila ;eword tilane ;eword
mantila ;eword tilane ;eword
mantila ;eword tilane ;eword
he ;eword ngwana ;eword moshanyana ;eword
ngwana ;eword moshanyana ;eword ee ;eword
ngwana ;eword moshanyana ;eword
nna ;eword kekhanna ;eword potsotso ;eword
nna ;eword kekhanna ;eword diteraka ;eword
ketlaebetsa ;eword
nna ;eword ketlakhanna ;eword baesekele ;eword
nna ;eword ketlakhanna ;eword baesekele ;eword
nna ;eword ketlamorekela ;eword kumbakumba ;eword
nna ;eword ketlamorekela ;eword le ;eword ntho ;eword ya ;eword teng ;eword
nna ;eword ketlaurekela ;eword le ;eword dicapisi ;eword dicapisi ;eword
nna ;eword ketlareka ;eword masentlase ;eword
nna ;eword keithekele ;eword koloi ;eword hee ;eword
nna ;eword ketlareka ;eword naledi ;eword
keebetse ;eword
nna ;eword keebetse ;eword
he ;eword batho ;eword batho ;eword
kere ;eword keilokatakata ;eword
eare ;eword two ;eword two ;eword
enang ;eword le ;eword teraefa ;eword
le ;eword spotty ;eword
spotty ;eword
etlaulokisa ;eword lehlanya ;eword towe ;eword
u ;eword lehlanya ;eword wena ;eword
jase ;eword
helang ;eword banna ;eword
borikhwe ;eword
ke ;eword ten ;eword
chesa ;eword
ere ;eword kebone ;eword helang ;eword banna ;eword
nna ;eword mpate ;eword
baki ;eword yaka ;eword e ;eword teng ;eword
ethwe ;eword e ;eword talanyana ;eword baki ;eword
ke ;eword thoto ;eword ntho ;eword ena ;eword eisiwang ;eword natala ;eword kwana ;eword
eisiwa ;eword natala ;eword
e ;eword jowe ;eword basadi ;eword eanhlola ;eword
eke ;eword
ha ;eword qoto ;eword nono ;eword
a ;eword mololo ;eword ditsehuwa ;eword kantle ;eword
nna ;eword nna ;eword keitheolela ;eword baki ;eword yahae ;eword
ke ;eword nna ;eword keaitheolela ;eword
eya ;eword monna ;eword
wena ;eword utlorobaletsa ;eword ka ;eword mona ;eword
