tlohela ;eword ngwana ;eword
uneubitswe ;eword ke ;eword mang ;eword
uneuentswe ;eword jwang ;eword
tloo ;eword ketlobona ;eword
tlohella ;eword
ke ;eword sona ;eword sediba ;eword
ke ;eword pina ;eword kapo ;eword ke ;eword tsomo ;eword
uaetseba ;eword
uneuetsetswa ;eword ke ;eword mang ;eword
uneueetsetswa ;eword ke ;eword mang ;eword
keuutlwa ;eword ubua ;eword ka ;eword masilo ;eword
kere ;eword na ;eword ke ;eword tsomo ;eword kapo ;eword ke ;eword pina ;eword
oo ;eword ke ;eword pina ;eword
eng ;eword
e ;eword utlaikutlwa ;eword
ee ;eword tloha ;eword
o ;eword monate ;eword
untseuetsang ;eword wena ;eword
usantsaneutsetolla ;eword hape ;eword
utlaretlisetsa ;eword dintho ;eword tseno ;eword tsahao ;eword tsempe ;eword
ema ;eword
jwale ;eword
lebatla ;eword hoetswara ;eword na ;eword
ee ;eword wena ;eword ake ;eword utlohele ;eword phate ;eword ya ;eword ngwana ;eword
tsebo ;eword utlalla ;eword
uetsang ;eword
ha ;eword usaetsa ;eword ntlo ;eword
ke ;eword sona ;eword sediba ;eword hape ;eword
ke ;eword sona ;eword sediba ;eword hape ;eword
uja ;eword
uethonakelang ;eword
lahla ;eword ntho ;eword ena ;eword
elahle ;eword bo ;eword
e ;eword tloha ;eword pela ;eword hae ;eword
helang ;eword
skanna ;eword etsa ;eword tjena ;eword
utlaretlisetsa ;eword dintho ;eword tseno ;eword tsahao ;eword tsempe ;eword
hei ;eword utlabeuqetelle ;eword uipitla ;eword
uaekenya ;eword ka ;eword hanong ;eword
uetsa ;eword ntlo ;eword
tsee ;eword difeng ;eword
tloha ;eword
ha ;eword hotsejwe ;eword hore ;eword utswanetse ;eword hoja ;eword
ha ;eword hotsejwe ;eword
kenekebotsa ;eword
hoba ;eword nna ;eword ha ;eword nkabakaubitsa ;eword
keilekaubitsa ;eword
keilekaubitsa ;eword nna ;eword
ichu ;eword
ke ;eword mang ;eword yanengare ;eword letlilotswa ;eword
tloha ;eword
ee ;eword ee ;eword
jwale ;eword leheleditse ;eword leleng ;eword lele ;eword moo ;eword lejwe ;eword
m ;eword
ha ;eword keaeheletsa ;eword
ha ;eword keaeheletsa ;eword jwale ;eword ntlo ;eword
tsebo ;eword
tlisa ;eword seeta ;eword sena ;eword sa ;eword fusi ;eword
ukathonaka ;eword ntho ;eword eo ;eword
basadi ;eword
