ere ;eword mme ;eword uantiha ;eword
utlobona ;eword
ntsurue ;eword keauthula ;eword
ke ;eword lesotho ;eword national ;eword party ;eword
sefofane ;eword
unkotla ;eword ka ;eword lepei ;eword
litlhare ;eword keuotla ;eword ka ;eword ntho ;eword ena ;eword litlhare ;eword
thiba ;eword
eaqhoma ;eword hodima ;eword tafole ;eword mona ;eword
efela ;eword ha ;eword banahouneha ;eword dibuka ;eword tsa ;eword bona ;eword
ke ;eword ntho ;eword ena ;eword eatheoha ;eword mona ;eword
ena ;eword eabaleha ;eword ke ;eword eo ;eword
keiloelata ;eword
ke ;eword bolo ;eword yaka ;eword yona ;eword litlhare ;eword
bese ;eword ekalo ;eword
ha ;eword se ;eword naledi ;eword
national ;eword
litlhare ;eword uabona ;eword bolo ;eword e ;eword kholo ;eword
morena ;eword bolo ;eword ekalo ;eword
mese ;eword yaka ;eword keresemese ;eword
m ;eword
etlise ;eword
e ;eword
thula ;eword
oabaleha ;eword
maelia ;eword
ere ;eword kere ;eword mme ;eword waka ;eword maelia ;eword
mme ;eword uadiha ;eword
mme ;eword uandihela ;eword
nkadimeng ;eword lemao ;eword keithatolle ;eword
uya ;eword kae ;eword
litlhare ;eword batswetse ;eword ba ;eword tlokweng ;eword ke ;eword bomang ;eword
u ;eword motswetse ;eword wa ;eword tlokweng ;eword litlhare ;eword
litlhare ;eword uetsang ;eword jwale ;eword
uiloetsang ;eword
bona ;eword litlhare ;eword see ;eword sentseseetsang ;eword
litlhare ;eword bona ;eword striving ;eword seabidika ;eword
ke ;eword tseo ;eword
ole ;eword waka ;eword mona ;eword
litlhare ;eword saka ;eword sane ;eword
bona ;eword ntho ;eword entle ;eword esiile ;eword leoto ;eword laka ;eword ke ;eword leo ;eword
ketlounka ;eword
litlhare ;eword ee ;eword
dibaesekele ;eword tloo ;eword uutlwe ;eword
ake ;eword ubone ;eword
khalase ;eword
sefofane ;eword
phetla ;eword mona ;eword
phetla ;eword ka ;eword nqena ;eword
phetla ;eword ka ;eword nqena ;eword
helele ;eword
sefofane ;eword
bese ;eword
ntho ;eword ena ;eword ekare ;eword lesotho ;eword national ;eword
ao ;eword
sefofane ;eword
lesotho ;eword national ;eword party ;eword
ere ;eword bona ;eword ha ;eword uentse ;eword jwalo ;eword ke ;eword bese ;eword
lesotho ;eword national ;eword party ;eword
mane ;eword
mane ;eword
m ;eword
mane ;eword
ditsuonyana ;eword di ;eword kae ;eword
he ;eword bo ;eword mmutla ;eword
ke ;eword oo ;eword
ke ;eword ona ;eword moo ;eword oipatang ;eword
ke ;eword ona ;eword moo ;eword oipatang ;eword
mmutla ;eword ke ;eword ona ;eword
sefofane ;eword seseng ;eword
heke ;eword
ke ;eword tsena ;eword
eseeile ;eword
mong ;eword mona ;eword ke ;eword rhou ;eword
hele ;eword ditau ;eword
ntate ;eword
mme ;eword
abuti ;eword neo ;eword
ditulo ;eword le ;eword bolo ;eword
le ;eword ditenese ;eword
hei ;eword bolo ;eword bolo ;eword
helele ;eword ditswene ;eword dibokane ;eword
hele ;eword bolo ;eword e ;eword kalo ;eword
banna ;eword reefetile ;eword ke ;eword ena ;eword ka ;eword mona ;eword bolo ;eword ekholo ;eword
ke ;eword ena ;eword
bona ;eword enyenyane ;eword ena ;eword
ha ;eword e ;eword yo ;eword ka ;eword mona ;eword
ha ;eword e ;eword yo ;eword etlahlaha ;eword
tlohella ;eword mono ;eword
ka ;eword mona ;eword ekatloha ;eword yaba ;eword e ;eword teng ;eword
tlisa ;eword wena ;eword
bolo ;eword e ;eword teng ;eword mona ;eword
ae ;eword tlohella ;eword
bona ;eword khoho ;eword
bona ;eword khoho ;eword ntho ;eword ena ;eword khoho ;eword
wena ;eword litlhare ;eword tloo ;eword bona ;eword khoho ;eword
ere ;eword litlhare ;eword atlobona ;eword khoho ;eword
nka ;eword u ;eword tamati ;eword
letsa ;eword
it ;eword is ;eword girl ;eword
ke ;eword baby ;eword
ke ;eword baby ;eword
ausi ;eword masebina ;eword hakere ;eword ke ;eword baby ;eword
ke ;eword dibaby ;eword
hei ;eword
ke ;eword baby ;eword
uautlwa ;eword
baesekele ;eword
dintja ;eword dialoma ;eword ntate ;eword
ke ;eword ya ;eword likhapa ;eword ena ;eword
kenehe ;eword likhapa ;eword ee ;eword
keamina ;eword
e ;eword
he ;eword ngwana ;eword oseale ;eword dijong ;eword
uautlwa ;eword keitseng ;eword
ae ;eword
ho ;eword neng ;eword uja ;eword litlhare ;eword
metsi ;eword afedile ;eword mono ;eword e ;eword ya ;eword pompong ;eword kwana ;eword
metsi ;eword afedile ;eword
keubulelang ;eword
thiba ;eword
litlhare ;eword tlisa ;eword ntho ;eword eo ;eword yaka ;eword
ketloumula ;eword
ketlouotla ;eword
tlisa ;eword
tlisa ;eword ntho ;eword yaka ;eword litlhare ;eword
mphe ;eword ebileng ;eword
ha ;eword kenahotheolela ;eword tsane ;eword tsahao ;eword
mphe ;eword ka ;eword mona ;eword ka ;eword mona ;eword ketlauneha ;eword
m ;eword
etlise ;eword
tlisa ;eword helang ;eword
keilobolela ;eword hore ;eword uhana ;eword ka ;eword dintho ;eword tsa ;eword rona ;eword
ebileng ;eword utlashapuwa ;eword
ketlauisa ;eword enteng ;eword
ha ;eword ukaballa ;eword feela ;eword mose ;eword wane ;eword wahao ;eword keoisa ;eword kinini ;eword kampong ;eword
keoisa ;eword khefing ;eword
litlhare ;eword ntho ;eword ena ;eword yaka ;eword eahana ;eword
ethiba ;eword
useuetabotse ;eword hape ;eword
litlhare ;eword thiba ;eword ke ;eword eo ;eword
eachaisa ;eword ka ;eword nqane ;eword ke ;eword eo ;eword
untseuetsang ;eword
etswile ;eword wena ;eword litlhare ;eword
eneeseehana ;eword
litlhare ;eword ke ;eword ena ;eword
thiba ;eword
u ;eword ntho ;eword
litlhare ;eword
litlhare ;eword keabapala ;eword nna ;eword
ke ;eword eo ;eword
e ;eword kae ;eword bolo ;eword ekholo ;eword
wena ;eword litlhare ;eword ketlohlaise ;eword bolo ;eword ekholo ;eword
baesekele ;eword
litlhare ;eword ketloehlaise ;eword wena ;eword
litlhare ;eword bolo ;eword ekholo ;eword
bese ;eword ekalo ;eword
ekare ;eword lesotho ;eword national ;eword
litlhare ;eword tloo ;eword bone ;eword
bona ;eword
ke ;eword eng ;eword ntho ;eword ee ;eword
kebona ;eword
