skaba ;eword monka ;eword
ake ;eword ubone ;eword
tsebo ;eword tlohang ;eword
tlong ;eword ka ;eword tlung ;eword
untseuetsang ;eword
dihleke ;eword dijana ;eword tseno ;eword
ka ;eword lebekereng ;eword nkang ;eword dintho ;eword tsena ;eword tse ;eword fatse ;eword tsena ;eword
utlamodiha ;eword
tsebo ;eword tsamaya ;eword hotlosa ;eword ngwana ;eword hle ;eword manyeo ;eword
ae ;eword pampiri ;eword ena ;eword ke ;eword yaka ;eword ena ;eword
tlohang ;eword moyeng ;eword mona ;eword lona ;eword
ngwana ;eword oatswa ;eword
untseuleetsang ;eword
tsebo ;eword uetsang ;eword
ae ;eword hle ;eword skanna ;eword etsa ;eword dintho ;eword tseo ;eword untseudietsa ;eword ae ;eword wena ;eword
ditsebe ;eword tseo ;eword
tloha ;eword mona ;eword
uetsang ;eword
umoetsa ;eword jwang ;eword
tsamaya ;eword hoebeha ;eword
tsamaya ;eword hoebeha ;eword kwana ;eword
uetsang ;eword
keakholwa ;eword owetse ;eword hodima ;eword seeta ;eword sena ;eword
tlisa ;eword diphahlo ;eword tseno ;eword tsahae ;eword tse ;eword pela ;eword katiba ;eword tsetala ;eword
apara ;eword ntate ;eword
uamoisa ;eword hodimo ;eword hakakang ;eword
ka ;eword lebekereng ;eword
utlose ;eword le ;eword sekotlolo ;eword sena ;eword sahae ;eword
leya ;eword kae ;eword jwale ;eword lona ;eword
monanabele ;eword
ketlamoshapa ;eword
bona ;eword ngwana ;eword
ke ;eword lona ;eword lentsengletswa ;eword
leya ;eword kantle ;eword ka ;eword kwana ;eword
lentselebatlang ;eword hantle ;eword
moo ;eword ha ;eword lebine ;eword
ake ;eword ubone ;eword
utswa ;eword kae ;eword
uetsang ;eword tsebo ;eword
ditloetsang ;eword tsona ;eword
batho ;eword ba ;eword modimo ;eword udiha ;eword ngwana ;eword wena ;eword
ketlatlohakefahla ;eword ngwana ;eword ka ;eword dintho ;eword tsena ;eword
kere ;eword ngwana ;eword oya ;eword moyeng ;eword
leya ;eword kae ;eword
utlawela ;eword hodima ;eword ngwana ;eword
ke ;eword yaka ;eword thutswana ;eword eno ;eword
ka ;eword hare ;eword
unkuwe ;eword ke ;eword mang ;eword
ledija ;eword
skana ;eword fa ;eword ngwana ;eword wena ;eword ae ;eword
ha ;eword afasuwe ;eword ae ;eword
motloele ;eword ntate ;eword
e ;eword katiba ;eword
ae ;eword ako ;eword butle ;eword wena ;eword
dula ;eword seseng ;eword ke ;eword sane ;eword
uya ;eword kae ;eword wena ;eword
ntsa ;eword lekotikoti ;eword
ntsa ;eword ntho ;eword ena ;eword hle ;eword manyeo ;eword ena ;eword le ;eword mobu ;eword
nka ;eword wena ;eword
utlamodiha ;eword
mm ;eword bona ;eword
bona ;eword
tloo ;eword kwano ;eword
dula ;eword fatse ;eword wena ;eword
monanabele ;eword
tsebo ;eword skanna ;eword ya ;eword kantle ;eword moya ;eword o ;eword mongata ;eword
seka ;eword yang ;eword kantle ;eword
uatseba ;eword utladiha ;eword ngwana ;eword eo ;eword wena ;eword
hoetsuwa ;eword tjena ;eword ae ;eword
umoapesa ;eword jwang ;eword
motloele ;eword
tsamaya ;eword holetlosa ;eword tsebo ;eword
ore ;eword utswe ;eword
umokakasetsang ;eword ngwana ;eword enwa ;eword
uatseba ;eword utlahlaha ;eword kotsi ;eword wena ;eword tsebo ;eword
nyolla ;eword kapele ;eword hle ;eword manyeo ;eword
leya ;eword kae ;eword
sekanna ;eword kakasa ;eword ngwana ;eword
ae ;eword hle ;eword manyeo ;eword seka ;eword bapallang ;eword lemating ;eword
leetsang ;eword
tsebo ;eword hle ;eword ska ;eword bapalla ;eword lemating ;eword mona ;eword
uomanya ;eword nna ;eword
tsebo ;eword ketlaushapa ;eword
ke ;eword yaka ;eword
leilelamofa ;eword
seka ;eword motlisa ;eword
ha ;eword hoetsuwa ;eword jwalo ;eword
ska ;eword mofasa ;eword jwalo ;eword ka ;eword ngwana ;eword jwale ;eword tjena ;eword
he ;eword umoetsa ;eword jwang ;eword
sekanna ;eword koba ;eword ntho ;eword ena ;eword yaka ;eword wena ;eword
sekanna ;eword etsa ;eword tjena ;eword dieta ;eword tsa ;eword ngwana ;eword wena ;eword
keitse ;eword utlobeha ;eword ntho ;eword ee ;eword yaka ;eword moo ;eword
ae ;eword dula ;eword fatse ;eword
seka ;eword yang ;eword kantle ;eword hleng ;eword lona ;eword
ngwana ;eword otla ;eword moyeng ;eword moo ;eword
jwale ;eword ha ;eword lebine ;eword
leetsang ;eword lona ;eword
tswa ;eword
urata ;eword holla ;eword
mane ;eword
dula ;eword fatse ;eword
ngwana ;eword otlatla ;eword mono ;eword
ae ;eword wena ;eword he ;eword motho ;eword oaseba ;eword enwa ;eword
oiloenka ;eword
ketlaushapa ;eword
uatseba ;eword
leabona ;eword jwale ;eword
umopitlelang ;eword
motho ;eword ya ;eword khopane ;eword enwa ;eword otloenka ;eword
useshapelang ;eword seeta ;eword sa ;eword ngwana ;eword
uatseba ;eword
moyeng ;eword
ae ;eword ska ;eword pshatla ;eword wache ;eword
le ;eword mang ;eword
lamofa ;eword jwale ;eword
ska ;eword ntoma ;eword
tsebo ;eword
bona ;eword redibeha ;eword
nka ;eword molamu ;eword ono ;eword wena ;eword
untseuya ;eword kae ;eword
hula ;eword lelapi ;eword lena ;eword mane ;eword wena ;eword tsebo ;eword
untseubona ;eword
tsebo ;eword ska ;eword bapalla ;eword lemating ;eword
tsamaya ;eword ufetele ;eword kwana ;eword wena ;eword
ketloleshapa ;eword
ketlamofasa ;eword
skana ;eword tswang ;eword
le ;eword mona ;eword
tloo ;eword ebehe ;eword mono ;eword
ketlashapa ;eword tsebo ;eword
ngwana ;eword enwa ;eword ohahlwa ;eword ke ;eword moya ;eword
udutse ;eword le ;eword mang ;eword
terateng ;eword e ;eword hokae ;eword
barekisitseng ;eword diapole ;eword
tloo ;eword dula ;eword fatse ;eword mona ;eword
dula ;eword fatse ;eword
ka ;eword dithupa ;eword tsena ;eword tsa ;eword lona ;eword tsena ;eword
ha ;eword utlodibeha ;eword ka ;eword mohaolwaneng ;eword manyeo ;eword na ;eword helang ;eword
thiba ;eword ngwana ;eword yane ;eword aseba ;eword
oiloetsang ;eword
lehule ;eword mane ;eword
tsepedi ;eword
ae ;eword wena ;eword
ketlaushapa ;eword tsebo ;eword
jwale ;eword ladija ;eword latima ;eword tsenethu ;eword
dula ;eword fatse ;eword wena ;eword
motlose ;eword
uatseba ;eword ketlaushapa ;eword
tsebo ;eword uatseba ;eword ketlaushapa ;eword
ketlaushapa ;eword tsebo ;eword
ladija ;eword lamotima ;eword
ebuseletse ;eword kwana ;eword
leskannalayang ;eword moyeng ;eword
