papa ;eword le ;eword eng ;eword
e ;eword
le ;eword eng ;eword
le ;eword moroho ;eword
ke ;eword eng ;eword yona ;eword ntho ;eword eo ;eword
ke ;eword eng ;eword yona ;eword ntho ;eword eo ;eword
ha ;eword o ;eword yo ;eword moroho ;eword ofedile ;eword
jwale ;eword uqabotswe ;eword ke ;eword eng ;eword
hakere ;eword utaboletswe ;eword
kere ;eword na ;eword uqabotswe ;eword ke ;eword eng ;eword
uaihlahloba ;eword hakere ;eword
kere ;eword na ;eword uqabotswe ;eword ke ;eword eng ;eword
kae ;eword
tswekere ;eword entsitswe ;eword ke ;eword wena ;eword
butle ;eword wena ;eword
e ;eword kae ;eword
kae ;eword
moo ;eword keetsetseng ;eword
wena ;eword uetsetse ;eword kae ;eword
uetsa ;eword jwang ;eword
