uneusebetsang ;eword
ke ;eword eng ;eword ntho ;eword ee ;eword ke ;eword eng ;eword
eng ;eword na ;eword
ao ;eword ka ;eword potong ;eword
u ;eword ngwana ;eword ntate ;eword ramaketse ;eword
ya ;eword moholo ;eword
ya ;eword monyane ;eword hothwe ;eword ke ;eword mang ;eword
eo ;eword
mang ;eword
oo ;eword mololo ;eword wa ;eword ntate ;eword tlala ;eword
oo ;eword
motho ;eword
yanang ;eword le ;eword matsoho ;eword
oseale ;eword moholo ;eword oatseba ;eword hobua ;eword
yanang ;eword le ;eword matsoho ;eword
ya ;eword dimpampa ;eword
e ;eword dikalo ;eword ka ;eword tsahao ;eword
ake ;eword ubone ;eword
e ;eword ke ;eword tsahao ;eword dimpampa ;eword tsena ;eword
e ;eword ureng ;eword
ke ;eword lebanta ;eword
e ;eword la ;eword borikhwe ;eword
bahao ;eword bo ;eword kae ;eword
utsotse ;eword
uboreketswe ;eword
ke ;eword wena ;eword
ka ;eword bokae ;eword
ka ;eword twenti ;eword five ;eword he ;eword
bo ;eword bocha ;eword
hlobohang ;eword hae ;eword hlobohang ;eword tloo ;eword kwano ;eword
dipompong ;eword
dipompong ;eword
