ke ;eword enwa ;eword
ke ;eword enwa ;eword
ke ;eword enwa ;eword
ke ;eword enwa ;eword
ke ;eword tsena ;eword
e ;eword
mme ;eword wahae ;eword ke ;eword nna ;eword
e ;eword dijana ;eword
ha ;eword a ;eword yo ;eword
keikutletsa ;eword mona ;eword
e ;eword rearobala ;eword
keabapala ;eword
kealeboha ;eword
re ;eword lekokong ;eword
mm ;eword
kealla ;eword ngwana ;eword waka ;eword ka ;eword kobo ;eword yaka ;eword
ee ;eword
keipatile ;eword
keepatile ;eword kobong ;eword ke ;eword ena ;eword
ha ;eword rebapala ;eword
ke ;eword mme ;eword
keahana ;eword
kealeboha ;eword
e ;eword ke ;eword mme ;eword
keipatile ;eword
uarefa ;eword diperekisi ;eword
ketswa ;eword dinokaneng ;eword
e ;eword keaikutletsa ;eword
keiloipata ;eword
kemoalle ;eword
kebapala ;eword dijana ;eword
keabapala ;eword
ke ;eword mme ;eword maneuoe ;eword
nna ;eword kenka ;eword kobo ;eword ya ;eword ngwana ;eword waka ;eword
keamoalla ;eword
dintho ;eword tsentle ;eword
keikutletsa ;eword mona ;eword
reaitlhatswa ;eword
utlarefa ;eword diperekisi ;eword
lebitso ;eword lahae ;eword ke ;eword linono ;eword
e ;eword
rearobala ;eword
nna ;eword keabapala ;eword
mm ;eword
butle ;eword re ;eword lekokong ;eword
e ;eword rearobala ;eword
ke ;eword enwa ;eword kemopatile ;eword
kerobala ;eword le ;eword yena ;eword
nna ;eword ngwana ;eword waka ;eword ke ;eword enwa ;eword
e ;eword
nna ;eword kewetse ;eword kantle ;eword
e ;eword
lebitso ;eword lahae ;eword ke ;eword mang ;eword
e ;eword
nkhono ;eword utlompha ;eword diperekisi ;eword
ke ;eword kobo ;eword ya ;eword ngwana ;eword waka ;eword
keilorobala ;eword
keaipata ;eword
onka ;eword kobo ;eword yaka ;eword
mona ;eword
e ;eword
nna ;eword keabapala ;eword
kepatile ;eword katiba ;eword
m ;eword
keaikutletsa ;eword
kabekekalama ;eword koloi ;eword
dijana ;eword
lebitso ;eword lahae ;eword ke ;eword linono ;eword
keabapala ;eword
kenka ;eword kobo ;eword
rearobala ;eword
e ;eword
e ;eword ke ;eword linono ;eword
nna ;eword kearobala ;eword
ke ;eword tsena ;eword
keahana ;eword
kenekemonka ;eword ka ;eword tlung ;eword
e ;eword dinokaneng ;eword
waka ;eword
dinokaneng ;eword
keya ;eword kantle ;eword
kenkile ;eword ngwana ;eword
lapeng ;eword
nna ;eword ngwana ;eword waka ;eword oarobala ;eword
keabapala ;eword
rebapala ;eword dijana ;eword
nkaapara ;eword kobo ;eword ena ;eword yaka ;eword
ketlauraha ;eword
