ngwana ;eword uantsipa ;eword
hothwe ;eword uje ;eword
litlhare ;eword unke ;eword tsengata ;eword
ure ;eword ke ;eword katakata ;eword
le ;eword dinko ;eword
theoha ;eword
etheohile ;eword
hela ;eword ukhanne ;eword
ha ;eword ebewe ;eword hodimo ;eword mona ;eword
ha ;eword se ;eword yaka ;eword
eya ;eword maseru ;eword jwale ;eword
ha ;eword reye ;eword natala ;eword
eare ;eword eantsiya ;eword
nna ;eword yaka ;eword
nka ;eword ntho ;eword yane ;eword
ntja ;eword yaka ;eword bo ;eword
maoto ;eword a ;eword masone ;eword
ke ;eword koloi ;eword ya ;eword ntate ;eword mathaliroa ;eword
nko ;eword ke ;eword ena ;eword
motlohele ;eword aje ;eword
litlhare ;eword dibee ;eword litlhare ;eword
rejeng ;eword
ha ;eword abone ;eword ngwana ;eword
ha ;eword umosiele ;eword
ha ;eword uamosila ;eword
untseusabone ;eword
nna ;eword yaka ;eword ke ;eword emona ;eword eputswa ;eword helang ;eword
ha ;eword se ;eword metsi ;eword ntho ;eword eno ;eword ke ;eword moriana ;eword
maseru ;eword ha ;eword se ;eword mono ;eword
motlohele ;eword aje ;eword bo ;eword
maseru ;eword ke ;eword mane ;eword
tsurua ;eword
uautlwa ;eword
litlhare ;eword mphe ;eword koloi ;eword e ;eword
mphe ;eword koloi ;eword e ;eword
keababontsa ;eword
litlhare ;eword uabona ;eword yaka ;eword e ;eword jwang ;eword
ha ;eword ukhanna ;eword koloi ;eword
bare ;eword etlatheoha ;eword ka ;eword sepiti ;eword feela ;eword
bare ;eword etloechesa ;eword koloi ;eword yaka ;eword
ke ;eword koloi ;eword e ;eword mona ;eword e ;eword
la ;eword hara ;eword koloi ;eword
nko ;eword ke ;eword ena ;eword
bare ;eword hela ;eword
keatla ;eword
ena ;eword eakupetswa ;eword ena ;eword
ena ;eword le ;eword lemati ;eword
nna ;eword ena ;eword yaka ;eword ke ;eword ya ;eword ntate ;eword tebele ;eword
ha ;eword se ;eword sono ;eword
kha ;eword
litlhare ;eword keausiya ;eword keya ;eword maseru ;eword
uya ;eword hahao ;eword
uetsang ;eword
ke ;eword wena ;eword
che ;eword litlhare ;eword unqallang ;eword
nko ;eword ya ;eword yona ;eword ke ;eword ena ;eword
ha ;eword usamosiele ;eword
otlauhata ;eword
useumosiya ;eword uautlwa ;eword
kebona ;eword
ha ;eword se ;eword tsahao ;eword tlisa ;eword
uaeqhala ;eword tswekere ;eword
litlhare ;eword ke ;eword dintho ;eword tsahae ;eword antsadikhanna ;eword
modimo ;eword engwe ;eword ke ;eword lesotho ;eword national ;eword
koloi ;eword yaka ;eword nna ;eword ke ;eword ya ;eword botlolo ;eword
nna ;eword ketlabasheba ;eword
nna ;eword ketla ;eword ka ;eword koloi ;eword tsetharo ;eword
tloo ;eword khanne ;eword koloi ;eword yahao ;eword
tsamaya ;eword nka ;eword koloi ;eword yahao ;eword
ekhannele ;eword mona ;eword
ha ;eword keqeta ;eword keaekhanna ;eword
keatsamaya ;eword
keya ;eword diqong ;eword
eakhaowa ;eword
nna ;eword ya ;eword ke ;eword naledi ;eword
ketloetsa ;eword nko ;eword
v^eatm^i ;eword
bona ;eword ngwana ;eword enwa ;eword
e ;eword litlhare ;eword reje ;eword resiele ;eword enyanyane ;eword
ha ;eword remosiele ;eword
otlahata ;eword
litlhare ;eword oqhetsotse ;eword papa ;eword ya ;eword ngwana ;eword
hakere ;eword rereka ;eword mose ;eword mane ;eword natala ;eword
kere ;eword ontsaeja ;eword
litlhare ;eword ako ;eword mphe ;eword koloi ;eword engwe ;eword
le ;eword nna ;eword yaka ;eword lesotho ;eword
lena ;eword lesenang ;eword nko ;eword
litlhare ;eword oahana ;eword
litlhare ;eword untsa ;eword ntho ;eword eo ;eword ya ;eword batho ;eword
ska ;eword ntsiya ;eword
entso ;eword hare ;eword hare ;eword
akhaohile ;eword ho ;eword kae ;eword
ontsaeja ;eword likhapha ;eword
uammona ;eword ha ;eword aja ;eword
nwa ;eword mo ;eword
ha ;eword ontsaja ;eword tjee ;eword
ha ;eword umosiela ;eword otlauhata ;eword
hoo ;eword ke ;eword koloi ;eword yaka ;eword eno ;eword ee ;eword uenkileng ;eword
mphe ;eword
mphe ;eword enele ;eword yaka ;eword
helang ;eword athe ;eword wena ;eword bula ;eword ena ;eword
ere ;eword kebone ;eword
hae ;eword tlisa ;eword wena ;eword
ditswekere ;eword tseo ;eword
ha ;eword ukatloha ;eword uaqhala ;eword dintho ;eword tseo ;eword
esenang ;eword nko ;eword
utlawa ;eword
untsuetsang ;eword moo ;eword
ha ;eword utsebe ;eword hore ;eword feela ;eword
litlhare ;eword tsurua ;eword
ha ;eword utsebe ;eword
ha ;eword utsebe ;eword hore ;eword feela ;eword
wena ;eword ha ;eword utsebe ;eword
litlhare ;eword mphe ;eword engwe ;eword
mphe ;eword yane ;eword encha ;eword
uautlwa ;eword
mphe ;eword koloi ;eword yane ;eword entso ;eword
yona ;eword ena ;eword ee ;eword kenengkeenkile ;eword
ena ;eword
koloi ;eword barepalamisa ;eword dikoloi ;eword tseding ;eword
dikoloi ;eword diaemelana ;eword hakere ;eword
bare ;eword leadibeha ;eword mane ;eword
keadibeha ;eword mona ;eword
tloo ;eword
kele ;eword maseru ;eword
bare ;eword ena ;eword le ;eword ntho ;eword ka ;eword hodimo ;eword
o ;eword litlhare ;eword
bare ;eword ena ;eword le ;eword ntho ;eword ka ;eword hodimo ;eword
bare ;eword uthole ;eword
e ;eword ureng ;eword ntate ;eword
litlhare ;eword ena ;eword ha ;eword apalame ;eword
hoba ;eword ena ;eword odieha ;eword hohlwa ;eword
ke ;eword koloi ;eword enang ;eword le ;eword ntho ;eword ka ;eword hodimo ;eword
bare ;eword ena ;eword e ;eword ntho ;eword ka ;eword hodimo ;eword
ntsware ;eword
eafihla ;eword
ha ;eword reye ;eword hae ;eword
le ;eword ha ;eword rele ;eword siyo ;eword
ke ;eword koloi ;eword yaka ;eword ekhannwang ;eword
nkuke ;eword keetse ;eword tjee ;eword
wena ;eword uya ;eword kae ;eword
ae ;eword etsa ;eword dintho ;eword tsa ;eword teng ;eword
bona ;eword yaka ;eword
nna ;eword yaka ;eword ha ;eword ena ;eword nko ;eword ke ;eword lesotho ;eword
ha ;eword ketloreka ;eword wena ;eword
ntho ;eword ena ;eword ekhaohile ;eword clache ;eword
jwale ;eword ehana ;eword holla ;eword
bare ;eword ke ;eword titimola ;eword
e ;eword sefena ;eword feela ;eword
ena ;eword yaka ;eword uautlwa ;eword
mochini ;eword
uoreke ;eword kelokise ;eword ka ;eword ntho ;eword ena ;eword
bare ;eword eya ;eword
litlhare ;eword ha ;eword reye ;eword mane ;eword
keatla ;eword
yaba ;eword efihla ;eword yadula ;eword mane ;eword
bare ;eword ekalamisitse ;eword ntho ;eword yane ;eword
e ;eword litlhare ;eword
bare ;eword yafihla ;eword ethula ;eword mane ;eword
ore ;eword osailoreka ;eword koloi ;eword
bonang ;eword yaka ;eword
eatsamaya ;eword ka ;eword yona ;eword
he ;eword eaphethoha ;eword
ephethohile ;eword
tla ;eword litlhare ;eword sala ;eword namane ;eword
otla ;eword le ;eword yona ;eword
tsamaya ;eword hobula ;eword ka ;eword mane ;eword
tloo ;eword retloja ;eword
namune ;eword e ;eword yaka ;eword jwale ;eword ke ;eword mang ;eword yaesetseng ;eword
nna ;eword yaka ;eword eseekupeditswe ;eword ke ;eword lesotho ;eword national ;eword
lemati ;eword ke ;eword lena ;eword
uekhanne ;eword
kekhannela ;eword kantle ;eword
ke ;eword koloi ;eword ketswa ;eword mane ;eword
keatsamaya ;eword
akhaowa ;eword
ha ;eword oakhaowa ;eword hararo ;eword
ke ;eword eng ;eword ee ;eword leebinang ;eword
ubinang ;eword
ke ;eword koloi ;eword yahae ;eword
ha ;eword ketsebe ;eword
nna ;eword ya ;eword ke ;eword ena ;eword
na ;eword uskabare ;eword etlawa ;eword
ketlaebetsetsa ;eword mmete ;eword moo ;eword
hothwe ;eword uphakise ;eword
eya ;eword
keilekaelahlela ;eword kantle ;eword
keilekaelahla ;eword
ketloetsa ;eword mahlake ;eword
nna ;eword keisa ;eword morao ;eword
ebehe ;eword ka ;eword mono ;eword
etlakhutla ;eword ka ;eword sepiti ;eword
erobehile ;eword
