potsanyane ;eword
ketladiotla ;eword
ke ;eword lesheleshele ;eword
koko ;eword ke ;eword eo ;eword
tsebo ;eword motlose ;eword
tsebo ;eword nka ;eword phafa ;eword ke ;eword ena ;eword
ketlaotla ;eword dikoko ;eword nna ;eword
koko ;eword
koko ;eword
ha ;eword rebapale ;eword
ketladiotla ;eword
hoabata ;eword hampe ;eword
keadifapantsa ;eword
le ;eword aka ;eword a ;eword macha ;eword
tsebo ;eword rerobale ;eword
ualeroba ;eword
ele ;eword wa ;eword tsenetu ;eword
tlisa ;eword phafa ;eword eno ;eword ya ;eword dikatse ;eword
masepa ;eword ahao ;eword
aa ;eword hle ;eword
tlisa ;eword phafa ;eword eno ;eword ya ;eword dikatse ;eword
ha ;eword diataboha ;eword
ueroba ;eword
ebile ;eword ausi ;eword mantso ;eword ona ;eword le ;eword masale ;eword
ebile ;eword ketlatla ;eword hocheka ;eword ka ;eword ntho ;eword yane ;eword
koko ;eword ke ;eword eo ;eword
ketladiotla ;eword ka ;eword molamu ;eword wa ;eword abuti ;eword mojalefa ;eword
nna ;eword kedula ;eword mona ;eword
ee ;eword ese ;eword wa ;eword rona ;eword
ee ;eword ese ;eword wa ;eword rona ;eword
erobehile ;eword
ke ;eword nna ;eword yatlang ;eword pele ;eword
mahlong ;eword mona ;eword ha ;eword kesana ;eword le ;eword khopane ;eword
bo ;eword butle ;eword tsebo ;eword kebalehe ;eword
utladisenya ;eword
lesetse ;eword moo ;eword lenengleile ;eword teng ;eword
tsebo ;eword uitse ;eword koko ;eword
koko ;eword ke ;eword eo ;eword
ketlauselakha ;eword ka ;eword thipa ;eword ena ;eword
ketlauselakha ;eword
koko ;eword ke ;eword eo ;eword
keaumula ;eword
le ;eword ka ;eword festhaole ;eword
eke ;eword tsebo ;eword ke ;eword bothetsi ;eword
utladitabola ;eword
ka ;eword sesepa ;eword
uditabole ;eword
kae ;eword
ya ;eword lapeng ;eword ke ;eword yane ;eword
