tlisa ;eword kenke ;eword
lahao ;eword ke ;eword lena ;eword wena ;eword
bona ;eword
ebidikisa ;eword jwalo ;eword
ee ;eword ntho ;eword ebidikisang ;eword ntho ;eword nyeo ;eword
utsela ;eword batho ;eword
nna ;eword ha ;eword kebatle ;eword
uababatla ;eword
utlwa ;eword
ntho ;eword ee ;eword ke ;eword lekareche ;eword le ;eword lena ;eword
one ;eword two ;eword three ;eword
bula ;eword mane ;eword
eshwele ;eword koloi ;eword ena ;eword
ebolaile ;eword lekarache ;eword lena ;eword
keyolebeha ;eword
mamina ;eword ke ;eword ana ;eword
ere ;eword keuhlakole ;eword
ihlakole ;eword
e ;eword eotle ;eword
ka ;eword ntho ;eword eo ;eword
ache ;eword hothwe ;eword rona ;eword le ;eword hlobohang ;eword
eya ;eword
tsuba ;eword
hei ;eword wena ;eword etlauchesa ;eword
mphe ;eword he ;eword
mphe ;eword kwae ;eword yaka ;eword
mphe ;eword eo ;eword keiketseditseng ;eword
ke ;eword ya ;eword mang ;eword
ke ;eword yahao ;eword
hlobohang ;eword
kelebehile ;eword
tloo ;eword ketloubontsa ;eword
hlobohang ;eword ke ;eword lena ;eword
hlobohang ;eword tloo ;eword lebone ;eword hore ;eword ke ;eword lena ;eword
kae ;eword
ke ;eword wa ;eword ntate ;eword mang ;eword
wa ;eword ntate ;eword mololo ;eword
uya ;eword kae ;eword
khutla ;eword
pula ;eword eana ;eword
uneuya ;eword kae ;eword
e ;eword
utlare ;eword untsiyile ;eword kae ;eword
kebatla ;eword hona ;eword
uatseba ;eword
eakhetswe ;eword ke ;eword mang ;eword
kenekele ;eword teng ;eword
etlaukhama ;eword ntho ;eword ena ;eword
nna ;eword keaesheba ;eword nna ;eword
earaha ;eword
e ;eword kae ;eword
ubatla ;eword ntho ;eword ena ;eword yahao ;eword
keelahlile ;eword
efihlile ;eword uaebona ;eword
e ;eword
ebile ;eword nna ;eword chee ;eword keaeraha ;eword
oerahile ;eword
ha ;eword di ;eword pedi ;eword
ere ;eword ke ;eword dintho ;eword tsa ;eword lebokose ;eword
wena ;eword uentsitse ;eword
le ;eword ena ;eword keaelokisa ;eword
ke ;eword ena ;eword kumbakumba ;eword
