ketlaenwa ;eword fela ;eword
uenwelang ;eword feela ;eword
tswekere ;eword efedileng ;eword kwana ;eword
kae ;eword
oo ;eword ke ;eword hona ;eword moo ;eword enkuweng ;eword teng ;eword
oo ;eword jwale ;eword utlaenka ;eword neng ;eword
e ;eword teng ;eword ha ;eword ntate ;eword tebele ;eword kwana ;eword
ha ;eword e ;eword yo ;eword ha ;eword ntate ;eword tebele ;eword kwana ;eword
ha ;eword e ;eword yo ;eword
jwale ;eword utlaenka ;eword kae ;eword
moo ;eword lapeng ;eword
e ;eword moo ;eword lapeng ;eword
elahlehile ;eword kaofela ;eword
elahlehile ;eword ho ;eword jwang ;eword
elahlehile ;eword kae ;eword
ka ;eword kae ;eword
uelahlile ;eword ka ;eword kwa ;eword ka ;eword kwa ;eword uerekileng ;eword
erekuwa ;eword kae ;eword
uereka ;eword ka ;eword kwa ;eword kefing ;eword ka ;eword kwa ;eword
ka ;eword kae ;eword
abatasani ;eword
ke ;eword ho ;eword kae ;eword hona ;eword moo ;eword
ka ;eword kefing ;eword
oo ;eword ache ;eword ha ;eword keetsebe ;eword kefi ;eword ya ;eword buta ;eword sela ;eword
mm ;eword
uetsang ;eword ka ;eword poleiti ;eword yaka ;eword
aa ;eword mahlobohang ;eword ke ;eword eo ;eword utlatla ;eword hounyoka ;eword
ke ;eword mang ;eword
hlobohang ;eword
ke ;eword mang ;eword
ullelang ;eword
ako ;eword njwetse ;eword rakhadi ;eword wahao ;eword ke ;eword mang ;eword
rakhadi ;eword malenka ;eword
ako ;eword njwetse ;eword hore ;eword na ;eword mme ;eword wa ;eword hao ;eword ke ;eword mang ;eword
mm ;eword keaeja ;eword
sia ;eword poleiti ;eword ena ;eword yaka ;eword
koloi ;eword yahao ;eword eetsa ;eword jwang ;eword
we ;eword hlobohang ;eword
ee ;eword ska ;eword uaetsa ;eword lerata ;eword bua ;eword hantle ;eword
buang ;eword ka ;eword dikoloi ;eword
hlobohang ;eword we ;eword
mofe ;eword mololo ;eword atlise ;eword yona ;eword
tloo ;eword ketlo ;eword nnyee ;eword
marao ;eword ana ;eword a ;eword dieta ;eword atlaudiela ;eword
e ;eword tala ;eword kapa ;eword ephehuwe ;eword
ke ;eword nama ;eword ya ;eword eng ;eword
ya ;eword nku ;eword
