keujwetsa ;eword ausi ;eword masebina ;eword
sena ;eword seseholo ;eword selekane ;eword
kebona ;eword metsi ;eword atlafefoha ;eword mona ;eword
ntho ;eword ee ;eword
o ;eword aka ;eword
e ;eword
eawela ;eword
motho ;eword ke ;eword eo ;eword hodima ;eword tafole ;eword
mphe ;eword mme ;eword
motho ;eword otlarethunya ;eword
makwenya ;eword a ;eword ka ;eword mpeng ;eword yaka ;eword
mme ;eword
nna ;eword ketlaya ;eword natala ;eword hole ;eword kwana ;eword
keakwala ;eword
sekotlolo ;eword seseholo ;eword
keya ;eword kantle ;eword
engwe ;eword
danki ;eword mme ;eword
hodima ;eword tafole ;eword
mphe ;eword
ke ;eword yaka ;eword
yaka ;eword
he ;eword ngwana ;eword enwa ;eword oephunya ;eword ka ;eword thipa ;eword
ngwana ;eword enwa ;eword otlare ;eword polopoqo ;eword
