hleso ;eword etloha ;eword moo ;eword hei ;eword wena ;eword
hleso ;eword untseuetsang ;eword
ako ;eword jeng ;eword kapele ;eword letsebe ;eword hosebetsa ;eword mosebetsi ;eword wa ;eword lona ;eword
hleso ;eword ake ;eword utlohele ;eword ho ;eword nna ;eword uqela ;eword
ha ;eword lekhathetse ;eword leeme ;eword letsamaye ;eword
dulang ;eword hantle ;eword lona ;eword bana ;eword batletsebe ;eword hodula ;eword hantle ;eword
bana ;eword ke ;eword hona ;eword bajang ;eword dijo ;eword tsa ;eword jwale ;eword
hakere ;eword lona ;eword leseledijele ;eword
