tsebo ;eword uanngwapa ;eword
helang ;eword tsebo ;eword
tsebo ;eword ketlaunyoka ;eword
sekoloto ;eword nka ;eword tsebo ;eword
nna ;eword kere ;eword dumela ;eword denetu ;eword
tlisa ;eword retsele ;eword tsenetu ;eword
tsebo ;eword helang ;eword
ke ;eword mme ;eword mamello ;eword
uqhadile ;eword
u ;eword setoutu ;eword na ;eword
u ;eword setoutu ;eword
u ;eword setoutu ;eword
u ;eword leshano ;eword
sepshatle ;eword
keahana ;eword
neuoe ;eword o ;eword kae ;eword tsebo ;eword
tsebo ;eword keaukolota ;eword
ke ;eword mahanyatsa ;eword
setlauloma ;eword hape ;eword
ketlodikolopetsa ;eword tlasa ;eword bethe ;eword moo ;eword
tsebo ;eword
nka ;eword lekhapetla ;eword tsenetu ;eword
tsenetu ;eword nka ;eword erekisi ;eword
tsebo ;eword
tsebo ;eword ha ;eword reebole ;eword tjee ;eword
nna ;eword keebola ;eword tjee ;eword
kathola ;eword
u ;eword setoutu ;eword
nka ;eword tsenetu ;eword
nna ;eword keaijella ;eword
ketloutsella ;eword
ke ;eword mme ;eword mamello ;eword
u ;eword setoutu ;eword
utlaja ;eword seboko ;eword seo ;eword
ding ;eword
sepshatle ;eword
thonaka ;eword erekisi ;eword tsebo ;eword
butle ;eword tsebo ;eword ka ;eword sekoloto ;eword seo ;eword butle ;eword
ke ;eword wena ;eword
tsebo ;eword skanna ;eword ntsosa ;eword
wena ;eword
tsebo ;eword
tsebo ;eword
tsebo ;eword sekanna ;eword bapala ;eword ka ;eword erekisi ;eword ena ;eword ya ;eword batho ;eword
untseuelahlelang ;eword
tsebo ;eword keilomokuka ;eword
ha ;eword keaqhala ;eword
ha ;eword keaqhala ;eword
