amang ;eword ke ;eword ane ;eword khanthe ;eword
amang ;eword ke ;eword ane ;eword aka ;eword
eng ;eword ke ;eword tsane ;eword
mashala ;eword ana ;eword aka ;eword
tseding ;eword ke ;eword tsena ;eword diachaisa ;eword
hlobohang ;eword sheba ;eword pompong ;eword ya ;eword motsudipana ;eword ke ;eword ena ;eword
ke ;eword ena ;eword pompong ;eword ya ;eword motsudipana ;eword
tseding ;eword
uabotsola ;eword borikhwe ;eword bona ;eword
uetimelang ;eword
kumbakumba ;eword
ke ;eword eng ;eword ntho ;eword ee ;eword
ke ;eword eng ;eword wena ;eword
ere ;eword kebone ;eword
eakhantsa ;eword
nna ;eword keaetloela ;eword
ekhantse ;eword
etime ;eword
etloele ;eword
ekhantse ;eword q ;eword
eya ;eword
etimme ;eword
keakhantsa ;eword
he ;eword wena ;eword utloikwalla ;eword
uautlwa ;eword he ;eword
e ;eword wena ;eword utlatswela ;eword mme ;eword manyili ;eword wena ;eword
ke ;eword kausi ;eword ya ;eword mme ;eword wa ;eword yena ;eword
hakere ;eword ke ;eword dintho ;eword tsa ;eword mme ;eword wa ;eword rona ;eword
reihlakola ;eword ka ;eword kausi ;eword ena ;eword ya ;eword motho ;eword
ukhantsitse ;eword ha ;eword wabona ;eword
lebidi ;eword ke ;eword lane ;eword
khantsa ;eword
etime ;eword
mme ;eword manyili ;eword otlafihla ;eword neng ;eword
ntho ;eword ena ;eword ekhantsa ;eword eno ;eword
ha ;eword se ;eword toche ;eword ntho ;eword ena ;eword
khantsa ;eword tjena ;eword tjena ;eword
etime ;eword
ukhantsa ;eword motho ;eword wena ;eword
etimme ;eword
mahlo ;eword a ;eword sekhowa ;eword ke ;eword ana ;eword
khantsa ;eword kumbakumba ;eword yane ;eword
khantsa ;eword kumbakumba ;eword
mokhantse ;eword
khanthe ;eword ke ;eword kumbakumba ;eword
ketlauotla ;eword hloho ;eword etenya ;eword ena ;eword
tloha ;eword
ufihla ;eword mane ;eword marung ;eword
eahana ;eword
etsamaile ;eword
mme ;eword manyili ;eword
uskasheba ;eword ke ;eword ona ;eword
khantsa ;eword mane ;eword
ekhantse ;eword moo ;eword
ekhantse ;eword
tloo ;eword khantse ;eword mona ;eword
e ;eword teng ;eword ehanang ;eword ka ;eword mona ;eword
e ;eword teng ;eword ehanang ;eword
hlobohang ;eword ha ;eword wakhantsa ;eword kumbakumba ;eword wena ;eword
ha ;eword wakhantsa ;eword
bona ;eword kumbakumba ;eword yaka ;eword wena ;eword
sheba ;eword
kekhantsa ;eword
ere ;eword ekhantsetsa ;eword kumbakumba ;eword
keebona ;eword toche ;eword
keakhantsa ;eword
ere ;eword lechele ;eword
he ;eword ekhantsitse ;eword entsutsubete ;eword
bona ;eword kekhantsitse ;eword hakae ;eword
hanyane ;eword hanyane ;eword hakae ;eword
hlobohang ;eword khantsa ;eword dieta ;eword tsena ;eword tsa ;eword rona ;eword
dikhantse ;eword
kekhantsetsa ;eword tsena ;eword tsa ;eword mme ;eword manyili ;eword
bakhantsitse ;eword tsaka ;eword
lerapo ;eword ke ;eword lane ;eword
hele ;eword lerapo ;eword
nna ;eword ha ;eword keacha ;eword
nka ;eword hlobohang ;eword
hothwe ;eword ujwetse ;eword mme ;eword matankiso ;eword wena ;eword
eya ;eword
keekhantsa ;eword hape ;eword
ha ;eword uetime ;eword toche ;eword
amang ;eword a ;eword teng ;eword ka ;eword moo ;eword
kebudutse ;eword metsi ;eword
ke ;eword kwana ;eword
uaepshatla ;eword toche ;eword ena ;eword
tloela ;eword toche ;eword wena ;eword
nka ;eword tseding ;eword ke ;eword tsena ;eword
nka ;eword tseding ;eword ka ;eword nqane ;eword
le ;eword nna ;eword kebatla ;eword tsekana ;eword
tsetelele ;eword monna ;eword
kebatla ;eword tsekana ;eword
nna ;eword kerata ;eword tsekana ;eword
hape ;eword ka ;eword nqeo ;eword
dintho ;eword tsejwalo ;eword ke ;eword ditema ;eword
uentsitse ;eword hlobohang ;eword
utlabona ;eword etlaba ;eword ncha ;eword
hey ;eword dikhantsitse ;eword
hele ;eword nna ;eword tsaka ;eword dikholo ;eword banna ;eword
ham ;eword koloi ;eword eeme ;eword
ere ;eword khantsa ;eword ushebile ;eword kwana ;eword
he ;eword hlobohang ;eword uepatile ;eword
uaepata ;eword toche ;eword ena ;eword
ntho ;eword ee ;eword ere ;eword
ukhantsa ;eword dikantlele ;eword tsee ;eword
ukhantsa ;eword dikantlele ;eword tsee ;eword tsa ;eword mamello ;eword wena ;eword
keaebitsa ;eword ntate ;eword
