ke ;eword eng ;eword hoo ;eword
ke ;eword eng ;eword ntho ;eword ee ;eword
ke ;eword eng ;eword ntho ;eword ee ;eword
ke ;eword ya ;eword mang ;eword
ke ;eword ya ;eword mme ;eword mang ;eword
ke ;eword ya ;eword mang ;eword
e ;eword
ke ;eword ya ;eword mang ;eword kumbakumba ;eword
e ;eword
ke ;eword ya ;eword mme ;eword mang ;eword
ke ;eword ya ;eword mme ;eword mang ;eword
m ;eword
ntho ;eword eno ;eword
ebotse ;eword
koko ;eword
dumelang ;eword dumelang ;eword
eya ;eword
ke ;eword mang ;eword eo ;eword ntate ;eword
ke ;eword mang ;eword
ke ;eword mang ;eword
ke ;eword mapi ;eword
otswa ;eword kae ;eword
otswa ;eword kae ;eword mapi ;eword
ake ;eword umobotse ;eword hore ;eword na ;eword otswa ;eword kae ;eword
hmm ;eword ha ;eword eseele ;eword mang ;eword
ha ;eword ekare ;eword
leansehela ;eword
batlang ;eword bolo ;eword
e ;eword kae ;eword bolo ;eword
e ;eword kae ;eword bolo ;eword
ka ;eword kae ;eword
ka ;eword kae ;eword
ka ;eword sutkeising ;eword
oo ;eword butle ;eword ketlanka ;eword setulo ;eword
e ;eword
e ;eword ketlalefa ;eword
bapalang ;eword
eke ;eword ee ;eword bapalang ;eword
moakhele ;eword ure ;eword
kapa ;eword
u ;eword sele ;eword he ;eword
lenkileng ;eword hlobohang ;eword
e ;eword
