mane ;eword
uefilwe ;eword ke ;eword mang ;eword
ke ;eword wena ;eword
ke ;eword wena ;eword mang ;eword
wena ;eword mang ;eword
wena ;eword mang ;eword
nna ;eword hlobohang ;eword
mang ;eword
motiea ;eword
kannete ;eword
haeno ;eword ke ;eword kae ;eword
ke ;eword thabeng ;eword
kannete ;eword
oo ;eword moshanyana ;eword
uya ;eword kae ;eword
uatheoha ;eword uya ;eword kae ;eword
uiloja ;eword erekise ;eword
ah ;eword
oo ;eword
ntho ;eword eno ;eword empe ;eword eo ;eword leaejang ;eword
ee ;eword
e ;eword mpe ;eword ntho ;eword ena ;eword ha ;eword ejewe ;eword
e ;eword
ntho ;eword ee ;eword ke ;eword eng ;eword
ke ;eword eng ;eword ntho ;eword ee ;eword
ke ;eword ya ;eword mang ;eword
ke ;eword ya ;eword mang ;eword ntho ;eword ee ;eword
tloo ;eword letlontjwetsa ;eword
tloo ;eword
tloo ;eword ntjwetse ;eword ntate ;eword
ntho ;eword ee ;eword ke ;eword eng ;eword
erekise ;eword
eetsang ;eword
ephehang ;eword
ephehang ;eword
opheha ;eword di ;eword khobe ;eword
ke ;eword mang ;eword
no ;eword ausi ;eword wahao ;eword ke ;eword mang ;eword
ausi ;eword wahao ;eword ke ;eword mang ;eword
ausi ;eword wahao ;eword ke ;eword mang ;eword
e ;eword
keutlohele ;eword
kebatla ;eword untjwetse ;eword ausi ;eword wahao ;eword
ha ;eword ubatle ;eword
ntho ;eword empe ;eword ena ;eword
keutlohetse ;eword he ;eword ntjwetse ;eword
neneng ;eword
utlatla ;eword hontjwetsa ;eword mantsiboya ;eword hore ;eword na ;eword ausi ;eword wahao ;eword ke ;eword mang ;eword
oo ;eword
ke ;eword ausi ;eword mamello ;eword
ee ;eword uitse ;eword utlatla ;eword hontjwetsa ;eword mantsiboya ;eword
ha ;eword se ;eword ausi ;eword wahao ;eword mami ;eword ke ;eword mme ;eword wahao ;eword
hakere ;eword
mme ;eword wahao ;eword ke ;eword mang ;eword
mme ;eword wahao ;eword ke ;eword mang ;eword
mme ;eword waka ;eword mang ;eword
mme ;eword waka ;eword uamotseba ;eword wena ;eword
u ;eword mathetsi ;eword
u ;eword mathetsi ;eword bo ;eword
oo ;eword
uneummona ;eword kae ;eword
uneummona ;eword kae ;eword
mane ;eword habo ;eword
habo ;eword ke ;eword kae ;eword
kae ;eword
natala ;eword kapa ;eword matieng ;eword
kae ;eword
kae ;eword
uya ;eword le ;eword nna ;eword kae ;eword
kwanana ;eword kae ;eword
kae ;eword
oo ;eword
uiloetsang ;eword
uilosebetsang ;eword na ;eword phoka ;eword
uilosebetsang ;eword na ;eword phokanyana ;eword
uilosebetsang ;eword na ;eword ngwaneso ;eword
m ;eword
oo ;eword uilosebetsa ;eword khale ;eword
oo ;eword
ure ;eword ausi ;eword ntsoaki ;eword aphehe ;eword dikhobe ;eword hamonate ;eword
utlareng ;eword
jwang ;eword
hantle ;eword
adiphehela ;eword mang ;eword
wena ;eword
le ;eword mang ;eword
adiphehela ;eword hlobohang ;eword le ;eword mang ;eword
le ;eword wena ;eword
le ;eword mang ;eword
le ;eword mololo ;eword
le ;eword mang ;eword
le ;eword mololo ;eword
le ;eword mang ;eword
le ;eword wena ;eword
utlafa ;eword mang ;eword
le ;eword mang ;eword
le ;eword mosiuoa ;eword
tlhadiela ;eword
utlatima ;eword mami ;eword
ee ;eword ska ;eword tsela ;eword ka ;eword metsi ;eword ana ;eword untseuathunthetsa ;eword ka ;eword dintho ;eword tsena ;eword
utlafa ;eword mang ;eword
mami ;eword
kannete ;eword
utlamoisetsa ;eword hahae ;eword
utlaya ;eword le ;eword mang ;eword
wena ;eword utlalla ;eword
utlallela ;eword ha ;eword uya ;eword ha ;eword mami ;eword
utlallela ;eword ha ;eword uya ;eword ha ;eword mami ;eword
utlafihla ;eword ureng ;eword
ufihle ;eword ure ;eword koko ;eword
ureng ;eword
mami ;eword
ureng ;eword
ache ;eword ntho ;eword e ;eword teng ;eword ka ;eword mona ;eword enkhang ;eword
ke ;eword eng ;eword ntho ;eword ee ;eword ka ;eword moo ;eword
ka ;eword moo ;eword
tloo ;eword kwano ;eword
tloo ;eword
tloo ;eword kwano ;eword
tloo ;eword ntjwetse ;eword
tloo ;eword rebale ;eword
ntho ;eword ee ;eword ke ;eword eng ;eword
ntho ;eword eo ;eword ke ;eword eng ;eword
ke ;eword leihlo ;eword
le ;eword kae ;eword leihlo ;eword
ke ;eword leihlo ;eword
hoo ;eword ee ;eword ke ;eword eng ;eword
hloho ;eword enyenyana ;eword
oo ;eword
ho ;eword ee ;eword ke ;eword eng ;eword
ke ;eword ya ;eword mang ;eword
uenkile ;eword kae ;eword
ee ;eword
e ;eword ntle ;eword
m ;eword
uefilwe ;eword ke ;eword mang ;eword
ubotsa ;eword nna ;eword
ha ;eword ketsebe ;eword
uefilwe ;eword ke ;eword mang ;eword
e ;eword ke ;eword tsebe ;eword yaka ;eword
e ;eword
ke ;eword eng ;eword ntho ;eword ee ;eword
bona ;eword
ke ;eword eng ;eword
ee ;eword tsamaya ;eword he ;eword ka ;eword koloi ;eword yahao ;eword
tsamaya ;eword hoqhoba ;eword koloi ;eword
tsamaya ;eword
ntsoaki ;eword otlalefa ;eword
tee ;eword yahao ;eword
qhoba ;eword koloi ;eword yahao ;eword
ha ;eword etsamaye ;eword
ha ;eword etsamaye ;eword koloi ;eword ntate ;eword
ha ;eword etsamaye ;eword koloi ;eword
jwetsa ;eword mami ;eword useule ;eword moholo ;eword useutseba ;eword hoqhoba ;eword koloi ;eword ham ;eword
ee ;eword hle ;eword mmannyeo ;eword
ureng ;eword
kebatla ;eword tee ;eword
ere ;eword kealeboha ;eword ausi ;eword ntsoaki ;eword
ere ;eword kealeboha ;eword
mojwetse ;eword
ere ;eword kealeboha ;eword ausi ;eword
ubatlang ;eword
tswekere ;eword efedile ;eword
ake ;eword ujwetse ;eword mami ;eword ubatla ;eword tee ;eword
tsamaya ;eword hojwetsa ;eword mme ;eword mamello ;eword ubatla ;eword tee ;eword
ee ;eword ere ;eword mme ;eword kekopa ;eword tee ;eword
butle ;eword he ;eword ketlaepheha ;eword
tsamaya ;eword hokhanna ;eword
khanna ;eword koloi ;eword yahao ;eword
qhoba ;eword koloi ;eword yahao ;eword
ketlauphehela ;eword tee ;eword
e ;eword qhoba ;eword koloi ;eword he ;eword phoka ;eword
e ;eword kae ;eword
o ;eword
keiloketola ;eword poone ;eword
ya ;eword mme ;eword manyili ;eword
ya ;eword abuti ;eword hlobohang ;eword
ke ;eword yaka ;eword eng ;eword
yahao ;eword
keiloeketola ;eword
e ;eword
una ;eword le ;eword yahao ;eword wena ;eword
u ;eword na ;eword le ;eword tsimo ;eword kapa ;eword una ;eword le ;eword poone ;eword
oo ;eword ke ;eword tsimo ;eword le ;eword poone ;eword yahao ;eword
nka ;eword he ;eword
ee ;eword khantsa ;eword le ;eword wena ;eword
wena ;eword utsaba ;eword hokhantsa ;eword
nka ;eword
ure ;eword nna ;eword kebate ;eword wena ;eword ha ;eword uarate ;eword hobata ;eword
nka ;eword
tlweba ;eword
ee ;eword ska ;eword tlweba ;eword jwalo ;eword ka ;eword ntate ;eword wahao ;eword anwile ;eword jwala ;eword tjena ;eword
tlweba ;eword tjena ;eword
ere ;eword keeme ;eword kelengwathele ;eword kefe ;eword dijo ;eword
ke ;eword ono ;eword pela ;eword hao ;eword
keaufa ;eword ska ;eword lla ;eword
e ;eword keaufa ;eword
ha ;eword se ;eword motoho ;eword ke ;eword lesheleshele ;eword
metsi ;eword ha ;eword a ;eword yo ;eword
ke ;eword hona ;eword houwang ;eword sedibeng ;eword
wena ;eword ubatla ;eword metsi ;eword ubatla ;eword lesheleshele ;eword
lesheleshele ;eword lee ;eword kenekeleetsetsa ;eword wena ;eword kapa ;eword nna ;eword
hobaneng ;eword wena ;eword
kengoletswe ;eword ke ;eword mang ;eword
hlobohang ;eword
unwang ;eword
unwang ;eword
letsetswe ;eword ke ;eword ka ;eword eng ;eword
le ;eword ka ;eword eng ;eword
le ;eword ka ;eword eng ;eword
oo ;eword
e ;eword
fetang ;eword leiloqhoba ;eword dikoloi ;eword tsa ;eword lona ;eword
e ;eword
tanki ;eword he ;eword phoka ;eword
