di ;eword teng ;eword
nkhono ;eword ke ;eword mang ;eword yafileng ;eword tsebo ;eword le ;eword neuoe ;eword
nnake ;eword
e ;eword retlobina ;eword
ke ;eword ana ;eword
hakere ;eword nkhono ;eword retlobinela ;eword ka ;eword kumbakumbeng ;eword
nna ;eword ha ;eword keso ;eword
nna ;eword ha ;eword kesobatle ;eword hotsamaya ;eword
nna ;eword ha ;eword kebatle ;eword ka ;eword ha ;eword matela ;eword
ke ;eword hobane ;eword bopheta ;eword baamootla ;eword
nna ;eword ha ;eword kesobatle ;eword
ke ;eword nkhono ;eword
aa ;eword
nna ;eword lekotikoti ;eword
ke ;eword dipabi ;eword
ke ;eword tapole ;eword
ke ;eword mme ;eword nkhono ;eword
neuoe ;eword
oh ;eword
ke ;eword ditapole ;eword
mme ;eword
reasila ;eword
