ke ;eword eng ;eword kenekere ;eword kaba ;eword ke ;eword keneuoe ;eword
tsila ;eword ntso ;eword
kengolla ;eword khaitsedi ;eword yaka ;eword
yaka ;eword e ;eword kholo ;eword le ;eword ya ;eword neuoe ;eword
yaka ;eword e ;eword kholo ;eword le ;eword ya ;eword neuoe ;eword e ;eword kholo ;eword
ha ;eword ungolle ;eword tsebo ;eword ke ;eword eng ;eword
wena ;eword keneuoe ;eword ubapala ;eword ka ;eword dieta ;eword
helang ;eword neuoe ;eword ketlauotla ;eword jwale ;eword
hleso ;eword hoitswe ;eword resekabina ;eword
mme ;eword oaubitsa ;eword
hleso ;eword tsamaya ;eword uye ;eword sekeketeng ;eword
nkathaba ;eword haholo ;eword
ha ;eword ekathetsa ;eword marung ;eword
yaka ;eword e ;eword kholo ;eword
lieketseng ;eword uabitswa ;eword ke ;eword mme ;eword mapitso ;eword
lieketseng ;eword kengolla ;eword moroa ;eword
moroa ;eword uabitswa ;eword
kere ;eword lona ;eword leye ;eword hobitsa ;eword botsebo ;eword
tsamaya ;eword bitsang ;eword botsebo ;eword
moroa ;eword tloha ;eword moo ;eword ngwana ;eword anengadutse ;eword
bitsang ;eword botsebo ;eword
tsamaya ;eword hobitsa ;eword
lineo ;eword ketlatla ;eword keipatlela ;eword dintho ;eword tsentle ;eword moreneng ;eword
lineo ;eword ha ;eword utsebe ;eword tsila ;eword ntso ;eword
ka ;eword mona ;eword ha ;eword ho ;eword bohloko ;eword
lona ;eword le ;eword bomang ;eword
hleso ;eword oneakula ;eword
lona ;eword le ;eword bomang ;eword
