oushapile ;eword kae ;eword
monana ;eword
umoshape ;eword hore ;eword
uautlwa ;eword
uamobona ;eword ha ;eword kemoshapa ;eword
tloo ;eword kwano ;eword mme ;eword
moshape ;eword masebina ;eword
moshape ;eword
tloo ;eword kwano ;eword
hela ;eword
e ;eword tloo ;eword mphe ;eword
ke ;eword ena ;eword phafa ;eword
ke ;eword ena ;eword
ere ;eword nkhono ;eword
e ;eword
tloo ;eword nke ;eword phafa ;eword ke ;eword ena ;eword mme ;eword
tloo ;eword fe ;eword naina ;eword ntho ;eword entle ;eword
tloo ;eword fe ;eword naina ;eword ntho ;eword entle ;eword
litlhare ;eword
uetsang ;eword
tloo ;eword mme ;eword
akhela ;eword ausi ;eword mamello ;eword
moakhele ;eword
oaakhela ;eword mang ;eword
nkapise ;eword
ketlaenka ;eword jwale ;eword hobane ;eword uaelahla ;eword
tloo ;eword
ha ;eword retsamaye ;eword relopheha ;eword
e ;eword kae ;eword
kae ;eword
kae ;eword
ha ;eword uakhathala ;eword mme ;eword
tloo ;eword kwano ;eword mme ;eword
baleha ;eword
mang ;eword
mang ;eword
mang ;eword
moshape ;eword
o ;eword kae ;eword
tloo ;eword kwano ;eword mme ;eword ketloubotsa ;eword hore ;eword na ;eword ushapile ;eword masebina ;eword kae ;eword
tloo ;eword kwano ;eword
phakisa ;eword kapele ;eword
moshape ;eword masebina ;eword
moshape ;eword
ushapile ;eword masebina ;eword kae ;eword
e ;eword tloo ;eword mphe ;eword mme ;eword
uakutlula ;eword le ;eword mangwele ;eword ana ;eword
keaitlhaba ;eword
tloo ;eword ipate ;eword mona ;eword
ke ;eword eng ;eword
tloo ;eword lwane ;eword
litlhare ;eword
tloo ;eword nke ;eword phafa ;eword ke ;eword ena ;eword
phafa ;eword ketloukhella ;eword phafa ;eword
e ;eword kae ;eword
ekhe ;eword mme ;eword
ukhang ;eword mme ;eword
uaefothola ;eword
e ;eword
ketloukhellang ;eword
ushapa ;eword mang ;eword
mpinane ;eword
o ;eword kae ;eword mpinane ;eword
kae ;eword
jwale ;eword ke ;eword ha ;eword uetsang ;eword
uetsang ;eword moo ;eword
usebetsang ;eword
sekanshapa ;eword
tloo ;eword mme ;eword utloketa ;eword
tloo ;eword retloketa ;eword
tloo ;eword kete ;eword
tloo ;eword tlodise ;eword mme ;eword
tloo ;eword tlola ;eword mme ;eword
rebapala ;eword ka ;eword eng ;eword
e ;eword mme ;eword
uaketa ;eword
uetsang ;eword mme ;eword
uetsang ;eword
e ;eword
tloo ;eword
hele ;eword
kapa ;eword he ;eword mme ;eword
ujang ;eword
eng ;eword
ujang ;eword
m ;eword
oitseng ;eword
umofileng ;eword mme ;eword
eng ;eword
umofile ;eword papa ;eword
umofile ;eword
uetsang ;eword
ee ;eword beha ;eword sekoch ;eword
nkadime ;eword bolo ;eword
ee ;eword sekahlwa ;eword
ha ;eword keunyolle ;eword
khutla ;eword
tloo ;eword
tloo ;eword nkapise ;eword
nkapise ;eword
tloo ;eword ka ;eword tlung ;eword
ke ;eword eo ;eword
ha ;eword e ;eword yo ;eword
litlhare ;eword nkadime ;eword bolo ;eword
akhela ;eword
akhela ;eword
e ;eword
nka ;eword poone ;eword unkadime ;eword bolo ;eword
nka ;eword
nkadime ;eword le ;eword bolo ;eword keerahe ;eword
tlisa ;eword poone ;eword yaka ;eword
akhela ;eword keerahe ;eword
kapa ;eword
akhela ;eword he ;eword
kapa ;eword
hela ;eword euhatile ;eword
ehete ;eword
akhela ;eword
nkapise ;eword
tlisa ;eword poone ;eword
nkadime ;eword yona ;eword
dumelang ;eword basetsana ;eword
e ;eword
