hela ;eword na ;eword utiile ;eword
e ;eword
wena ;eword ha ;eword utsebe ;eword hoqoqa ;eword
hobaneng ;eword
ere ;eword uneuetsang ;eword
e ;eword ena ;eword le ;eword bolo ;eword
useule ;eword betheng ;eword mola ;eword moo ;eword keitseng ;eword utlohe ;eword ngwana ;eword towe ;eword
ha ;eword ketsebe ;eword ke ;eword eng ;eword
keufe ;eword sekoch ;eword see ;eword uapare ;eword
uaparang ;eword
ere ;eword atlohele ;eword lelapi ;eword la ;eword tafole ;eword
uabona ;eword tsirwane ;eword
uatseba ;eword tsirwane ;eword
ere ;eword kefetele ;eword setulong ;eword mane ;eword
ke ;eword hore ;eword ha ;eword ketsebe ;eword na ;eword tjale ;eword ena ;eword ueisa ;eword kae ;eword ese ;eword yahao ;eword
nka ;eword iqhwaele ;eword
keatla ;eword
mampe ;eword tsamaya ;eword qoqa ;eword mane ;eword
ha ;eword ubatle ;eword ke ;eword eng ;eword mme ;eword mmannyeo ;eword
ha ;eword ubatleng ;eword
e ;eword
ha ;eword utsebe ;eword na ;eword hothweng ;eword
qoqa ;eword le ;eword pateriki ;eword
litlhare ;eword
uphuthetseng ;eword
ha ;eword uaphutela ;eword letho ;eword
tlohang ;eword betheng ;eword
ska ;eword apara ;eword tjale ;eword motsehare ;eword
uhatsetse ;eword
jwale ;eword ka ;eword hona ;eword uaparang ;eword kobo ;eword
mobotse ;eword na ;eword orobehile ;eword kae ;eword
ere ;eword neng ;eword
ha ;eword utlarobeha ;eword
ya ;eword mang ;eword
keresemese ;eword ena ;eword le ;eword bolo ;eword
tloha ;eword fetela ;eword kwana ;eword
useujele ;eword
uutswitse ;eword lebekere ;eword
la ;eword mang ;eword
uakhukhunne ;eword
ke ;eword mme ;eword maria ;eword
e ;eword
m ;eword
ke ;eword mme ;eword maria ;eword
ure ;eword uratang ;eword
bohobe ;eword
ketlauphehela ;eword ka ;eword sontaha ;eword
m ;eword
ubatla ;eword sekhowa ;eword sesetle ;eword
ere ;eword ere ;eword bobotso ;eword
di ;eword telele ;eword
di ;eword sephara ;eword
e ;eword
di ;eword sephara ;eword difamohile ;eword
dientse ;eword seven ;eword
utlahlatswa ;eword nko ;eword ee ;eword
bua ;eword haholo ;eword helang ;eword
bua ;eword haholo ;eword reutlwe ;eword
utlareng ;eword ha ;eword ubuela ;eword
motoho ;eword ona ;eword waka ;eword uneuoisa ;eword kae ;eword ha ;eword usaonwa ;eword tjee ;eword
uamotseba ;eword ausi ;eword eo ;eword
leskabanketsetsa ;eword lerata ;eword
kebeta ;eword tswene ;eword mona ;eword
ereng ;eword
akhumama ;eword
khumama ;eword ka ;eword pele ;eword
ualla ;eword
ualla ;eword
yane ;eword otswile ;eword
ututubale ;eword he ;eword
inamoloha ;eword he ;eword
che ;eword otlameha ;eword hotswara ;eword
ema ;eword
ka ;eword mona ;eword
kebatla ;eword diphaka ;eword tsena ;eword
useufeta ;eword basia ;eword
eng ;eword
wena ;eword sekhowa ;eword uasetseba ;eword
m ;eword
ntselle ;eword
e ;eword
uhatsetse ;eword
neneng ;eword
phenti ;eword ela ;eword ya ;eword likhapa ;eword anengaukadimme ;eword yona ;eword e ;eword kae ;eword
ha ;eword utsebe ;eword
uelahlile ;eword
atlise ;eword kobo ;eword uapare ;eword
uronwa ;eword ke ;eword moriri ;eword
utiile ;eword na ;eword
bua ;eword mmannyeo ;eword
ubatla ;eword bohobe ;eword
ubatla ;eword bohobe ;eword ka ;eword moo ;eword uphutetse ;eword bohobe ;eword
ueaparelang ;eword
kae ;eword
uhatsetse ;eword kae ;eword
tlohella ;eword
khale ;eword
khale ;eword ha ;eword untseuipapalla ;eword uautlwa ;eword hore ;eword uhatsetse ;eword
uneubapala ;eword kae ;eword
ka ;eword nokaneng ;eword
le ;eword mang ;eword
le ;eword ausi ;eword mpinane ;eword
jwale ;eword uahatsela ;eword
oreng ;eword
ore ;eword oneabapalang ;eword
metutsa ;eword
oarobala ;eword motlohele ;eword ska ;eword mometa ;eword arobale ;eword
uammona ;eword
jwale ;eword ntho ;eword ee ;eword uneueisa ;eword kae ;eword ngwana ;eword modimo ;eword
bohobe ;eword bo ;eword teng ;eword
bo ;eword kae ;eword
m ;eword
yane ;eword yahao ;eword ketlaepatala ;eword ha ;eword khwedi ;eword efela ;eword
utlotswarwa ;eword
uleise ;eword kae ;eword
tloo ;eword he ;eword
uilewafeta ;eword wareng ;eword
ha ;eword hona ;eword tswekere ;eword
uatirinka ;eword
uetsang ;eword
oo ;eword
na ;eword o ;eword monate ;eword
ujeleng ;eword ha ;eword utsoha ;eword
ha ;eword uqala ;eword hotsoha ;eword ujeleng ;eword
dikhobe ;eword
tsa ;eword eng ;eword
m ;eword
m ;eword
litlhare ;eword
utlakha ;eword dierekise ;eword neng ;eword
hosane ;eword
utladikhella ;eword mang ;eword
mme ;eword machaka ;eword
kae ;eword
hole ;eword kwa ;eword
utlankang ;eword
utladinka ;eword ka ;eword mmete ;eword
oo ;eword
mang ;eword
ohatileng ;eword
ntho ;eword ee ;eword ha ;eword se ;eword ntate ;eword
m ;eword
dula ;eword ska ;eword dula ;eword fatse ;eword ska ;eword dula ;eword motoho ;eword
e ;eword
uya ;eword kae ;eword
ae ;eword ha ;eword retlodula ;eword mona ;eword
ha ;eword retlodula ;eword mona ;eword ketleketsebe ;eword hohlatswa ;eword
uabona ;eword
m ;eword
uratang ;eword
urata ;eword sekhowa ;eword
oo ;eword
sebua ;eword he ;eword
serobelle ;eword he ;eword
we ;eword basadi ;eword
e ;eword
ubatla ;eword bohobe ;eword bobotso ;eword
m ;eword
oo ;eword
leetsang ;eword
u ;eword dinko ;eword di ;eword mafamo ;eword
dinko ;eword tsa ;eword moo ;eword di ;eword jwang ;eword
kannete ;eword
uditseba ;eword jwang ;eword hore ;eword dintle ;eword
e ;eword
utlabuela ;eword nthong ;eword
ena ;eword
utlise ;eword
tlisa ;eword utlaobeha ;eword mohaolwaneng ;eword mane ;eword utlaonwa ;eword
e ;eword
ha ;eword unuoqhala ;eword
ache ;eword rekalwana ;eword
rekalwana ;eword ausi ;eword nnyeo ;eword
rekare ;eword hei ;eword hei ;eword
rekare ;eword ekse ;eword da ;eword
ausi ;eword eno ;eword orobetse ;eword
litlhare ;eword
ha ;eword untseuhola ;eword tjee ;eword ha ;eword usatseba ;eword hobua ;eword na ;eword
jwale ;eword ke ;eword eng ;eword ha ;eword usabue ;eword tjee ;eword
we ;eword
fetela ;eword mane ;eword
kentsa ;eword ntho ;eword ee ;eword utlaetena ;eword
dula ;eword mane ;eword
helang ;eword
e ;eword
e ;eword
ke ;eword mme ;eword we ;eword ya ;eword eng ;eword
ubatlang ;eword
litlhare ;eword ee ;eword
ke ;eword ntho ;eword e ;eword jwang ;eword na ;eword yona ;eword ee ;eword
keitse ;eword unwe ;eword untseubua ;eword
uautlwa ;eword litlhare ;eword
e ;eword mme ;eword mang ;eword
e ;eword
ke ;eword horeng ;eword
ae ;eword keujwetsitse ;eword hore ;eword ha ;eword uhola ;eword tjena ;eword u ;eword makirikiri ;eword
mpheng ;eword metsi ;eword ka ;eword mono ;eword
kebone ;eword ha ;eword ketlare ;eword eno ;eword
dula ;eword hona ;eword mona ;eword keutodise ;eword
litlhare ;eword tloo ;eword
tloo ;eword hle ;eword
ke ;eword wena ;eword yahlwang ;eword vaskomo ;eword ena ;eword yaka ;eword hodimo ;eword
mona ;eword kantle ;eword moo ;eword ekubutuweng ;eword
ebile ;eword hangata ;eword keethola ;eword kantle ;eword ka ;eword mona ;eword
etlaya ;eword le ;eword moya ;eword
tsola ;eword
ereng ;eword
mpheng ;eword cold ;eword water ;eword
e ;eword
uaisa ;eword kae ;eword
uaisa ;eword kae ;eword matswele ;eword
utlaatsela ;eword ka ;eword metsi ;eword
abe ;eword jwang ;eword
abe ;eword matle ;eword ha ;eword atsetswe ;eword ka ;eword metsi ;eword
matswele ;eword
he ;eword keqala ;eword houtlwa ;eword
uabona ;eword he ;eword
litlhare ;eword
helele ;eword
khumama ;eword mona ;eword
minela ;eword ka ;eword mona ;eword
e ;eword
keahlatswe ;eword
ere ;eword ke ;eword sa ;eword tsirwane ;eword
mojwetse ;eword
inama ;eword he ;eword
inama ;eword he ;eword mme ;eword
ututubetse ;eword
oo ;eword
ututubale ;eword uautlwa ;eword
m ;eword
he ;eword ebile ;eword u ;eword mosehlana ;eword
onyatsa ;eword hoba ;eword ule ;eword mosehlana ;eword ha ;eword osauhlatswe ;eword tjee ;eword
uautlwa ;eword
ututubale ;eword hofihlela ;eword keuhlakola ;eword
uautlwa ;eword
mm ;eword
ke ;eword wena ;eword yanang ;eword le ;eword dinta ;eword tsa ;eword hloho ;eword
kama ;eword e ;eword kae ;eword
kena ;eword ka ;eword tlung ;eword
mme ;eword okena ;eword ka ;eword tlung ;eword
fela ;eword useule ;eword moholo ;eword
hm ;eword
e ;eword
udutse ;eword ka ;eword ditono ;eword
hothweng ;eword
ee ;eword
ke ;eword eng ;eword hoya ;eword rona ;eword
ke ;eword eng ;eword yona ;eword ntho ;eword eo ;eword
hothwe ;eword
