e ;eword
hlobohang ;eword
hlobohang ;eword omphile ;eword
hlobohang ;eword kedibone ;eword
uapara ;eword kobo ;eword ya ;eword shepa ;eword
m ;eword
e ;eword bua ;eword
dula ;eword setulong ;eword mona ;eword
hlobohang ;eword tloo ;eword dule ;eword mona ;eword
ea ;eword
koloi ;eword ya ;eword mmtine ;eword
hlobohang ;eword
nna ;eword kedutse ;eword setulong ;eword
unraha ;eword leotong ;eword
keauotla ;eword
tloha ;eword mona ;eword
utlawela ;eword moo ;eword kedutseng ;eword
tsamaya ;eword
keahlwa ;eword he ;eword
ureng ;eword na ;eword hlobohang ;eword
hlobohang ;eword
hlobohang ;eword
sekele ;eword
