ketlare ;eword mololo ;eword anketsetse ;eword
oesephile ;eword kapa ;eword oetsipile ;eword
ha ;eword se ;eword moremoholo ;eword hahabo ;eword
etswa ;eword kae ;eword
kannete ;eword
ke ;eword eng ;eword yona ;eword ntho ;eword ee ;eword
enetsetseng ;eword
bakingpowder ;eword
hele ;eword
bakingpowder ;eword
etsa ;eword tlou ;eword ena ;eword
etsa ;eword he ;eword
ha ;eword kebatle ;eword ha ;eword mololo ;eword aetsa ;eword pele ;eword ho ;eword wena ;eword
le ;eword wena ;eword usoya ;eword matlapeng ;eword
nketsetse ;eword tlou ;eword ya ;eword nko ;eword e ;eword telele ;eword
mpineng ;eword
tloo ;eword
mpineng ;eword
ha ;eword unketsetse ;eword tlou ;eword e ;eword telele ;eword
etsa ;eword tlou ;eword e ;eword telele ;eword hangwe ;eword he ;eword
hangwe ;eword feela ;eword
e ;eword
tloo ;eword he ;eword
ako ;eword bine ;eword hangwe ;eword keutlwe ;eword
motho ;eword emong ;eword
uhanne ;eword ha ;eword kere ;eword unketsetse ;eword tlou ;eword e ;eword nko ;eword e ;eword telele ;eword
ako ;eword etse ;eword keutlwe ;eword he ;eword moshanyana ;eword
oesephile ;eword
eskaroba ;eword siphi ;eword ya ;eword ofalolo ;eword ya ;eword mololo ;eword
hoba ;eword uhana ;eword hoetsa ;eword tlou ;eword e ;eword nko ;eword e ;eword telele ;eword
eetse ;eword he ;eword keutlwe ;eword
yankang ;eword
yankang ;eword hape ;eword
seka ;eword itsireletsa ;eword ha ;eword keutlwe ;eword uipatile ;eword tlasa ;eword bethe ;eword
bina ;eword usaipata ;eword tlasa ;eword bethe ;eword ketlekeutlwe ;eword
kannete ;eword
echo ;eword hape ;eword keutlwe ;eword
ubinela ;eword ausi ;eword mamello ;eword
mobinele ;eword keutlwe ;eword
ke ;eword bosiu ;eword
bobong ;eword ke ;eword bona ;eword
uetsang ;eword ka ;eword moo ;eword usakupollweng ;eword
uetsa ;eword jwang ;eword
utimeng ;eword
e ;eword kae ;eword diphokoto ;eword
dihoro ;eword
