pere ;eword keya ;eword matieng ;eword wena ;eword
eya ;eword
bona ;eword
ha ;eword etsebe ;eword hofula ;eword
ha ;eword se ;eword yeno ;eword
keitse ;eword yane ;eword
eya ;eword
kere ;eword eno ;eword eqhanehilweng ;eword
kere ;eword eno ;eword pere ;eword eatsamaya ;eword
feela ;eword ha ;eword ebalehe ;eword
eatsamaya ;eword
ha ;eword etlohlwa ;eword mona ;eword
engwe ;eword ke ;eword yane ;eword
ehatuwang ;eword
tsamaya ;eword hoesheba ;eword
ntho ;eword eno ;eword ke ;eword eno ;eword
erobehileng ;eword
usojela ;eword hona ;eword moo ;eword nthong ;eword ee ;eword
ka ;eword moo ;eword
uneuitse ;eword
eatsamaya ;eword
hana ;eword ke ;eword efe ;eword etsamayang ;eword
ha ;eword etsamaye ;eword
eneetsamaya ;eword
ditlabedikena ;eword moriri ;eword ona ;eword
pere ;eword
ha ;eword ditswane ;eword
e ;eword ena ;eword yona ;eword e ;eword mpe ;eword
yane ;eword e ;eword ncha ;eword
etlaetsuwe ;eword etswane ;eword le ;eword yane ;eword
hey ;eword etlatsamaya ;eword jwang ;eword
eatsamaya ;eword
eya ;eword habo ;eword
ya ;eword mme ;eword
yane ;eword eatseba ;eword yeno ;eword ya ;eword abuti ;eword kabelo ;eword
ee ;eword
ha ;eword etsebe ;eword
mokotlana ;eword
helang ;eword eatsamaya ;eword
eatsamaya ;eword pere ;eword eno ;eword yeno ;eword
pere ;eword eatsamaya ;eword ke ;eword eno ;eword
nna ;eword keya ;eword mane ;eword
ke ;eword yane ;eword
hlobohang ;eword
ha ;eword reyeng ;eword hlobohang ;eword
