ha ;eword reupepisa ;eword uhlauhane ;eword
onkileng ;eword ntho ;eword ena ;eword ya ;eword mose ;eword wena ;eword ke ;eword eng ;eword
tjena ;eword sebuseletse ;eword mane ;eword
ae ;eword hakere ;eword wena ;eword uhlauhane ;eword
tsebo ;eword uetsang ;eword ngwana ;eword wena ;eword
uamorobela ;eword ele ;eword ya ;eword mang ;eword
uya ;eword kae ;eword
jwale ;eword tsebo ;eword uetsa ;eword jwang ;eword
eya ;eword seka ;eword sekoqola ;eword
wena ;eword utlathula ;eword ngwana ;eword
ere ;eword keurobele ;eword
wena ;eword ha ;eword utsebe ;eword na ;eword ke ;eword eng ;eword ntho ;eword ee ;eword
tsebo ;eword onealerekelwa ;eword ke ;eword mang ;eword
tsebo ;eword uetsang ;eword
uabona ;eword
tsebo ;eword uetsang ;eword
tlohella ;eword ngwana ;eword tsebo ;eword
tsebo ;eword
ke ;eword eng ;eword
tsebo ;eword kena ;eword uya ;eword kae ;eword
tsebo ;eword uya ;eword kae ;eword
tloo ;eword ubapadise ;eword ngwana ;eword
ueisa ;eword kae ;eword
tsebo ;eword seka ;eword ya ;eword ka ;eword mora ;eword hae ;eword hle ;eword
ke ;eword pensele ;eword
tlohela ;eword ngwana ;eword
ke ;eword mang ;eword yaqetileng ;eword pele ;eword
tsebo ;eword ake ;eword udule ;eword ka ;eword ditono ;eword fatse ;eword
motlohele ;eword
setlohele ;eword
tlohela ;eword he ;eword
ele ;eword ya ;eword mang ;eword
e ;eword e ;eword
tjena ;eword
umorobelang ;eword
hakere ;eword ketlamorekela ;eword
uatima ;eword mang ;eword
tlosa ;eword setulo ;eword usebuselletse ;eword mane ;eword
ee ;eword ungola ;eword kae ;eword jwale ;eword
untseuetsang ;eword
ake ;eword ubone ;eword
chechella ;eword kwana ;eword
