urotetseng ;eword
helang ;eword leiloetsa ;eword jwang ;eword koloing ;eword
uetse ;eword jwang ;eword ha ;eword uakhela ;eword moo ;eword
neuoe ;eword ee ;eword ketlaushapa ;eword uatseba ;eword untseubitswa ;eword
neuoe ;eword hei ;eword wena ;eword neuoe ;eword
leiloetsang ;eword
hei ;eword wena ;eword neuoe ;eword uatseba ;eword ubatla ;eword holla ;eword
uadula ;eword kobong ;eword
uentseng ;eword
e ;eword urotile ;eword
e ;eword tsamaya ;eword uye ;eword mane ;eword mane ;eword
neuoe ;eword wena ;eword uya ;eword kae ;eword
ha ;eword dihlatsuwe ;eword
wena ;eword a ;eword lekekeleyobapallang ;eword kwana ;eword
seeta ;eword ke ;eword seeta ;eword nneheletse ;eword dieta ;eword
tsela ;eword metsi ;eword vaskomong ;eword kehlapise ;eword tsantu ;eword
neuoe ;eword
hakere ;eword neuoe ;eword jwale ;eword utloreka ;eword dikhaba ;eword wena ;eword keitse ;eword
uneudibehile ;eword kae ;eword
uankile ;eword kaofela ;eword
