aneha ;eword majweng ;eword mane ;eword
phakisa ;eword letle ;eword letloja ;eword
ke ;eword eng ;eword moo ;eword
ke ;eword eng ;eword
ke ;eword eng ;eword ngwanana ;eword
ke ;eword eng ;eword
ke ;eword eng ;eword
ke ;eword thokolosi ;eword
ntho ;eword ee ;eword ke ;eword thokolosi ;eword
he ;eword uaetseba ;eword
ema ;eword umonehe ;eword
hola ;eword ha ;eword ausi ;eword mamello ;eword atlaulata ;eword
utlaya ;eword neng ;eword matebeleng ;eword
uise ;eword mose ;eword
e ;eword
ore ;eword umohatile ;eword ha ;eword bohloko ;eword
ee ;eword litlhare ;eword ee ;eword
litlhare ;eword hle ;eword mmannyeo ;eword empe ;eword papadi ;eword eo ;eword uebapalang ;eword
e ;eword ya ;eword mafetwa ;eword
unutswa ;eword kae ;eword e ;eword litlhare ;eword
ke ;eword dikausi ;eword
ke ;eword mang ;eword kotsie ;eword
rakhadi ;eword noi ;eword otlamorekela ;eword
ausi ;eword
ausi ;eword untlotsitse ;eword ka ;eword mamina ;eword ausi ;eword
butle ;eword
ere ;eword papadi ;eword ena ;eword e ;eword tjena ;eword ke ;eword ya ;eword mafetwa ;eword
utlacha ;eword ditono ;eword tsena ;eword
hahona ;eword ichu ;eword ya ;eword letho ;eword moo ;eword
enkha ;eword
ee ;eword bana ;eword ba ;eword modimo ;eword
hele ;eword lebelentenne ;eword
uneuseuilolata ;eword lemao ;eword
di ;eword kae ;eword
ke ;eword mang ;eword yatlamorekela ;eword
oo ;eword
bina ;eword he ;eword
uetsang ;eword jwale ;eword
uetsang ;eword
uahadika ;eword
neha ;eword namane ;eword ntho ;eword ena ;eword yahae ;eword
dula ;eword fatse ;eword wena ;eword
seka ;eword ualla ;eword mona ;eword
kobo ;eword
nka ;eword pateriki ;eword uanehe ;eword kantle ;eword
e ;eword kere ;eword na ;eword uaetseba ;eword
nna ;eword ha ;eword keetsebe ;eword
tsamaya ;eword homoneha ;eword
ere ;eword nka ;eword abuti ;eword
ke ;eword uapese ;eword
nka ;eword lelapi ;eword ke ;eword lane ;eword hodima ;eword setulo ;eword ketlouhlakola ;eword mamina ;eword
ha ;eword wahlakola ;eword mamina ;eword ahao ;eword
unuetswa ;eword kae ;eword
kere ;eword na ;eword hwane ;eword ha ;eword ausi ;eword mamello ;eword atlaulata ;eword uneuetswa ;eword kae ;eword
ununtswile ;eword leralleng ;eword
ke ;eword hore ;eword lemao ;eword lahao ;eword mme ;eword ulenkile ;eword
tloo ;eword apara ;eword
e ;eword lena ;eword laka ;eword uletlise ;eword
utloletlise ;eword ha ;eword mme ;eword wahao ;eword aufile ;eword lahao ;eword
nkasokola ;eword ngwaneso ;eword
ee ;eword bo ;eword utladula ;eword ngwana ;eword eno ;eword wa ;eword batho ;eword hlohong ;eword
keukadima ;eword lena ;eword laka ;eword
ulate ;eword lahao ;eword ha ;eword mme ;eword machaka ;eword
keupepisa ;eword enyane ;eword
hela ;eword khutla ;eword wena ;eword ngwaneso ;eword
uya ;eword kae ;eword
unuya ;eword ha ;eword mme ;eword machaka ;eword
e ;eword
unuilolata ;eword lemao ;eword
e ;eword
utlaoisa ;eword neng ;eword
utlaoisa ;eword neng ;eword
mola ;eword ha ;eword matebeleng ;eword
e ;eword utlaoisa ;eword neng ;eword
keabotsa ;eword
ha ;eword unuya ;eword
hoye ;eword likhapa ;eword
ke ;eword likhapa ;eword yayang ;eword
hoye ;eword likhapa ;eword matebeleng ;eword
likhapa ;eword oya ;eword matebeleng ;eword
aise ;eword mose ;eword
wena ;eword ha ;eword uabatla ;eword
ha ;eword se ;eword wahao ;eword
oo ;eword ketlaofa ;eword likhapa ;eword he ;eword
hakere ;eword ure ;eword ha ;eword uobatle ;eword
ketlaofa ;eword likhapa ;eword
mose ;eword o ;eword motle ;eword o ;eword mocha ;eword omotswanele ;eword
ha ;eword mocha ;eword ngwana ;eword eo ;eword
mose ;eword wane ;eword wahao ;eword o ;eword mocha ;eword
ketlaofa ;eword likhapa ;eword
aotene ;eword
uautlwa ;eword
e ;eword
tsa ;eword mang ;eword
tsahao ;eword
likhapa ;eword
arwale ;eword tsahae ;eword
aetse ;eword jwang ;eword
ke ;eword tsahao ;eword
likhapa ;eword yena ;eword
arwale ;eword dieta ;eword
oo ;eword amorekela ;eword
amorekela ;eword
amorekele ;eword
bare ;eword amorekele ;eword
ubona ;eword ngwana ;eword
basadi ;eword ntho ;eword ena ;eword ha ;eword ekwaolehe ;eword ha ;eword bohloko ;eword
jonna ;eword se ;eword ka ;eword mohatella ;eword boko ;eword
bina ;eword jwale ;eword
ake ;eword ubine ;eword
hela ;eword ake ;eword ubine ;eword
bina ;eword hle ;eword
ere ;eword keurute ;eword
bina ;eword
bina ;eword he ;eword
keurutile ;eword
bina ;eword keultwe ;eword hanyenyane ;eword
utlwa ;eword
utlwa ;eword keujwetse ;eword
kwala ;eword abuti ;eword pateriki ;eword
utsebang ;eword
bina ;eword mmannyeo ;eword
ha ;eword utsebe ;eword letho ;eword
oo ;eword
ere ;eword ke ;eword ngwana ;eword mang ;eword
ere ;eword o ;eword kae ;eword
ere ;eword odisang ;eword
ere ;eword o ;eword moholo ;eword
ere ;eword oo ;eword
ere ;eword keautlwa ;eword nnake ;eword
bethe ;eword etlauthula ;eword ha ;eword bohloko ;eword
olekana ;eword le ;eword nna ;eword
ere ;eword nna ;eword agnes ;eword
ere ;eword ao ;eword bana ;eword
ere ;eword tloo ;eword mmete ;eword
ere ;eword tloo ;eword mmete ;eword abuti ;eword waka ;eword
mang ;eword
ausi ;eword waka ;eword nonopi ;eword
uautlwa ;eword
baditabola ;eword
baditabola ;eword ka ;eword dimete ;eword
baditabola ;eword ka ;eword dimete ;eword morena ;eword
baditabola ;eword
kena ;eword
uetsang ;eword
uamotabolela ;eword bebebe ;eword ka ;eword seloto ;eword
kante ;eword
ee ;eword bo ;eword mo ;eword tloele ;eword
seka ;eword otla ;eword ausi ;eword abuti ;eword wahao ;eword
a ;eword bo ;eword sebina ;eword u ;eword iphehetse ;eword toti ;eword
ee ;eword litlhare ;eword ee ;eword
e ;eword
basadi ;eword uetsang ;eword na ;eword patriki ;eword
ausi ;eword
untlotsa ;eword kang ;eword na ;eword ngwaneso ;eword
uetsang ;eword
ha ;eword ukabawawela ;eword casteroleng ;eword mona ;eword
litlhare ;eword seka ;eword bapala ;eword ka ;eword metsi ;eword
nwa ;eword hanyenyane ;eword
tswa ;eword
tloha ;eword mona ;eword ee ;eword
ketloushapa ;eword
uitswere ;eword
tloha ;eword
sefena ;eword sena ;eword seitse ;eword
nka ;eword
kekwale ;eword
ke ;eword vaseline ;eword
uaebona ;eword
e ;eword ebileng ;eword e ;eword makweba ;eword
na ;eword
ke ;eword eng ;eword
mokhalemele ;eword
m ;eword mojwetse ;eword askababaeleka ;eword papadi ;eword eno ;eword
oauhlodiya ;eword
hoetsuwang ;eword mona ;eword
thola ;eword
seka ;eword lla ;eword
aa ;eword litlhare ;eword le ;eword wena ;eword thola ;eword
rosari ;eword yaka ;eword ee ;eword
rosari ;eword yaka ;eword ha ;eword edule ;eword fatse ;eword
ho ;eword ee ;eword
