uetsang ;eword bo ;eword ausi ;eword
uetsang ;eword
uetsang ;eword morena ;eword
ee ;eword bo ;eword ska ;eword qhala ;eword
uetsang ;eword
m ;eword keabona ;eword
ee ;eword
tloela ;eword kertene ;eword eno ;eword yaka ;eword
eng ;eword
m ;eword
ke ;eword ding ;eword
tloela ;eword bethe ;eword
tlisa ;eword seseng ;eword
keadipata ;eword
ke ;eword eng ;eword
ke ;eword mang ;eword yadinkang ;eword
ke ;eword mang ;eword aneanka ;eword dieta ;eword
ke ;eword ausi ;eword sebina ;eword
ke ;eword mang ;eword
utlamootla ;eword ka ;eword mpama ;eword
tloo ;eword dibehe ;eword tlasa ;eword bethe ;eword
ke ;eword tsena ;eword
e ;eword dibehe ;eword ka ;eword nqane ;eword diphate ;eword
e ;eword
e ;eword
ee ;eword
e ;eword
utlashapuwa ;eword
mang ;eword
atswela ;eword mang ;eword
ee ;eword ska ;eword qhala ;eword ka ;eword tlung ;eword
uskabanwa ;eword dintho ;eword tseno ;eword
mpa ;eword edutse ;eword kantle ;eword
ha ;eword kebone ;eword penti ;eword yahao ;eword litlhare ;eword
ha ;eword ketsebe ;eword e ;eword kae ;eword jwale ;eword
uetsang ;eword
e ;eword
uafasolla ;eword
ke ;eword mang ;eword atlaufasa ;eword
uatseba ;eword
ufasitse ;eword
oo ;eword
sefasolohile ;eword
ka ;eword eng ;eword
kae ;eword
keufasolle ;eword
keufasolle ;eword
e ;eword
tlisa ;eword keufasolle ;eword
kefase ;eword kapa ;eword keufasolle ;eword
keuetseng ;eword
theoha ;eword he ;eword
e ;eword
keufaseditse ;eword
nna ;eword keatseba ;eword
ufasolla ;eword seseng ;eword
jwale ;eword
m ;eword
hape ;eword
ache ;eword nna ;eword keakhathala ;eword
kae ;eword
e ;eword utswela ;eword mathe ;eword
ke ;eword mathe ;eword ee ;eword
ee ;eword bo ;eword tsamaya ;eword
uya ;eword kae ;eword
kae ;eword
mafing ;eword
kae ;eword
udutse ;eword moo ;eword mafing ;eword
udula ;eword ka ;eword nqena ;eword he ;eword
uautlwa ;eword
ee ;eword skana ;eword ja ;eword ditsila ;eword tseno ;eword
we ;eword
a ;eword ore ;eword bona ;eword dieta ;eword
rakhadi ;eword ore ;eword uilobona ;eword dieta ;eword
rakhadi ;eword mpinane ;eword
seka ;eword ya ;eword kantle ;eword
litlhare ;eword
litlhare ;eword we ;eword
tloha ;eword dintho ;eword tsena ;eword ditlawela ;eword hodima ;eword hao ;eword
bona ;eword teranka ;eword eawela ;eword
diawela ;eword dintho ;eword tseno ;eword
ditlawela ;eword hodima ;eword hao ;eword
ureng ;eword
ke ;eword mang ;eword
helang ;eword wena ;eword
tloha ;eword dintho ;eword tsena ;eword ditlawela ;eword hodima ;eword hao ;eword
tloela ;eword ditlawela ;eword hodima ;eword hao ;eword
tloha ;eword ka ;eword nqane ;eword ho ;eword bethe ;eword
ke ;eword ntate ;eword jesu ;eword eo ;eword
hao ;eword
e ;eword
e ;eword
e ;eword bohloko ;eword
ha ;eword ketsebe ;eword
e ;eword
etloele ;eword
e ;eword
easesa ;eword
ekwale ;eword he ;eword
ekwahela ;eword ka ;eword jesi ;eword
helang ;eword
ke ;eword ha ;eword uetsang ;eword
ele ;eword mang ;eword
ullela ;eword mang ;eword
ke ;eword ya ;eword mpinane ;eword
lellelang ;eword
lellela ;eword namane ;eword
ha ;eword aentse ;eword jwang ;eword
nkhono ;eword o ;eword mang ;eword
m ;eword
e ;eword utlakhaoha ;eword letheka ;eword
etlasinyeha ;eword
etlasinyeha ;eword
wadibeha ;eword
tloo ;eword kerole ;eword
utladirwala ;eword neng ;eword
tsehlo ;eword eilouhlaba ;eword
tsehlo ;eword etlaulokisa ;eword
kantle ;eword
kedibehe ;eword
utladijwentsa ;eword ntate ;eword migele ;eword
m ;eword
orekile ;eword dieta ;eword tsahao ;eword
udireketswe ;eword ke ;eword mang ;eword
ke ;eword ntate ;eword migele ;eword
yaufileng ;eword chelete ;eword
ke ;eword mang ;eword yaurwesitseng ;eword
hao ;eword
uatseba ;eword
oo ;eword
ke ;eword ena ;eword he ;eword
ke ;eword eng ;eword
rwala ;eword hantle ;eword
aaa ;eword uasehata ;eword basadi ;eword
uasetabola ;eword
keare ;eword ntate ;eword migele ;eword askabaurekela ;eword
usehatile ;eword
ere ;eword kebone ;eword
serole ;eword
dirole ;eword dieta ;eword
oo ;eword kedirole ;eword
tlisa ;eword kedibehe ;eword tlasa ;eword bethe ;eword
jang ;eword
wena ;eword utseba ;eword honka ;eword dijuniform ;eword tsena ;eword uilodihlatswa ;eword
tlisa ;eword kedipate ;eword
kedipate ;eword
di ;eword ka ;eword dikobong ;eword
tsamaya ;eword
nkadibona ;eword
tsamaya ;eword
ako ;eword ja ;eword
di ;eword kae ;eword dieta ;eword
ka ;eword moo ;eword
kedipatile ;eword morena ;eword
e ;eword
e ;eword
ke ;eword eng ;eword
ke ;eword mang ;eword yaushapileng ;eword
ke ;eword phafa ;eword
otlalla ;eword ntate ;eword jerata ;eword
ska ;eword mootla ;eword
e ;eword
e ;eword
e ;eword
bamoloyile ;eword
mm ;eword
ausheshena ;eword
ele ;eword mang ;eword yausheshenang ;eword
hei ;eword
otlanshapa ;eword
ashapa ;eword le ;eword ditono ;eword
hm ;eword
oo ;eword
a ;eword basadi ;eword
ele ;eword mang ;eword
aetsang ;eword
ele ;eword mang ;eword yamotswelang ;eword
ke ;eword mang ;eword yatswelang ;eword ntate ;eword wahao ;eword
aaa ;eword
ho ;eword ntate ;eword wahao ;eword
e ;eword
ha ;eword umohlomphe ;eword
e ;eword
e ;eword ha ;eword utsabe ;eword batho ;eword
wena ;eword ha ;eword utsabe ;eword batho ;eword
a ;eword ee ;eword nna ;eword keatsaba ;eword
acho ;eword ho ;eword mang ;eword
eneele ;eword ntate ;eword wahao ;eword
ke ;eword ntate ;eword wahao ;eword mang ;eword
ai ;eword wena ;eword he ;eword tloela ;eword taranke ;eword ena ;eword
litlhare ;eword ee ;eword
oo ;eword ketlabitsa ;eword nkhono ;eword masepono ;eword
atlontsa ;eword leleme ;eword
ntate ;eword migaele ;eword otlaushapa ;eword hle ;eword
bankile ;eword dieta ;eword
o ;eword kae ;eword ntate ;eword migael ;eword
ha ;eword a ;eword yo ;eword
dibehe ;eword utlammontsa ;eword mantsiboya ;eword
ranta ;eword
ke ;eword ranta ;eword dieta ;eword tseo ;eword
ee ;eword kannete ;eword
ee ;eword bo ;eword ke ;eword eiti ;eword rand ;eword
ee ;eword
ee ;eword
ee ;eword ha ;eword di ;eword hlano ;eword di ;eword eiti ;eword
ee ;eword ke ;eword diranta ;eword tseeiti ;eword
tloo ;eword kwano ;eword wena ;eword ngwanaka ;eword
tloo ;eword kwano ;eword
tloo ;eword kwano ;eword nkhono ;eword
ullelang ;eword
keiloubatlang ;eword
dijo ;eword
le ;eword tee ;eword
