eneele ;eword seerane ;eword
e ;eword retlaqeta ;eword
butle ;eword
ha ;eword resaobetsa ;eword
ha ;eword resaobetsa ;eword hohang ;eword
e ;eword wena ;eword u ;eword moholo ;eword
khetha ;eword mona ;eword eseng ;eword moo ;eword
ai ;eword mme ;eword bona ;eword
ualeakhela ;eword hape ;eword hape ;eword
eneele ;eword eng ;eword
eneele ;eword lejwe ;eword ubeuhata ;eword
seerane ;eword
tsotsi ;eword ee ;eword
ufeta ;eword le ;eword kae ;eword
kae ;eword
tsebo ;eword jwale ;eword untseuetsang ;eword motho ;eword wa ;eword modimo ;eword
keseketlautsella ;eword yona ;eword ena ;eword feela ;eword
m ;eword
ha ;eword hofeta ;eword setlang ;eword
ure ;eword na ;eword neuoe ;eword yena ;eword otlatswa ;eword kliniking ;eword neng ;eword
wena ;eword useutsohile ;eword
butle ;eword
e ;eword o ;eword motebong ;eword
ha ;eword ubua ;eword ka ;eword lona ;eword
ee ;eword ake ;eword uthole ;eword ka ;eword lona ;eword
uetsa ;eword jwang ;eword
ha ;eword ukhathetse ;eword utlohele ;eword hle ;eword manyeo ;eword
m ;eword
le ;eword tee ;eword tee ;eword
hao ;eword manyeo ;eword
ure ;eword sefapano ;eword
ee ;eword mane ;eword moo ;eword edulang ;eword
m ;eword
kere ;eword ichu ;eword
mm ;eword
e ;eword
uetsang ;eword hoba ;eword ekhethiwe ;eword
e ;eword
hobaneng ;eword
ake ;eword ure ;eword kekhethe ;eword hle ;eword manyeo ;eword
ska ;eword ntsitisa ;eword
hokhetha ;eword
ulapile ;eword na ;eword
usatlabotsa ;eword madipotso ;eword
nkhono ;eword matlou ;eword ha ;eword utsebe ;eword oile ;eword moreneng ;eword
utlorehlodiye ;eword
e ;eword
uetsang ;eword na ;eword tsebo ;eword ee ;eword
uaipona ;eword
u ;eword ngwana ;eword
etala ;eword esahadikwang ;eword
ha ;eword ejewe ;eword hohang ;eword
kebatsaba ;eword hampe ;eword
ke ;eword mang ;eword yanengare ;eword ukhethe ;eword jwalo ;eword
kannete ;eword
m ;eword
m ;eword
etlautswarisa ;eword mala ;eword
butle ;eword tsebo ;eword
reserekhetha ;eword
wautlwa ;eword he ;eword
ee ;eword ee ;eword tsebo ;eword
utlasenya ;eword ntho ;eword ena ;eword yaka ;eword
uya ;eword kae ;eword jwale ;eword
useisa ;eword kae ;eword
kwae ;eword tsebo ;eword
bo ;eword butle ;eword
m ;eword
ha ;eword hofeta ;eword setlang ;eword
ebile ;eword ha ;eword kebatle ;eword
mm ;eword hle ;eword leetsa ;eword jwang ;eword
utlaboja ;eword hore ;eword bohobe ;eword
ha ;eword keutlwe ;eword
beha ;eword mane ;eword
m ;eword
jwale ;eword
mm ;eword
m ;eword
uneure ;eword ha ;eword aetsebe ;eword
uhatsetse ;eword wena ;eword
tsebo ;eword ska ;eword seba ;eword hle ;eword manyeo ;eword skana ;eword
thatolla ;eword seroto ;eword sena ;eword
useubatla ;eword hotsuba ;eword
useubatla ;eword hotsuba ;eword kwae ;eword
ena ;eword e ;eword pela ;eword hao ;eword ena ;eword
mangwane ;eword
hontsehobua ;eword le ;eword wena ;eword
jwale ;eword bona ;eword batla ;eword batliloetsang ;eword jwale ;eword
hakere ;eword bao ;eword basebale ;eword banna ;eword
abuti ;eword mojalefa ;eword yena ;eword o ;eword motebong ;eword
kebatsaba ;eword hampe ;eword
ho ;eword bonolo ;eword eng ;eword
hobaneng ;eword
kae ;eword
uetsa ;eword jwang ;eword
jwale ;eword usatlareduba ;eword
ke ;eword ha ;eword kekhathetse ;eword lethekeng ;eword
m ;eword
ke ;eword ya ;eword mangwane ;eword wahao ;eword
useubatla ;eword hotsuba ;eword kwae ;eword
ureng ;eword na ;eword manyeo ;eword
uatseba ;eword wena ;eword ha ;eword ukhathetse ;eword tjee ;eword
uautlwa ;eword
ka ;eword pene ;eword
ere ;eword le ;eword papa ;eword ya ;eword teng ;eword
ha ;eword se ;eword le ;eword ka ;eword ntho ;eword eno ;eword feela ;eword
ke ;eword yane ;eword untseuefeta ;eword
ke ;eword ana ;eword majwe ;eword
nkauphoqa ;eword hampe ;eword ha ;eword ukabawalahla ;eword sepele ;eword sena ;eword saka ;eword hape ;eword
ulahlile ;eword seseng ;eword maobane ;eword
hoba ;eword le ;eword mabaleng ;eword mona ;eword anyamela ;eword mamao ;eword
kannete ;eword
uetsa ;eword jwang ;eword jwale ;eword
oetsa ;eword jwang ;eword
oile ;eword sekolong ;eword sa ;eword thabeng ;eword
ke ;eword kae ;eword
moo ;eword ketsabang ;eword kwana ;eword
jonana ;eword kebatsaba ;eword haholo ;eword
kebatsaba ;eword hampe ;eword
kebatsaba ;eword hampe ;eword
ho ;eword bonolo ;eword eng ;eword
difeng ;eword
ha ;eword dijewe ;eword dile ;eword tala ;eword
ha ;eword keeje ;eword hohang ;eword
mm ;eword
ukhetha ;eword hantle ;eword
hona ;eword ha ;eword uetsa ;eword tjena ;eword
mm ;eword
ake ;eword ure ;eword nke ;eword kedule ;eword
e ;eword
ha ;eword ana ;eword yona ;eword katiba ;eword etjee ;eword
butle ;eword
ere ;eword kebone ;eword
useule ;eword mme ;eword manyeo ;eword
eya ;eword tloha ;eword tsebo ;eword
ee ;eword bona ;eword
oneaerwala ;eword neng ;eword
ulahlela ;eword kae ;eword
uetsa ;eword jwang ;eword
taba ;eword ke ;eword hore ;eword ache ;eword uabona ;eword dintho ;eword tsena ;eword tsechakelang ;eword diakhopisa ;eword
uepotetse ;eword haufi ;eword moo ;eword
m ;eword
kebatsaba ;eword hampe ;eword
haufi ;eword haufi ;eword moo ;eword
ha ;eword hothwe ;eword serame ;eword
e ;eword he ;eword
uetsang ;eword
uja ;eword koro ;eword etala ;eword
chee ;eword ha ;eword baetse ;eword feela ;eword le ;eword mokubetso ;eword ona ;eword oo ;eword rekubetsang ;eword
hothwe ;eword seerane ;eword
lona ;eword lehlotswe ;eword
ha ;eword ketsebe ;eword
hey ;eword uetsa ;eword jwang ;eword
tloo ;eword hle ;eword manyeo ;eword
setlang ;eword
uasetseba ;eword
ee ;eword lebollong ;eword kwana ;eword
uskaakhela ;eword mane ;eword
kannete ;eword ketlaumula ;eword
rehlobole ;eword
utletsebe ;eword holelahla ;eword hape ;eword
sefeng ;eword
uetsela ;eword kae ;eword jwale ;eword
m ;eword
kobo ;eword etabohile ;eword
