na ;eword uabua ;eword
useule ;eword moholo ;eword kante ;eword
tsamaya ;eword uye ;eword pela ;eword ha ;eword mane ;eword
umobinele ;eword uautlwa ;eword
tsamaya ;eword hobina ;eword pina ;eword ya ;eword sekolong ;eword
ako ;eword mobinele ;eword phoka ;eword
bina ;eword ntate ;eword
hothweng ;eword hana ;eword
hothwe ;eword tlou ;eword ena ;eword ena ;eword le ;eword nko ;eword etelele ;eword hakakang ;eword
ke ;eword dipere ;eword
keilekare ;eword sewete ;eword ke ;eword sena ;eword
e ;eword feng ;eword
ke ;eword dipalo ;eword
e ;eword feng ;eword
ke ;eword ngwana ;eword
ha ;eword ketsebe ;eword ke ;eword eng ;eword
ke ;eword koloi ;eword
na ;eword di ;eword teng ;eword mona ;eword hlobohang ;eword
na ;eword di ;eword teng ;eword mona ;eword hlobohang ;eword
tamati ;eword e ;eword kae ;eword
perekisi ;eword yona ;eword e ;eword kae ;eword
tanki ;eword he ;eword mofokeng ;eword
tanki ;eword phoka ;eword
mami ;eword uchaketse ;eword wena ;eword
ditaba ;eword tsahao ;eword ke ;eword difeng ;eword ho ;eword yena ;eword
e ;eword
are ;eword umobinele ;eword
ako ;eword binele ;eword mami ;eword
hlobohang ;eword
ako ;eword binele ;eword mami ;eword hle ;eword litlhare ;eword
sheba ;eword useneure ;eword ausi ;eword mahlobohang ;eword kebatla ;eword motoho ;eword
bua ;eword hantle ;eword ere ;eword ausi ;eword mahlobohang ;eword kekopa ;eword motoho ;eword
tloo ;eword dule ;eword fatse ;eword he ;eword otlaufa ;eword
dintho ;eword tsaka ;eword
e ;eword
tsona ;eword tse ;eword
ke ;eword tsa ;eword hotlosa ;eword mamina ;eword
ntho ;eword tseno ;eword ha ;eword se ;eword tsaka ;eword ke ;eword tsa ;eword lona ;eword
kereng ;eword
e ;eword ke ;eword tsa ;eword lona ;eword
tanki ;eword he ;eword mofokeng ;eword
utswerwe ;eword ke ;eword boroko ;eword
empa ;eword mami ;eword auchaketse ;eword
atlauchakela ;eword neng ;eword
ujang ;eword
ujang ;eword na ;eword mmannyeo ;eword
motoho ;eword
unkile ;eword kae ;eword
ufuwe ;eword ke ;eword ausi ;eword limaese ;eword
uilewafihla ;eword uareng ;eword
kannete ;eword useule ;eword moholo ;eword
ako ;eword binele ;eword ausi ;eword mamello ;eword
ubinele ;eword mami ;eword yahao ;eword
ke ;eword mami ;eword wa ;eword mang ;eword
bina ;eword he ;eword phoka ;eword
bina ;eword he ;eword mofokeng ;eword
ke ;eword tlhapi ;eword
ke ;eword eng ;eword
eke ;eword
hoo ;eword ke ;eword eng ;eword
ke ;eword sewete ;eword
e ;eword
ke ;eword eng ;eword
lehe ;eword le ;eword kae ;eword
ako ;eword rejwentse ;eword lehe ;eword
ke ;eword lehe ;eword leleng ;eword
leleng ;eword le ;eword kae ;eword
ke ;eword eng ;eword
ke ;eword eng ;eword ntho ;eword ee ;eword
ke ;eword eng ;eword yona ;eword ntho ;eword eo ;eword
ke ;eword poone ;eword
e ;eword kae ;eword poone ;eword
ke ;eword dinawa ;eword
e ;eword eng ;eword
ae ;eword
ke ;eword eng ;eword ntho ;eword ee ;eword
ake ;eword urejwentse ;eword poone ;eword e ;eword kae ;eword
poone ;eword
ke ;eword poone ;eword ntho ;eword ee ;eword
ake ;eword urejwentse ;eword lehe ;eword
e ;eword le ;eword kae ;eword
lehe ;eword ke ;eword hona ;eword
hona ;eword ke ;eword tamati ;eword
eke ;eword
mahe ;eword a ;eword mangata ;eword
khoho ;eword e ;eword kae ;eword
e ;eword ke ;eword nama ;eword ya ;eword khoho ;eword
tlhapi ;eword e ;eword kae ;eword
bohobe ;eword
dinawa ;eword
tamati ;eword keitse ;eword e ;eword kae ;eword
sewete ;eword se ;eword kae ;eword
e ;eword se ;eword kae ;eword
e ;eword ke ;eword eng ;eword yona ;eword ntho ;eword eo ;eword
sewete ;eword se ;eword kae ;eword
e ;eword se ;eword kae ;eword
kare ;eword cabbage ;eword ke ;eword ena ;eword
kare ;eword tamati ;eword ke ;eword ena ;eword
kare ;eword lamune ;eword ke ;eword ena ;eword
kare ;eword perekisi ;eword ke ;eword ena ;eword
kare ;eword hona ;eword ke ;eword mokopu ;eword
eke ;eword moshanyana ;eword
hakere ;eword readibona ;eword ntho ;eword tsee ;eword
dinawa ;eword
eke ;eword ha ;eword rebine ;eword he ;eword
ako ;eword shebe ;eword
ke ;eword motho ;eword
le ;eword ena ;eword
ha ;eword kebatsebe ;eword
o ;eword kae ;eword
ke ;eword buka ;eword ya ;eword bana ;eword ba ;eword sekolo ;eword
eya ;eword
utlabalang ;eword ako ;eword njwetse ;eword
wena ;eword uatseba ;eword
ke ;eword eng ;eword
ke ;eword dintho ;eword tsekwahelwang ;eword
butle ;eword ketlose ;eword mamina ;eword ana ;eword
e ;eword ukeushebe ;eword urejwetse ;eword
rona ;eword ha ;eword retsebe ;eword
e ;eword ke ;eword eng ;eword yona ;eword ntho ;eword eo ;eword
ke ;eword eng ;eword
nama ;eword ya ;eword khoho ;eword e ;eword kae ;eword
e ;eword e ;eword kae ;eword
nama ;eword ya ;eword khoho ;eword
lehe ;eword le ;eword kae ;eword
ke ;eword eng ;eword
ubadile ;eword
efe ;eword
e ;eword kae ;eword
keitse ;eword ke ;eword buka ;eword ya ;eword bana ;eword ba ;eword sekolo ;eword
e ;eword
e ;eword kae ;eword
le ;eword yona ;eword ke ;eword buka ;eword ya ;eword bana ;eword ba ;eword sekolo ;eword
ke ;eword motho ;eword
leapere ;eword jase ;eword maoto ;eword ahae ;eword ke ;eword a ;eword ke ;eword a ;eword
rona ;eword ha ;eword reetsebe ;eword
ke ;eword eng ;eword
ke ;eword eng ;eword yona ;eword ntho ;eword ee ;eword
jwentsa ;eword ausi ;eword mahlobohang ;eword na ;eword tlhapi ;eword e ;eword kae ;eword
ke ;eword tlhapi ;eword
hohong ;eword
mojwentse ;eword nama ;eword ya ;eword khoho ;eword
mojwentse ;eword lehe ;eword
lehe ;eword
ke ;eword nama ;eword
ya ;eword nku ;eword
e ;eword
lehe ;eword le ;eword kae ;eword
le ;eword kae ;eword
ke ;eword lena ;eword lehe ;eword leleng ;eword
dinawa ;eword di ;eword kae ;eword
uabontsa ;eword
bontsa ;eword dinawa ;eword
lebese ;eword le ;eword kae ;eword
e ;eword
e ;eword
ee ;eword ke ;eword lamune ;eword
uabona ;eword ufositse ;eword tamati ;eword ke ;eword ena ;eword
keilekare ;eword ke ;eword ena ;eword
poone ;eword e ;eword kae ;eword
ubatla ;eword papa ;eword
hakere ;eword keitse ;eword ausi ;eword mahlobohang ;eword otlatla ;eword lengwathela ;eword
kelefe ;eword lengole ;eword
lengollang ;eword
ha ;eword keutlwe ;eword
eng ;eword
ke ;eword ena ;eword ntho ;eword ke ;eword ena ;eword
lere ;eword lengollang ;eword
ausi ;eword mahlobohang ;eword otlatlaufa ;eword
eng ;eword
lebatla ;eword bolephene ;eword
lengolang ;eword
ueja ;eword kang ;eword papa ;eword
ka ;eword mafura ;eword
hojewa ;eword bohobe ;eword ka ;eword mafura ;eword eseng ;eword papa ;eword
uautlwe ;eword he ;eword
hojewang ;eword
bohobe ;eword bojewa ;eword ka ;eword eng ;eword
papa ;eword ejewa ;eword ka ;eword eng ;eword
ausi ;eword mamello ;eword otlalekadima ;eword dibolephene ;eword lengole ;eword leautlwa ;eword
otlalekadimang ;eword
ungolang ;eword
oo ;eword lona ;eword letlangola ;eword sekotopana ;eword
