nna ;eword keiloihlatswa ;eword
nna ;eword keatseba ;eword
moo ;eword
nna ;eword keadula ;eword fatse ;eword
kwana ;eword
kwana ;eword
nna ;eword keajima ;eword
m ;eword
kere ;eword
nna ;eword kerutwa ;eword ke ;eword nkhono ;eword manini ;eword
nkhono ;eword manini ;eword
le ;eword nna ;eword laka ;eword
le ;eword nna ;eword laka ;eword lelebe ;eword
nna ;eword keatseba ;eword
lebitso ;eword lahao ;eword lekhethehe ;eword
umpeurentse ;eword bobeng ;eword
leleng ;eword leleng ;eword
mmuso ;eword wahao ;eword
letsatsi ;eword leleng ;eword
bohobe ;eword ba ;eword rona ;eword
letsatsing ;eword leleng ;eword
thapelo ;eword ya ;eword morena ;eword
mmuso ;eword wahao ;eword otle ;eword
bohobe ;eword
ba ;eword rona ;eword
ya ;eword hao ;eword
le ;eword matla ;eword
eetsuwe ;eword lefatseng ;eword
ntate ;eword wa ;eword rona ;eword mahodimong ;eword
thapelo ;eword ya ;eword morena ;eword
lebitso ;eword lahao ;eword lekhethehe ;eword
thato ;eword yahao ;eword
jwalo ;eword ka ;eword lehodimong ;eword
urefe ;eword kajeno ;eword
ba ;eword letsatsi ;eword leleng ;eword le ;eword leleng ;eword
uretswarele ;eword dibe ;eword tsa ;eword rona ;eword
le ;eword rona ;eword retswarela ;eword
ska ;eword reisa ;eword molekong ;eword
hobane ;eword
mmuso ;eword
le ;eword khanya ;eword
ka ;eword hosa ;eword eng ;eword kae ;eword
amen ;eword
