lona ;eword letlatla ;eword hoja ;eword
thabo ;eword tsamaya ;eword thabo ;eword
utlaswaba ;eword
eyang ;eword ka ;eword sakeng ;eword thabo ;eword
thabo ;eword eya ;eword ka ;eword mane ;eword
bare ;eword wena ;eword thabo ;eword
ako ;eword ntlohele ;eword
tswara ;eword
eyang ;eword ka ;eword sakeng ;eword
tsahao ;eword ke ;eword tseno ;eword mme ;eword mafehloase ;eword
hela ;eword mafehloase ;eword u ;eword moshanyana ;eword yayang ;eword kae ;eword
mafehloase ;eword utladiha ;eword
etlaqhalana ;eword ntho ;eword ena ;eword
helang ;eword jwala ;eword bo ;eword ka ;eword mane ;eword ka ;eword ha ;eword mme ;eword litlhare ;eword
ha ;eword se ;eword dibeisene ;eword ke ;eword dijo ;eword helang ;eword
namane ;eword bana ;eword bona ;eword basale ;eword
aseale ;eword teng ;eword moo ;eword
ere ;eword ketsele ;eword
kake ;eword khomo ;eword e ;eword teng ;eword ka ;eword mono ;eword
tsela ;eword
ke ;eword libuseng ;eword
wena ;eword nthati ;eword useujele ;eword
seka ;eword tsola ;eword ehlile ;eword
mona ;eword esale ;eword tsaka ;eword
tsa ;eword lona ;eword keitse ;eword ke ;eword tsena ;eword
tsa ;eword rona ;eword di ;eword kae ;eword
tsamaya ;eword horwalla ;eword ka ;eword sakeng ;eword
bo ;eword kae ;eword bo ;eword kae ;eword
nna ;eword ha ;eword kesoje ;eword
litlhare ;eword ha ;eword kabakebatla ;eword le ;eword makhapetla ;eword mona ;eword
rebone ;eword
m ;eword
eyang ;eword naheng ;eword lona ;eword bashanyana ;eword
lejele ;eword
