utenne ;eword mose ;eword
e ;eword o ;eword kae ;eword wahao ;eword
mose ;eword o ;eword kae ;eword
ha ;eword ketsebe ;eword
ha ;eword utsebe ;eword o ;eword kae ;eword
ha ;eword ketsebe ;eword na ;eword le ;eword kae ;eword
ha ;eword le ;eword yo ;eword
ulepatile ;eword
hothwe ;eword na ;eword ke ;eword dikhobe ;eword tsa ;eword eng ;eword
e ;eword le ;eword kae ;eword
mme ;eword ore ;eword lahao ;eword utlalebatla ;eword neneng ;eword
la ;eword mme ;eword machaka ;eword
o ;eword kae ;eword
ha ;eword ketsebe ;eword
e ;eword ke ;eword koro ;eword
ee ;eword bo ;eword uetsa ;eword jwang ;eword jwale ;eword
ha ;eword relebone ;eword
ha ;eword le ;eword yo ;eword
ha ;eword reletsebe ;eword
ee ;eword ujang ;eword
haeka ;eword uja ;eword poone ;eword le ;eword mobu ;eword tjee ;eword ke ;eword eng ;eword
uetsang ;eword
ke ;eword eng ;eword
ha ;eword e ;eword yo ;eword
setulo ;eword sena ;eword setlauthula ;eword
setlauthula ;eword
sekana ;eword ja ;eword dintho ;eword tsena ;eword
ureng ;eword
litlhare ;eword untseubotswa ;eword
tsa ;eword eng ;eword
ee ;eword dula ;eword fatse ;eword mona ;eword
