makwenya ;eword retlaaja ;eword neng ;eword
a ;eword jwang ;eword
keje ;eword leleng ;eword
oo ;eword
oo ;eword le ;eword nna ;eword keaebona ;eword kannete ;eword
kobo ;eword
e ;eword
useuabolokela ;eword hosana ;eword
uatseba ;eword keqala ;eword houbona ;eword hore ;eword uatimana ;eword
empa ;eword uneukwatile ;eword mona ;eword
uneukwatile ;eword
kapa ;eword eng ;eword
helang ;eword litlhare ;eword
ausi ;eword ye ;eword
tlisa ;eword ketlobona ;eword makwenya ;eword
ke ;eword ane ;eword
jaa ;eword le ;eword leleng ;eword jaa ;eword lena ;eword
eke ;eword kelekwaele ;eword
nka ;eword he ;eword
helang ;eword batho ;eword ebe ;eword utsielehile ;eword ho ;eword jwang ;eword
e ;eword
uatimana ;eword
uautlwa ;eword he ;eword
useueentse ;eword
jwale ;eword uetsang ;eword
litlhare ;eword
litlhare ;eword ye ;eword
hela ;eword wena ;eword mampe ;eword
seka ;eword dulella ;eword ka ;eword leifo ;eword
dulella ;eword morao ;eword utlacha ;eword
utlachesa ;eword kobo ;eword yahao ;eword
a ;eword monate ;eword
kannete ;eword
utima ;eword fanyafanya ;eword
ke ;eword eng ;eword eetsang ;eword jwalo ;eword
ke ;eword thupa ;eword
etswa ;eword kae ;eword
ka ;eword kae ;eword
ka ;eword makwenyeng ;eword aa ;eword
hao ;eword etella ;eword hakakang ;eword
eatella ;eword
eatella ;eword
uatseba ;eword eatella ;eword
m ;eword
e ;eword
eng ;eword
eng ;eword
ureng ;eword na ;eword nnyeo ;eword
ya ;eword mang ;eword
seka ;eword echesa ;eword utlaaparang ;eword ha ;eword uya ;eword kliniking ;eword
utlaapara ;eword encha ;eword
hosehona ;eword le ;eword encha ;eword kantle ;eword ho ;eword ee ;eword
e ;eword
oo ;eword ke ;eword hantle ;eword haeba ;eword enngwe ;eword e ;eword teng ;eword
uereketswe ;eword ke ;eword mang ;eword
ke ;eword mang ;eword aureketseng ;eword kobo ;eword
ke ;eword ausi ;eword sebina ;eword
m ;eword
koko ;eword
m ;eword
m ;eword
helang ;eword ke ;eword potso ;eword ereng ;eword eng ;eword
namba ;eword wan ;eword ke ;eword fo ;eword
namba ;eword wan ;eword ke ;eword teri ;eword
e ;eword
e ;eword
helang ;eword
keungwathele ;eword
e ;eword
e ;eword
ache ;eword
ha ;eword ubone ;eword namba ;eword wan ;eword ke ;eword fo ;eword
oo ;eword
uskasisinya ;eword bethe ;eword fanyafanya ;eword oatsoha ;eword
litlhare ;eword
sheba ;eword ka ;eword ntho ;eword ena ;eword utlole ;eword
earobeha ;eword
just ;eword now ;eword
he ;eword wena ;eword just ;eword now ;eword
ure ;eword ke ;eword wena ;eword just ;eword now ;eword
e ;eword
e ;eword
uaqala ;eword hotimana ;eword
e ;eword wena ;eword
uatabola ;eword
re ;eword mona ;eword ka ;eword wena ;eword
ake ;eword ubue ;eword ntho ;eword ena ;eword feela ;eword
litlhare ;eword ere ;eword ausi ;eword mamello ;eword abule ;eword ntho ;eword ena ;eword ya ;eword rona ;eword
moetsetse ;eword tsomo ;eword
etsetsa ;eword ausi ;eword mamello ;eword tsomo ;eword
tsomo ;eword
utsebang ;eword
etsa ;eword pale ;eword he ;eword
eetse ;eword
barenere ;eword
e ;eword le ;eword litlhare ;eword
ke ;eword ngwana ;eword wahao ;eword
ke ;eword ngwana ;eword mang ;eword
oo ;eword
e ;eword unjwetsang ;eword
oo ;eword
utladija ;eword hosasa ;eword
barenere ;eword
e ;eword le ;eword ngwanana ;eword
wa ;eword ntate ;eword migaele ;eword
atima ;eword emong ;eword lekwenya ;eword
lebitso ;eword la ;eword emong ;eword eneele ;eword fanyafanya ;eword
oo ;eword
atima ;eword mafanya ;eword makwenya ;eword
abealla ;eword
