ketlautloela ;eword wena ;eword litlhare ;eword
uneubapalle ;eword
maoto ;eword ana ;eword ahao ;eword
uanthaha ;eword untseusautlwe ;eword
uantsikinyetsa ;eword
ke ;eword fatse ;eword
litlhare ;eword baubitsa ;eword
hlaha ;eword mona ;eword
ntho ;eword ke ;eword ena ;eword
bona ;eword moo ;eword ungwapileng ;eword ke ;eword mona ;eword
ke ;eword ntho ;eword yaka ;eword wena ;eword
litlhare ;eword skana ;eword kotjomisa ;eword
bethe ;eword ena ;eword
etlare ;eword rephe ;eword
senepe ;eword sela ;eword sa ;eword rona ;eword se ;eword kae ;eword
ae ;eword wena ;eword batlaubetsa ;eword wena ;eword
hae ;eword wena ;eword seeta ;eword sena ;eword sa ;eword rona ;eword se ;eword kae ;eword
wena ;eword kebatla ;eword
tlohang ;eword mona ;eword betheng ;eword
he ;eword wena ;eword uya ;eword kae ;eword
dula ;eword fatse ;eword
mme ;eword masebina ;eword ke ;eword eo ;eword
he ;eword ke ;eword litlhare ;eword kannete ;eword
skaba ;eword re ;eword ntiea ;eword otlaobapadisa ;eword
ka ;eword moo ;eword esedieha ;eword ka ;eword mona ;eword
ka ;eword ha ;eword batho ;eword ka ;eword mona ;eword kenesekeutloheletse ;eword
keakwala ;eword
hae ;eword wena ;eword
ke ;eword ena ;eword
he ;eword wena ;eword litlhare ;eword
le ;eword wena ;eword
letsoho ;eword laka ;eword lerobehile ;eword
ketlaubata ;eword
le ;eword nna ;eword keeme ;eword
ebe ;eword ke ;eword ka ;eword tsa ;eword eng ;eword bo ;eword
ka ;eword tlung ;eword
utsebe ;eword jwale ;eword keilobolela ;eword
letsoho ;eword laka ;eword lerobehile ;eword
ere ;eword ketene ;eword hantle ;eword
e ;eword ka ;eword morao ;eword
se ;eword kae ;eword
ka ;eword mokhorong ;eword
ha ;eword se ;eword ka ;eword mokhorong ;eword ka ;eword mona ;eword
ke ;eword tlou ;eword
kae ;eword
litlhare ;eword ha ;eword eka ;eword untseutititi ;eword
wena ;eword
hore ;eword litlhare ;eword onantsakotjomisa ;eword
tloha ;eword hodima ;eword bethe ;eword
hela ;eword litlhare ;eword tloha ;eword betheng ;eword mona ;eword wena ;eword
dula ;eword fatse ;eword litlhare ;eword
ere ;eword ketswe ;eword
ako ;eword be ;eword butle ;eword wena ;eword
kentseketla ;eword
ketlabona ;eword
kamohiba ;eword
wena ;eword litlhare ;eword letsoho ;eword laka ;eword lerobehile ;eword
eile ;eword
letsoho ;eword laka ;eword lerobehile ;eword
ketlakena ;eword kae ;eword
letsoho ;eword laka ;eword lerobehile ;eword
ketlakena ;eword kae ;eword
ha ;eword lena ;eword taba ;eword ha ;eword lerobehile ;eword
ha ;eword ashape ;eword
nna ;eword marapo ;eword aka ;eword ha ;eword yo ;eword
ketlare ;eword ausi ;eword lipolelo ;eword anthekele ;eword mose ;eword otswanang ;eword le ;eword ona ;eword wahao ;eword
keetsa ;eword hona ;eword
tsamaya ;eword uye ;eword mishoneng ;eword
dikoloi ;eword tsaka ;eword tsa ;eword mishone ;eword
ketlautsikinyetsa ;eword
keilojwetsa ;eword ausi ;eword masebina ;eword
ke ;eword ena ;eword tloloko ;eword
eya ;eword keilobolela ;eword
keiloithoma ;eword
ketswerwe ;eword ke ;eword makaka ;eword litlhare ;eword
ke ;eword wena ;eword
nna ;eword keiloithoma ;eword
ha ;eword yawela ;eword
ebileng ;eword wena ;eword
helang ;eword sesepa ;eword saka ;eword se ;eword kae ;eword
e ;eword
ke ;eword kae ;eword
ke ;eword koloi ;eword
tloha ;eword ketheohe ;eword litlhare ;eword
hakere ;eword litlhare ;eword kentsekeiketsetsa ;eword ntho ;eword eo ;eword keeratang ;eword
tsamaya ;eword hompulela ;eword helang ;eword
uautlwa ;eword litlhare ;eword
hele ;eword litlhare ;eword u ;eword mashano ;eword
ha ;eword se ;eword letlapeng ;eword mona ;eword
ke ;eword kae ;eword
ke ;eword mang ;eword oo ;eword wena ;eword
hela ;eword wena ;eword litlhare ;eword
utlashapuwa ;eword ule ;eword emong ;eword
hela ;eword litlhare ;eword
utlashapuwa ;eword moo ;eword
litlhare ;eword uotlile ;eword ntiea ;eword haholo ;eword
wena ;eword litlhare ;eword
wena ;eword litlhare ;eword ubapale ;eword hantle ;eword le ;eword emong ;eword
utlatlohawaqhefetsa ;eword ntiea ;eword mona ;eword
ntiea ;eword auotle ;eword
echella ;eword kwana ;eword
ke ;eword ena ;eword ekholo ;eword ena ;eword
ha ;eword uebone ;eword hore ;eword ke ;eword koloi ;eword
utlilofa ;eword mang ;eword litlhare ;eword
hlaha ;eword hape ;eword
litlhare ;eword tloo ;eword theohe ;eword
uya ;eword kae ;eword marallaneng ;eword wena ;eword
ha ;eword hona ;eword mapholaneng ;eword
u ;eword leshano ;eword mapholaneng ;eword
ke ;eword tlokweng ;eword kwana ;eword
u ;eword mathetsi ;eword mapholaneng ;eword
ke ;eword tlokweng ;eword wena ;eword
bare ;eword ntiea ;eword ke ;eword ntala ;eword
ke ;eword abuti ;eword wahao ;eword ntala ;eword
hela ;eword untsubatlang ;eword ka ;eword tlasa ;eword bethe ;eword ka ;eword moo ;eword
wena ;eword litlhare ;eword ketlabekeuotle ;eword ha ;eword untseurehlopha ;eword
nkaumakatsa ;eword wena ;eword
utswerwe ;eword ke ;eword boroko ;eword ba ;eword eng ;eword
udula ;eword fatse ;eword
udule ;eword
tloo ;eword dule ;eword fatse ;eword
tloloko ;eword ke ;eword ena ;eword
ke ;eword ena ;eword
bo ;eword litlhare ;eword theoha ;eword betheng ;eword mona ;eword litlhare ;eword
kuka ;eword litlhare ;eword
emong ;eword ofetile ;eword hona ;eword tjee ;eword
litlhare ;eword ake ;eword ushebe ;eword koloi ;eword moo ;eword
theoha ;eword litlhare ;eword
ke ;eword eo ;eword hle ;eword udule ;eword
dula ;eword fatse ;eword
ntiea ;eword otlauotla ;eword
ketlaushebella ;eword nna ;eword ha ;eword untseubapalla ;eword
beha ;eword ntho ;eword ya ;eword ngwana ;eword wena ;eword litlhare ;eword
tsamaya ;eword ako ;eword uye ;eword hodula ;eword moo ;eword untsengudutse ;eword
keetabole ;eword
kannete ;eword
nna ;eword ketlilo ;eword
litlhare ;eword ke ;eword heno ;eword moo ;eword
ba ;eword kwano ;eword ka ;eword mona ;eword
litlhare ;eword
ntho ;eword ere ;eword
uikwaletse ;eword le ;eword mang ;eword
hiba ;eword
uenkile ;eword
litlhare ;eword ichu ;eword
litlhare ;eword letsoho ;eword laka ;eword lerobehile ;eword
ketlilotena ;eword hantle ;eword
e ;eword kae ;eword
e ;eword ka ;eword morao ;eword
ureng ;eword
letsoho ;eword laka ;eword lerobehile ;eword
letsoho ;eword monwana ;eword waka ;eword orobehile ;eword
nna ;eword ntate ;eword waka ;eword keamotseba ;eword mono ;eword
leoto ;eword laka ;eword lerobehile ;eword
ke ;eword ya ;eword mang ;eword ee ;eword
litlhare ;eword keiloutima ;eword diapole ;eword
ketlare ;eword mme ;eword camilla ;eword anngwathele ;eword
etsa ;eword maoto ;eword he ;eword
tsamaya ;eword uye ;eword mane ;eword
koloi ;eword ya ;eword mishoneng ;eword
motsware ;eword
festhaole ;eword
