e ;eword litlhare ;eword none ;eword
uhanne ;eword hontswepelela ;eword
kebatla ;eword lane ;eword le ;eword ka ;eword nqane ;eword
wena ;eword uatimana ;eword
e ;eword
ere ;eword makwenya ;eword aileafihla ;eword
ka ;eword mono ;eword
a ;eword kae ;eword makwenya ;eword ale ;eword
tlisa ;eword keutlwe ;eword leleng ;eword
ulepatile ;eword
ha ;eword utsebe ;eword
phuthulla ;eword rebone ;eword
hosetse ;eword leleng ;eword ke ;eword lena ;eword
ntswepelele ;eword
ntswepelele ;eword
litlhare ;eword ntswepelele ;eword
eng ;eword
thupa ;eword
eneeentse ;eword jwang ;eword
ketlajelella ;eword le ;eword tsona ;eword ntswepelele ;eword
ntswepelele ;eword hle ;eword mmannyeo ;eword
ntswepelele ;eword lekwenya ;eword
ke ;eword wena ;eword just ;eword now ;eword
ausi ;eword mamello ;eword ore ;eword na ;eword just ;eword now ;eword ke ;eword eng ;eword
ke ;eword eng ;eword just ;eword now ;eword
ke ;eword sekhowa ;eword
e ;eword ephuthele ;eword
uhanne ;eword hontswepelela ;eword
uatimana ;eword
ache ;eword he ;eword uatimana ;eword
mphe ;eword hle ;eword ache ;eword
litlhare ;eword
litlhare ;eword litlhare ;eword ye ;eword
kekhadile ;eword
ache ;eword kekhadile ;eword jwale ;eword
kekhadile ;eword hle ;eword nnyeo ;eword ntswepelele ;eword
lelenyane ;eword
kebatla ;eword lane ;eword
m ;eword
kebatla ;eword lane ;eword
e ;eword ka ;eword pela ;eword lona ;eword
helang ;eword litlhare ;eword we ;eword
