thabo ;eword sekana ;eword feresa ;eword ka ;eword hare ;eword
ketlaudiela ;eword
otlaetsa ;eword hape ;eword
ausi ;eword tselane ;eword
oare ;eword oentse ;eword ntlo ;eword encha ;eword
ha ;eword kenahoudiela ;eword
e ;eword olelahlile ;eword ka ;eword mora ;eword lerako ;eword
litlhare ;eword
manase ;eword theoha ;eword
mang ;eword
ke ;eword wa ;eword mollo ;eword
hantle ;eword ntle ;eword ullelang ;eword
mosi ;eword
theoha ;eword
manase ;eword ullelang ;eword
mosi ;eword wa ;eword eng ;eword
