ee ;eword kannete ;eword ere ;eword mme ;eword
ere ;eword mme ;eword keutlwe ;eword
ke ;eword mang ;eword
tsamaya ;eword hodibeha ;eword
dinwile ;eword udibehe ;eword
feela ;eword utlahatsela ;eword maoto ;eword
rola ;eword dieta ;eword
tsamaya ;eword he ;eword tentenki ;eword baubolelang ;eword
ke ;eword eng ;eword
ke ;eword rekere ;eword
keaufa ;eword
e ;eword keaufa ;eword
he ;eword motho ;eword eo ;eword batho ;eword
hara ;eword batho ;eword bale ;eword bakalekale ;eword
u ;eword motho ;eword ya ;eword jwang ;eword
uautlwa ;eword hoabata ;eword
ujang ;eword
lekwenya ;eword
ke ;eword mang ;eword yaufileng ;eword
ke ;eword nna ;eword
ke ;eword nna ;eword mang ;eword
ke ;eword mang ;eword lebitso ;eword laka ;eword
ke ;eword ntate ;eword michael ;eword
mang ;eword
e ;eword eetsa ;eword jwang ;eword
e ;eword eetsa ;eword jwang ;eword ee ;eword
hela ;eword jwale ;eword ulefa ;eword pateriki ;eword kaofela ;eword
ha ;eword hona ;eword motho ;eword yatlayang ;eword hape ;eword ha ;eword ntate ;eword tebele ;eword
utsebe ;eword
ubatla ;eword namune ;eword
e ;eword
oo ;eword
oo ;eword jwale ;eword ha ;eword oaya ;eword sekolong ;eword ke ;eword eng ;eword litlhare ;eword
botsa ;eword pateriki ;eword
na ;eword ha ;eword oaya ;eword sekolong ;eword ke ;eword eng ;eword
mmotse ;eword
mmotse ;eword ere ;eword ke ;eword mang ;eword
ere ;eword neng ;eword
uamoutlwa ;eword oreng ;eword
obua ;eword bohata ;eword motho ;eword enwa ;eword
e ;eword monate ;eword namune ;eword
hobaneng ;eword
ke ;eword mang ;eword yaufileng ;eword
ere ;eword ausi ;eword
helang ;eword ere ;eword mme ;eword
eya ;eword u ;eword motho ;eword ya ;eword jwang ;eword
u ;eword motho ;eword ya ;eword jwang ;eword yasahlompheng ;eword batho ;eword babaholo ;eword
hela ;eword bo ;eword
e ;eword
ke ;eword mme ;eword mang ;eword yaufileng ;eword namune ;eword
mme ;eword mang ;eword
mme ;eword mamello ;eword
mme ;eword mang ;eword
ho ;eword bonolo ;eword ha ;eword ure ;eword ausi ;eword
ere ;eword ausi ;eword mamello ;eword
e ;eword
ho ;eword bonolo ;eword ha ;eword ucho ;eword jwalo ;eword
uilewalla ;eword wafihla ;eword kae ;eword
umofumane ;eword kae ;eword
uneuntseulla ;eword
uneutlathola ;eword neng ;eword
mang ;eword
mafehloase ;eword ore ;eword leye ;eword hobapala ;eword
jwale ;eword uaya ;eword untsewalla ;eword
a ;eword
di ;eword metsi ;eword
chee ;eword disutlehile ;eword dieta ;eword tsena ;eword tsahao ;eword
utlahatsela ;eword maoto ;eword
dinkha ;eword mosese ;eword
untseudisesetsang ;eword
untseudisesetsang ;eword
thonaka ;eword makhapetla ;eword ana ;eword uaqhale ;eword kantle ;eword
uatsela ;eword kobong ;eword
athonakeng ;eword
e ;eword athonakeng ;eword
leathonake ;eword
hona ;eword moo ;eword monyako ;eword
efiele ;eword
oaetsa ;eword jwang ;eword
uaetse ;eword kapele ;eword
oo ;eword
na ;eword uaqetile ;eword
entseele ;eword ana ;eword
jwale ;eword utlaathonaka ;eword neng ;eword
kapa ;eword ha ;eword ntate ;eword koma ;eword a ;eword teng ;eword
etsang ;eword lekwale ;eword he ;eword bana ;eword baka ;eword
mampe ;eword litlhare ;eword
kwala ;eword ngwanaka ;eword
lentseleetsang ;eword
we ;eword
ore ;eword kwala ;eword fotsek ;eword
ure ;eword fotsek ;eword ho ;eword mang ;eword
kannete ;eword
ho ;eword wena ;eword
mojwetse ;eword hore ;eword u ;eword ausi ;eword wahae ;eword
ere ;eword ke ;eword ausi ;eword wahao ;eword
ere ;eword ke ;eword ausi ;eword wahao ;eword
ere ;eword ausi ;eword wahao ;eword agnes ;eword
mojwetse ;eword
ere ;eword ke ;eword ausi ;eword wahao ;eword agnes ;eword
a ;eword wena ;eword dilamune ;eword tse ;eword diqetwa ;eword ke ;eword wena ;eword
butle ;eword
uqetileng ;eword
ke ;eword mang ;eword yaitseng ;eword ueqete ;eword
uneueqetelang ;eword
ache ;eword jeso ;eword
mm ;eword
ema ;eword he ;eword
theoha ;eword
ache ;eword kannete ;eword uadiphoqa ;eword
utlahatsela ;eword mariha ;eword mona ;eword
lehlwa ;eword leselentselena ;eword
rwala ;eword dieta ;eword ke ;eword tsane ;eword
seseng ;eword ke ;eword sane ;eword
ee ;eword rwala ;eword ka ;eword leotong ;eword lena ;eword
ee ;eword rwala ;eword ka ;eword leotong ;eword lena ;eword lane ;eword
helang ;eword ke ;eword sehole ;eword
nka ;eword sane ;eword
uetsang ;eword
bare ;eword u ;eword tentenki ;eword
e ;eword ke ;eword ya ;eword mang ;eword
ke ;eword yaka ;eword
mampe ;eword leetsang ;eword
uetsang ;eword
uetsa ;eword koloi ;eword
eetsuwa ;eword jwalo ;eword
ya ;eword namane ;eword
e ;eword elahle ;eword
elahle ;eword mokwena ;eword
namane ;eword oaeja ;eword
namane ;eword oejellang ;eword
tlohang ;eword mona ;eword he ;eword
ska ;eword rolelang ;eword ka ;eword kwana ;eword
ee ;eword skana ;eword ja ;eword
urwetse ;eword tuku ;eword
ke ;eword tuku ;eword yahao ;eword
rola ;eword dieta ;eword tsena ;eword
umpaudianehe ;eword
dirole ;eword mme ;eword
