ke ;eword ena ;eword
eseebutswitse ;eword
m ;eword
ea ;eword
haeno ;eword ke ;eword kae ;eword
ntate ;eword wahao ;eword ke ;eword ntate ;eword mang ;eword
ke ;eword ntate ;eword nosi ;eword wena ;eword
ke ;eword ntate ;eword wahao ;eword
wena ;eword u ;eword ntate ;eword mang ;eword
tloha ;eword wena ;eword
keelahlile ;eword kwana ;eword
di ;eword pedi ;eword dipoone ;eword
ke ;eword ela ;eword
batheohile ;eword koloi ;eword yaka ;eword
keloedula ;eword
keuchesa ;eword ha ;eword keentseng ;eword
baesekele ;eword uile ;eword kae ;eword
ha ;eword letebele ;eword utlautswa ;eword poone ;eword
tsamaya ;eword
koloi ;eword e ;eword teng ;eword hahao ;eword kwana ;eword
tsamaya ;eword
tsamaya ;eword hona ;eword tjee ;eword
utlareng ;eword
uautlwa ;eword
otlare ;eword unkakase ;eword
ketlaikhannela ;eword
ketlamatha ;eword
utlareng ;eword
mang ;eword
keitseng ;eword
kelomojwetsa ;eword
nna ;eword ketlaukakasa ;eword keuise ;eword
utlamathela ;eword kae ;eword
ketlaukakasa ;eword
ketlaukakasa ;eword le ;eword teng ;eword
ketlaukakasa ;eword le ;eword teng ;eword
utlafihla ;eword ureng ;eword
ebile ;eword le ;eword nna ;eword ketlauthiba ;eword
ketlausaeletsa ;eword ka ;eword spot ;eword
ntja ;eword ya ;eword habo ;eword elisha ;eword ketlaebitsa ;eword
ketlare ;eword thu ;eword thu ;eword
ketlaephunya ;eword
ditlauloma ;eword dintja ;eword tsena ;eword
ketlaemula ;eword
ketlaemula ;eword
ketlaemula ;eword
ketlaemula ;eword ka ;eword lejwe ;eword ntate ;eword
tsamaya ;eword
ere ;eword
nna ;eword maoto ;eword aka ;eword ahlahisa ;eword
lahao ;eword hlobohang ;eword
ketlahlwella ;eword le ;eword wena ;eword betheng ;eword
hlobohang ;eword wena ;eword utsamaye ;eword uye ;eword hobapale ;eword betheng ;eword
hlobohang ;eword tsamaya ;eword
ulomojwetsa ;eword hlobohang ;eword
skabamojwetsa ;eword
utlaeneha ;eword mang ;eword
thipa ;eword ya ;eword mang ;eword
ere ;eword kefete ;eword
uethotse ;eword kae ;eword
ke ;eword thipa ;eword yahao ;eword
ke ;eword thipa ;eword yaka ;eword
uethotse ;eword kae ;eword
ketlauotla ;eword
uya ;eword kae ;eword wena ;eword
utswa ;eword kae ;eword
utswa ;eword kae ;eword
ere ;eword ketswa ;eword ha ;eword mantilatilane ;eword
hlobohang ;eword
utswa ;eword kae ;eword
ha ;eword mantilatilane ;eword
uajang ;eword
bohobe ;eword
uafutswela ;eword ka ;eword eng ;eword
thella ;eword he ;eword
kethelleleng ;eword kele ;eword mofokeng ;eword
cho ;eword hlobohang ;eword
wa ;eword ha ;eword maotwana ;eword finyela ;eword
uthelle ;eword he ;eword hlobohang ;eword
thella ;eword le ;eword wena ;eword
kele ;eword mofokeng ;eword
finyela ;eword
hlobohang ;eword tsamaya ;eword
