ha ;eword hona ;eword chelete ;eword ka ;eword mona ;eword
ketloele ;eword sekipa ;eword
ketlantsa ;eword makotomane ;eword ka ;eword mona ;eword ka ;eword pokothong ;eword yaka ;eword
ke ;eword lekhapetla ;eword lenenglele ;eword ka ;eword pokothong ;eword yaka ;eword
e ;eword
keaqetile ;eword
le ;eword ka ;eword mona ;eword
nna ;eword ka ;eword mona ;eword ke ;eword ka ;eword pokothong ;eword
nkhono ;eword oneankonopollotse ;eword
jwale ;eword lekotomane ;eword laka ;eword lalahleha ;eword
ke ;eword wiki ;eword kenkile ;eword wiki ;eword
nna ;eword keaebola ;eword ka ;eword meno ;eword
keilorobala ;eword mane ;eword
e ;eword
e ;eword kefeta ;eword tsenethu ;eword
ha ;eword hona ;eword dipompong ;eword ka ;eword mona ;eword ka ;eword pokothong ;eword
ka ;eword moo ;eword ha ;eword hona ;eword chelete ;eword ha ;eword hona ;eword dipompong ;eword
kesekele ;eword moholo ;eword kefeta ;eword tsenethu ;eword
ketutubetse ;eword
engwe ;eword ekhaohile ;eword
kethotse ;eword ka ;eword seipone ;eword
ke ;eword wiki ;eword
tsebo ;eword onkotlile ;eword
