ukwatetseng ;eword na ;eword monna ;eword
e ;eword hlobohang ;eword
ukwatetseng ;eword
ukwatetseng ;eword
ukwatetseng ;eword
ueisitse ;eword hokae ;eword
uelahlile ;eword habo ;eword likhomo ;eword kwa ;eword
tsamaya ;eword hoebatla ;eword
tsamaya ;eword hoebatla ;eword
kere ;eword wena ;eword
hoabata ;eword
u ;eword sele ;eword
lemina ;eword leo ;eword lona ;eword
bona ;eword chelete ;eword ke ;eword yane ;eword moo ;eword uesiileng ;eword teng ;eword
ke ;eword yane ;eword mololo ;eword oaenka ;eword
hei ;eword wena ;eword uetsang ;eword ka ;eword leoto ;eword leleputswa ;eword
oabaleha ;eword
wena ;eword utswakaka ;eword
lwanang ;eword kebone ;eword
lwanang ;eword ka ;eword difeisi ;eword kebone ;eword yatlahlola ;eword
lwanang ;eword ka ;eword difeisi ;eword kebone ;eword yatlahlola ;eword
utlawela ;eword hodima ;eword setulo ;eword moo ;eword
he ;eword lona ;eword
