kumbakumba ;eword yaka ;eword ethotse ;eword
ha ;eword se ;eword moo ;eword dithotse ;eword kaofela ;eword
hape ;eword di ;eword kae ;eword
ha ;eword di ;eword yo ;eword
nna ;eword yaka ;eword ke ;eword ee ;eword efetileng ;eword
utlafumana ;eword dithotse ;eword kaofela ;eword ha ;eword tsona ;eword
di ;eword kae ;eword
ha ;eword di ;eword yo ;eword
nna ;eword yaka ;eword ke ;eword yane ;eword entseeituletse ;eword
kumbakumba ;eword yaka ;eword
eaithodisa ;eword
keaeletsa ;eword
hlobohang ;eword ake ;eword utlohe ;eword
ha ;eword utsebe ;eword
yahao ;eword ke ;eword ena ;eword kumbakumba ;eword ena ;eword
tloha ;eword kumbakumbeng ;eword yaka ;eword
ha ;eword kenahotla ;eword kumbakumbeng ;eword yahao ;eword mona ;eword
wena ;eword utla ;eword kumbakumbeng ;eword yaka ;eword
yaka ;eword ke ;eword ena ;eword wena ;eword
uacheka ;eword moo ;eword hlobohang ;eword
lebona ;eword koloi ;eword yahae ;eword
uetsang ;eword moo ;eword leboteng ;eword wena ;eword
nna ;eword keiloitulela ;eword fatse ;eword
uautlwa ;eword hlobohang ;eword
nna ;eword encha ;eword
nna ;eword ketladula ;eword mane ;eword
nna ;eword ketladula ;eword mollong ;eword
nna ;eword keapere ;eword kobo ;eword yaka ;eword encha ;eword
utlilohlobola ;eword kobo ;eword
ketlilohlobola ;eword kobo ;eword ena ;eword yaka ;eword
hlobohang ;eword
yaka ;eword hlobohang ;eword
hlobohang ;eword
nka ;eword kobo ;eword ena ;eword
nka ;eword
nka ;eword kobo ;eword ena ;eword
tsamaya ;eword hoebeha ;eword betheng ;eword yahao ;eword
tsamaya ;eword hoebeha ;eword betheng ;eword yahao ;eword
uebehile ;eword abuti ;eword
uebehile ;eword
etlose ;eword betheng ;eword
keadula ;eword
keadula ;eword betheng ;eword yahao ;eword
akhela ;eword jwale ;eword keahlwa ;eword
he ;eword
he ;eword eise ;eword hei ;eword wena ;eword
wena ;eword hlobohang ;eword
ere ;eword betheng ;eword yahao ;eword
uneuile ;eword le ;eword ntho ;eword ee ;eword
ere ;eword le ;eword ntsoaki ;eword
ntsoaki ;eword ha ;eword se ;eword ausi ;eword wahao ;eword
utlaletsa ;eword kumbakumba ;eword ena ;eword yaka ;eword
ere ;eword ya ;eword bomatsibana ;eword
ere ;eword lepalame ;eword mmt ;eword
uneupalame ;eword mmt ;eword
ere ;eword uneupalame ;eword koloi ;eword ya ;eword two ;eword
ere ;eword uneupalame ;eword potsotso ;eword
ere ;eword uapalama ;eword kombi ;eword
ketlaurekela ;eword koloi ;eword encha ;eword
nna ;eword kekhanna ;eword sethuthuthu ;eword
kehata ;eword mariki ;eword
ketlareka ;eword koloi ;eword encha ;eword
ketlareka ;eword koloi ;eword encha ;eword nna ;eword
kapa ;eword dilaete ;eword ke ;eword tsena ;eword
sethuthuthu ;eword sere ;eword te ;eword te ;eword
aka ;eword ketlaanka ;eword ka ;eword mokhorong ;eword
hlobohang ;eword yena ;eword oneapalame ;eword ka ;eword teraefeng ;eword
nna ;eword kekhanna ;eword potsotso ;eword
nna ;eword kereka ;eword mahlo ;eword a ;eword sekhowa ;eword
retlareka ;eword dithunya ;eword
ntsoaki ;eword
ere ;eword le ;eword hlobohang ;eword
hape ;eword nna ;eword ketlareka ;eword
hape ;eword
hape ;eword ketlareka ;eword sethuthuthu ;eword
hape ;eword le ;eword kombi ;eword
nna ;eword ketlareka ;eword kapo ;eword
ere ;eword ueisa ;eword lapeng ;eword
ketlanka ;eword le ;eword ketlele ;eword
retlareka ;eword le ;eword dinamune ;eword ntate ;eword redije ;eword
hape ;eword rerekile ;eword bojwala ;eword
ketlaurekela ;eword thipa ;eword
ha ;eword uashapuwa ;eword ke ;eword eng ;eword
utlatla ;eword le ;eword separleta ;eword seseng ;eword
ee ;eword hlobohang ;eword nwa ;eword seseng ;eword
ketlasekhanna ;eword hore ;eword
ketlaba ;eword ka ;eword deraiveng ;eword
nna ;eword kekhanna ;eword sefofane ;eword
hlobohang ;eword ke ;eword sefofane ;eword
dithuthuthu ;eword di ;eword ngata ;eword maseru ;eword kwana ;eword
lepalama ;eword le ;eword bese ;eword
hlobohang ;eword thunya ;eword
kethunya ;eword saka ;eword sena ;eword
nthule ;eword
nthule ;eword nna ;eword
oamphahla ;eword
uapikitla ;eword
ere ;eword ke ;eword ntsoaki ;eword
ere ;eword ka ;eword mosi ;eword
haka ;eword kombi ;eword
etlaba ;eword le ;eword sethuthuthu ;eword
ha ;eword retle ;eword hoekhanna ;eword ka ;eword ditapole ;eword
tapole ;eword ke ;eword diapole ;eword
diteraefa ;eword tsa ;eword sethuthuthu ;eword le ;eword kombi ;eword
hotla ;eword dipotsotso ;eword
kebatla ;eword horeka ;eword diapole ;eword
hlobohang ;eword nna ;eword kereka ;eword khohlopo ;eword
utlareka ;eword tsenyane ;eword
uautlwa ;eword
uautlwa ;eword hlobohang ;eword
nna ;eword tsekholo ;eword hlobohang ;eword tsenyane ;eword
tsenyane ;eword hlobohang ;eword yena ;eword diamolekana ;eword
ketladirekela ;eword
bona ;eword ke ;eword tsena ;eword ke ;eword tsena ;eword
ubatla ;eword keurodise ;eword
ha ;eword ubatle ;eword ha ;eword kerwala ;eword
ha ;eword ubatle ;eword horwala ;eword
hlobohang ;eword ha ;eword ubatle ;eword horwala ;eword
ere ;eword ke ;eword dulela ;eword mollong ;eword
kebatla ;eword maoto ;eword afuthumale ;eword
ahao ;eword ahatsele ;eword
tlisa ;eword keurodise ;eword
tlisa ;eword maoto ;eword ahao ;eword
keahatsela ;eword nna ;eword
nna ;eword keaikomosa ;eword
maoto ;eword aka ;eword afuthumale ;eword
afuthumale ;eword
nna ;eword kehatsetse ;eword
uya ;eword neng ;eword mollong ;eword
he ;eword leoto ;eword laka ;eword le ;eword metsi ;eword
uneunkotlelang ;eword ka ;eword lejwe ;eword
uneunkotlelang ;eword ka ;eword lejwe ;eword ka ;eword letsohong ;eword
moo ;eword moo ;eword letsohong ;eword lee ;eword uneunkotlelang ;eword
uneunkotlelang ;eword ka ;eword lejwe ;eword
uneunkotlelang ;eword ka ;eword lejwe ;eword leotong ;eword
uneunkotlelang ;eword leotong ;eword
he ;eword hlobohang ;eword
ore ;eword lehlohonolo ;eword
botlolo ;eword yahao ;eword
uetse ;eword tjee ;eword
kebatla ;eword potsotso ;eword fela ;eword
kumbakumba ;eword ha ;eword keebatle ;eword ena ;eword ena ;eword
keaebatla ;eword ena ;eword
keaebatla ;eword
kombi ;eword yona ;eword keaebatla ;eword
nna ;eword ha ;eword keebatle ;eword etlantiehisa ;eword
ha ;eword retutubale ;eword
uhatsetse ;eword
nna ;eword sethuthuthu ;eword ha ;eword kesebatle ;eword
rebatla ;eword le ;eword dipotsotso ;eword
kebatla ;eword potsotso ;eword
wena ;eword ubatla ;eword kombi ;eword
nna ;eword kebatla ;eword sethuthuthu ;eword
nna ;eword kombi ;eword keaebatla ;eword
nna ;eword kenka ;eword thipa ;eword
kepalama ;eword bese ;eword
retlabalehela ;eword beseng ;eword
ya ;eword mang ;eword
nna ;eword ha ;eword kefuthumale ;eword
futhumala ;eword ngwanaka ;eword
seatla ;eword sethuthuthu ;eword
ke ;eword tsane ;eword diabidikiswa ;eword
ke ;eword eng ;eword
ke ;eword kumbakumba ;eword
ere ;eword ke ;eword kumbakumba ;eword
keiketsetsa ;eword koloi ;eword
raha ;eword kebone ;eword
utlaraha ;eword bolo ;eword
erahe ;eword ka ;eword dieta ;eword ah ;eword
ha ;eword se ;eword bolo ;eword yahao ;eword
erahe ;eword
ke ;eword eo ;eword
tloo ;eword rahe ;eword
erahe ;eword
hlobohang ;eword wena ;eword erahe ;eword
erahe ;eword hlobohang ;eword
le ;eword nna ;eword keaurahela ;eword uautlwa ;eword
bolo ;eword ebalehile ;eword
ha ;eword e ;eword yo ;eword
e ;eword kae ;eword
ke ;eword ena ;eword
ke ;eword ya ;eword mang ;eword koloi ;eword
jwale ;eword tjena ;eword kerwala ;eword dieta ;eword
kerwale ;eword
