haka ;eword ke ;eword ha ;eword kotsia ;eword
e ;eword
eya ;eword morena ;eword
eya ;eword morena ;eword
ha ;eword ketsebe ;eword morena ;eword
tlong ;eword
hlobohang ;eword
tsamaya ;eword morena ;eword
ae ;eword morena ;eword
eya ;eword morena ;eword
eya ;eword morena ;eword
tsamaya ;eword
tloha ;eword hlobohang ;eword ntho ;eword ena ;eword etlauhlaba ;eword
nna ;eword nkauotla ;eword
keabona ;eword
na ;eword ke ;eword ena ;eword umotellang ;eword
nka ;eword uiloye ;eword
helang ;eword hlobohang ;eword utlaotla ;eword ngwana ;eword enwa ;eword waka ;eword
ketlaunyoka ;eword
hele ;eword
unqadile ;eword pele ;eword
m ;eword rethathamolotse ;eword tsekholo ;eword
etsela ;eword lehlabathe ;eword
uetse ;eword
hanthe ;eword dikoloi ;eword tsahao ;eword dingata ;eword khanthe ;eword
mphe ;eword engwe ;eword he ;eword
mphe ;eword engwe ;eword tsahao ;eword dingata ;eword
hei ;eword wena ;eword oo ;eword
keamojwetsa ;eword
ketlare ;eword hlobohang ;eword oitse ;eword olapile ;eword
nna ;eword kelapile ;eword
tanki ;eword keufe ;eword
umphe ;eword eo ;eword
mphe ;eword kaofela ;eword
umphile ;eword kaofela ;eword
e ;eword
tanki ;eword
he ;eword motho ;eword ke ;eword yane ;eword oakhanna ;eword
motho ;eword ke ;eword yane ;eword oakhanna ;eword yahae ;eword
keneketswere ;eword
he ;eword motho ;eword yane ;eword okhanna ;eword koloi ;eword
motho ;eword ke ;eword yane ;eword oakhanna ;eword yahae ;eword
motebele ;eword mane ;eword heno ;eword
uautlwa ;eword hlobohang ;eword
umotebele ;eword ntselleng ;eword uautlwa ;eword
e ;eword
nna ;eword utlantebela ;eword
e ;eword
ha ;eword reye ;eword keuchakele ;eword ntselleng ;eword
ehle ;eword ha ;eword se ;eword nna ;eword ehle ;eword
ehle ;eword ke ;eword wena ;eword
utlobolela ;eword
ke ;eword ntselleng ;eword
ere ;eword alefe ;eword papa ;eword yahao ;eword
akha ;eword utlobolele ;eword ho ;eword nna ;eword
ere ;eword alefe ;eword ntselleng ;eword
elefe ;eword papa ;eword yahae ;eword
elefe ;eword
unchebileng ;eword
ketlauhlaba ;eword
etlautsela ;eword
tsurua ;eword kebone ;eword hlobohang ;eword
hlobohang ;eword uefuwe ;eword ke ;eword mang ;eword
ketlaumula ;eword wena ;eword
tswekere ;eword eqhalane ;eword fatse ;eword engata ;eword ke ;eword ena ;eword
e ;eword pele ;eword e ;eword letswai ;eword
mm ;eword
he ;eword leotlile ;eword motho ;eword ka ;eword lejwe ;eword
he ;eword bababedi ;eword bakhannwa ;eword
eha ;eword bakhannwa ;eword
uloma ;eword
ee ;eword
metsing ;eword ke ;eword ane ;eword
mm ;eword
enke ;eword kaofela ;eword
enke ;eword ka ;eword poleiti ;eword nyeo ;eword
nna ;eword keilekare ;eword keutima ;eword moroho ;eword
uaqela ;eword he ;eword
qela ;eword e ;eword mane ;eword
keitjella ;eword feela ;eword monna ;eword
keitjella ;eword feela ;eword
ke ;eword ena ;eword ebabang ;eword ke ;eword ena ;eword
jowe ;eword
uadisotha ;eword
ufapantse ;eword dieta ;eword tsena ;eword wena ;eword
uadifapantsa ;eword
ke ;eword mankorolo ;eword
ke ;eword mankwebela ;eword
ha ;eword remomule ;eword
oitse ;eword
keamoja ;eword
ualoma ;eword he ;eword
kelenwele ;eword
hae ;eword ke ;eword
