tsebo ;eword
mme ;eword mamello ;eword oatsamaya ;eword
ungwathelwa ;eword ke ;eword mang ;eword mehla ;eword ee ;eword
tsebo ;eword neha ;eword ngwana ;eword
tsebo ;eword kebona ;eword antsea ;eword
neuoe ;eword tsebo ;eword otlauotla ;eword
ako ;eword duleng ;eword fatse ;eword tsebo ;eword
hatoha ;eword ngwana ;eword tsebo ;eword
hei ;eword tsebo ;eword e ;eword dulang ;eword hantle ;eword
a ;eword kae ;eword
ausi ;eword mantso ;eword o ;eword kae ;eword
oneaile ;eword kae ;eword motsehare ;eword
