ke ;eword mang ;eword
ketlaefa ;eword katse ;eword jwale ;eword
ketlamoshapa ;eword
lebitso ;eword lahae ;eword ke ;eword mang ;eword
utlwa ;eword enwa ;eword otseba ;eword ba ;eword habo ;eword
uehanelang ;eword basadi ;eword
helang ;eword wena ;eword nka ;eword nama ;eword ena ;eword
hana ;eword ntate ;eword wahae ;eword ke ;eword mang ;eword
nka ;eword neuoe ;eword
uneuetsang ;eword jwale ;eword manyeo ;eword
na ;eword udutse ;eword phateng ;eword neuoe ;eword
uneuilobona ;eword mang ;eword manyeo ;eword
o ;eword kae ;eword ngwana ;eword
ke ;eword mang ;eword yaungwapileng ;eword
ha ;eword osatseba ;eword sakeng ;eword
tswara ;eword ngwana ;eword hleso ;eword
untseuetsang ;eword jwale ;eword
jwale ;eword sefate ;eword sena ;eword se ;eword metsi ;eword
ufetele ;eword kae ;eword jwale ;eword
uetsang ;eword
ka ;eword pela ;eword hao ;eword ke ;eword kae ;eword wena ;eword
ke ;eword hobata ;eword hona ;eword ho ;eword kantle ;eword ka ;eword mona ;eword
untseuetsang ;eword jwale ;eword
oahlanya ;eword enwa ;eword
ehle ;eword untseumoomanya ;eword horeng ;eword jwale ;eword
modimo ;eword retsuruela ;eword bana ;eword mollong ;eword
oneaakadime ;eword mang ;eword
ake ;eword ukwale ;eword hleso ;eword
obulelang ;eword
modimo ;eword redula ;eword thoko ;eword kantle ;eword ka ;eword mona ;eword
keneuoe ;eword ke ;eword ofeng ;eword
ha ;eword ketsebe ;eword hore ;eword na ;eword ubua ;eword le ;eword mang ;eword
seetsa ;eword mosi ;eword
eseng ;eword motho ;eword emong ;eword otlausiya ;eword le ;eword mabaka ;eword
e ;eword keautlwisisa ;eword haholo ;eword ha ;eword motho ;eword akaba ;eword teng ;eword ka ;eword mehla ;eword
jwale ;eword sefate ;eword bomamphachane ;eword seabatswanela ;eword
ho ;eword betere ;eword motho ;eword aujwetse ;eword mabaka ;eword
empa ;eword ke ;eword nako ;eword ya ;eword teng ;eword
dipoleiti ;eword ha ;eword ditswa ;eword utla ;eword keufumane ;eword hobeterenyana ;eword
utsebe ;eword kere ;eword apepe ;eword ya ;eword monyane ;eword
eche ;eword ho ;eword jwalo ;eword
atsohe ;eword
kentsekeipotsa ;eword hore ;eword na ;eword oile ;eword kae ;eword
ore ;eword maobane ;eword oileatlalata ;eword kobo ;eword ha ;eword keile ;eword nokaneng ;eword
arobale ;eword
e ;eword ba ;eword batle ;eword bana ;eword bajwalo ;eword basachakeng ;eword ha ;eword hobata ;eword
are ;eword o ;eword boima ;eword
adule ;eword fatse ;eword
che ;eword ho ;eword betere ;eword ha ;eword bantsebalenka ;eword ka ;eword koloi ;eword
che ;eword ho ;eword betere ;eword haholo ;eword ngwaneso ;eword
ahanne ;eword
ha ;eword hosale ;eword monate ;eword jwalo ;eword
ke ;eword ha ;eword bale ;eword banyane ;eword
ha ;eword apheha ;eword lesheleshele ;eword
o ;eword kae ;eword bo ;eword manyili ;eword
utsebe ;eword adutse ;eword fatse ;eword amopepile ;eword
