uabona ;eword oetsa ;eword yona ;eword faif ;eword
mane ;eword ore ;eword ngola ;eword two ;eword
ngola ;eword he ;eword tamtu ;eword
ngola ;eword ntate ;eword
ngola ;eword
hotlaba ;eword monate ;eword
retlaleduba ;eword ka ;eword lebese ;eword
feela ;eword feela ;eword atheoha ;eword
buka ;eword eo ;eword uefuwe ;eword ke ;eword mang ;eword
ore ;eword ke ;eword wena ;eword ngwanaka ;eword
uneuephehe ;eword tadi ;eword
uephehile ;eword le ;eword mang ;eword
ule ;eword mong ;eword
u ;eword je ;eword moro ;eword wa ;eword yona ;eword
wauja ;eword moro ;eword wa ;eword tadi ;eword
jwale ;eword ure ;eword kapa ;eword le ;eword nna ;eword keaoja ;eword
uapanyapanya ;eword le ;eword wena ;eword
mahlobohang ;eword oja ;eword moro ;eword wa ;eword tadi ;eword oja ;eword wa ;eword katse ;eword
wa ;eword eng ;eword wa ;eword katse ;eword entso ;eword
uapanyapanya ;eword
ure ;eword kaba ;eword
uapanyapanya ;eword keufa ;eword wa ;eword senqaqana ;eword
ausi ;eword
two ;eword twenty ;eword
