beha ;eword seeta ;eword saka ;eword
usetabolelang ;eword
letabola ;eword kokonyana ;eword
ebehe ;eword mohaolwaneng ;eword
litlhare ;eword
e ;eword
keuthuse ;eword hoetsang ;eword
ee ;eword ujuwa ;eword ke ;eword eng ;eword
seka ;eword ekhaola ;eword he ;eword
e ;eword
thungthung ;eword
palesa ;eword ke ;eword ena ;eword
engwe ;eword ke ;eword ena ;eword sefubeng ;eword
helang ;eword
helang ;eword e ;eword kae ;eword
ha ;eword e ;eword yo ;eword
e ;eword
tlohela ;eword bethe ;eword ena ;eword yaka ;eword
litlhare ;eword
uetsitseng ;eword
uetseditseng ;eword
etlohele ;eword
e ;eword etlise ;eword
e ;eword
eng ;eword
mobitse ;eword
etswa ;eword kae ;eword
ke ;eword mang ;eword
kefing ;eword ya ;eword mang ;eword
e ;eword
beha ;eword katiba ;eword
m ;eword
e ;eword
usekafasolla ;eword
ebehe ;eword mohaolwaneng ;eword
eke ;eword
bina ;eword pele ;eword dali ;eword dali ;eword eno ;eword yahao ;eword
beha ;eword selopo ;eword emere ;eword tlasa ;eword bethe ;eword hantle ;eword
se ;eword kae ;eword
seka ;eword tena ;eword sekipa ;eword
seka ;eword tena ;eword sekipa ;eword
helang ;eword ae ;eword seka ;eword tena ;eword tsena ;eword keutentsitse ;eword
ah ;eword na ;eword ha ;eword u ;eword ngwanaka ;eword he ;eword
dibehe ;eword mokwena ;eword
dibehe ;eword dibehe ;eword ketladihlatswa ;eword hosane ;eword
tsena ;eword ketladihlatswa ;eword dibehe ;eword
utene ;eword jese ;eword ehlatsuwang ;eword
uaebona ;eword ehlatsuwe ;eword ena ;eword
ena ;eword ehlatsuwe ;eword
na ;eword ha ;eword u ;eword ngwanaka ;eword
etlisa ;eword seka ;eword etsela ;eword ka ;eword mona ;eword etlisa ;eword
mphe ;eword jese ;eword eno ;eword
litlhare ;eword seka ;eword tsola ;eword
konopo ;eword etlakhaoha ;eword ka ;eword morao ;eword
e ;eword
e ;eword e ;eword thata ;eword
seka ;eword tsola ;eword ke ;eword mantsiboya ;eword
mme ;eword machaka ;eword otlaubona ;eword uiterekile ;eword
ka ;eword ntate ;eword wahao ;eword
ee ;eword
seka ;eword tsola ;eword penti ;eword ngwana ;eword ntate ;eword michael ;eword
otlahatsela ;eword ka ;eword ntate ;eword
ako ;eword bone ;eword mose ;eword wahao ;eword omotle ;eword ona ;eword le ;eword palesa ;eword
ke ;eword ena ;eword palesa ;eword ke ;eword ena ;eword
palesa ;eword ke ;eword ena ;eword
e ;eword
e ;eword ena ;eword
e ;eword
ena ;eword ena ;eword
e ;eword
e ;eword
e ;eword
e ;eword
e ;eword kae ;eword
ha ;eword e ;eword yo ;eword
eya ;eword ereng ;eword
e ;eword
e ;eword
oo ;eword
m ;eword
etlatswella ;eword seka ;eword elahla ;eword
ska ;eword elahla ;eword
tlisa ;eword keyoefa ;eword monase ;eword
tlisa ;eword keyoefa ;eword monase ;eword
ha ;eword uelahle ;eword
ere ;eword ausi ;eword mamello ;eword nkadime ;eword
ntho ;eword ena ;eword eabua ;eword
ere ;eword aukadime ;eword
hei ;eword nka ;eword ntho ;eword ena ;eword ubue ;eword
ee ;eword
enke ;eword
ha ;eword ubatle ;eword
e ;eword tje ;eword
e ;eword kae ;eword
e ;eword kae ;eword
ee ;eword
untsang ;eword
e ;eword
untsa ;eword sesepa ;eword
eng ;eword
e ;eword
eng ;eword
e ;eword ke ;eword eng ;eword ena ;eword ntho ;eword eo ;eword
ke ;eword eng ;eword
lemao ;eword
lahao ;eword le ;eword kae ;eword
oo ;eword uetsang ;eword ka ;eword lona ;eword
uaqhwaela ;eword
e ;eword
ke ;eword laka ;eword ke ;eword lahao ;eword
oo ;eword
oo ;eword
uipatela ;eword koko ;eword
oo ;eword
untseuetsang ;eword
utlalelahla ;eword
ake ;eword ubine ;eword sefela ;eword
boabuti ;eword ba ;eword kae ;eword
papa ;eword
uebutsuwe ;eword ke ;eword mang ;eword helang ;eword
ure ;eword hela ;eword ho ;eword mang ;eword
e ;eword
hey ;eword ketlauseha ;eword ka ;eword thipa ;eword
e ;eword
oseha ;eword ka ;eword thipa ;eword
e ;eword
oo ;eword
oo ;eword unhlaba ;eword ka ;eword thipa ;eword
ule ;eword rushiya ;eword
ule ;eword rushiya ;eword
le ;eword marapo ;eword diphakeng ;eword
m ;eword
maoto ;eword ana ;eword ahao ;eword aabata ;eword
kannete ;eword
ichu ;eword
uetsang ;eword
seka ;eword minela ;eword dikobong ;eword tsaka ;eword
seka ;eword minela ;eword dikobong ;eword tsaka ;eword
untsela ;eword ka ;eword mamina ;eword
ee ;eword
keatsaba ;eword
e ;eword
ichu ;eword
seka ;eword nhata ;eword
ee ;eword hle ;eword batho ;eword ee ;eword
uahlanya ;eword na ;eword litlhare ;eword
tsamaya ;eword hobitsa ;eword bonamane ;eword
o ;eword kae ;eword
kae ;eword
oile ;eword kae ;eword
mmitse ;eword
ha ;eword e ;eword yo ;eword
jwale ;eword ubapala ;eword le ;eword mang ;eword
mobitse ;eword
letlabapala ;eword le ;eword mang ;eword
le ;eword wena ;eword
theoha ;eword he ;eword
ake ;eword ubine ;eword
oo ;eword
shikwe ;eword otlauthola ;eword
uetsang ;eword
oo ;eword lesika ;eword la ;eword sethole ;eword
oo ;eword
bina ;eword he ;eword
oo ;eword
oo ;eword
e ;eword kae ;eword
etswa ;eword kae ;eword
ee ;eword ee ;eword utswela ;eword nna ;eword ka ;eword mathe ;eword
seka ;eword bapala ;eword ka ;eword mathe ;eword
ee ;eword
ntho ;eword ena ;eword etlawa ;eword tlohela ;eword
ee ;eword hle ;eword mmannyeo ;eword
seka ;eword bapala ;eword ka ;eword mathe ;eword
basadi ;eword na ;eword ee ;eword
e ;eword
ka ;eword eng ;eword
hobaneng ;eword
ee ;eword bo ;eword batho ;eword
ach ;eword na ;eword ee ;eword
seka ;eword itlotsa ;eword
bitsa ;eword karabo ;eword
oile ;eword kae ;eword
ure ;eword kokonyana ;eword ha ;eword e ;eword yo ;eword
eneebatlwa ;eword ke ;eword mang ;eword
mang ;eword
mang ;eword
ausi ;eword mpinane ;eword
aa ;eword oisa ;eword kae ;eword
ureng ;eword
ure ;eword uaja ;eword
kokonyana ;eword mpinane ;eword
ure ;eword uaeja ;eword
ah ;eword
le ;eword thalane ;eword
oo ;eword
lenhatile ;eword ha ;eword bohloko ;eword
ich ;eword ich ;eword ichu ;eword litlhare ;eword
ee ;eword hele ;eword
skaba ;eword sesela ;eword mona ;eword betheng ;eword
seka ;eword itlotsa ;eword ka ;eword mathe ;eword mahlong ;eword
ubatlang ;eword
ee ;eword ukhotse ;eword
ee ;eword
ee ;eword
ere ;eword ere ;eword keutlwe ;eword mpa ;eword
ekhotse ;eword
ee ;eword he ;eword
ee ;eword mpa ;eword ena ;eword ekhotse ;eword
ele ;eword mang ;eword
uaethua ;eword pompong ;eword
oo ;eword
maobane ;eword bana ;eword bane ;eword bareng ;eword bolong ;eword
maobane ;eword
m ;eword bareng ;eword bolong ;eword
banana ;eword
sethuthuthu ;eword sa ;eword kampong ;eword
seja ;eword pompong ;eword
seenkile ;eword kae ;eword
seefuwe ;eword ke ;eword mang ;eword
ntate ;eword mang ;eword
ntate ;eword tsepo ;eword
ofa ;eword sethuthuthu ;eword pompong ;eword
oo ;eword
e ;eword
e ;eword
uaithua ;eword
uefa ;eword sethuthuthu ;eword seaeja ;eword
oo ;eword
keaethua ;eword mamello ;eword
keaeja ;eword pompong ;eword
oo ;eword
ache ;eword
seo ;eword senesejang ;eword pompong ;eword
oo ;eword
eneele ;eword monate ;eword
oo ;eword
ufe ;eword mamello ;eword dikuskus ;eword
oo ;eword
oo ;eword
ha ;eword ure ;eword ausi ;eword ke ;eword eng ;eword
oreng ;eword ha ;eword oalla ;eword
e ;eword
utsaba ;eword sethuthuthu ;eword
oo ;eword wena ;eword
mamello ;eword otsaba ;eword sethuthuthu ;eword
ere ;eword mme ;eword
uarobala ;eword kwa ;eword kliniking ;eword
oo ;eword
e ;eword
sethuthuthu ;eword ausi ;eword mamello ;eword
utlarobeha ;eword he ;eword
ereng ;eword
mamello ;eword opheha ;eword ditapole ;eword
oo ;eword
ache ;eword
ere ;eword mme ;eword
e ;eword
helang ;eword
helang ;eword
ere ;eword mme ;eword
mme ;eword mang ;eword
ache ;eword wena ;eword ure ;eword mamello ;eword feela ;eword e ;eword
ae ;eword bo ;eword
mang ;eword ke ;eword leshano ;eword
ache ;eword ha ;eword utsabe ;eword batho ;eword
eng ;eword
hela ;eword wena ;eword
uneuetsa ;eword tjee ;eword
ha ;eword uaja ;eword pompong ;eword
uneuefuwe ;eword ke ;eword mang ;eword
ke ;eword mang ;eword yamofileng ;eword pompong ;eword
wena ;eword uneufuwa ;eword ke ;eword mang ;eword
oo ;eword jwale ;eword wafa ;eword mamello ;eword
maobane ;eword uneuile ;eword kae ;eword
kae ;eword
oo ;eword makwenya ;eword uneurekelwa ;eword ke ;eword mang ;eword
e ;eword
oo ;eword
oo ;eword
sefofane ;eword utlasefa ;eword mabiskuse ;eword
ahe ;eword seaja ;eword
ere ;eword ake ;eword aukadime ;eword ntho ;eword eno ;eword
ake ;eword uetlise ;eword nkekeebone ;eword
e ;eword
ere ;eword ake ;eword unkadime ;eword
ere ;eword ake ;eword unkadime ;eword hanyenyane ;eword ake ;eword uletse ;eword
uneumofileng ;eword
le ;eword eng ;eword
adija ;eword
oo ;eword
aja ;eword mabiskuse ;eword
oo ;eword oneaafuwe ;eword ke ;eword mang ;eword
oreng ;eword
ore ;eword uahlame ;eword
oo ;eword
oo ;eword
oo ;eword
machaka ;eword
umofang ;eword
oo ;eword
oo ;eword
mme ;eword wahao ;eword ke ;eword mang ;eword
mme ;eword wahao ;eword
ke ;eword mang ;eword mme ;eword wahao ;eword
oo ;eword
oo ;eword
reya ;eword kae ;eword
reya ;eword horeka ;eword pompong ;eword kefing ;eword
ha ;eword mang ;eword
kae ;eword
kae ;eword
oaereka ;eword kae ;eword
kefing ;eword ya ;eword mang ;eword
ke ;eword ya ;eword
ya ;eword ntate ;eword
ntate ;eword mang ;eword
ntate ;eword tsepo ;eword
oo ;eword
keitse ;eword ure ;eword mme ;eword
wale ;eword utlacho ;eword neng ;eword
mantsiboya ;eword
a ;eword hona ;eword tjee ;eword
ele ;eword ha ;eword oetsang ;eword
anka ;eword penti ;eword
ore ;eword uteneng ;eword
oreng ;eword
ore ;eword utene ;eword katse ;eword
uetene ;eword
oo ;eword
oo ;eword
