ha ;eword se ;eword mapeleng ;eword mono ;eword
mapeding ;eword ke ;eword kwana ;eword
mapeding ;eword ke ;eword kwana ;eword
bula ;eword wena ;eword
a ;eword tloha ;eword
u ;eword mashano ;eword
u ;eword mashano ;eword
bona ;eword moo ;eword untswetseng ;eword
e ;eword kefile ;eword matsatsi ;eword aleshome ;eword
ha ;eword e ;eword yo ;eword
utlautlwa ;eword ha ;eword euotla ;eword mona ;eword
mphe ;eword yaka ;eword
sheba ;eword yaka ;eword e ;eword kholo ;eword
ke ;eword ena ;eword yaka ;eword ekholo ;eword ke ;eword ena ;eword
eya ;eword eakhaoha ;eword
yaka ;eword e ;eword kae ;eword
ke ;eword ena ;eword mona ;eword yaka ;eword
nna ;eword keatlohela ;eword
e ;eword kae ;eword
e ;eword kae ;eword hela ;eword
na ;eword e ;eword kae ;eword
yahao ;eword e ;eword kae ;eword nkhono ;eword
bona ;eword yaka ;eword
eawa ;eword hodima ;eword bethe ;eword
e ;eword ke ;eword ena ;eword eawela ;eword
sheba ;eword yaka ;eword nna ;eword
yaka ;eword e ;eword kae ;eword
yaka ;eword ke ;eword eo ;eword he ;eword
kenyepela ;eword hodimo ;eword
ntlohele ;eword kejewa ;eword ke ;eword sefuba ;eword
he ;eword litlhare ;eword ke ;eword thaka ;eword wahao ;eword
uabona ;eword ntho ;eword ee ;eword ke ;eword khaba ;eword ee ;eword
ketlainkela ;eword makhapetla ;eword ana ;eword keaje ;eword
ha ;eword monate ;eword makhapetla ;eword
ketlatla ;eword hoinkela ;eword ana ;eword
kedutse ;eword
ha ;eword uampone ;eword kedutse ;eword
kedutse ;eword
wena ;eword monna ;eword waka ;eword
he ;eword litlhare ;eword uetsang ;eword
matebeleng ;eword ke ;eword kwana ;eword
ke ;eword kwana ;eword matebeleng ;eword
mapeding ;eword ke ;eword kwana ;eword
mapeleng ;eword ke ;eword kwana ;eword
hela ;eword ha ;eword ubona ;eword
ha ;eword ebue ;eword
eabobola ;eword
eabobola ;eword
utlautlwa ;eword popopo ;eword
hlakola ;eword ntho ;eword ena ;eword
e ;eword hlakole ;eword ntho ;eword ena ;eword
epepe ;eword
utlapolopoqo ;eword
ketlaure ;eword fa ;eword kapa ;eword keure ;eword pho ;eword
u ;eword ngwana ;eword mang ;eword wena ;eword
ha ;eword una ;eword hofotsek ;eword
ketlaumula ;eword
nna ;eword ketlatla ;eword houotla ;eword
u ;eword sele ;eword
ketlaumula ;eword
thipa ;eword eno ;eword
mphe ;eword thipa ;eword eno ;eword
thipa ;eword ena ;eword
aa ;eword
namune ;eword eo ;eword yaka ;eword
yaka ;eword ke ;eword ee ;eword
bona ;eword yaka ;eword namune ;eword yaka ;eword
namune ;eword yaka ;eword e ;eword tala ;eword
e ;eword mpe ;eword
ketlaumula ;eword morohong ;eword mona ;eword
bala ;eword
ha ;eword utsebe ;eword hobula ;eword jwale ;eword
ke ;eword lena ;eword
nna ;eword ketlaumula ;eword
litlhare ;eword nna ;eword ntlele ;eword
lemati ;eword feela ;eword
utswela ;eword ntate ;eword
e ;eword
ha ;eword hona ;eword mme ;eword matsofane ;eword moo ;eword
ebata ;eword mang ;eword
a ;eword bona ;eword ausi ;eword masebina ;eword
hobane ;eword mme ;eword matsofane ;eword ke ;eword enwa ;eword
ke ;eword eo ;eword
ke ;eword yena ;eword
ha ;eword se ;eword yena ;eword
ha ;eword se ;eword yena ;eword
u ;eword leshano ;eword
ketlaupshatla ;eword
tswa ;eword
ketlaumula ;eword
udutse ;eword hodima ;eword tafole ;eword
hodima ;eword tafole ;eword
ee ;eword hata ;eword
theoha ;eword mona ;eword
uhatile ;eword ngwana ;eword enwa ;eword
polopoqo ;eword
ketlaudiela ;eword mona ;eword
uautlwa ;eword
uantihela ;eword
ntheole ;eword
utlantseba ;eword
lekhale ;eword nna ;eword lekhale ;eword
ukankuka ;eword wena ;eword
ukekewankuka ;eword
utlaroba ;eword setulo ;eword
uetsang ;eword
e ;eword
bo ;eword litlhare ;eword
tloo ;eword thonake ;eword ntho ;eword ena ;eword yahao ;eword mona ;eword
nna ;eword ketloinkela ;eword pampiri ;eword
ke ;eword yaka ;eword pampiri ;eword eno ;eword
ke ;eword yaka ;eword
ke ;eword yaka ;eword
ke ;eword yaka ;eword
oo ;eword
ke ;eword yaka ;eword ena ;eword
e ;eword ka ;eword sesepa ;eword
nka ;eword sesepa ;eword
mphe ;eword pampiri ;eword
otlauhlatswa ;eword
eke ;eword
ntho ;eword eotileng ;eword ee ;eword
salang ;eword
litlhare ;eword usakentse ;eword plastiki ;eword ya ;eword
