a ;eword mang ;eword
tlosa ;eword lefielo ;eword leno ;eword
neneng ;eword uneuna ;eword le ;eword mang ;eword
hm ;eword
le ;eword mang ;eword
ha ;eword aya ;eword kae ;eword
amang ;eword ale ;eword a ;eword nkhono ;eword
leye ;eword kae ;eword
nna ;eword ha ;eword kena ;eword ona ;eword
uiloetsa ;eword jwang ;eword
tsamaya ;eword hoshapa ;eword tsebo ;eword
le ;eword mang ;eword
lepalame ;eword koloi ;eword
leneledifuwa ;eword ke ;eword mang ;eword
oneaukukile ;eword areng ;eword e ;eword
neuoe ;eword ake ;eword umphe ;eword phafa ;eword yane ;eword
tsamaya ;eword homoshapa ;eword
ichi ;eword
mang ;eword
mangwane ;eword leneledifuwa ;eword ke ;eword mang ;eword
kenang ;eword hle ;eword ngwana ;eword enwa ;eword atlohe ;eword moyeng ;eword mono ;eword
leautlwang ;eword
otloupalama ;eword
ureng ;eword neuoe ;eword
ke ;eword a ;eword mang ;eword
leleng ;eword
ngwana ;eword enwa ;eword oya ;eword moyeng ;eword
etlisa ;eword
koko ;eword ke ;eword eo ;eword
ska ;eword ekoba ;eword neuoe ;eword
ha ;eword uya ;eword kae ;eword
antseareng ;eword feela ;eword
antseare ;eword ke ;eword bese ;eword
wena ;eword uneudutse ;eword kae ;eword
ladija ;eword jwale ;eword neuoe ;eword
le ;eword eng ;eword
na ;eword ukilewarobala ;eword
ale ;eword kae ;eword
tlisa ;eword
uapalama ;eword bese ;eword efe ;eword
ke ;eword a ;eword mang ;eword
oetsa ;eword jwang ;eword
neng ;eword
uya ;eword kae ;eword wena ;eword
kena ;eword hle ;eword
keitse ;eword leskanalaya ;eword kantle ;eword hle ;eword
leja ;eword le ;eword bohobe ;eword
oarobala ;eword neng ;eword
hakere ;eword utlabeumopepile ;eword
ska ;eword ekoba ;eword wena ;eword
tlisa ;eword phafa ;eword ena ;eword yaka ;eword
neneng ;eword ha ;eword uya ;eword kae ;eword
neng ;eword
antseareng ;eword feela ;eword
ke ;eword mang ;eword yanengantseacho ;eword jwalo ;eword
ha ;eword uya ;eword kae ;eword
kannete ;eword efe ;eword
hm ;eword
areng ;eword
ke ;eword mang ;eword yanengantseacho ;eword jwalo ;eword
mangwane ;eword aukukile ;eword
e ;eword
jwale ;eword mangwane ;eword aukukile ;eword
leja ;eword le ;eword bohobe ;eword
we ;eword banana ;eword
ska ;eword ekoba ;eword
