mme ;eword moo ;eword moo ;eword
oo ;eword
nka ;eword eotle ;eword
ke ;eword mona ;eword
eya ;eword ke ;eword ya ;eword mollo ;eword
etlaja ;eword tsebo ;eword
ke ;eword sethuthuthu ;eword
uatseba ;eword usadinyolle ;eword
eya ;eword retlatlosa ;eword khopane ;eword
e ;eword kae ;eword koko ;eword
eya ;eword keakhaleha ;eword
utloshape ;eword dikatse ;eword
ketlaeselakha ;eword ka ;eword thipa ;eword
kethelletse ;eword
kere ;eword tsenethu ;eword ahatolle ;eword thutswana ;eword yaka ;eword
e ;eword
keabalehela ;eword ho ;eword nkhono ;eword
ketlabaleha ;eword
keamootla ;eword
mme ;eword pampiri ;eword
onkotlile ;eword
ketlaeotla ;eword ka ;eword phafa ;eword
mobolaye ;eword
nna ;eword kerobala ;eword betheng ;eword ena ;eword
e ;eword
ketlaebolaya ;eword
tsenethu ;eword waka ;eword
e ;eword ubone ;eword uerobile ;eword phafa ;eword
kenke ;eword phafa ;eword
m ;eword nna ;eword kemoselakhe ;eword
ketlabaleha ;eword ho ;eword ausi ;eword mantso ;eword
nna ;eword kenyolla ;eword hona ;eword
ketlaebolaya ;eword
kena ;eword le ;eword ona ;eword le ;eword nna ;eword
mme ;eword tsebo ;eword ontseare ;eword ke ;eword ngwana ;eword wahae ;eword
ketlele ;eword
ke ;eword koloi ;eword
kena ;eword le ;eword mosese ;eword
ketlare ;eword abuti ;eword mojalefa ;eword
ausi ;eword mantso ;eword yena ;eword
m ;eword
ke ;eword ntate ;eword yamphileng ;eword yona ;eword
mme ;eword bona ;eword odifasolotse ;eword
mme ;eword nka ;eword ke ;eword ena ;eword
ketlabaleha ;eword ho ;eword ausi ;eword mantso ;eword ha ;eword kotsia ;eword
ke ;eword tsebo ;eword
nkaebolaya ;eword
m ;eword nna ;eword keakhaleha ;eword
e ;eword teng ;eword ka ;eword mokhorong ;eword
tloo ;eword nke ;eword koko ;eword
e ;eword
mme ;eword ketswerwe ;eword ke ;eword
ha ;eword akabaeroba ;eword
ketladikwalla ;eword
jwale ;eword kenekeile ;eword kantle ;eword
kaja ;eword papa ;eword
eya ;eword hle ;eword utladipheha ;eword neng ;eword
umontse ;eword madi ;eword
mme ;eword jwale ;eword nkhono ;eword o ;eword kae ;eword
nna ;eword ketlaebolaya ;eword
nkatseba ;eword homonka ;eword
le ;eword ausi ;eword mantso ;eword hape ;eword
ke ;eword ena ;eword ho ;eword wena ;eword
ketlonka ;eword lemao ;eword
ka ;eword mokhorong ;eword
ka ;eword metsi ;eword a ;eword pula ;eword
mme ;eword engwe ;eword e ;eword kae ;eword
ding ;eword
kediisa ;eword lesakeng ;eword
mme ;eword khaba ;eword engwe ;eword ke ;eword eno ;eword
m ;eword
ha ;eword mantilatilane ;eword
ha ;eword keqetile ;eword hodibolaya ;eword
eya ;eword
nkhono ;eword o ;eword kae ;eword
kenekere ;eword kelapile ;eword
kere ;eword ka ;eword dithutswana ;eword
m ;eword
ketlabaleha ;eword ho ;eword ausi ;eword mantso ;eword
moo ;eword
utlomoshape ;eword
kedikwaletse ;eword
tsebo ;eword
e ;eword
ketladilahlela ;eword nokeng ;eword
mme ;eword kumbakumba ;eword ya ;eword mme ;eword mamello ;eword
keadikwalla ;eword dikoko ;eword tsena ;eword
oo ;eword
ebile ;eword ditapole ;eword di ;eword teng ;eword masimong ;eword
ha ;eword keakwata ;eword
moo ;eword
keitholetse ;eword ka ;eword dithutswana ;eword
wena ;eword mme ;eword
tsebo ;eword onkotlile ;eword
keefumane ;eword
ke ;eword tsebo ;eword
ebile ;eword ketlafihla ;eword kedinka ;eword naheng ;eword
e ;eword
etabohile ;eword eo ;eword aenkileng ;eword
e ;eword
