ureng ;eword
ureng ;eword
ka ;eword mona ;eword hothwe ;eword ke ;eword ditsuonyana ;eword
e ;eword
ha ;eword eseele ;eword wena ;eword ailoeqholotsa ;eword pele ;eword tlosa ;eword kharafu ;eword eo ;eword libuseng ;eword hara ;eword lebala ;eword kengotse ;eword thabang ;eword local ;eword court ;eword
uabona ;eword he ;eword jwale ;eword tjena ;eword uqoqe ;eword hofelwa ;eword
uautlwa ;eword
e ;eword
lona ;eword leetsa ;eword morusu ;eword
ha ;eword se ;eword mahe ;eword ke ;eword tamati ;eword
hei ;eword bo ;eword
lona ;eword
ke ;eword wena ;eword yasaitlhatsweng ;eword
utle ;eword utloqoqa ;eword
tloo ;eword utloqala ;eword le ;eword litlhare ;eword
eke ;eword
hothwe ;eword ditsuonyana ;eword di ;eword ka ;eword jareteng ;eword
eo ;eword ontseaetsa ;eword polopoqo ;eword ya ;eword eng ;eword
ake ;eword ubone ;eword ngwana ;eword waka ;eword ya ;eword mosehlana ;eword hakalekale ;eword sebina ;eword kannete ;eword ya ;eword modimo ;eword ha ;eword lesahlatswe ;eword ngwana ;eword eo ;eword
ore ;eword hoya ;eword bona ;eword batswetse ;eword ba ;eword tlokweng ;eword
e ;eword
oo ;eword
mphe ;eword moriana ;eword wane ;eword wa ;eword likhapa ;eword o ;eword botlolong ;eword enngwe ;eword ketlotlotsa ;eword ausi ;eword wahae ;eword
sebina ;eword mphe ;eword omong ;eword o ;eword teng ;eword ka ;eword mono ;eword
eya ;eword nnake ;eword
sebina ;eword ake ;eword ushebe ;eword mabokoseng ;eword aka ;eword tlasa ;eword bethe ;eword ake ;eword utlise ;eword buka ;eword e ;eword teng ;eword ya ;eword sekhowa ;eword batlophetla ;eword
neo ;eword falla ;eword
neo ;eword tlohella ;eword
