ha ;eword kenaholetula ;eword
ke ;eword mme ;eword
ache ;eword ngwana ;eword eo ;eword
keilo ;eword
tlisa ;eword kwano ;eword
tlisa ;eword lesokwana ;eword lena ;eword ka ;eword fatse ;eword fatse ;eword
tsebo ;eword
ako ;eword butle ;eword
thola ;eword
thola ;eword
ha ;eword retloetsa ;eword kapisenda ;eword
empa ;eword uheleditse ;eword kei ;eword
helang ;eword banna ;eword
ichu ;eword tsebo ;eword
utswa ;eword kae ;eword
kebone ;eword tsebo ;eword
e ;eword kae ;eword
e ;eword ka ;eword tlung ;eword
ke ;eword yane ;eword hle ;eword ka ;eword tlung ;eword
e ;eword ka ;eword tlung ;eword
bona ;eword resaphomotse ;eword
tsebo ;eword ha ;eword amphomotse ;eword
uthabile ;eword
uneuseuthabile ;eword haholo ;eword mme ;eword
ke ;eword mahlo ;eword a ;eword sekhowa ;eword
ke ;eword mahlo ;eword a ;eword sekhowa ;eword
ke ;eword ena ;eword
pela ;eword hao ;eword ka ;eword mono ;eword
e ;eword behe ;eword ntho ;eword eno ;eword
unkileng ;eword
poone ;eword ya ;eword tsebo ;eword efedile ;eword
ichu ;eword hei ;eword
keerobile ;eword
akena ;eword
di ;eword kae ;eword dipapi ;eword tsahao ;eword
useuqetile ;eword tsebo ;eword
butle ;eword kesadutse ;eword
ketlaya ;eword kliniking ;eword ha ;eword kehlatsuwe ;eword
neuoe ;eword
kesila ;eword lekotikoti ;eword
ke ;eword ena ;eword
kwae ;eword yaka ;eword
ketlaetsa ;eword kwae ;eword
ke ;eword eno ;eword
ketloatula ;eword
lena ;eword ke ;eword laka ;eword
kekutlutse ;eword lekotikoti ;eword laka ;eword
ketlathiba ;eword koloi ;eword yane ;eword
nna ;eword keaikutlulela ;eword
tsebo ;eword keatla ;eword
keatla ;eword
ke ;eword lekotikoti ;eword laka ;eword
ke ;eword lekotikoti ;eword laka ;eword
keaalahla ;eword ana ;eword
tsebo ;eword nka ;eword ubehe ;eword ka ;eword setlojaneng ;eword
tsebo ;eword
nka ;eword ubehe ;eword ka ;eword setlojaneng ;eword
butle ;eword
reakutlula ;eword lejweng ;eword
ke ;eword mme ;eword mang ;eword na ;eword yaetsebang ;eword yaelohileng ;eword
ke ;eword mme ;eword mang ;eword
tlisa ;eword kwano ;eword wena ;eword
utlaheletsa ;eword
nna ;eword ketloetsa ;eword le ;eword koloi ;eword ena ;eword
tloo ;eword retloetsa ;eword dikapi ;eword tsentle ;eword
tsebo ;eword utlaetsa ;eword dikapi ;eword ka ;eword hofeng ;eword
uabona ;eword
he ;eword basadi ;eword
bo ;eword butle ;eword
ke ;eword eng ;eword
u ;eword leshano ;eword
eneele ;eword ya ;eword
eneele ;eword konopo ;eword ya ;eword jesi ;eword yaka ;eword
lejwe ;eword la ;eword tsebo ;eword le ;eword kae ;eword
letswa ;eword kae ;eword lee ;eword
hoja ;eword uaesila ;eword uabona ;eword
jwale ;eword uneusarate ;eword
keusilela ;eword kwae ;eword he ;eword manyeo ;eword
tlohela ;eword
ke ;eword ena ;eword
ake ;eword utsire ;eword ntho ;eword yaka ;eword jwale ;eword
ualebona ;eword lena ;eword
tsebo ;eword hana ;eword kwae ;eword yaka ;eword e ;eword kae ;eword
keaebatla ;eword
umphile ;eword yona ;eword
nna ;eword lekotikoti ;eword lena ;eword kelelahla ;eword kwana ;eword tlasa ;eword lebala ;eword
neuoe ;eword oileaenka ;eword aeakhella ;eword mane ;eword jareteng ;eword mane ;eword
ka ;eword nqane ;eword pela ;eword sefate ;eword sane ;eword sa ;eword heso ;eword sekwaetsweng ;eword
rehahe ;eword hona ;eword
efedile ;eword
utsebe ;eword esale ;eword ure ;eword re ;eword ha ;eword mme ;eword florencia ;eword
umphang ;eword
hoja ;eword alla ;eword ahlatsuwe ;eword
ebe ;eword kwae ;eword yaka ;eword e ;eword kae ;eword banna ;eword
ke ;eword mokotla ;eword waka ;eword ona ;eword
tsebo ;eword kere ;eword efedile ;eword
eseng ;eword mona ;eword
ka ;eword nqane ;eword
e ;eword
tsebo ;eword tlisa ;eword ketlolekutletsa ;eword mona ;eword
makotikoti ;eword aka ;eword
ke ;eword makotikoti ;eword aka ;eword amabedi ;eword
nna ;eword kere ;eword hona ;eword
lee ;eword letswa ;eword kae ;eword na ;eword banna ;eword
ke ;eword lekotikoti ;eword lahao ;eword lena ;eword
ke ;eword yane ;eword
tsebo ;eword ha ;eword reshebe ;eword mona ;eword
sobane ;eword yaka ;eword e ;eword kae ;eword
ntho ;eword yaka ;eword e ;eword kae ;eword
tsebo ;eword ke ;eword enwa ;eword anpshatla ;eword
tsebo ;eword keatla ;eword
utlaetsa ;eword kapisenda ;eword ka ;eword hofeng ;eword
ka ;eword hoo ;eword
eya ;eword rehahe ;eword hona ;eword
kwana ;eword mantlwantlwaneng ;eword
elekane ;eword
ha ;eword kere ;eword keausiya ;eword
ahle ;eword
ke ;eword mahlo ;eword a ;eword sekhowa ;eword
tlisa ;eword he ;eword
tlisa ;eword keitsilele ;eword poone ;eword yaka ;eword tsebo ;eword
hakere ;eword uitse ;eword umpha ;eword kwae ;eword kapa ;eword umpha ;eword
jwale ;eword uebehile ;eword kae ;eword
e ;eword kae ;eword
e ;eword
ke ;eword seno ;eword
keentse ;eword seamporena ;eword
enkhaola ;eword leoto ;eword leletso ;eword
ke ;eword hore ;eword dintho ;eword tsane ;eword leselediqetile ;eword
e ;eword bo ;eword dintho ;eword tsane ;eword
mona ;eword
mona ;eword
helang ;eword tloha ;eword mona ;eword
ha ;eword ubone ;eword uhlodiya ;eword ntho ;eword ya ;eword mme ;eword mamello ;eword
le ;eword ntho ;eword eno ;eword ke ;eword lekotikoti ;eword
leno ;eword ketloletula ;eword
na ;eword eba ;eword useuqetile ;eword
uqetile ;eword helang ;eword
tsebo ;eword ke ;eword mang ;eword yaqhadileng ;eword kwae ;eword yaka ;eword
tsebo ;eword laka ;eword chee ;eword
uqhadile ;eword dipapi ;eword
ke ;eword dipapi ;eword
ka ;eword ntho ;eword ee ;eword
retloetsa ;eword kapisenda ;eword ka ;eword hono ;eword
tloha ;eword tsebo ;eword
mpheng ;eword jwala ;eword renwe ;eword
tsebo ;eword mpheng ;eword jwala ;eword bobong ;eword ha ;eword usabatle ;eword hore ;eword rebolele ;eword ntate ;eword
hosetse ;eword amabedi ;eword
leleng ;eword
ha ;eword se ;eword kapikapi ;eword
helang ;eword
ha ;eword kena ;eword lelwala ;eword
utlwa ;eword
tsebo ;eword utlwa ;eword ka ;eword mane ;eword
lekotikoti ;eword lena ;eword
ke ;eword mahlo ;eword a ;eword sekhowa ;eword batho ;eword we ;eword
e ;eword
nna ;eword uskabasila ;eword kwae ;eword yaka ;eword
keatsuba ;eword
tsebo ;eword
eakhele ;eword kaofela ;eword
tsebo ;eword usilang ;eword na ;eword
nna ;eword ke ;eword ntate ;eword hleso ;eword khothola ;eword kapele ;eword
utlaebona ;eword
tsebo ;eword ha ;eword kesabapala ;eword le ;eword wena ;eword
tsebo ;eword helele ;eword
mphe ;eword poone ;eword
uskampha ;eword
nna ;eword kehlatsuwe ;eword
ke ;eword eng ;eword
utlwa ;eword
lesilang ;eword
eya ;eword ngwanana ;eword
ketula ;eword lekotikoti ;eword
ketlokutletsa ;eword
ke ;eword laka ;eword
tsebo ;eword useuqetile ;eword mosebetsi ;eword wahao ;eword
ukanthapola ;eword jwale ;eword ha ;eword ucho ;eword jwalo ;eword
nna ;eword ketlakalama ;eword ntho ;eword yane ;eword
kebitsitse ;eword hleso ;eword
tsebo ;eword sheba ;eword na ;eword kedutse ;eword kae ;eword
ke ;eword leno ;eword
mono ;eword tsebo ;eword ha ;eword retlobapala ;eword
oo ;eword
tlisa ;eword
ake ;eword ufokotse ;eword
ke ;eword tsebo ;eword
ha ;eword atsebe ;eword letho ;eword
keerobile ;eword
ke ;eword tsena ;eword
jwale ;eword yaka ;eword e ;eword kae ;eword
nna ;eword yaka ;eword mpontseng ;eword oneaelahlile ;eword
nna ;eword kebatla ;eword nke ;eword kere ;eword snif ;eword snif ;eword
jwale ;eword ke ;eword taba ;eword yahao ;eword
eya ;eword
hleso ;eword
ketlolekutlula ;eword
nka ;eword lena ;eword
nna ;eword kenkile ;eword ele ;eword ngwe ;eword
eya ;eword
kenke ;eword kesile ;eword
utswa ;eword kae ;eword wena ;eword
tsebo ;eword mphe ;eword
kenekesaebone ;eword
mphe ;eword kwae ;eword kapo ;eword mphe ;eword poone ;eword
u ;eword lethetsi ;eword ke ;eword nna ;eword
uja ;eword dipapi ;eword
tsebo ;eword bonang ;eword
neuoe ;eword oneaileaetula ;eword
lena ;eword
uabona ;eword tsebo ;eword
ke ;eword lane ;eword
nna ;eword makotikoti ;eword aka ;eword ke ;eword ana ;eword ketlaakutletsa ;eword
utswa ;eword kae ;eword
ache ;eword ha ;eword retsebe ;eword hore ;eword na ;eword letswa ;eword kae ;eword lona ;eword lena ;eword
diitse ;eword ha ;eword reetsa ;eword tjena ;eword
kapa ;eword lenelelahlehile ;eword kwa ;eword
tsebo ;eword ke ;eword mang ;eword yaufileng ;eword
dula ;eword mona ;eword
utlamamela ;eword
tsebo ;eword ere ;eword kenke ;eword ena ;eword
tsebo ;eword hothwe ;eword lethole ;eword
ha ;eword kena ;eword lelwala ;eword
nna ;eword ketlaya ;eword mane ;eword
keuphomotse ;eword
tsenethu ;eword mphe ;eword ditapole ;eword
tsena ;eword diitse ;eword
ke ;eword mosebetsi ;eword le ;eword moo ;eword
kedikutletse ;eword
uneunkile ;eword tsepedi ;eword
redijele ;eword
jwale ;eword tsilwana ;eword yaka ;eword e ;eword kae ;eword
bona ;eword
keentsitse ;eword
helang ;eword sobane ;eword yaka ;eword e ;eword kae ;eword
nna ;eword kenekesanka ;eword tsepedi ;eword
keleetsitse ;eword mona ;eword
lekotikoti ;eword lee ;eword
leno ;eword ke ;eword lee ;eword
le ;eword jwang ;eword
ha ;eword keare ;eword wena ;eword tsebo ;eword
kealekutlula ;eword
leleng ;eword ke ;eword leletle ;eword na ;eword
nna ;eword yaka ;eword mpontseng ;eword
nna ;eword eno ;eword ketloetula ;eword
tsebo ;eword utsira ;eword ntho ;eword yaka ;eword jwale ;eword
nka ;eword lekotikoti ;eword lahao ;eword
ketloiketsa ;eword moholo ;eword
tlisa ;eword wena ;eword
ntho ;eword etswanang ;eword le ;eword eno ;eword e ;eword ho ;eword neuoe ;eword
tsebo ;eword tlisa ;eword ketlolekutletsa ;eword mona ;eword
ichu ;eword
kapisa ;eword nna ;eword
ketlouthusa ;eword
ha ;eword reetse ;eword tjena ;eword
ketloema ;eword
ketloetula ;eword
aka ;eword a ;eword mabedi ;eword
