ketlouotla ;eword
ha ;eword keauthola ;eword
keeje ;eword
e ;eword
bohobe ;eword ubonkile ;eword kae ;eword
bo ;eword monate ;eword
eotle ;eword
nngwathele ;eword litlhare ;eword
ere ;eword hlobola ;eword abuti ;eword dintho ;eword tsena ;eword diilohlatsuwa ;eword
kehloboleng ;eword
e ;eword kae ;eword
nbontse ;eword
ke ;eword efe ;eword
le ;eword ee ;eword
ke ;eword yaka ;eword ntho ;eword ena ;eword
le ;eword veste ;eword ee ;eword
mphe ;eword yona ;eword
ha ;eword keauthola ;eword
u ;eword sele ;eword
skaeberella ;eword
theoha ;eword
erobehile ;eword
uetsa ;eword jwang ;eword
elokile ;eword
tlohela ;eword
ah ;eword litlhare ;eword uapalama ;eword
tlohela ;eword
hothwe ;eword tlohela ;eword ntjanyana ;eword eno ;eword
