ke ;eword hantle ;eword ausi ;eword masebina ;eword
ha ;eword ufihlile ;eword hothwe ;eword utlohlatswe ;eword diphahlo ;eword
haeno ;eword
ee ;eword osele ;eword
e ;eword
ausi ;eword masebina ;eword tlisa ;eword lemao ;eword laka ;eword
ke ;eword eno ;eword onkile ;eword ntjanyana ;eword
ke ;eword enwa ;eword moo ;eword aemeng ;eword
ha ;eword kemoqale ;eword mme ;eword
mme ;eword thipa ;eword eo ;eword untseuebatla ;eword ke ;eword ena ;eword
kere ;eword aphakise ;eword
keaeja ;eword jwale ;eword
ke ;eword eno ;eword
hele ;eword kelapile ;eword ebile ;eword
ausi ;eword
di ;eword metsi ;eword
