oitse ;eword oitse ;eword utloshapuwa ;eword
ehatile ;eword ntho ;eword ena ;eword
jowe ;eword
helele ;eword
oapotlaka ;eword
ke ;eword oo ;eword
bona ;eword etlauloma ;eword ke ;eword ena ;eword
wena ;eword eo ;eword umonenesetsang ;eword ngwana ;eword enwa ;eword
fotsek ;eword hela ;eword
dikoloi ;eword tsena ;eword uskabaditlosa ;eword
keya ;eword matlapeng ;eword
mpuleleng ;eword
bare ;eword utloshapuwa ;eword wena ;eword litlhare ;eword
tlisa ;eword khaba ;eword yaka ;eword
litlhare ;eword
uebone ;eword thoche ;eword
hm ;eword uantihela ;eword
ntho ;eword ee ;eword ke ;eword eng ;eword ee ;eword
uabona ;eword khomo ;eword eshebile ;eword khomo ;eword
khomo ;eword etswa ;eword ka ;eword sakeng ;eword
ke ;eword eo ;eword etla ;eword ho ;eword wena ;eword ha ;eword reye ;eword
ha ;eword reyeng ;eword ka ;eword nqa ;eword enngwe ;eword
litlhare ;eword chee ;eword uakhopisa ;eword
he ;eword e ;eword mpe ;eword ena ;eword
eo ;eword ebatlang ;eword
keilobona ;eword ha ;eword setsetse ;eword
ha ;eword eatsele ;eword metsi ;eword
bona ;eword ngwana ;eword oathaba ;eword ha ;eword abona ;eword mme ;eword wahae ;eword
reberetlokuka ;eword dikoloi ;eword tsane ;eword tsa ;eword rona ;eword
litlhare ;eword tloo ;eword retlonka ;eword dikoloi ;eword
litlhare ;eword keakena ;eword kenka ;eword koloi ;eword yaka ;eword nna ;eword
hai ;eword wena ;eword dikoloi ;eword tsane ;eword ha ;eword disale ;eword yo ;eword
litlhare ;eword ee ;eword
uhopola ;eword thoche ;eword eneehlaha ;eword le ;eword hodimo ;eword mola ;eword
litlhare ;eword
thoche ;eword ena ;eword eneehlaha ;eword moo ;eword
dula ;eword hape ;eword thoche ;eword ena ;eword etleehlahe ;eword
dula ;eword fatse ;eword
ha ;eword esohlahe ;eword
eahlaha ;eword
ha ;eword esohlahe ;eword
ei ;eword
ketlaichebela ;eword
tloha ;eword helang ;eword
ntho ;eword ena ;eword ha ;eword se ;eword tami ;eword wena ;eword
u ;eword leshano ;eword ke ;eword a ;eword chair ;eword ntho ;eword ena ;eword
ha ;eword se ;eword a ;eword chair ;eword
bona ;eword
hei ;eword motho ;eword ke ;eword enwa ;eword onkile ;eword bolo ;eword
bolo ;eword enngwe ;eword ke ;eword ena ;eword
uabona ;eword
baebapala ;eword
hele ;eword katse ;eword ebapala ;eword bolo ;eword
hana ;eword ke ;eword kae ;eword ka ;eword moo ;eword katse ;eword ebapalang ;eword bolo ;eword
helele ;eword
ubula ;eword ka ;eword ho ;eword sele ;eword
ha ;eword reye ;eword ka ;eword mane ;eword
ha ;eword rebatle ;eword reberedithole ;eword
retlaberethole ;eword
uakapa ;eword uabona ;eword
ke ;eword tsena ;eword
bolo ;eword ena ;eword keetseba ;eword kaofela ;eword
litlhare ;eword uabona ;eword ntho ;eword ee ;eword ematha ;eword moo ;eword
ke ;eword mobutla ;eword
ke ;eword oo ;eword halala ;eword halala ;eword
halala ;eword
bona ;eword mobutla ;eword ona ;eword
ke ;eword ena ;eword
thiba ;eword
he ;eword
ure ;eword etle ;eword ka ;eword moo ;eword
ere ;eword kebone ;eword
ee ;eword ke ;eword tonkana ;eword
litlhare ;eword chee ;eword ubatla ;eword ditonki ;eword tsena ;eword tsohle ;eword
uaebona ;eword ke ;eword ena ;eword he ;eword
ubatla ;eword dife ;eword
mokoko ;eword ke ;eword ona ;eword
bona ;eword dinonyana ;eword moo ;eword ditswang ;eword teng ;eword
dinonyana ;eword ke ;eword tsena ;eword diafofa ;eword
uabona ;eword dintho ;eword ke ;eword tsee ;eword moo ;eword difofang ;eword
dinonyana ;eword tseding ;eword ke ;eword tsa ;eword moo ;eword hofofang ;eword
diotle ;eword ka ;eword lejwe ;eword tsee ;eword
m ;eword uaebetsa ;eword ka ;eword lejwe ;eword
moshanyana ;eword enwa ;eword jwale ;eword ha ;eword ale ;eword mahlo ;eword amasweu ;eword
oo ;eword othabile ;eword jwale ;eword hobane ;eword ailobolaya ;eword mobutla ;eword
ke ;eword nonyana ;eword
khomo ;eword
moshanyana ;eword odibulela ;eword ntlo ;eword
ha ;eword reyeng ;eword
noha ;eword noha ;eword ke ;eword ena ;eword
he ;eword dinoha ;eword
ah ;eword
ha ;eword keetsabe ;eword nna ;eword
m ;eword
eo ;eword ae ;eword
beha ;eword fatse ;eword likhapha ;eword abone ;eword
ere ;eword kele ;eword
ere ;eword ketloephetle ;eword
thiba ;eword ke ;eword ena ;eword moo ;eword elahlehang ;eword
wena ;eword uatena ;eword enwa ;eword he ;eword
a ;eword motlenyana ;eword eo ;eword he ;eword oatena ;eword he ;eword
ha ;eword ale ;eword motle ;eword tjee ;eword bonang ;eword ompeteletsa ;eword ka ;eword lebota ;eword
ha ;eword ale ;eword motle ;eword tjena ;eword
u ;eword motle ;eword
umpeteletsa ;eword ka ;eword lebota ;eword
litlhare ;eword
ke ;eword ena ;eword
ha ;eword se ;eword koko ;eword
kekwaholle ;eword
ha ;eword eatsele ;eword metsi ;eword utsebe ;eword
ahlama ;eword keuntse ;eword leleme ;eword
e ;eword ketlaungwathela ;eword
dula ;eword untseubua ;eword he ;eword
beha ;eword buka ;eword ena ;eword
hele ;eword hana ;eword uneuseuutswa ;eword
oneoseoutswa ;eword morara ;eword oo ;eword wa ;eword batho ;eword
tlohela ;eword morara ;eword ona ;eword
u ;eword leshano ;eword morara ;eword ke ;eword ona ;eword ka ;eword mona ;eword
litlhare ;eword ke ;eword enwa ;eword anka ;eword mona ;eword morara ;eword mona ;eword
oaseba ;eword enwa ;eword
ake ;eword ubehe ;eword morara ;eword ono ;eword
ketlo ;eword
ketlonka ;eword sephadi ;eword ketloulokisa ;eword
tsamaya ;eword uilobeha ;eword dintho ;eword tsena ;eword
ketlo ;eword
ketlodiha ;eword dikoloi ;eword nna ;eword
hele ;eword retlo ;eword retlonka ;eword dikoloi ;eword tsane ;eword tsa ;eword rona ;eword
uebone ;eword
kere ;eword thoche ;eword ena ;eword eneehlahile ;eword he ;eword
hei ;eword thoche ;eword ena ;eword kebona ;eword ha ;eword esohlahe ;eword
ha ;eword esohlahe ;eword litlhare ;eword
etlahlaha ;eword
ha ;eword esohlahe ;eword litlhare ;eword
ere ;eword ketswe ;eword ha ;eword esahlahe ;eword
entseele ;eword ena ;eword
entseele ;eword ena ;eword thoche ;eword yane ;eword
ke ;eword yane ;eword fatse ;eword ke ;eword ena ;eword moo ;eword edutseng ;eword
entseedutse ;eword
e ;eword kae ;eword
etsa ;eword kapele ;eword
ketlo ;eword ketloutima ;eword dipompong ;eword
kena ;eword le ;eword chelete ;eword yaka ;eword
uitse ;eword uya ;eword leralleng ;eword
ere ;eword kebone ;eword litlhare ;eword
ekare ;eword ke ;eword ya ;eword ngwana ;eword monyenyane ;eword
u ;eword lethetsi ;eword
ke ;eword ya ;eword abuti ;eword eo ;eword aefilweng ;eword ke ;eword khesa ;eword
uetsa ;eword capsela ;eword
uacapsela ;eword
u ;eword leshano ;eword uefilwe ;eword ke ;eword nna ;eword
uefile ;eword ntiea ;eword
hakere ;eword useumofile ;eword hakere ;eword
keautlwa ;eword utlampetsetsa ;eword
ketlauotla ;eword uitswere ;eword hampe ;eword
u ;eword sele ;eword he ;eword
untlwaetse ;eword hampe ;eword
ketlaumula ;eword
u ;eword sele ;eword ketlaumula ;eword
litlhare ;eword utlwang ;eword
ore ;eword raseeta ;eword ho ;eword nna ;eword
uutlwa ;eword ntala ;eword hore ;eword ore ;eword ra ;eword satane ;eword ho ;eword nna ;eword
uskabare ;eword ha ;eword aqala ;eword acho ;eword jwalo ;eword uautlwa ;eword
litlhare ;eword ake ;eword ujwentse ;eword likhapa ;eword
atsebe ;eword hothola ;eword
uautlwa ;eword
keujwetse ;eword ha ;eword ujwetsa ;eword litlhare ;eword
litlhare ;eword ubeujwentse ;eword le ;eword likhapa ;eword atletsebe ;eword hothola ;eword uautlwa ;eword
keujwetse ;eword ha ;eword ujwentsa ;eword
ke ;eword yahao ;eword wena ;eword litlhare ;eword
this ;eword is ;eword a ;eword boy ;eword
keneketlaufa ;eword enngwe ;eword
