nna ;eword ha ;eword keakhathala ;eword hle ;eword mme ;eword waka ;eword
tsebo ;eword okhile ;eword mohalakane ;eword
ke ;eword botlolo ;eword ya ;eword sepiriti ;eword
ha ;eword ubone ;eword keipapalla ;eword ka ;eword dintho ;eword tsaka ;eword wena ;eword
oile ;eword bareng ;eword le ;eword mme ;eword wahae ;eword
oseantseaobatla ;eword moriana ;eword one ;eword wa ;eword ngwana ;eword
keamotseba ;eword tsebo ;eword
keilodibeha ;eword ka ;eword mokhorong ;eword
otlankhoka ;eword wena ;eword
tsenethu ;eword oilonka ;eword khaba ;eword
otlaonwa ;eword ana ;eword le ;eword mahlo ;eword
osale ;eword teng ;eword mme ;eword
boausi ;eword mantso ;eword le ;eword ausi ;eword teboho ;eword baile ;eword ha ;eword kotsia ;eword
