hoo ;eword ke ;eword eng ;eword hoo ;eword
ke ;eword mahe ;eword ntho ;eword ena ;eword
bomang ;eword
baarolelana ;eword
ketla ;eword feela ;eword moo ;eword
mme ;eword uadiha ;eword ausi ;eword litlhare ;eword
thabang ;eword local ;eword court ;eword
ngwana ;eword eo ;eword
nna ;eword jwale ;eword waka ;eword ke ;eword ofe ;eword
uetsa ;eword neng ;eword
mme ;eword uantihela ;eword
ya ;eword sekhowa ;eword
eseng ;eword mme ;eword uantihela ;eword
mme ;eword uantihela ;eword
dihela ;eword
kulo ;eword
ausi ;eword masebina ;eword hakere ;eword ngwana ;eword eo ;eword ke ;eword baby ;eword
ketla ;eword feela ;eword moo ;eword
