o ;eword mocha ;eword
theoha ;eword
theoha ;eword litlhare ;eword
utlatswa ;eword
e ;eword
kemorobaditse ;eword
ako ;eword bone ;eword
utlanketsang ;eword
ha ;eword uare ;eword uadile ;eword
ebile ;eword usamapese ;eword
umophuthile ;eword feela ;eword
he ;eword ubatla ;eword pitsana ;eword
usesela ;eword ka ;eword pitsaneng ;eword
bare ;eword vaseline ;eword
mphe ;eword metsi ;eword
a ;eword ka ;eword mola ;eword
tlohela ;eword
ako ;eword
uautlwa ;eword he ;eword
ache ;eword jwale ;eword wena ;eword u ;eword letlaila ;eword
ha ;eword ubina ;eword
ah ;eword hore ;eword
bina ;eword he ;eword
umametse ;eword nna ;eword
nna ;eword letswaya ;eword la ;eword lesheleshele ;eword
ngwana ;eword oalla ;eword
utlareng ;eword kannete ;eword
bona ;eword jese ;eword ke ;eword ya ;eword mang ;eword
umokadima ;eword mona ;eword tselang ;eword
o ;eword
e ;eword e ;eword utlare ;eword danki ;eword ausi ;eword
wautlwa ;eword
mme ;eword matsila ;eword aoroke ;eword
ona ;eword ha ;eword wataboha ;eword
ke ;eword eng ;eword yona ;eword ntho ;eword eo ;eword
ke ;eword eng ;eword
ere ;eword kehlatswe ;eword diphate ;eword tsa ;eword ngwana ;eword
ebile ;eword ole ;eword metsi ;eword
keujwetsitse ;eword
ke ;eword tla ;eword u ;eword tlohela ;eword ulle ;eword sefapano ;eword
uetsang ;eword
e ;eword
ha ;eword wataboha ;eword
feela ;eword kere ;eword ke ;eword eng ;eword na ;eword keetseba ;eword
keabotsa ;eword
ache ;eword mmannyeo ;eword ngwana ;eword enwa ;eword wahao ;eword utlamonka ;eword
kenka ;eword kobo ;eword yaka ;eword
hoabata ;eword
ngwana ;eword eo ;eword orobaditswe ;eword kae ;eword na ;eword basadi ;eword
oo ;eword ke ;eword eo ;eword
ngwana ;eword ngwanaka ;eword batho ;eword
nna ;eword waka ;eword orobetse ;eword
untseuetsang ;eword
kemotsuruwe ;eword
nna ;eword enwa ;eword waka ;eword ha ;eword arobale ;eword
oasukudisa ;eword
hohang ;eword
otswile ;eword
ache ;eword mmannyeo ;eword utlaekenya ;eword
kobo ;eword ena ;eword yahao ;eword ka ;eword mona ;eword
tloha ;eword
utsamaya ;eword unfoka ;eword ka ;eword metsi ;eword ana ;eword
tlosa ;eword kobo ;eword ena ;eword emetsi ;eword ebile ;eword
uampepisa ;eword
umpepisang ;eword
bona ;eword ekena ;eword ka ;eword mona ;eword ka ;eword vaskomong ;eword
jwale ;eword utlaapesa ;eword ngwana ;eword ka ;eword kobo ;eword emetsi ;eword
utlaapesa ;eword ngwana ;eword ka ;eword kobo ;eword e ;eword metsi ;eword
utlahatsela ;eword
lekebeledutse ;eword kwana ;eword
bona ;eword
nna ;eword keautlwa ;eword kannete ;eword hore ;eword untsitisa ;eword mona ;eword moo ;eword kesebetsang ;eword teng ;eword
oe ;eword dikhaba ;eword ee ;eword kannete ;eword
ke ;eword hore ;eword ha ;eword keqeta ;eword hotheoha ;eword betheng ;eword
utsohile ;eword he ;eword wena ;eword
ska ;eword eala ;eword mona ;eword he ;eword pela ;eword makweba ;eword ana ;eword
fetela ;eword kwana ;eword
tsamaya ;eword uye ;eword homopepiso ;eword ka ;eword moo ;eword
tsamaya ;eword uye ;eword hoala ;eword mmete ;eword ona ;eword mane ;eword
ualle ;eword ngwana ;eword
v^takem^i ;eword
tsamaya ;eword uye ;eword hoala ;eword mane ;eword
ala ;eword mmete ;eword
e ;eword
e ;eword
e ;eword tsamaya ;eword uye ;eword hoala ;eword mmete ;eword hei ;eword
uale ;eword haholo ;eword
e ;eword tloo ;eword nka ;eword dintho ;eword tsena ;eword he ;eword uale ;eword kwana ;eword
nna ;eword wena ;eword keutlwa ;eword unkhathatsa ;eword matla ;eword kannete ;eword
ha ;eword eka ;eword ke ;eword hore ;eword uphethotse ;eword kannete ;eword tse ;eword
uitse ;eword uadile ;eword hwane ;eword
hwane ;eword oileware ;eword uadile ;eword
ke ;eword wena ;eword yanenganjwetsa ;eword ure ;eword uadile ;eword
ngwana ;eword wahao ;eword ke ;eword wa ;eword mme ;eword wahae ;eword ke ;eword eng ;eword
jwale ;eword ha ;eword antseapitika ;eword tjee ;eword
wahatsela ;eword
uneusamoapese ;eword
usarobale ;eword le ;eword ena ;eword ngwana ;eword eo ;eword
e ;eword
tloo ;eword utlosesa ;eword
ska ;eword tsamaya ;eword ka ;eword kobo ;eword
apesa ;eword ngwana ;eword
ha ;eword atlilosesa ;eword
eya ;eword kae ;eword jwale ;eword
etlise ;eword mona ;eword
etlise ;eword
uya ;eword kae ;eword
ke ;eword bomang ;eword jwale ;eword
ere ;eword vaseline ;eword
hei ;eword vaseline ;eword
binela ;eword kwano ;eword
nkhelle ;eword metsi ;eword
eya ;eword batho ;eword
mm ;eword
eya ;eword batho ;eword
ngwana ;eword eo ;eword ontsalla ;eword
hae ;eword ontsabina ;eword
eya ;eword bo ;eword
le ;eword engwe ;eword
tloo ;eword
tloha ;eword
tloo ;eword
wena ;eword yahao ;eword ena ;eword pina ;eword ke ;eword ejwang ;eword
eentseng ;eword hothwe ;eword feela ;eword
nna ;eword yaka ;eword hothwe ;eword
hothweng ;eword
e ;eword
eya ;eword e ;eword kae ;eword
hothweng ;eword
e ;eword kenke ;eword
e ;eword
rebine ;eword he ;eword
e ;eword nna ;eword kebinne ;eword wena ;eword
wena ;eword uneubinne ;eword
useuqetile ;eword
eke ;eword
hothwe ;eword masilo ;eword
tswa ;eword le ;eword bana ;eword
eke ;eword hothwe ;eword ke ;eword rona ;eword
hela ;eword ke ;eword rona ;eword
eke ;eword
tlohela ;eword vaskomo ;eword yaka ;eword
skanna ;eword eisa ;eword kwana ;eword
bine ;eword he ;eword
ke ;eword u ;eword binetse ;eword
keurutile ;eword
bina ;eword
lembipeditse ;eword nnake ;eword
ke ;eword hona ;eword ketlolepheha ;eword
basadi ;eword
ausi ;eword masebina ;eword
butle ;eword kehlatswe ;eword pele ;eword wena ;eword ngwana ;eword
ketlatla ;eword epheha ;eword
a ;eword empe ;eword pina ;eword eno ;eword
ke ;eword mang ;eword lebitso ;eword lahae ;eword
bona ;eword
ha ;eword esale ;eword umosiya ;eword hle ;eword ntate ;eword borait ;eword
utlaefa ;eword likhapa ;eword
utlamokadima ;eword
mohla ;eword leyang ;eword kliniking ;eword
e ;eword umokadime ;eword
utlareng ;eword
utlare ;eword ausi ;eword mang ;eword
bana ;eword baa ;eword ba ;eword ntate ;eword migaele ;eword
le ;eword mose ;eword oo ;eword
utlohele ;eword
keohlatswa ;eword he ;eword
utloanehe ;eword
utlooise ;eword matebeleng ;eword
le ;eword wane ;eword omocha ;eword oarokwa ;eword
uhlatswe ;eword
useuhlatswa ;eword
ngwana ;eword elwa ;eword
antsealla ;eword ke ;eword mang ;eword
ngwanana ;eword wahao ;eword ontsealla ;eword
butle ;eword kehlatswe ;eword kapele ;eword
likhapa ;eword oatswa ;eword
feela ;eword jwale ;eword uhana ;eword
ha ;eword uanka ;eword phenti ;eword mane ;eword ha ;eword mme ;eword machaka ;eword
u ;eword motho ;eword ya ;eword jwang ;eword
ha ;eword upodise ;eword
butle ;eword ketatile ;eword
ngwana ;eword otsohile ;eword
hele ;eword ha ;eword uare ;eword abuti ;eword mpho ;eword
ere ;eword ntate ;eword migaele ;eword aufe ;eword lamune ;eword ke ;eword eng ;eword
hola ;eword ha ;eword aya ;eword kampong ;eword
e ;eword
ha ;eword wamojwetsa ;eword ke ;eword eng ;eword
ha ;eword ware ;eword ntate ;eword migael ;eword aufe ;eword lamune ;eword
uneulebetse ;eword
kannete ;eword
hao ;eword basadi ;eword ke ;eword sono ;eword
ache ;eword tsee ;eword ona ;eword ketlaohlatswe ;eword hosane ;eword
mmannyeo ;eword uskampawaotsela ;eword
kebona ;eword uenenesa ;eword haholo ;eword
seka ;eword ephahamisa ;eword hodimo ;eword
ake ;eword ubone ;eword kannete ;eword sefapano ;eword
aba ;eword metsi ;eword
ake ;eword uotlhotle ;eword
ema ;eword utlhotle ;eword mose ;eword ona ;eword
e ;eword otlhotle ;eword
uahana ;eword
m ;eword
uhanelang ;eword basadi ;eword
nkadime ;eword
tloha ;eword
enwa ;eword orobaditse ;eword mobutlanyana ;eword eo ;eword
ha ;eword oarobala ;eword hohang ;eword
tloha ;eword keeme ;eword
ere ;eword he ;eword
dumela ;eword
motsoka ;eword pere ;eword
ee ;eword ngwana ;eword eo ;eword
metsi ;eword ana ;eword aabata ;eword
tloha ;eword hle ;eword mmannyeo ;eword
ha ;eword utelle ;eword le ;eword khale ;eword
ha ;eword uswabe ;eword
ha ;eword uswabe ;eword ke ;eword eng ;eword
ke ;eword terata ;eword
ausi ;eword dumela ;eword
wabona ;eword jwale ;eword litlhare ;eword ee ;eword
uneuedihellang ;eword ka ;eword moo ;eword
