serope ;eword
betsetse ;eword
kapa ;eword
neha ;eword litlhare ;eword
litlhare ;eword
e ;eword
litlhare ;eword tlisa ;eword bolo ;eword eno ;eword
keekuke ;eword jwale ;eword
ha ;eword se ;eword yahao ;eword
e ;eword
ke ;eword ena ;eword
ka ;eword morao ;eword
bolo ;eword nka ;eword
keakhochola ;eword
tloo ;eword mabopela ;eword
thusa ;eword mabopela ;eword
nka ;eword mona ;eword
mphe ;eword eno ;eword uenke ;eword ena ;eword
litlhare ;eword uetsang ;eword
keesiyile ;eword
tlisa ;eword kesehele ;eword ntala ;eword
utlotsebe ;eword hoeja ;eword hantle ;eword
le ;eword monate ;eword
mphe ;eword namune ;eword
mphe ;eword namune ;eword litlhare ;eword
tloha ;eword litlhare ;eword ngwana ;eword
tloha ;eword mme ;eword
nka ;eword
nkapise ;eword
ke ;eword yane ;eword bolo ;eword
bolo ;eword ke ;eword ena ;eword
litlhare ;eword we ;eword akhela ;eword mme ;eword
eakhele ;eword mane ;eword kwana ;eword
ha ;eword kesobetse ;eword
namane ;eword oebetsa ;eword le ;eword kae ;eword yena ;eword
fa ;eword namane ;eword litlhare ;eword
ha ;eword reemelle ;eword mona ;eword leboteng ;eword
litlhare ;eword bolo ;eword ke ;eword yane ;eword
litlhare ;eword bolo ;eword ke ;eword eno ;eword
uaebona ;eword
e ;eword
tonki ;eword erata ;eword diwete ;eword
diwete ;eword dirata ;eword tonki ;eword
betsa ;eword
betsa ;eword litlhare ;eword
e ;eword kae ;eword
akhela ;eword jwale ;eword
keiloeqhomisa ;eword feela ;eword kantle ;eword ka ;eword mane ;eword
m ;eword
ehe ;eword
nkapise ;eword
nkapise ;eword mono ;eword
uaebona ;eword
uarobala ;eword
litlhare ;eword nkapise ;eword
keauntsa ;eword
ketlamula ;eword setono ;eword
ke ;eword ena ;eword
mpetsetse ;eword
kecholo ;eword hore ;eword utlabeuenke ;eword
bolo ;eword ke ;eword ena ;eword
eiloheletsa ;eword ha ;eword eqoma ;eword
he ;eword litlhare ;eword uepatile ;eword
ke ;eword ena ;eword keaebona ;eword
hae ;eword wena ;eword
mabopela ;eword oare ;eword ha ;eword aetsa ;eword tipatipanyane ;eword ke ;eword eng ;eword
otla ;eword
ere ;eword ee ;eword
mpetsetse ;eword
e ;eword
moakhele ;eword litlhare ;eword
moakhele ;eword litlhare ;eword
uneusaenke ;eword ke ;eword mang ;eword
kebekesekere ;eword
seka ;eword mula ;eword mankokwane ;eword moo ;eword
keaenka ;eword nna ;eword bolo ;eword ena ;eword
ke ;eword eo ;eword
litlhare ;eword nkakhele ;eword
enke ;eword
etsa ;eword ka ;eword ditsebe ;eword
m ;eword
e ;eword kae ;eword
ketlonka ;eword
ja ;eword ena ;eword
ja ;eword eno ;eword pele ;eword
bafe ;eword ke ;eword bana ;eword beno ;eword
bafe ;eword
uautlwa ;eword
ke ;eword lebese ;eword lahao ;eword
ukabewafihla ;eword
nkele ;eword bomme ;eword
ako ;eword boneng ;eword empe ;eword koloi ;eword
litlhare ;eword ke ;eword bone ;eword
nka ;eword ke ;eword tsena ;eword
udiqete ;eword
ke ;eword tseo ;eword
ja ;eword
e ;eword
ujele ;eword
eja ;eword ule ;eword mong ;eword
