ubue ;eword le ;eword litlhare ;eword ska ;eword ema ;eword feela ;eword
qoqang ;eword keutlwe ;eword na ;eword lereng ;eword ha ;eword leqoqa ;eword
ubue ;eword uqoqe ;eword le ;eword litlhare ;eword he ;eword ha ;eword udutse ;eword ka ;eword mona ;eword
ureng ;eword
uneuetsang ;eword ha ;eword utlarobeha ;eword
kae ;eword
ureng ;eword
ureng ;eword
e ;eword
utlwa ;eword enwa ;eword ureng ;eword
ureng ;eword pateriki ;eword
bonang ;eword enwa ;eword emofubedu ;eword enwa ;eword
motsehare ;eword mona ;eword bare ;eword letlohella ;eword bana ;eword bana ;eword ebe ;eword bantsebahlwa ;eword vaskomo ;eword ena ;eword yaka ;eword
ehlile ;eword ha ;eword ubue ;eword
