tlisa ;eword lefielo ;eword leo ;eword laka ;eword
ebile ;eword sekwaelwana ;eword sa ;eword lebese ;eword sechele ;eword
lephunyehile ;eword
utlose ;eword mollo ;eword one ;eword
ke ;eword mme ;eword
tlisa ;eword molamu ;eword
bethe ;eword
ka ;eword moo ;eword ke ;eword ka ;eword ha ;eword mang ;eword
nna ;eword ka ;eword haka ;eword hona ;eword le ;eword poraema ;eword
ketlilofiela ;eword ka ;eword mona ;eword ka ;eword haka ;eword
kekena ;eword ka ;eword mona ;eword ka ;eword haka ;eword
ka ;eword haka ;eword hona ;eword le ;eword poraema ;eword
lefielo ;eword laka ;eword
ke ;eword laka ;eword lefielo ;eword lena ;eword
tsebo ;eword ake ;eword unkadime ;eword kefiele ;eword
utlose ;eword
tsebo ;eword keiloqhala ;eword molora ;eword ono ;eword waka ;eword
tlisa ;eword molamu ;eword ona ;eword waka ;eword
keya ;eword naheng ;eword
kepalame ;eword pere ;eword
tsenethu ;eword yena ;eword ha ;eword ana ;eword mantlwantlwane ;eword
keaumula ;eword
tlisa ;eword molamu ;eword ona ;eword waka ;eword
keya ;eword naheng ;eword
mona ;eword ha ;eword eakhaoha ;eword
untloele ;eword
eya ;eword ke ;eword tsenethu ;eword
keahana ;eword ha ;eword se ;eword hahae ;eword
tsebo ;eword hakere ;eword eya ;eword kantle ;eword
tlisa ;eword molamu ;eword ona ;eword waka ;eword
ke ;eword tsaka ;eword le ;eword tsaka ;eword
mm ;eword
ake ;eword umphe ;eword
kesekekamotsosa ;eword
thithiboya ;eword
nna ;eword ka ;eword haka ;eword hona ;eword le ;eword dijana ;eword
tsebo ;eword ake ;eword uheletse ;eword hape ;eword
tsebo ;eword haka ;eword hona ;eword le ;eword lefielo ;eword
keya ;eword naheng ;eword
ha ;eword keatsela ;eword
ka ;eword ho ;eword ena ;eword ketsetse ;eword
hakere ;eword ka ;eword pokothong ;eword
ketlauotla ;eword
le ;eword nna ;eword aka ;eword keaqetile ;eword
leo ;eword lenonneng ;eword ke ;eword lena ;eword
wena ;eword utsetse ;eword ka ;eword moo ;eword ka ;eword pokothong ;eword
hona ;eword le ;eword makotomane ;eword
makotomane ;eword aneafedile ;eword ka ;eword mona ;eword
tsebo ;eword tsamaya ;eword uye ;eword kantle ;eword
tsebo ;eword tsamaya ;eword uye ;eword kantle ;eword
nna ;eword keatsela ;eword ka ;eword
kebesitse ;eword mona ;eword
nna ;eword ka ;eword haka ;eword hona ;eword le ;eword lefielo ;eword
kethotse ;eword ka ;eword seipone ;eword
