uneunkile ;eword le ;eword ela ;eword eetsang ;eword tje ;eword
tlisa ;eword keuhlapise ;eword
utlatsitse ;eword matsoho ;eword a ;eword ditsila ;eword aa ;eword ka ;eword moo ;eword
neuoe ;eword nna ;eword keaiphotla ;eword
nka ;eword neuoe ;eword tlosa ;eword ntho ;eword ena ;eword
e ;eword
ae ;eword neuoe ;eword u ;eword masepa ;eword
abuti ;eword hleso ;eword dieta ;eword tsena ;eword tsahao ;eword diacheka ;eword
utloitlhatswa ;eword kaofela ;eword
ae ;eword ae ;eword
hleso ;eword mona ;eword uentse ;eword jwang ;eword
le ;eword nna ;eword keya ;eword mantlwantlwaneng ;eword
dieta ;eword tsena ;eword tsaka ;eword
ha ;eword e ;eword yo ;eword
ha ;eword ketsebe ;eword
ke ;eword kumbakumba ;eword
abuti ;eword hleso ;eword dieta ;eword tsena ;eword tsahao ;eword diacheka ;eword
uautlwa ;eword he ;eword ke ;eword eng ;eword
hoetswang ;eword
pela ;eword ka ;eword ketloiphotla ;eword
e ;eword
