etlalatuwa ;eword ke ;eword mang ;eword
ke ;eword nna ;eword
ka ;eword dikhotetso ;eword
ore ;eword utlapheha ;eword eng ;eword le ;eword eng ;eword
erekisi ;eword le ;eword poone ;eword
erekisi ;eword le ;eword poone ;eword
hlobohang ;eword sheba ;eword
tloo ;eword bona ;eword ntho ;eword ena ;eword
usebolayelang ;eword
ke ;eword eng ;eword
ke ;eword ding ;eword
eng ;eword hlobohang ;eword
na ;eword uatseba ;eword dintho ;eword tseo ;eword
uaditseba ;eword dipotsanyane ;eword
e ;eword mololo ;eword hlobohang ;eword leaditseba ;eword dipotsanyane ;eword
ke ;eword ding ;eword
ke ;eword dipotsanyane ;eword
ya ;eword mang ;eword
hai ;eword wena ;eword hlobohang ;eword
uonketseng ;eword
oautswa ;eword
ummolayelang ;eword jwale ;eword
oshweswa ;eword ke ;eword eng ;eword monna ;eword
