tanki ;eword he ;eword mofokeng ;eword
u ;eword mofokeng ;eword wa ;eword mang ;eword
ke ;eword mofokeng ;eword wa ;eword mantwana ;eword finyela ;eword
mantwana ;eword amakalo ;eword ka ;eword dinaledi ;eword
oo ;eword ake ;eword ujwetse ;eword mami ;eword hle ;eword mmannyeo ;eword
mantwana ;eword finyela ;eword
mantwana ;eword a ;eword makalo ;eword ka ;eword eng ;eword
hey ;eword mofokeng ;eword
oadija ;eword oadija ;eword mme ;eword manyili ;eword
sheba ;eword ka ;eword mona ;eword retlatseba ;eword hoja ;eword
rejang ;eword
ujang ;eword
ausi ;eword mahlobohang ;eword ontseabua ;eword le ;eword wena ;eword
hlobohang ;eword
ausi ;eword mahlobohang ;eword ontseabua ;eword le ;eword wena ;eword
fetela ;eword ka ;eword mona ;eword utlontlotsa ;eword le ;eword mami ;eword
mami ;eword ouchaketse ;eword
tloo ;eword ka ;eword nqena ;eword
ha ;eword kebatle ;eword hohlaha ;eword mane ;eword kele ;eword shwahle ;eword wena ;eword usabue ;eword
ere ;eword kealeboha ;eword mme ;eword
ore ;eword na ;eword u ;eword mang ;eword
mojwetse ;eword u ;eword mang ;eword
ke ;eword mang ;eword
ke ;eword mang ;eword
ke ;eword mami ;eword wa ;eword mang ;eword
otswa ;eword kae ;eword
hae ;eword ke ;eword kae ;eword
ka ;eword ha ;eword mang ;eword
ka ;eword mane ;eword ka ;eword kae ;eword
ka ;eword ha ;eword mapi ;eword
mami ;eword ohahile ;eword le ;eword mang ;eword
ale ;eword mong ;eword
emong ;eword ke ;eword mang ;eword hape ;eword
e ;eword
tloo ;eword njwetse ;eword
emong ;eword ke ;eword mang ;eword yahahileng ;eword pela ;eword mami ;eword
ke ;eword eng ;eword
ke ;eword lekhowa ;eword
ke ;eword la ;eword hokae ;eword
ke ;eword la ;eword hokae ;eword
malenonya ;eword yena ;eword ohahile ;eword kae ;eword
mang ;eword
hahae ;eword ke ;eword kae ;eword
bana ;eword bahae ;eword ke ;eword bomang ;eword
ke ;eword mang ;eword
ha ;eword keautlwa ;eword untseureng ;eword
ke ;eword bomang ;eword
utlabua ;eword jwang ;eword ukentse ;eword letsoho ;eword ka ;eword hanong ;eword
m ;eword
ake ;eword ubale ;eword mami ;eword autlwe ;eword useule ;eword moholo ;eword useutseba ;eword hobala ;eword
kannete ;eword
di ;eword kae ;eword tsekana ;eword
ba ;eword bakae ;eword ha ;eword bale ;eword bakana ;eword
e ;eword ha ;eword bale ;eword bakana ;eword
e ;eword abuti ;eword lehlohonolo ;eword ba ;eword bakae ;eword
oo ;eword ke ;eword lehlohonolo ;eword
le ;eword mang ;eword
le ;eword abuti ;eword ntaote ;eword
le ;eword mang ;eword hape ;eword
le ;eword mang ;eword
abuti ;eword tankiso ;eword
le ;eword mang ;eword
utlawela ;eword
le ;eword tankiso ;eword
sheba ;eword ka ;eword mona ;eword
ke ;eword bomang ;eword ba ;eword ditoutu ;eword
hana ;eword ke ;eword bomang ;eword
e ;eword
oo ;eword le ;eword mololo ;eword
le ;eword mang ;eword
le ;eword likhomo ;eword
le ;eword mang ;eword
ka ;eword kwana ;eword ka ;eword ha ;eword kweneo ;eword
lentswete ;eword kwana ;eword
le ;eword sehonghong ;eword kwana ;eword
ka ;eword sehonghong ;eword
rafeta ;eword mishoneng ;eword
wa ;eword saintjames ;eword
wa ;eword saintjames ;eword
rafihla ;eword ha ;eword kweneo ;eword
wabona ;eword mang ;eword
le ;eword mang ;eword hape ;eword
ubue ;eword haholo ;eword
le ;eword mang ;eword hape ;eword
lebitso ;eword lahae ;eword ke ;eword tanki ;eword
le ;eword ausi ;eword ntsiuwa ;eword
le ;eword ausi ;eword ntsiuwa ;eword
ha ;eword usabona ;eword nkhono ;eword maphoka ;eword ntate ;eword makoso ;eword bomangwane ;eword wahao ;eword
ee ;eword ska ;eword etswara ;eword
le ;eword dipidisi ;eword
di ;eword kae ;eword dipidisi ;eword
saintjames ;eword
saintjames ;eword
ketloushapa ;eword
