nna ;eword keabatla ;eword hohlobola ;eword
hoabata ;eword
ha ;eword o ;eword yo ;eword ka ;eword ntlwaneng ;eword ka ;eword mono ;eword
ere ;eword keontse ;eword
e ;eword ke ;eword tsena ;eword
le ;eword nna ;eword le ;eword nna ;eword kebatla ;eword hohlobola ;eword
nna ;eword ketenne ;eword sekipa ;eword sencha ;eword
hoachesa ;eword
keaontsa ;eword
mme ;eword
ke ;eword yane ;eword hodimo ;eword kwana ;eword
ke ;eword nna ;eword
serurubele ;eword ntho ;eword ena ;eword
helang ;eword nna ;eword kefiela ;eword mono ;eword
