nna ;eword ketsaba ;eword makaka ;eword
ntho ;eword yaka ;eword
u ;eword kae ;eword
u ;eword kae ;eword
ketswile ;eword le ;eword mona ;eword
tloo ;eword kene ;eword
ketsabang ;eword
nna ;eword kealeboha ;eword
ditlise ;eword
tsebo ;eword tlisa ;eword ngwana ;eword waka ;eword
ketswile ;eword le ;eword mona ;eword
ketlile ;eword le ;eword mona ;eword
ke ;eword dintho ;eword tsentle ;eword
unkhula ;eword ka ;eword kobo ;eword yaka ;eword
ke ;eword waka ;eword
kaerwala ;eword
ke ;eword mme ;eword
ke ;eword mme ;eword
tsebo ;eword
pompong ;eword yaka ;eword
tloha ;eword betheng ;eword yaka ;eword wena ;eword
kealeboha ;eword
na ;eword ngwana ;eword waka ;eword oaipata ;eword
tloha ;eword
etlise ;eword
ke ;eword ngwana ;eword waka ;eword keamoapesa ;eword
ke ;eword eng ;eword
ntlohele ;eword tsebo ;eword
nna ;eword kekhathetse ;eword
kealeboha ;eword
ke ;eword eng ;eword hoo ;eword ngwana ;eword waka ;eword moo ;eword
nna ;eword ketswile ;eword le ;eword mona ;eword
tloha ;eword betheng ;eword yaka ;eword
kealeboha ;eword
