kaofela ;eword retlamootla ;eword
jwale ;eword ketlokha ;eword phafa ;eword
ya ;eword boabuti ;eword mojalefa ;eword
dieta ;eword tsa ;eword disentlase ;eword
chechella ;eword kwana ;eword hle ;eword
lekoko ;eword lane ;eword leduleng ;eword kaofela ;eword
bantsebaja ;eword letswai ;eword
hana ;eword wena ;eword moshanyana ;eword ka ;eword lamune ;eword eo ;eword yahao ;eword
unngwapelang ;eword
le ;eword ditswekere ;eword le ;eword diperekisi ;eword
di ;eword teng ;eword
e ;eword a ;eword teng ;eword masenke ;eword
hape ;eword le ;eword diapole ;eword le ;eword dichunkama ;eword
kekena ;eword ka ;eword haka ;eword ka ;eword hare ;eword
tsebo ;eword sekanna ;eword otla ;eword ngwana ;eword emong ;eword
horekiswa ;eword dipompong ;eword hape ;eword
ahle ;eword wena ;eword tsebo ;eword dieta ;eword tseno ;eword ke ;eword tsa ;eword neuoe ;eword
se ;eword teng ;eword
hona ;eword le ;eword ditapole ;eword ha ;eword ntate ;eword koma ;eword
e ;eword kere ;eword reqoqe ;eword hle ;eword manyeo ;eword tsebo ;eword
hao ;eword wena ;eword tsebo ;eword ke ;eword eng ;eword ha ;eword u ;eword sele ;eword tjee ;eword
tsebo ;eword tloha ;eword ka ;eword pela ;eword ka ;eword helang ;eword
e ;eword kere ;eword ke ;eword bohobe ;eword makotikoti ;eword
tsebo ;eword seka ;eword nraha ;eword
haeba ;eword uatella ;eword ketlautebela ;eword
ketlauotla ;eword uabona ;eword
radio ;eword
tsebo ;eword uatseba ;eword ketlauotla ;eword
ha ;eword ukabawatella ;eword ketlautebela ;eword
tsebo ;eword tsamaya ;eword uye ;eword sekeketeng ;eword
ae ;eword tsebo ;eword ska ;eword raha ;eword abuti ;eword wahao ;eword
ke ;eword ding ;eword feela ;eword
unngwapelang ;eword tsebo ;eword
tsebo ;eword tloha ;eword ka ;eword pela ;eword ka ;eword
papa ;eword e ;eword kae ;eword
kotsia ;eword
koro ;eword
ae ;eword tsebo ;eword seka ;eword raha ;eword bana ;eword babang ;eword hle ;eword manyeo ;eword
hona ;eword le ;eword dijana ;eword dikhaba ;eword dianderpene ;eword
mafokolodi ;eword ke ;eword ana ;eword hodima ;eword kobo ;eword ya ;eword patriki ;eword
dintupene ;eword tsona ;eword di ;eword kae ;eword
abehe ;eword kwana ;eword wena ;eword tsebo ;eword
helang ;eword jwale ;eword ha ;eword autlwa ;eword bohloko ;eword areng ;eword
