mane ;eword leboteng ;eword sekho ;eword ke ;eword sane ;eword
dialoma ;eword
ulahlile ;eword dieta ;eword wena ;eword
ulahlile ;eword dieta ;eword
se ;eword kae ;eword
uselahlile ;eword
aaa ;eword
aaa ;eword
se ;eword kae ;eword seo ;eword
wena ;eword se ;eword kae ;eword
udilahlile ;eword
dieta ;eword
udilahlile ;eword
utlabona ;eword hore ;eword na ;eword dieta ;eword tsahao ;eword di ;eword kae ;eword
bona ;eword
bona ;eword ke ;eword tsena ;eword
e ;eword
ke ;eword modumo ;eword wa ;eword hohama ;eword
keauhama ;eword
keauhama ;eword
bona ;eword
bona ;eword hlobohang ;eword kesesetse ;eword teng ;eword
ha ;eword uatena ;eword ke ;eword eng ;eword
ha ;eword uatena ;eword
robala ;eword
bona ;eword keahama ;eword
ere ;eword ea ;eword
ere ;eword ea ;eword
