ee ;eword mololo ;eword ska ;eword qhala ;eword
leya ;eword kae ;eword
mololo ;eword tlohang ;eword ka ;eword tlung ;eword hle ;eword
hei ;eword wena ;eword mololo ;eword uya ;eword kae ;eword
mololo ;eword khutla ;eword moo ;eword
uya ;eword kantle ;eword
untseureng ;eword mololo ;eword
ke ;eword dikumbakumba ;eword
tsahae ;eword odilahletse ;eword ka ;eword morao ;eword bethe ;eword
ee ;eword hle ;eword mololo ;eword ako ;eword ska ;eword rehlodiya ;eword
mololo ;eword uya ;eword kae ;eword
balang ;eword mono ;eword lona ;eword lesedi ;eword la ;eword poone ;eword
hela ;eword wena ;eword uetsa ;eword jwang ;eword
ere ;eword tloo ;eword kwano ;eword ketloukoula ;eword
