utliloshapa ;eword nna ;eword
ha ;eword keentse ;eword jwang ;eword
ke ;eword eng ;eword ntho ;eword ee ;eword
sewete ;eword
setswa ;eword kae ;eword sewete ;eword
ditapole ;eword tsaka ;eword dinkilwe ;eword ke ;eword mang ;eword ka ;eword mo ;eword ka ;eword paoleng ;eword
hlobohang ;eword
tsamaya ;eword hompatlela ;eword thipa ;eword
ee ;eword eseng ;eword thupa ;eword thipa ;eword
thipa ;eword ketlokhabela ;eword moroho ;eword
tloo ;eword he ;eword
tloo ;eword we ;eword
e ;eword kae ;eword thipa ;eword
kae ;eword
kae ;eword
kae ;eword
ha ;eword mang ;eword
kwana ;eword ha ;eword malimaise ;eword
uya ;eword kae ;eword jwale ;eword
uya ;eword kae ;eword
