ukhotse ;eword jwale ;eword
e ;eword ntselleng ;eword
oo ;eword uilobapala ;eword
ntselleng ;eword utlile ;eword le ;eword mang ;eword
utlile ;eword le ;eword mang ;eword
tsela ;eword hanyenyane ;eword
oo ;eword ke ;eword hantle ;eword he ;eword
le ;eword hlobohang ;eword utlamotsela ;eword hanyenyana ;eword
uqetile ;eword
eke ;eword unwelwe ;eword motoho ;eword
ere ;eword mololo ;eword autselle ;eword
mololo ;eword
yahao ;eword e ;eword kae ;eword kobo ;eword
utsamaya ;eword uya ;eword kae ;eword
eke ;eword
usaapara ;eword kobo ;eword
ee ;eword nwang ;eword pele ;eword leqeta ;eword
