hlobohang ;eword uya ;eword kae ;eword
e ;eword
hlobohang ;eword we ;eword
tloha ;eword
e ;eword
abuti ;eword wa ;eword mang ;eword
abuti ;eword waka ;eword
ke ;eword abuti ;eword wa ;eword mang ;eword
e ;eword
ke ;eword abuti ;eword wahao ;eword
ke ;eword abuti ;eword waka ;eword hle ;eword
tloha ;eword ke ;eword abuti ;eword waka ;eword mona ;eword
hlobohang ;eword
dulela ;eword morao ;eword
e ;eword
pela ;eword ausi ;eword mamello ;eword
pela ;eword ausi ;eword mamello ;eword
pela ;eword ausi ;eword mamello ;eword
kere ;eword uelele ;eword pela ;eword ausi ;eword mamello ;eword
pela ;eword mami ;eword
pela ;eword mami ;eword mane ;eword
e ;eword
onkileng ;eword
onkileng ;eword
kere ;eword na ;eword
mobotse ;eword hore ;eword na ;eword onkileng ;eword
uaerata ;eword kumbakumba ;eword hlobohang ;eword
ueratang ;eword
ausi ;eword wahao ;eword ke ;eword wa ;eword dinaka ;eword na ;eword
e ;eword hlobohang ;eword
e ;eword
mphe ;eword ntho ;eword e ;eword eitlotsang ;eword
mphe ;eword ntho ;eword e ;eword eitlotsang ;eword
ketlaufa ;eword ha ;eword efedile ;eword
ketlaufa ;eword ha ;eword efedile ;eword
butle ;eword hobula ;eword
butle ;eword hobula ;eword
oo ;eword
e ;eword kae ;eword
mphe ;eword seipone ;eword
sheba ;eword ebehe ;eword fatse ;eword
mphe ;eword seipone ;eword ke ;eword sane ;eword
