mololo ;eword ketlaushapa ;eword
ke ;eword bokuduba ;eword ba ;eword eng ;eword bobokeletsweng ;eword ka ;eword hara ;eword leifo ;eword
oja ;eword poone ;eword mora ;eword mami ;eword
ha ;eword abue ;eword
ubatla ;eword mosi ;eword
mollo ;eword uobesitse ;eword
mololo ;eword moya ;eword wahae ;eword oafofa ;eword
mollo ;eword
otime ;eword
otime ;eword kapele ;eword kesounyoke ;eword
madito ;eword
butswela ;eword mololo ;eword
utlaetsa ;eword
mololo ;eword ubesitse ;eword mollo ;eword wa ;eword eng ;eword
e ;eword butswela ;eword uneuntseunepile ;eword
butswela ;eword
mahlobohang ;eword butswela ;eword
he ;eword wena ;eword ha ;eword kare ;eword uthothe ;eword disu ;eword udiise ;eword ka ;eword lerakong ;eword
jwale ;eword uileuasala ;eword uhlahelwa ;eword ke ;eword eng ;eword
ha ;eword di ;eword yo ;eword ka ;eword lerakong ;eword hona ;eword tjee ;eword
e ;eword
besa ;eword ntsoaki ;eword ubatla ;eword hobe ;eword le ;eword mosi ;eword na ;eword
uneuduletseng ;eword ho ;eword fihlela ;eword ufihla ;eword metsi ;eword afedile ;eword
otsohile ;eword hoseng ;eword haholo ;eword ntsoaki ;eword
udiqetile ;eword kaofela ;eword
