nna ;eword keeebotse ;eword
nna ;eword keeebotse ;eword
tlisa ;eword keuebolela ;eword mo ;eword
ketlilobesetsa ;eword ntho ;eword ke ;eword ena ;eword
ntho ;eword ee ;eword ke ;eword eng ;eword wena ;eword
he ;eword wena ;eword
ketlaumula ;eword dinkonyana ;eword tsena ;eword
kanka ;eword tseding ;eword jwale ;eword
tloo ;eword hlobohang ;eword
reyonka ;eword tseding ;eword hape ;eword
diaqhoma ;eword tsena ;eword
ke ;eword tsena ;eword tsahao ;eword hlobohang ;eword
ke ;eword mme ;eword wahao ;eword
nka ;eword ke ;eword ena ;eword yahao ;eword
ke ;eword ena ;eword
hlobohang ;eword nka ;eword yahao ;eword ke ;eword ena ;eword
etsang ;eword bapalang ;eword sekoch ;eword keabone ;eword na ;eword leseletseba ;eword
ke ;eword tsena ;eword
hela ;eword
sekoch ;eword
bona ;eword sekoch ;eword see ;eword hlobohang ;eword
tsamaya ;eword hlobohang ;eword
hlobohang ;eword tloo ;eword keuetsetse ;eword sekoch ;eword sekoch ;eword
jwale ;eword keauetsetsa ;eword
hakere ;eword
ah ;eword lekhowa ;eword leatla ;eword
letlang ;eword
keasesela ;eword
keaeqhala ;eword
ha ;eword reye ;eword hoketa ;eword
di ;eword pedi ;eword di ;eword tharo ;eword uautlwa ;eword hlobohang ;eword
di ;eword kaenyana ;eword
ha ;eword rehlape ;eword
uhatelang ;eword tsaka ;eword wena ;eword
utlabona ;eword ha ;eword utsebe ;eword hoketa ;eword
uetse ;eword tjee ;eword
ure ;eword
keilobatla ;eword lejwe ;eword le ;eword leng ;eword
lejwe ;eword leketang ;eword
ketloketa ;eword
ke ;eword eng ;eword hoo ;eword
ke ;eword sepekere ;eword hakere ;eword
sekoch ;eword
e ;eword hodimo ;eword keaetswara ;eword
ke ;eword dieta ;eword tsaka ;eword
hlobohang ;eword ubapala ;eword mona ;eword anthe ;eword
hlobohang ;eword eya ;eword kampong ;eword kwana ;eword
hlobohang ;eword le ;eword wena ;eword utlomphe ;eword
uautlwa ;eword
nna ;eword aka ;eword ke ;eword ana ;eword metsi ;eword hlobohang ;eword
ere ;eword atswa ;eword pompong ;eword
ere ;eword ke ;eword mme ;eword manyili ;eword
utsela ;eword dieta ;eword tsaka ;eword ka ;eword khohlopong ;eword
uaehlatswa ;eword ka ;eword hare ;eword ka ;eword mo ;eword
uaehlatswa ;eword
ha ;eword se ;eword yahao ;eword
koloi ;eword ya ;eword kliniking ;eword ke ;eword yane ;eword
nka ;eword
ha ;eword una ;eword koloi ;eword
usiya ;eword dikhohlopo ;eword ha ;eword
hlobohang ;eword
ke ;eword sa ;eword mang ;eword sewete ;eword
ke ;eword sahao ;eword e ;eword
unkile ;eword sewete ;eword sahao ;eword
thiba ;eword sewete ;eword see ;eword ke ;eword sa ;eword mang ;eword wena ;eword hlobohang ;eword
thiba ;eword
ke ;eword sa ;eword mang ;eword sewete ;eword see ;eword wena ;eword
ke ;eword sahao ;eword
sewete ;eword see ;eword ke ;eword sa ;eword mang ;eword we ;eword
kethiba ;eword koloi ;eword
ketlaethiba ;eword
selakha ;eword
selakha ;eword hlobohang ;eword
ke ;eword yaka ;eword
uenkile ;eword thotobolong ;eword
thipa ;eword ena ;eword ebeuseha ;eword
usehe ;eword untse ;eword madi ;eword
u ;eword selakha ;eword
etlauhlaba ;eword thipa ;eword ena ;eword wena ;eword
ke ;eword ya ;eword mang ;eword thipa ;eword ee ;eword
ke ;eword yaka ;eword bo ;eword
bare ;eword uetse ;eword tjee ;eword
uetse ;eword tje ;eword
kenkile ;eword kotolana ;eword
che ;eword kenkile ;eword kotola ;eword
uautlwa ;eword
kenkile ;eword kotola ;eword
e ;eword tjena ;eword kotola ;eword emonate ;eword
e ;eword kwana ;eword euhlabe ;eword
eakonopelwa ;eword ntho ;eword ena ;eword
etlaukonopela ;eword
