ke ;eword ya ;eword mang ;eword
etsetseng ;eword
ke ;eword botlolo ;eword hle ;eword
ha ;eword keye ;eword ka ;eword tsimong ;eword
ngwana ;eword wahao ;eword ke ;eword ausi ;eword mabaeti ;eword
ketlopepa ;eword ngwana ;eword waka ;eword
hela ;eword
ngwana ;eword waka ;eword ke ;eword enwa ;eword
nka ;eword ngwana ;eword wahao ;eword mme ;eword
mme ;eword matsebo ;eword ake ;eword unkapese ;eword
mme ;eword matsebo ;eword ake ;eword unkapese ;eword
nna ;eword ngwana ;eword waka ;eword keamorobatsa ;eword
nna ;eword keala ;eword kobo ;eword ya ;eword ngwana ;eword waka ;eword
ee ;eword ha ;eword se ;eword bosiu ;eword bo ;eword
bona ;eword waka ;eword o ;eword moholo ;eword
nna ;eword kepepa ;eword ngwana ;eword waka ;eword
kobo ;eword yaka ;eword e ;eword kae ;eword
kobo ;eword yaka ;eword e ;eword jwang ;eword
tsebo ;eword tlisa ;eword ntho ;eword ena ;eword
tsebo ;eword tlisa ;eword dintho ;eword tsena ;eword tsaka ;eword
uatseba ;eword ha ;eword keutlwa ;eword moo ;eword utlabeure ;eword mme ;eword
neuoe ;eword hakere ;eword u ;eword ngwana ;eword waka ;eword
tsebo ;eword neha ;eword ngwana ;eword eno ;eword emong ;eword botlolo ;eword yahae ;eword
ntho ;eword ena ;eword ke ;eword mosamo ;eword
nna ;eword waka ;eword ke ;eword sentsowa ;eword
le ;eword nna ;eword yaka ;eword e ;eword mona ;eword
kere ;eword ke ;eword koloi ;eword le ;eword
lona ;eword le ;eword mang ;eword
nna ;eword ketlare ;eword ntho ;eword ee ;eword keejang ;eword
nna ;eword kekheletse ;eword botlolong ;eword
wena ;eword ngwana ;eword wahao ;eword ke ;eword mang ;eword
ke ;eword mang ;eword
engwe ;eword ke ;eword ena ;eword
ketlaitlotsa ;eword maoto ;eword
asale ;eword moo ;eword
tsebo ;eword kebapala ;eword le ;eword wena ;eword
hona ;eword le ;eword moriana ;eword hape ;eword
tsebo ;eword utlwa ;eword ka ;eword kumbakumbeng ;eword ya ;eword mme ;eword mamello ;eword
uwa ;eword ngwaneso ;eword
nna ;eword keiketsa ;eword motle ;eword
tsebo ;eword nkhaolele ;eword
ke ;eword chungam ;eword tsebo ;eword ntho ;eword ena ;eword
tsurua ;eword kebone ;eword
ere ;eword kebone ;eword ntho ;eword ee ;eword
mme ;eword towe ;eword tloha ;eword
nna ;eword kebatla ;eword utsele ;eword metsi ;eword aka ;eword
nna ;eword ngwana ;eword waka ;eword ke ;eword botlolo ;eword
uaapara ;eword mmete ;eword
mphe ;eword
ke ;eword lebokose ;eword laka ;eword
nna ;eword le ;eword yaka ;eword e ;eword mona ;eword
ke ;eword moriana ;eword
ha ;eword se ;eword wahao ;eword
utsela ;eword metsi ;eword aka ;eword
kemoapesitse ;eword
ochele ;eword
katse ;eword ya ;eword mme ;eword lensi ;eword ke ;eword yane ;eword
nna ;eword ha ;eword keacha ;eword
ke ;eword wa ;eword ha ;eword nkhono ;eword
le ;eword wa ;eword neuoe ;eword
nna ;eword kekutuwe ;eword ke ;eword nkhono ;eword waka ;eword
tsamaya ;eword bapalang ;eword lona ;eword
qeta ;eword
mokuke ;eword
hoatsamauwa ;eword
hoilobinwa ;eword
hoilobinwa ;eword
ka ;eword moo ;eword ka ;eword hlohong ;eword o ;eword motle ;eword molaleng ;eword moo ;eword
nna ;eword kekutuwe ;eword
e ;eword mona ;eword
nna ;eword ketseba ;eword hoiketsetsa ;eword
kesefa ;eword metsi ;eword ana ;eword
u ;eword lethetsi ;eword
ha ;eword hona ;eword taba ;eword ha ;eword reutsetse ;eword mme ;eword
keatsetse ;eword kaofela ;eword we ;eword
e ;eword jwang ;eword
ke ;eword yane ;eword olahlile ;eword lemao ;eword lane ;eword nkeletseng ;eword amofileng ;eword lona ;eword
ke ;eword koloi ;eword ya ;eword mochachane ;eword
utliloikhurumetsa ;eword ka ;eword mmete ;eword ona ;eword
uapere ;eword mmete ;eword
kelapile ;eword
o ;eword motle ;eword hakakang ;eword
oitlhatswitse ;eword
ake ;eword ubone ;eword mona ;eword
oitlhatswitse ;eword le ;eword bo ;eword mahetleng ;eword moo ;eword le ;eword hlohong ;eword moo ;eword
sephaka ;eword le ;eword mahafi ;eword
kobo ;eword ya ;eword ngwana ;eword waka ;eword
molala ;eword ona ;eword o ;eword motelele ;eword
le ;eword nna ;eword ketlare ;eword moroa ;eword bona ;eword
wahao ;eword ke ;eword ntsowa ;eword
e ;eword tsebo ;eword
esale ;eword teng ;eword mola ;eword moo ;eword
metsi ;eword asale ;eword teng ;eword ka ;eword mola ;eword
ha ;eword uatswa ;eword moo ;eword
ngwana ;eword wahao ;eword ke ;eword mang ;eword
oo ;eword le ;eword waka ;eword
ketseba ;eword hoiqhwaela ;eword
hore ;eword
nna ;eword keikereme ;eword
nna ;eword metsi ;eword ana ;eword aabata ;eword
ke ;eword vaskomo ;eword yaka ;eword ena ;eword nna ;eword
hothwe ;eword mang ;eword
helang ;eword batho ;eword
hona ;eword ke ;eword phate ;eword
hele ;eword metsi ;eword ana ;eword a ;eword mabe ;eword ana ;eword
mona ;eword ke ;eword bethe ;eword ke ;eword eo ;eword
askatsela ;eword metsi ;eword aka ;eword
bona ;eword waka ;eword o ;eword moholo ;eword
bona ;eword waka ;eword
uabona ;eword mona ;eword
kapotlako ;eword nkhella ;eword tee ;eword ka ;eword moo ;eword
ketle ;eword ntho ;eword ena ;eword
kesabona ;eword ngwana ;eword mme ;eword enwa ;eword
modimo ;eword ka ;eword mona ;eword ka ;eword maotong ;eword o ;eword motle ;eword chee ;eword
kere ;eword ona ;eword mona ;eword o ;eword motelele ;eword
ona ;eword ona ;eword le ;eword molala ;eword mona ;eword feela ;eword o ;eword mokhutswanyane ;eword
tsela ;eword metsi ;eword aka ;eword
uabona ;eword mona ;eword
nkhelle ;eword tsebo ;eword
nke ;eword kenwe ;eword hanyenyana ;eword
keiloasefela ;eword ha ;eword mme ;eword wa ;eword tsebo ;eword mane ;eword mme ;eword wa ;eword tsebo ;eword
ke ;eword hokae ;eword
kebapala ;eword le ;eword mme ;eword wa ;eword tsebo ;eword
le ;eword mme ;eword wa ;eword neuoe ;eword
mme ;eword nkadime ;eword metsi ;eword ana ;eword
ke ;eword kwae ;eword yane ;eword keetsetseng ;eword ka ;eword mona ;eword
ketseba ;eword hoiqhwaela ;eword
tsamaya ;eword uilobapala ;eword wena ;eword
ha ;eword ketsebe ;eword
bonang ;eword saka ;eword se ;eword kae ;eword
ake ;eword ure ;eword kemmone ;eword hle ;eword
ausi ;eword
keilokha ;eword fishole ;eword engwe ;eword
keilokha ;eword fishole ;eword mane ;eword
ke ;eword sena ;eword
ngwana ;eword waka ;eword ke ;eword mang ;eword
ona ;eword le ;eword dipalesa ;eword
mme ;eword
he ;eword ke ;eword waka ;eword
kekopa ;eword hoitlotsa ;eword
o ;eword motle ;eword ake ;eword ubone ;eword
ka ;eword botlolong ;eword ka ;eword moo ;eword
metsi ;eword ha ;eword akha ;eword ka ;eword teng ;eword
ha ;eword keaitlama ;eword ka ;eword dikobo ;eword
tlala ;eword eantja ;eword ka ;eword mpeng ;eword
