reya ;eword kae ;eword
e ;eword
m ;eword
e ;eword
m ;eword
e ;eword
e ;eword
ebile ;eword keaebona ;eword ke ;eword eno ;eword
m ;eword
hele ;eword keilekare ;eword utsebe ;eword ausi ;eword tlalane ;eword
namane ;eword tloo ;eword ho ;eword ngwana ;eword
ekhutlise ;eword
nka ;eword dikarete ;eword unneubetse ;eword
nka ;eword namane ;eword ke ;eword eo ;eword
bapala ;eword dikarete ;eword
tloo ;eword dula ;eword mona ;eword
khanna ;eword namane ;eword retsamaye ;eword
feta ;eword udule ;eword kwana ;eword
tloo ;eword ebone ;eword namane ;eword
usekabeuathetsa ;eword dintho ;eword tseno ;eword
namane ;eword
sekathetsa ;eword moo ;eword namane ;eword
sheba ;eword na ;eword mme ;eword matsotang ;eword o ;eword kae ;eword
khutla ;eword
namane ;eword
namane ;eword tloha ;eword betheng ;eword ya ;eword batho ;eword
bapala ;eword dikarete ;eword namane ;eword
namane ;eword khutla ;eword mono ;eword
tloo ;eword nke ;eword wena ;eword moshanyana ;eword
uelahlelang ;eword ntho ;eword eo ;eword
tloo ;eword nke ;eword
tloha ;eword betheng ;eword ya ;eword masebina ;eword oautebela ;eword
