o ;eword hokae ;eword
tloo ;eword le ;eword ntho ;eword retlotsela ;eword
uetsang ;eword
dikuku ;eword tsa ;eword pane ;eword
uautlwa ;eword he ;eword tsebo ;eword
hokae ;eword
eng ;eword
hakere ;eword utlodisa ;eword lemati ;eword nna ;eword kenekemobulela ;eword
dikuku ;eword tsa ;eword pane ;eword
usheba ;eword seboko ;eword sa ;eword eng ;eword
e ;eword haholo ;eword
he ;eword hoasebetswa ;eword jwale ;eword
utloitjella ;eword tsona ;eword
jwale ;eword utswa ;eword kae ;eword ka ;eword yona ;eword
ore ;eword ueisa ;eword kae ;eword ekesaeze ;eword tsebo ;eword
eng ;eword
e ;eword
neuoe ;eword o ;eword kae ;eword
e ;eword
uadija ;eword
alenka ;eword kae ;eword
