neuoe ;eword ere ;eword rakhadi ;eword aufe ;eword
ketlare ;eword neuoe ;eword ausi ;eword mantso ;eword oneahlahola ;eword hare ;eword ka ;eword masimong ;eword
oqetile ;eword dikhwedi ;eword tsekana ;eword
neuoe ;eword ere ;eword kebone ;eword majwe ;eword ahao ;eword
ae ;eword eseng ;eword letswai ;eword lekotikoti ;eword laka ;eword leneletsetsa ;eword dibiri ;eword
ake ;eword untselle ;eword ngwanana ;eword
hm ;eword
neuoe ;eword wena ;eword ha ;eword udiqete ;eword
neuoe ;eword
hakere ;eword ke ;eword bohleso ;eword
ache ;eword ya ;eword sephara ;eword eo ;eword le ;eword ena ;eword
letswai ;eword laka ;eword lenelele ;eword ka ;eword tlung ;eword e ;eword ka ;eword tlase ;eword
hleso ;eword hakere ;eword mme ;eword o ;eword seketeng ;eword
u ;eword leshano ;eword ha ;eword renahocha ;eword
rakhadi ;eword moroa ;eword otlafa ;eword nna ;eword
untlele ;eword hleso ;eword metsi ;eword
uneuntseuphakelang ;eword hona ;eword tsahao ;eword
tsebo ;eword ontseatsela ;eword mobu ;eword
keahana ;eword
hleso ;eword
nna ;eword keja ;eword ka ;eword khaba ;eword ya ;eword tsenethu ;eword etswanang ;eword le ;eword ya ;eword ausi ;eword ntseliseng ;eword
tsamaya ;eword uise ;eword sekotlolo ;eword ka ;eword tlung ;eword
tsamaya ;eword lieketseng ;eword
lieketseng ;eword kere ;eword umphelehetse ;eword reye ;eword khohlwaneng ;eword
rakhadi ;eword moroa ;eword ketlauchakela ;eword le ;eword mme ;eword mamello ;eword
ha ;eword reyeng ;eword
moroa ;eword u ;eword nko ;eword entso ;eword
hoitswe ;eword bakhathetseng ;eword batlohe ;eword
uaithatelang ;eword
uahlodiya ;eword wena ;eword moroa ;eword
tloha ;eword lerakong ;eword moroa ;eword
moroa ;eword tsamayang ;eword hobane ;eword nna ;eword kesetse ;eword le ;eword ngwana ;eword
uaithatelang ;eword sebono ;eword sa ;eword mohlafunya ;eword
moroa ;eword nkeleng ;eword molakalading ;eword
hela ;eword moroa ;eword hoitswe ;eword letletsamaye ;eword ha ;eword lekhathetse ;eword uautlwa ;eword
ausi ;eword ntseliseng ;eword untseuhana ;eword ha ;eword kere ;eword meno ;eword a ;eword moroa ;eword abodile ;eword
uabone ;eword
ausi ;eword ntseliseng ;eword hakere ;eword meno ;eword a ;eword moroa ;eword abodile ;eword
keahana ;eword
ausi ;eword ntseliseng ;eword hoja ;eword uneudule ;eword ka ;eword moo ;eword uneuleka ;eword hoo ;eword
nna ;eword ha ;eword re ;eword sephara ;eword
ausi ;eword ntseliseng ;eword tsamaya ;eword hobolela ;eword hore ;eword lieketseng ;eword onwele ;eword metsi ;eword ha ;eword aqeta ;eword ohana ;eword hoisa ;eword sekotlolo ;eword ka ;eword tlung ;eword
