tsebo ;eword tlisa ;eword ntho ;eword yaka ;eword
uiloithapella ;eword le ;eword mang ;eword
ketlaikela ;eword
bona ;eword mokotla ;eword waka ;eword ona ;eword le ;eword dipompong ;eword mokotla ;eword
tsebo ;eword yahao ;eword e ;eword kae ;eword
uiloetsang ;eword
uiloithapella ;eword le ;eword mang ;eword
ketlatla ;eword hojella ;eword
nna ;eword jwale ;eword keaithuela ;eword ka ;eword pompong ;eword
khwedi ;eword ke ;eword ena ;eword
ke ;eword ke ;eword ke ;eword mantswe ;eword
tsebo ;eword
ena ;eword eneele ;eword ka ;eword tlase ;eword tlase ;eword
ha ;eword se ;eword rabara ;eword yahao ;eword ena ;eword
nka ;eword pampiri ;eword yane ;eword
ntsa ;eword pampiri ;eword yahao ;eword
uabona ;eword
nka ;eword
hei ;eword keahana ;eword
hobile ;eword horekiswa ;eword dipompong ;eword ha ;eword mme ;eword maneuoe ;eword horekiswa ;eword dipompong ;eword
sheba ;eword molakaladi ;eword lona ;eword otabohile ;eword
wena ;eword uneuntseurwaka ;eword mme ;eword mme ;eword emong ;eword
utlareka ;eword dipompong ;eword
le ;eword yaka ;eword ee ;eword
utloenka ;eword pompong ;eword yaka ;eword
nka ;eword ntho ;eword ya ;eword pompong ;eword yahao ;eword
bolo ;eword yaka ;eword engwe ;eword
bona ;eword
ha ;eword ukanka ;eword ee ;eword ee ;eword
ho ;eword jwalo ;eword
dijo ;eword
e ;eword mobu ;eword
tsepedi ;eword
tsebo ;eword khwedi ;eword
wena ;eword uneutla ;eword horeka ;eword dieta ;eword
uiloithapella ;eword haholo ;eword
wache ;eword ya ;eword mme ;eword mamello ;eword
ena ;eword eneele ;eword kantle ;eword
uneulengotse ;eword
le ;eword nna ;eword haeso ;eword mona ;eword hoarekiswa ;eword
ketsamaya ;eword le ;eword boo ;eword
yahao ;eword ke ;eword tamati ;eword
bona ;eword haka ;eword ke ;eword khwedi ;eword
tsebo ;eword bona ;eword tsimong ;eword yahao ;eword ke ;eword mona ;eword
ha ;eword akwala ;eword otlareng ;eword
kereke ;eword le ;eword eng ;eword
ere ;eword kebone ;eword
keatseba ;eword nnake ;eword
wena ;eword tsebo ;eword ketloja ;eword tsahae ;eword
ngwana ;eword eno ;eword weso ;eword oneatloreka ;eword dieta ;eword
lehe ;eword leleng ;eword
yahao ;eword ke ;eword tamati ;eword
tloo ;eword nke ;eword
ke ;eword konopo ;eword ya ;eword rona ;eword
bare ;eword uye ;eword honka ;eword lehe ;eword leleng ;eword
reye ;eword habo ;eword
ke ;eword eo ;eword
