ee ;eword nka ;eword hlobohang ;eword
eseng ;eword kebehe ;eword kantlele ;eword pele ;eword ka ;eword hao ;eword
na ;eword ubona ;eword hantle ;eword
e ;eword ke ;eword dinawa ;eword
mm ;eword ska ;eword nkhantsa ;eword
utswa ;eword kae ;eword
mm ;eword ska ;eword nkhantsa ;eword
m ;eword
eetsa ;eword khalotsa ;eword
ereng ;eword
hubu ;eword
hubu ;eword ke ;eword eng ;eword na ;eword ntate ;eword
eahobola ;eword
eetsa ;eword jwang ;eword
ke ;eword torch ;eword ya ;eword mang ;eword
le ;eword kae ;eword lekula ;eword
seka ;eword tswela ;eword ka ;eword mathe ;eword
ke ;eword pelepele ;eword
ha ;eword se ;eword kere ;eword
chere ;eword
ha ;eword se ;eword chere ;eword ke ;eword kere ;eword
utlampha ;eword kere ;eword
tlisa ;eword ketlotsela ;eword kere ;eword ka ;eword morohong ;eword
uetsa ;eword jwang ;eword
ee ;eword ska ;eword lekhantsa ;eword wena ;eword
malenyona ;eword
ke ;eword mme ;eword matankiso ;eword
bona ;eword
ya ;eword mang ;eword
ke ;eword eng ;eword
ke ;eword kotsi ;eword
