ska ;eword bapalang ;eword mono ;eword
lethole ;eword hobaneng ;eword
tsebo ;eword we ;eword
tsebo ;eword we ;eword
umamelang ;eword
beha ;eword ngwana ;eword fatse ;eword
mobehe ;eword mona ;eword tlase ;eword
lentselemoetsa ;eword tjee ;eword ke ;eword eng ;eword
ha ;eword eetsang ;eword
ska ;eword monka ;eword
ebineng ;eword
hobaneng ;eword
u ;eword le ;eword mamina ;eword tjee ;eword
ee ;eword bapallang ;eword mona ;eword
tsebo ;eword bapalang ;eword mona ;eword
leetseng ;eword
ha ;eword lebapale ;eword ke ;eword eng ;eword
ketlaushapa ;eword
tsebo ;eword ureng ;eword jwale ;eword
ska ;eword mobeha ;eword motholeng ;eword mono ;eword
neuoe ;eword wena ;eword tsebo ;eword
ha ;eword lesabapala ;eword ke ;eword eng ;eword
ee ;eword ee ;eword tsebo ;eword
