ke ;eword ena ;eword
he ;eword eafofa ;eword he ;eword
hei ;eword dithotsela ;eword ke ;eword tseo ;eword
ee ;eword ebule ;eword
keubutse ;eword
ee ;eword litlhare ;eword utlandiha ;eword
retlereye ;eword kampong ;eword uautlwa ;eword
retlereye ;eword kampong ;eword
keawa ;eword
ketlaethula ;eword
eng ;eword entseephela ;eword
entseehlaha ;eword
etlahlaha ;eword hape ;eword
ha ;eword redikele ;eword litlhare ;eword
ha ;eword redikele ;eword
oaetsela ;eword ka ;eword sepekere ;eword
nna ;eword kae ;eword
oseantsaneangola ;eword
uautlwa ;eword
litlhare ;eword tloo ;eword
etlahlaha ;eword hape ;eword
etlakhantsa ;eword
ke ;eword eno ;eword etlahlaha ;eword
koloi ;eword ela ;eword e ;eword kae ;eword
litlhare ;eword ere ;eword
ke ;eword enwa ;eword
ntho ;eword ena ;eword
litlhare ;eword udiketsa ;eword ntate ;eword enwa ;eword wa ;eword ka ;eword
ngwana ;eword enwa ;eword ontswara ;eword ka ;eword leoto ;eword lena ;eword
oo ;eword kapa ;eword he ;eword
ha ;eword eqetile ;eword feela ;eword
etlahlaha ;eword hape ;eword
keya ;eword morojele ;eword
ntlo ;eword etlawela ;eword
e ;eword morena ;eword
hela ;eword ha ;eword keahate ;eword ntho ;eword ena ;eword
he ;eword keawa ;eword
efihle ;eword entome ;eword nna ;eword mona ;eword
utlakhantsa ;eword
nneheletsa ;eword koloi ;eword eo ;eword yaka ;eword
tlisa ;eword koloi ;eword eo ;eword yaka ;eword
litlhare ;eword ueme ;eword kehlahe ;eword hape ;eword
etlahlaha ;eword utlobona ;eword
etlahlaha ;eword le ;eword hodimo ;eword
uautlwa ;eword
uautlwa ;eword
keetsela ;eword peterole ;eword koloi ;eword ya ;eword ntate ;eword litlhare ;eword
keqetile ;eword
oo ;eword usantsaneule ;eword beterenyana ;eword
ketlapshatla ;eword dithotsela ;eword tsena ;eword ka ;eword koto ;eword ena ;eword
sethotsela ;eword setlauloma ;eword
ketlasepshatla ;eword ka ;eword koto ;eword ena ;eword
nka ;eword mahe ;eword kwana ;eword
keya ;eword kae ;eword
he ;eword bula ;eword ntlonyana ;eword
ketlaebula ;eword
e ;eword
ere ;eword keubulele ;eword
hei ;eword litlhare ;eword ke ;eword motho ;eword yatlang ;eword le ;eword peterole ;eword eo ;eword
keiloitatela ;eword peterole ;eword yaka ;eword
wena ;eword ha ;eword uilolate ;eword peterole ;eword
keilolata ;eword peterole ;eword ee ;eword
peterole ;eword
ketsela ;eword peterole ;eword nna ;eword yaka ;eword
yaka ;eword keetsela ;eword peterole ;eword
nna ;eword yaka ;eword keetsela ;eword peterole ;eword
mphe ;eword keetsele ;eword
ere ;eword keetsele ;eword
kekene ;eword
ketsela ;eword peterole ;eword feela ;eword
ketsela ;eword peterole ;eword
eya ;eword
ee ;eword uskaekenya ;eword ka ;eword tlung ;eword
uabona ;eword he ;eword
ntlo ;eword eaheleha ;eword jwale ;eword
butle ;eword
mphe ;eword
hei ;eword esekampayaheleha ;eword
litlhare ;eword uskanabula ;eword fesetere ;eword ena ;eword ya ;eword batho ;eword
ke ;eword la ;eword mang ;eword lemao ;eword lena ;eword
kealebeha ;eword
kealebeha ;eword lee ;eword la ;eword batho ;eword
ke ;eword la ;eword batho ;eword
ke ;eword la ;eword mang ;eword
lemao ;eword lena ;eword lemao ;eword
eaheleha ;eword ntlo ;eword
kehula ;eword ntho ;eword ena ;eword
motoho ;eword ona ;eword ke ;eword wa ;eword mang ;eword
hele ;eword lafihla ;eword lemao ;eword
lehlaha ;eword ka ;eword mona ;eword
thola ;eword
uaetsa ;eword
oaipitla ;eword
ere ;eword ausi ;eword sebina ;eword
litlhare ;eword
litlhare ;eword bona ;eword
keaetsamaisa ;eword
efihla ;eword mane ;eword
kelekhaotse ;eword lepheo ;eword
ke ;eword ena ;eword
eanqotomela ;eword
ke ;eword nna ;eword enwa ;eword
nka ;eword koloi ;eword yahao ;eword
retsamaye ;eword kapele ;eword
reya ;eword leribe ;eword mosotho ;eword
uarekhantsa ;eword
etlaukhantsa ;eword
keaukhantsa ;eword
hei ;eword ekhantsitse ;eword
e ;eword kae ;eword
ke ;eword ena ;eword ekhantsitse ;eword
ediketse ;eword
eadikela ;eword
hei ;eword ke ;eword ena ;eword ka ;eword tlase ;eword
litlhare ;eword ere ;eword hosane ;eword
uautlwa ;eword
etlahlaha ;eword hape ;eword
etlahlaha ;eword hape ;eword
utlobona ;eword
etlahlaha ;eword hape ;eword
etlahlaha ;eword hape ;eword
etlahlaha ;eword le ;eword kae ;eword
etlahlaha ;eword le ;eword mono ;eword
etlahlaha ;eword le ;eword nqane ;eword
eneetimme ;eword yane ;eword
e ;eword kae ;eword
ke ;eword ena ;eword entseekhantsitse ;eword mane ;eword
efedile ;eword bona ;eword litlhare ;eword efedile ;eword
efedile ;eword he ;eword
uya ;eword kae ;eword
useuya ;eword kae ;eword
useuya ;eword leribe ;eword
ka ;eword mane ;eword
keatsamaya ;eword jwale ;eword
motho ;eword emoholo ;eword litlhare ;eword
kebotsela ;eword
u ;eword leshano ;eword o ;eword motle ;eword
litlhare ;eword
siya ;eword ngwana ;eword motle ;eword
seka ;eword motswara ;eword
enyenyane ;eword ee ;eword
litlhare ;eword
etempe ;eword
tempa ;eword litlhare ;eword hela ;eword
usiya ;eword ngwana ;eword ena ;eword emotle ;eword
e ;eword oaemula ;eword
oaeraha ;eword
oaebula ;eword
ketlauthapisa ;eword ngwanaka ;eword
moo ;eword
makopo ;eword etswile ;eword
hei ;eword moqanyatse ;eword
mphe ;eword
e ;eword titima ;eword
he ;eword wena ;eword kapele ;eword
eya ;eword
e ;eword setonong ;eword
litlhare ;eword ha ;eword retlohlahe ;eword ntho ;eword yane ;eword
etlarekhantsa ;eword hape ;eword
etlarekhantsa ;eword
litlhare ;eword ha ;eword uneurahe ;eword hofeta ;eword nna ;eword
eafihla ;eword litlhare ;eword
uraha ;eword hofeta ;eword nna ;eword
ke ;eword yane ;eword
