leneleiloetsang ;eword
di ;eword kae ;eword jwale ;eword
khale ;eword di ;eword teng ;eword
ee ;eword uetsa ;eword jwang ;eword ngwana ;eword jwale ;eword
ngwana ;eword umoetsa ;eword jwang ;eword
umotsikinyetsang ;eword na ;eword
ae ;eword
e ;eword umotsikinyetsang ;eword
hobaneng ;eword ha ;eword urate ;eword
ketlaunyoka ;eword
nna ;eword keakholwa ;eword ure ;eword ke ;eword thaka ;eword yahao ;eword
ee ;eword hlobohang ;eword hele ;eword
ketlaushapa ;eword wena ;eword
ke ;eword mang ;eword yaubitsang ;eword
ke ;eword ntate ;eword wahao ;eword
ke ;eword ntate ;eword wahao ;eword ke ;eword mang ;eword
ke ;eword ntate ;eword mang ;eword
bona ;eword untsitse ;eword madi ;eword
bona ;eword
keilojwetsa ;eword abuti ;eword maketse ;eword
keilomojwetsa ;eword
ke ;eword ntate ;eword waka ;eword
ke ;eword ntate ;eword waka ;eword
ntate ;eword maketse ;eword waka ;eword
ke ;eword wahao ;eword
a ;eword ha ;eword keasekhaola ;eword
ha ;eword kesekhaola ;eword
kesekhaotse ;eword neneng ;eword
utlakawanthetsa ;eword
hlobohang ;eword onkile ;eword papa ;eword
ketlolephehela ;eword mohlafotsa ;eword
uatseba ;eword
leya ;eword kae ;eword
khutlelang ;eword lapeng ;eword kwana ;eword
hlobohang ;eword hothwe ;eword khwalabolokwe ;eword eseng ;eword khobolekwe ;eword
umojwetse ;eword hore ;eword hoitsweng ;eword
mobontse ;eword
tsamaya ;eword ujwetsa ;eword ausi ;eword mamello ;eword hore ;eword hoitsweng ;eword mono ;eword
mojwetse ;eword hore ;eword na ;eword hoitsweng ;eword
e ;eword mobontse ;eword
mojwetse ;eword hore ;eword ke ;eword hokae ;eword
e ;eword
u ;eword mothakati ;eword wena ;eword
tlohang ;eword kantle ;eword
urwetse ;eword dieta ;eword tsa ;eword mang ;eword na ;eword
utswa ;eword kae ;eword ujeleng ;eword
ke ;eword eng ;eword
ke ;eword eng ;eword ntho ;eword ee ;eword
ee ;eword meno ;eword ee ;eword
ke ;eword eng ;eword
ke ;eword eng ;eword ntho ;eword ee ;eword etswana ;eword le ;eword eng ;eword
etswana ;eword le ;eword eng ;eword ntho ;eword ee ;eword
utswana ;eword le ;eword tswene ;eword
na ;eword ebe ;eword ke ;eword tswene ;eword ntho ;eword ee ;eword
utswana ;eword le ;eword tswene ;eword
ao ;eword
utswana ;eword le ;eword ntho ;eword eo ;eword
e ;eword
ke ;eword eng ;eword ntho ;eword eo ;eword
ke ;eword mankorolo ;eword
tswene ;eword ekholo ;eword
uamotseba ;eword mankorolo ;eword
tswene ;eword ekholo ;eword
bona ;eword mona ;eword hoitsweng ;eword
monkey ;eword
e ;eword kere ;eword mona ;eword hoitsweng ;eword
butle ;eword
mona ;eword hoitswe ;eword monkey ;eword
ebala ;eword monkey ;eword
monkey ;eword
tsamaya ;eword hojwetsa ;eword ausi ;eword mamello ;eword hore ;eword hoitsweng ;eword mono ;eword
e ;eword hoitsweng ;eword
keitse ;eword ke ;eword eng ;eword
keitse ;eword ke ;eword monkey ;eword
keare ;eword ke ;eword eng ;eword
keitse ;eword ke ;eword eng ;eword ntate ;eword
keitse ;eword ke ;eword monkey ;eword
eseng ;eword ka ;eword mora ;eword sekolo ;eword
mankorolo ;eword
tswene ;eword ekholo ;eword
keitse ;eword ke ;eword monkey ;eword
keuphehetse ;eword mohlafotsa ;eword
ketlatla ;eword houngwathela ;eword
ya ;eword mme ;eword matseliso ;eword
