targetchild,speaker,addressee,session,numberoflines,numberofwords,numberofmorphemes,mlu,mlumorphemes,mattr,numberofuttsinglewords,numberofhapaxes,percquest,ratioturn
Anae,adult,CDS,Anae_215.cha,,,,,,,,,,
Anae,adult,CDS,Anae_2216.cha,,,,,,,,,,
Anae,adult,CDS,Anae_2428.cha,,,,,,,,,,
Anae,adult,CDS,Anae_2529.cha,,,,,,,,,,
Anae,adult,CDS,Anae_2626.cha,,,,,,,,,,
Anae,adult,CDS,Anae_284.cha,,,,,,,,,,
Anae,adult,CDS,Anae_2923.cha,,,,,,,,,,
Anae,adult,CDS,Anae_2123.cha,7,19,25,2.714,3.571,0.911111111,4,13,0.285,0.2
Anae,adult,CDS,Anae_21122.cha,,,,,,,,,,
Anae,adult,CDS,Anae_317.cha,4,25,33,6.25,8.25,0.993333333,0,23,0.25,0.25
Anais,adult,CDS,Anais_239a.cha,3,11,14,3.666666667,4.666666667,,0,6,0.333333333,0.333
Anais,adult,CDS,Anais_247a.cha,,,,,,,,,,
Anais,adult,CDS,Anais_247b.cha,,,,,,,,,,
Anais,adult,CDS,Anais_242a.cha,742,2522,3151,3.398,4.246,0.883121019,195,287,0.269,0.486
Anais,adult,CDS,Anais_242b.cha,662,2094,2573,3.163,3.886,0.896641075,220,293,0.279,0.499
Anais,adult,CDS,Anais_2511a.cha,,,,,,,,,,
Anais,adult,CDS,Anais_2511b.cha,,,,,,,,,,
Anais,adult,CDS,Anais_2523a.cha,,,,,,,,,,
Anais,adult,CDS,Anais_2525a.cha,,,,,,,,,,
Anais,adult,CDS,Anais_2621a.cha,17,62,88,3.647,5.176,0.809615385,3,28,0.352,0.588
Anais,adult,CDS,Anais_28a.cha,,,,,,,,,,
Anais,adult,CDS,Anais_296b.cha,,,,,,,,,,
Theotime,adult,CDS,Theotime_2111a.cha,,,,,,,,,,
Theotime,adult,CDS,Theotime_239b.cha,,,,,,,,,,
Theotime,adult,CDS,Theotime_2324a.cha,,,,,,,,,,
Theotime,adult,CDS,Theotime_2324b.cha,,,,,,,,,,
Theotime,adult,CDS,Theotime_2422a.cha,,,,,,,,,,
Theotime,adult,CDS,Theotime_252a.cha,,,,,,,,,,
Theotime,adult,CDS,Theotime_263a.cha,,,,,,,,,,
Theotime,adult,CDS,Theotime_273a.cha,,,,,,,,,,
Theotime,adult,CDS,Theotime_2112a.cha,,,,,,,,,,
Anae,adult,OCDS,Anae_215.cha,,,,,,,,,,
Anae,adult,OCDS,Anae_2216.cha,,,,,,,,,,
Anae,adult,OCDS,Anae_2428.cha,4,16,20,4,5,0.933333333,0,9,0.75,0.4
Anae,adult,OCDS,Anae_2529.cha,,,,,,,,,,
Anae,adult,OCDS,Anae_2626.cha,,,,,,,,,,
Anae,adult,OCDS,Anae_284.cha,,,,,,,,,,
Anae,adult,OCDS,Anae_2923.cha,,,,,,,,,,
Anae,adult,OCDS,Anae_2123.cha,3,7,8,2.333333333,2.666666667,,2,7,0.333333333,0
Anae,adult,OCDS,Anae_21122.cha,,,,,,,,,,
Anae,adult,OCDS,Anae_317.cha,7,30,36,4.285,5.142,1,0,30,0.428,0.5
Anais,adult,OCDS,Anais_239a.cha,,,,,,,,,,
Anais,adult,OCDS,Anais_247a.cha,,,,,,,,,,
Anais,adult,OCDS,Anais_247b.cha,,,,,,,,,,
Anais,adult,OCDS,Anais_242a.cha,,,,,,,,,,
Anais,adult,OCDS,Anais_242b.cha,,,,,,,,,,
Anais,adult,OCDS,Anais_2511a.cha,,,,,,,,,,
Anais,adult,OCDS,Anais_2511b.cha,,,,,,,,,,
Anais,adult,OCDS,Anais_2523a.cha,,,,,,,,,,
Anais,adult,OCDS,Anais_2525a.cha,,,,,,,,,,
Anais,adult,OCDS,Anais_2621a.cha,,,,,,,,,,
Anais,adult,OCDS,Anais_28a.cha,,,,,,,,,,
Anais,adult,OCDS,Anais_296b.cha,,,,,,,,,,
Theotime,adult,OCDS,Theotime_2111a.cha,,,,,,,,,,
Theotime,adult,OCDS,Theotime_239b.cha,,,,,,,,,,
Theotime,adult,OCDS,Theotime_2324a.cha,,,,,,,,,,
Theotime,adult,OCDS,Theotime_2324b.cha,,,,,,,,,,
Theotime,adult,OCDS,Theotime_2422a.cha,,,,,,,,,,
Theotime,adult,OCDS,Theotime_252a.cha,,,,,,,,,,
Theotime,adult,OCDS,Theotime_263a.cha,,,,,,,,,,
Theotime,adult,OCDS,Theotime_273a.cha,,,,,,,,,,
Theotime,adult,OCDS,Theotime_2112a.cha,,,,,,,,,,
Anae,adult,ADS,Anae_215.cha,2,7,12,3.5,6,,0,7,0,1
Anae,adult,ADS,Anae_2216.cha,,,,,,,,,,
Anae,adult,ADS,Anae_2428.cha,4,19,22,4.75,5.5,0.866666667,0,12,0.25,0.8
Anae,adult,ADS,Anae_2529.cha,,,,,,,,,,
Anae,adult,ADS,Anae_2626.cha,3,15,22,5,7.333,1,1,13,1,0
Anae,adult,ADS,Anae_284.cha,,,,,,,,,,
Anae,adult,ADS,Anae_2923.cha,,,,,,,,,,
Anae,adult,ADS,Anae_2123.cha,4,10,11,4,2.5,2.75,2,10,0,0.666
Anae,adult,ADS,Anae_21122.cha,1,1,1,1,1,,1,1,0,1
Anae,adult,ADS,Anae_317.cha,5,18,20,3.6,4,0.975,1,16,0.2,0.4
Anais,adult,ADS,Anais_239a.cha,1,1,1,1,1,,1,1,0,1
Anais,adult,ADS,Anais_247a.cha,,,,,,,,,,
Anais,adult,ADS,Anais_247b.cha,,,,,,,,,,
Anais,adult,ADS,Anais_242a.cha,,,,,,,,,,
Anais,adult,ADS,Anais_242b.cha,4,12,18,3,4.5,1,2,12,0,0.75
Anais,adult,ADS,Anais_2511a.cha,,,,,,,,,,
Anais,adult,ADS,Anais_2511b.cha,,,,,,,,,,
Anais,adult,ADS,Anais_2523a.cha,,,,,,,,,,
Anais,adult,ADS,Anais_2525a.cha,,,,,,,,,,
Anais,adult,ADS,Anais_2621a.cha,7,13,18,1.857,2.571,1,3,13,0,0.5
Anais,adult,ADS,Anais_28a.cha,,,,,,,,,,
Anais,adult,ADS,Anais_296b.cha,,,,,,,,,,
Theotime,adult,ADS,Theotime_2111a.cha,,,,,,,,,,
Theotime,adult,ADS,Theotime_239b.cha,,,,,,,,,,
Theotime,adult,ADS,Theotime_2324a.cha,,,,,,,,,,
Theotime,adult,ADS,Theotime_2324b.cha,,,,,,,,,,
Theotime,adult,ADS,Theotime_2422a.cha,,,,,,,,,,
Theotime,adult,ADS,Theotime_252a.cha,,,,,,,,,,
Theotime,adult,ADS,Theotime_263a.cha,,,,,,,,,,
Theotime,adult,ADS,Theotime_273a.cha,,,,,,,,,,
Theotime,adult,ADS,Theotime_2112a.cha,,,,,,,,,,
Anae,mother,CDS,Anae_215.cha,595,2552,3077,4.289,5.171,0.912077105,142,304,0.4,0.54
Anae,mother,CDS,Anae_2216.cha,583,2633,3261,4.516,5.593,0.902173084,103,338,0.392,0.536
Anae,mother,CDS,Anae_2428.cha,591,2550,3142,4.314,5.316,0.90992126,114,286,0.546,0.527
Anae,mother,CDS,Anae_2529.cha,716,3444,4228,4.81,5.905,0.930984275,142,443,0.427,0.548
Anae,mother,CDS,Anae_2626.cha,459,1913,2369,4.167,5.161,0.907514451,116,255,0.444,0.554
Anae,mother,CDS,Anae_284.cha,577,2710,3227,4.696,5.592,0.895037037,84,354,0.405,0.437
Anae,mother,CDS,Anae_2923.cha,769,3349,4155,4.355,5.403,0.909673555,138,362,0.368,0.396
Anae,mother,CDS,Anae_2123.cha,723,3611,4458,4.994,6.165,0.914662594,102,422,0.412,0.533
Anae,mother,CDS,Anae_21122.cha,442,2376,2894,5.375,6.547,0.922907861,61,301,0.398,0.596
Anae,mother,CDS,Anae_317.cha,290,1343,1694,4.631,5.841,0.924606152,55,238,0.337,0.47
Anais,mother,CDS,Anais_239a.cha,436,1175,1507,2.694,3.456,0.922575107,161,178,0.272,0.672
Anais,mother,CDS,Anais_247a.cha,394,1454,1886,3.69,4.786,0.934903047,65,232,0.307,0.557
Anais,mother,CDS,Anais_247b.cha,242,843,1067,3.483,4.409,0.911404562,44,138,0.318,0.665
Anais,mother,CDS,Anais_242a.cha,,,,,,,,,,
Anais,mother,CDS,Anais_242b.cha,,,,,,,,,,
Anais,mother,CDS,Anais_2511a.cha,642,1789,2258,2.786,3.517,0.907307476,219,275,0.264,0.615
Anais,mother,CDS,Anais_2511b.cha,621,1629,2003,2.623,3.225,0.922235948,270,193,0.193,0.592
Anais,mother,CDS,Anais_2523a.cha,647,1919,2457,2.965,3.797,0.919329492,191,298,0.248,0.637
Anais,mother,CDS,Anais_2525a.cha,510,1423,1769,2.79,3.468,0.925477707,175,211,0.27,0.695
Anais,mother,CDS,Anais_2621a.cha,430,1605,1992,3.732,4.632,0.922946708,70,237,0.397,0.79
Anais,mother,CDS,Anais_28a.cha,550,1585,1987,2.881,3.612,0.91968254,182,235,0.23,0.609
Anais,mother,CDS,Anais_296b.cha,,,,,,,,,,
Theotime,mother,CDS,Theotime_2111a.cha,412,1819,2322,4.415,5.635,0.906357103,53,320,0.266,0.483
Theotime,mother,CDS,Theotime_239b.cha,371,1209,1476,3.258,3.978,0.905337781,118,195,0.312,0.464
Theotime,mother,CDS,Theotime_2324a.cha,383,1318,1653,3.441,4.315,0.917278287,113,214,0.177,0.419
Theotime,mother,CDS,Theotime_2324b.cha,392,1378,1714,3.515,4.372,0.911988304,115,196,0.209,0.421
Theotime,mother,CDS,Theotime_2422a.cha,392,1359,1716,3.466,4.377,0.925277984,116,281,0.193,0.495
Theotime,mother,CDS,Theotime_252a.cha,323,1148,1394,3.554,4.315,0.918541301,101,212,0.25,0.384
Theotime,mother,CDS,Theotime_263a.cha,381,1686,2210,4.425,5.8,0.902863962,60,300,0.212,0.381
Theotime,mother,CDS,Theotime_273a.cha,402,1809,2324,4.5,5.781,0.920344636,90,345,0.226,0.449
Theotime,mother,CDS,Theotime_2112a.cha,,,,,,,,,,
Anae,mother,OCDS,Anae_215.cha,46,240,295,5.217,6.413,0.90826087,3,82,0.282,0.347
Anae,mother,OCDS,Anae_2216.cha,,,,,,,,,,
Anae,mother,OCDS,Anae_2428.cha,85,413,521,4.858,6.129,0.928287841,18,105,0.188,0.342
Anae,mother,OCDS,Anae_2529.cha,,,,,,,,,,
Anae,mother,OCDS,Anae_2626.cha,49,235,301,4.795,6.142,0.928444444,13,69,0.183,0.416
Anae,mother,OCDS,Anae_284.cha,95,463,567,4.873,5.968,0.920529801,28,107,0.073,0.407
Anae,mother,OCDS,Anae_2923.cha,,,,,,,,,,
Anae,mother,OCDS,Anae_2123.cha,21,94,124,4.476,5.904,0.946428571,5,47,0.238,0.45
Anae,mother,OCDS,Anae_21122.cha,11,42,57,3.818,5.181,0.984375,1,33,0.272,0
Anae,mother,OCDS,Anae_317.cha,88,460,555,5.227,6.306,0.920444444,10,118,0.363,0.537
Anais,mother,OCDS,Anais_239a.cha,1,1,1,1,1,,1,1,1,1
Anais,mother,OCDS,Anais_247a.cha,66,276,346,4.181,5.242,0.959398496,8,102,0.181,0.307
Anais,mother,OCDS,Anais_247b.cha,38,172,213,4.526,5.605,0.92345679,4,67,0.105,0.358
Anais,mother,OCDS,Anais_242a.cha,,,,,,,,,,
Anais,mother,OCDS,Anais_242b.cha,,,,,,,,,,
Anais,mother,OCDS,Anais_2511a.cha,,,,,,,,,,
Anais,mother,OCDS,Anais_2511b.cha,,,,,,,,,,
Anais,mother,OCDS,Anais_2523a.cha,,,,,,,,,,
Anais,mother,OCDS,Anais_2525a.cha,,,,,,,,,,
Anais,mother,OCDS,Anais_2621a.cha,,,,,,,,,,
Anais,mother,OCDS,Anais_28a.cha,61,240,304,3.934,4.983,0.934782609,11,75,0.163,0.328
Anais,mother,OCDS,Anais_296b.cha,,,,,,,,,,
Theotime,mother,OCDS,Theotime_2111a.cha,,,,,,,,,,
Theotime,mother,OCDS,Theotime_239b.cha,16,57,66,3.562,4.125,0.882978723,5,32,0.25,0.333
Theotime,mother,OCDS,Theotime_2324a.cha,28,130,167,4.642,5.964,0.909166667,3,44,0.178,0.533
Theotime,mother,OCDS,Theotime_2324b.cha,2,5,6,2.5,3,,1,5,0,0.5
Theotime,mother,OCDS,Theotime_2422a.cha,28,129,162,4.607,5.785,0.942016807,6,47,0,0.321
Theotime,mother,OCDS,Theotime_252a.cha,40,129,156,3.225,3.9,0.894117647,12,75,0.125,0.533
Theotime,mother,OCDS,Theotime_263a.cha,38,200,256,5.263,6.736,0.916842105,4,75,0.078,0.157
Theotime,mother,OCDS,Theotime_273a.cha,,,,,,,,,,
Theotime,mother,OCDS,Theotime_2112a.cha,,,,,,,,,,
Anae,mother,ADS,Anae_215.cha,1,3,3,3,3,,0,3,1,1
Anae,mother,ADS,Anae_2216.cha,,,,,,,,,,
Anae,mother,ADS,Anae_2428.cha,7,39,47,5.571,6.714,0.94137931,1,26,0.285,0.5
Anae,mother,ADS,Anae_2529.cha,,,,,,,,,,
Anae,mother,ADS,Anae_2626.cha,2,5,7,2.5,3.5,,0,5,0.5,0
Anae,mother,ADS,Anae_284.cha,4,22,24,5.5,6,0.908333333,0,12,0.25,1
Anae,mother,ADS,Anae_2923.cha,,,,,,,,,,
Anae,mother,ADS,Anae_2123.cha,10,33,43,3.3,4.3,0.965217391,1,26,0.1,0.636
Anae,mother,ADS,Anae_21122.cha,1,5,7,5,7,,0,5,0,0
Anae,mother,ADS,Anae_317.cha,4,13,18,3.25,4.5,0.866666667,1,9,0.25,0.4
Anais,mother,ADS,Anais_239a.cha,3,10,11,3.333333333,3.666666667,,1,6,0,0.333
Anais,mother,ADS,Anais_247b.cha,,,,,,,,,,
Anais,mother,ADS,Anais_242a.cha,,,,,,,,,,
Anais,mother,ADS,Anais_242b.cha,,,,,,,,,,
Anais,mother,ADS,Anais_2511a.cha,2,11,13,5.5,6.5,,0,10,0.5,0.5
Anais,mother,ADS,Anais_2511b.cha,,,,,,,,,,
Anais,mother,ADS,Anais_2523a.cha,,,,,,,,,,
Anais,mother,ADS,Anais_2525a.cha,1,1,2,1,2,,1,1,0,1
Anais,mother,ADS,Anais_2621a.cha,15,62,81,4.133,5.4,0.963461538,4,26,0.266,0.388
Anais,mother,ADS,Anais_28a.cha,2,6,7,3,3.5,,0,6,0,0.666
Anais,mother,ADS,Anais_296b.cha,,,,,,,,,,
Theotime,mother,ADS,Theotime_2111a.cha,,,,,,,,,,
Theotime,mother,ADS,Theotime_239b.cha,,,,,,,,,,
Theotime,mother,ADS,Theotime_2324a.cha,,,,,,,,,,
Theotime,mother,ADS,Theotime_2324b.cha,,,,,,,,,,
Theotime,mother,ADS,Theotime_2422a.cha,2,9,10,4.5,5,,0,9,0,0
Theotime,mother,ADS,Theotime_252a.cha,,,,,,,,,,
Theotime,mother,ADS,Theotime_263a.cha,,,,,,,,,,
Theotime,mother,ADS,Theotime_273a.cha,3,16,20,5.333,6.666,1,1,16,0.666,0
Theotime,mother,ADS,Theotime_2112a.cha,,,,,,,,,,
Anae,child,CDS,Anae_215.cha,51,204,244,4,4.784,0.85,7,58,0.294,0.274
Anae,child,CDS,Anae_2216.cha,,,,,,,,,,
Anae,child,CDS,Anae_2428.cha,110,404,526,3.672,4.781,0.893654822,29,106,0.154,0.401
Anae,child,CDS,Anae_2529.cha,,,,,,,,,,
Anae,child,CDS,Anae_2626.cha,110,436,589,3.963,5.354,0.916666667,24,143,0.181,0.428
Anae,child,CDS,Anae_284.cha,36,110,135,3.055,3.75,0.889,14,57,0.055,0.161
Anae,child,CDS,Anae_2923.cha,,,,,,,,,,
Anae,child,CDS,Anae_2123.cha,1,1,1,1,1,,1,1,0,0
Anae,child,CDS,Anae_21122.cha,7,28,37,4,5.285,0.916666667,2,21,0,0.333
Anae,child,CDS,Anae_317.cha,164,633,778,3.859,4.743,0.866292135,54,117,0.115,0.419
Anais,child,CDS,Anais_239a.cha,,,,,,,,,,
Anais,child,CDS,Anais_247a.cha,19,69,93,3.631,4.894,0.930508475,2,37,0.21,0.368
Anais,child,CDS,Anais_247b.cha,26,100,129,3.846,4.961,0.924444444,4,57,0.192,0.607
Anais,child,CDS,Anais_242a.cha,,,,,,,,,,
Anais,child,CDS,Anais_242b.cha,,,,,,,,,,
Anais,child,CDS,Anais_2511a.cha,,,,,,,,,,
Anais,child,CDS,Anais_2511b.cha,,,,,,,,,,
Anais,child,CDS,Anais_2523a.cha,,,,,,,,,,
Anais,child,CDS,Anais_2525a.cha,,,,,,,,,,
Anais,child,CDS,Anais_2621a.cha,,,,,,,,,,
Anais,child,CDS,Anais_28a.cha,56,194,237,3.464,4.232,0.919565217,14,56,0.232,0.44
Anais,child,CDS,Anais_296b.cha,,,,,,,,,,
Theotime,child,CDS,Theotime_2111a.cha,,,,,,,,,,
Theotime,child,CDS,Theotime_239b.cha,10,39,48,3.9,4.8,0.903448276,2,20,0.2,0.2
Theotime,child,CDS,Theotime_2324a.cha,2,9,10,4.5,5,,1,7,0.5,0.5
Theotime,child,CDS,Theotime_2324b.cha,6,17,23,2.833,3.833,0.828571429,2,13,0,0.375
Theotime,child,CDS,Theotime_2422a.cha,18,53,66,2.944,3.666,0.979069767,8,36,0.111,0.157
Theotime,child,CDS,Theotime_252a.cha,9,20,24,2.222,2.666,0.98,4,18,0.111,0.111
Theotime,child,CDS,Theotime_263a.cha,6,24,27,4,4.5,0.7,0,13,0,0.428
Theotime,child,CDS,Theotime_273a.cha,,,,,,,,,,
Theotime,child,CDS,Theotime_2112a.cha,2,10,12,5,6,,1,7,0.5,0.333
Anae,child,OCDS,Anae_215.cha,3,12,12,4,4,0.55,1,2,0.333,0.333
Anae,child,OCDS,Anae_2216.cha,,,,,,,,,,
Anae,child,OCDS,Anae_2428.cha,6,29,34,4.833,5.666,0.952631579,1,25,0,0.333
Anae,child,OCDS,Anae_2529.cha,,,,,,,,,,
Anae,child,OCDS,Anae_2626.cha,8,29,34,3.625,4.25,0.873684211,2,22,0,0.333
Anae,child,OCDS,Anae_284.cha,1,1,1,1,1,,1,1,0,0
Anae,child,OCDS,Anae_2923.cha,,,,,,,,,,
Anae,child,OCDS,Anae_2123.cha,3,19,24,6.333,8,0.988888889,0,17,0.333,0.333
Anae,child,OCDS,Anae_21122.cha,,,,,,,,,,
Anae,child,OCDS,Anae_317.cha,12,49,56,4.083,4.666,0.917948718,2,27,0,0.454
Anais,child,OCDS,Anais_239a.cha,,,,,,,,,,
Anais,child,OCDS,Anais_247a.cha,,,,,,,,,,
Anais,child,OCDS,Anais_247b.cha,,,,,,,,,,
Anais,child,OCDS,Anais_242a.cha,,,,,,,,,,
Anais,child,OCDS,Anais_242b.cha,,,,,,,,,,
Anais,child,OCDS,Anais_2511a.cha,,,,,,,,,,
Anais,child,OCDS,Anais_2511b.cha,,,,,,,,,,
Anais,child,OCDS,Anais_2523a.cha,,,,,,,,,,
Anais,child,OCDS,Anais_2525a.cha,,,,,,,,,,
Anais,child,OCDS,Anais_2621a.cha,,,,,,,,,,
Anais,child,OCDS,Anais_28a.cha,1,4,4,4,4,,0,4,0,0
Anais,child,OCDS,Anais_296b.cha,,,,,,,,,,
Theotime,child,OCDS,Theotime_2111a.cha,,,,,,,,,,
Theotime,child,OCDS,Theotime_239b.cha,,,,,,,,,,
Theotime,child,OCDS,Theotime_2324a.cha,,,,,,,,,,
Theotime,child,OCDS,Theotime_2324b.cha,,,,,,,,,,
Theotime,child,OCDS,Theotime_2422a.cha,,,,,,,,,,
Theotime,child,OCDS,Theotime_252a.cha,,,,,,,,,,
Theotime,child,OCDS,Theotime_263a.cha,,,,,,,,,,
Theotime,child,OCDS,Theotime_273a.cha,,,,,,,,,,
Theotime,child,OCDS,Theotime_2112a.cha,,,,,,,,,,
Anae,child,ADS,Anae_215.cha,24,66,80,2.75,3.333,0.85,10,24,0.416,0.791
Anae,child,ADS,Anae_2216.cha,,,,,,,,,,
Anae,child,ADS,Anae_2428.cha,68,278,344,4.088,5.058,0.908208955,22,83,0.235,0.621
Anae,child,ADS,Anae_2529.cha,,,,,,,,,,
Anae,child,ADS,Anae_2626.cha,58,233,295,4.017,5.086,0.948430493,24,92,0.103,0.637
Anae,child,ADS,Anae_284.cha,66,252,302,3.818,4.575,0.922727273,21,81,0.06,0.731
Anae,child,ADS,Anae_2923.cha,,,,,,,,,,
Anae,child,ADS,Anae_2123.cha,9,28,32,3.111,3.555,1,3,24,0,0.636
Anae,child,ADS,Anae_21122.cha,3,14,15,4.666,5,1,0,12,0.333,0.8
Anae,child,ADS,Anae_317.cha,86,337,403,3.918,4.686,0.906727829,28,111,0.069,0.604
Anais,child,ADS,Anais_239a.cha,1,1,1,1,1,,1,1,0,0.5
Anais,child,ADS,Anais_247a.cha,53,181,227,3.415,4.283,0.908187135,14,48,0.113,0.648
Anais,child,ADS,Anais_247b.cha,37,144,178,3.891,4.81,0.913432836,4,58,0.027,0.591
Anais,child,ADS,Anais_242a.cha,,,,,,,,,,
Anais,child,ADS,Anais_242b.cha,,,,,,,,,,
Anais,child,ADS,Anais_2511a.cha,,,,,,,,,,
Anais,child,ADS,Anais_2511b.cha,,,,,,,,,,
Anais,child,ADS,Anais_2523a.cha,,,,,,,,,,
Anais,child,ADS,Anais_2525a.cha,,,,,,,,,,
Anais,child,ADS,Anais_2621a.cha,,,,,,,,,,
Anais,child,ADS,Anais_28a.cha,55,209,250,3.8,4.545,0.93718593,14,68,0.109,0.596
Anais,child,ADS,Anais_296b.cha,,,,,,,,,,
Theotime,child,ADS,Theotime_2111a.cha,,,,,,,,,,
Theotime,child,ADS,Theotime_239b.cha,22,95,126,4.318,5.727,0.918823529,3,44,0.227,0.615
Theotime,child,ADS,Theotime_2324a.cha,10,13,14,1.3,1.4,0.733333333,9,8,0,0.9
Theotime,child,ADS,Theotime_2324b.cha,,,,,,,,,,
Theotime,child,ADS,Theotime_2422a.cha,30,132,164,4.4,5.466,0.93852459,5,58,0.066,0.612
Theotime,child,ADS,Theotime_252a.cha,36,109,126,3.027,3.5,0.903030303,13,62,0.25,0.76
Theotime,child,ADS,Theotime_263a.cha,13,36,46,2.769,3.538,0.953846154,4,27,0,0.692
Theotime,child,ADS,Theotime_273a.cha,,,,,,,,,,
Theotime,child,ADS,Theotime_2112a.cha,,,,,,,,,,