Hlobohang,adult,CDS,Hlobohang-020100ab.cha,184,499,781,2.711,4.244,0.815337423,51,91,0.521,0.661
Hlobohang,adult,CDS,Hlobohang-020100cd.cha,323,781,1580,2.417,4.891,0.785732815,106,128,0.541,0.573
Hlobohang,adult,CDS,Hlobohang-020100ef.cha,87,209,335,2.402,3.85,0.808040201,26,52,0.471,0.62
Hlobohang,adult,CDS,Hlobohang-020200ab.cha,610,1694,3035,2.777,4.975,0.761342043,121,199,0.722,0.719
Hlobohang,adult,CDS,Hlobohang-020200cd.cha,315,875,1562,2.777,4.958,0.824624277,52,207,0.673,0.408
Hlobohang,adult,CDS,Hlobohang-020400ab.cha,115,299,429,2.6,3.73,0.711418685,34,51,0.652,0.513
Hlobohang,adult,CDS,Hlobohang-020400cd.cha,396,1045,1800,2.638,4.545,0.798937198,123,187,0.53,0.625
Hlobohang,adult,CDS,Hlobohang-020500ab.cha,53,162,336,3.056,6.339,0.844736842,12,54,0.415,0.653
Hlobohang,adult,CDS,Hlobohang-020500cd.cha,700,1753,3057,2.504,4.367,0.801663798,208,240,0.648,0.694
Hlobohang,adult,CDS,Hlobohang-021100ab.cha,5,18,26,3.6,5.2,0.6375,0,6,0.2,0.6
Hlobohang,adult,CDS,Hlobohang-021100cd.cha,175,492,1002,2.811,5.725,0.878215768,32,140,0.331,0.442
Hlobohang,adult,CDS,Hlobohang-020600ab.cha,66,200,383,3.03,5.803,0.888421053,12,69,0.424,0.292
Hlobohang,adult,CDS,Hlobohang-020600cd.cha,47,162,271,3.446,5.765,0.876973684,5,65,0.638,0.617
Hlobohang,adult,CDS,Hlobohang-020700ab.cha,92,280,488,3.043,5.304,0.882222222,11,106,0.51,0.406
Hlobohang,adult,CDS,Hlobohang-020700cd.cha,338,1096,1894,3.242,5.603,0.854511971,42,233,0.621,0.428
Hlobohang,adult,CDS,Hlobohang-020800ab.cha,1,2,5,2,5,,0,2,0,0
Hlobohang,adult,CDS,Hlobohang-020800cd.cha,139,414,679,2.978,4.884,0.853712871,27,122,0.561,0.522
Hlobohang,adult,CDS,Hlobohang-020800ef.cha,,,,,,,,,,
Hlobohang,adult,CDS,Hlobohang-020900ab.cha,51,159,297,3.117,5.823,0.889932886,7,54,0.745,0.74
Hlobohang,adult,CDS,Hlobohang-020900cd.cha,109,292,537,2.678,4.926,0.869148936,22,96,0.504,0.548
Hlobohang,adult,CDS,Hlobohang-020900e.cha,,,,,,,,,,
Hlobohang,adult,CDS,Hlobohang-030000ab.cha,209,615,1019,2.942,4.875,0.863966942,39,147,0.473,0.634
Hlobohang,adult,CDS,Hlobohang-030000cd.cha,146,433,798,2.965,5.465,0.880851064,38,138,0.383,0.655
Neuoe,adult,CDS,Neuoe-030800ab.cha,59,150,314,2.542,5.322,0.83,11,63,0.338,0.406
Neuoe,adult,CDS,Neuoe-030800cd.cha,,,,,,,,,,
Neuoe,adult,CDS,Neuoe-030800ef.cha,3,6,14,2,4.666666667,,1,6,0.33,0.666
Neuoe,adult,CDS,Neuoe-030900a.cha,,,,,,,,,,
Neuoe,adult,CDS,Neuoe-030900b.cha,,,,,,,,,,
Neuoe,adult,CDS,Neuoe-031000ab.cha,,,,,,,,,,
Neuoe,adult,CDS,Neuoe-031000cd.cha,95,254,488,2.673,5.136,0.839344262,25,88,0.484,0.421
Neuoe,adult,CDS,Neuoe-031000e.cha,203,501,959,2.467,4.724,0.827494908,61,126,0.64,0.561
Neuoe,adult,CDS,Neuoe-040000ab.cha,6,24,37,4,6.166,0.842857143,0,13,0.5,0.333
Neuoe,adult,CDS,Neuoe-040000cd.cha,,,,,,,,,,
Neuoe,adult,CDS,Neuoe-040100ab.cha,,,,,,,,,,
Neuoe,adult,CDS,Neuoe-040100cd.cha,,,,,,,,,,
Neuoe,adult,CDS,Neuoe-040100ef.cha,,,,,,,,,,
Neuoe,adult,CDS,Neuoe-040300ab.cha,68,201,417,2.955,6.132,0.895811518,11,79,0.573,0.287
Neuoe,adult,CDS,Neuoe-040300cd.cha,111,325,645,2.927,5.81,0.891746032,20,109,0.459,0.373
Neuoe,adult,CDS,Neuoe-040300e.cha,,,,,,,,,,
Neuoe,adult,CDS,Neuoe-040300f.cha,,,,,,,,,,
Neuoe,adult,CDS,Neuoe-040500ab.cha,4,21,34,5.25,8.5,0.972727273,0,17,0.25,0.5
Neuoe,adult,CDS,Neuoe-040500cd.cha,18,62,118,3.444,6.555,0.871153846,2,28,0.444,0.125
Neuoe,adult,CDS,Neuoe-040500e.cha,,,,,,,,,,
Neuoe,adult,CDS,Neuoe-040700ab.cha,10,42,90,4.2,9,0.878125,1,20,0.5,0
Neuoe,adult,CDS,Neuoe-040700cd.cha,,,,,,,,,,
Neuoe,adult,CDS,Neuoe-040700e.cha,,,,,,,,,,
Litlhare,adult,CDS,Litlhare-020100ab.cha,40,123,204,3.075,5.1,0.863716814,11,46,0.35,0.358
Litlhare,adult,CDS,Litlhare-020100cd.cha,,,,,,,,,,
Litlhare,adult,CDS,Litlhare-020100ef.cha,,,,,,,,,,
Litlhare,adult,CDS,Litlhare-020200ab.cha,27,69,133,2.555,4.925,0.83559322,10,24,0.444,0.64
Litlhare,adult,CDS,Litlhare-020200cd.cha,,,,,,,,,,
Litlhare,adult,CDS,Litlhare-020400ab.cha,,,,,,,,,,
Litlhare,adult,CDS,Litlhare-020400cd.cha,4,11,22,2.75,5.5,1,0,11,0.5,1
Litlhare,adult,CDS,Litlhare-020500ab.cha,27,50,107,1.851,3.962,0.8425,15,19,0.74,0.666
Litlhare,adult,CDS,Litlhare-020500cd.cha,43,86,182,2,4.232,0.946052632,19,46,0.372,0.878
Litlhare,adult,CDS,Litlhare-020500ef.cha,52,133,266,2.557,5.115,0.816260163,13,48,0.288,0.745
Litlhare,adult,CDS,Litlhare-030000ab.cha,6,12,29,2,4.833,0.6,2,5,0.166,0.333
Litlhare,adult,CDS,Litlhare-030000cd.cha,,,,,,,,,,
Litlhare,adult,CDS,Litlhare-020600ab.cha,27,82,137,3.037,5.074,0.827777778,1,22,0.777,0.481
Litlhare,adult,CDS,Litlhare-020600cd.cha,,,,,,,,,,
Litlhare,adult,CDS,Litlhare-020600e.cha,,,,,,,,,,
Litlhare,adult,CDS,Litlhare-020800ab.cha,,,,,,,,,,
Litlhare,adult,CDS,Litlhare-020800cd.cha,2,9,13,4.5,6.5,,0,9,,0
Litlhare,adult,CDS,Litlhare-020900ab.cha,,,,,,,,,,
Litlhare,adult,CDS,Litlhare-020900cd.cha,,,,,,,,,,
Litlhare,adult,CDS,Litlhare-021000ab.cha,11,30,45,2.727,4.09,0.895,1,21,0.363,0.454
Litlhare,adult,CDS,Litlhare-021000cd.cha,,,,,,,,,,
Litlhare,adult,CDS,Litlhare-030200ab.cha,10,32,59,3.2,5.9,0.854545455,1,20,0.5,0.6
Litlhare,adult,CDS,Litlhare-030200cd.cha,11,34,75,3.09,6.818,0.925,3,22,0,0.1
Hlobohang,adult,OCDS,Hlobohang-020100ab.cha,15,43,78,2.866,5.2,0.978787879,3,35,0.333,0.466
Hlobohang,adult,OCDS,Hlobohang-020100cd.cha,20,58,115,2.9,5.75,0.845833333,4,32,0.2,0.1
Hlobohang,adult,OCDS,Hlobohang-020100ef.cha,50,139,243,2.78,4.86,0.843410853,11,53,0.2,0.333
Hlobohang,adult,OCDS,Hlobohang-020200ab.cha,17,53,87,3.117,5.117,0.913953488,6,33,0.235,0.47
Hlobohang,adult,OCDS,Hlobohang-020200cd.cha,33,126,227,3.818,6.878,0.951724138,2,65,0.151,0.312
Hlobohang,adult,OCDS,Hlobohang-020400ab.cha,20,67,131,3.35,6.55,0.863157895,6,33,0.2,0.45
Hlobohang,adult,OCDS,Hlobohang-020400cd.cha,29,86,160,2.965,5.517,0.957894737,5,45,0.172,0.37
Hlobohang,adult,OCDS,Hlobohang-020500ab.cha,10,25,51,2.5,5.1,0.893333333,1,19,0.1,0.6
Hlobohang,adult,OCDS,Hlobohang-020500cd.cha,34,108,238,3.176,7,0.926530612,7,61,0.323,0.205
Hlobohang,adult,OCDS,Hlobohang-021100ab.cha,,,,,,,,,,
Hlobohang,adult,OCDS,Hlobohang-021100cd.cha,20,57,106,2.85,5.3,0.823404255,2,27,0.05,0.1
Hlobohang,adult,OCDS,Hlobohang-020600ab.cha,5,15,27,3,5.4,0.88,1,11,0.2,0.2
Hlobohang,adult,OCDS,Hlobohang-020600cd.cha,3,7,13,2.333333333,4.333333333,,1,5,0,0
Hlobohang,adult,OCDS,Hlobohang-020700ab.cha,24,78,156,3.25,6.5,0.919117647,2,51,0.291,0.181
Hlobohang,adult,OCDS,Hlobohang-020700cd.cha,23,90,136,3.913,5.913,0.8725,0,39,0.478,0.26
Hlobohang,adult,OCDS,Hlobohang-020800ab.cha,,,,,,,,,,
Hlobohang,adult,OCDS,Hlobohang-020800cd.cha,4,12,20,3,5,1,1,8,0.5,0.25
Hlobohang,adult,OCDS,Hlobohang-020800ef.cha,,,,,,,,,,
Hlobohang,adult,OCDS,Hlobohang-020900ab.cha,,,,,,,,,,
Hlobohang,adult,OCDS,Hlobohang-020900cd.cha,22,51,103,2.318,4.681,0.929268293,6,21,0.5,0.59
Hlobohang,adult,OCDS,Hlobohang-020900e.cha,,,,,,,,,,
Hlobohang,adult,OCDS,Hlobohang-030000ab.cha,,,,,,,,,,
Hlobohang,adult,OCDS,Hlobohang-030000cd.cha,6,15,33,2.5,5.5,0.98,1,12,0.333,0.333
Neuoe,adult,OCDS,Neuoe-030800ab.cha,118,279,612,2.364,5.186,0.910037175,36,120,0.474,0.294
Neuoe,adult,OCDS,Neuoe-030800cd.cha,19,56,110,2.947,5.789,0.869565217,4,30,0.421,0.421
Neuoe,adult,OCDS,Neuoe-030800ef.cha,16,43,86,2.687,5.375,0.821212121,3,22,0.312,0.466
Neuoe,adult,OCDS,Neuoe-030900a.cha,,,,,,,,,,
Neuoe,adult,OCDS,Neuoe-030900b.cha,5,18,39,3.6,7.8,0.925,0,14,0.6,0.6
Neuoe,adult,OCDS,Neuoe-031000ab.cha,3,14,29,4.666,9.666,1,0,12,1,0.666
Neuoe,adult,OCDS,Neuoe-031000cd.cha,225,587,1196,2.608,5.315,0.884055459,50,198,0.56,0.45
Neuoe,adult,OCDS,Neuoe-031000e.cha,91,265,445,2.912,4.89,0.851764706,17,69,0.428,0.329
Neuoe,adult,OCDS,Neuoe-040000ab.cha,19,53,105,2.789,5.526,0.874418605,6,32,0.684,0.578
Neuoe,adult,OCDS,Neuoe-040000cd.cha,,,,,,,,,,
Neuoe,adult,OCDS,Neuoe-040100ab.cha,8,23,52,2.875,6.5,0.953846154,2,19,0.25,0.5
Neuoe,adult,OCDS,Neuoe-040100cd.cha,1,3,13,3,13,,1,3,0.5,0.5
Neuoe,adult,OCDS,Neuoe-040100ef.cha,,,,,,,,,,
Neuoe,adult,OCDS,Neuoe-040300ab.cha,44,130,257,2.954,5.84,0.878333333,8,50,0.386,0.25
Neuoe,adult,OCDS,Neuoe-040300cd.cha,156,584,1113,3.743,7.134,0.928397213,19,161,0.403,0.388
Neuoe,adult,OCDS,Neuoe-040300e.cha,,,,,,,,,,
Neuoe,adult,OCDS,Neuoe-040300f.cha,1,2,6,2,6,,0,2,0,1
Neuoe,adult,OCDS,Neuoe-040500ab.cha,6,20,37,3.333,6.166,0.78,0,8,0.5,0.333
Neuoe,adult,OCDS,Neuoe-040500cd.cha,20,66,113,3.3,5.65,0.901785714,3,39,0.2,0.631
Neuoe,adult,OCDS,Neuoe-040500e.cha,4,9,18,2.25,4.5,,0,7,0,0.75
Neuoe,adult,OCDS,Neuoe-040700ab.cha,2,9,16,4.5,8,,0,7,0,0
Neuoe,adult,OCDS,Neuoe-040700cd.cha,1,4,8,4,8,,0,4,0,0
Neuoe,adult,OCDS,Neuoe-040700e.cha,8,27,51,3.375,6.375,0.917647059,1,14,0.125,0
Litlhare,adult,OCDS,Litlhare-020100ab.cha,14,59,118,4.214,8.428,0.920408163,1,32,0.285,0.714
Litlhare,adult,OCDS,Litlhare-020100cd.cha,,,,,,,,,,
Litlhare,adult,OCDS,Litlhare-020100ef.cha,,,,,,,,,,
Litlhare,adult,OCDS,Litlhare-020200ab.cha,,,,,,,,,,
Litlhare,adult,OCDS,Litlhare-020200cd.cha,,,,,,,,,,
Litlhare,adult,OCDS,Litlhare-020400ab.cha,,,,,,,,,,
Litlhare,adult,OCDS,Litlhare-020400cd.cha,,,,,,,,,,
Litlhare,adult,OCDS,Litlhare-020500ab.cha,1,2,6,2,6,,0,2,0,1
Litlhare,adult,OCDS,Litlhare-020500cd.cha,10,44,84,4.4,8.4,0.897058824,0,24,0.2,0.333
Litlhare,adult,OCDS,Litlhare-020500ef.cha,,,,,,,,,,
Litlhare,adult,OCDS,Litlhare-030000ab.cha,,,,,,,,,,
Litlhare,adult,OCDS,Litlhare-030000cd.cha,,,,,,,,,,
Litlhare,adult,OCDS,Litlhare-020600ab.cha,,,,,,,,,,
Litlhare,adult,OCDS,Litlhare-020600cd.cha,,,,,,,,,,
Litlhare,adult,OCDS,Litlhare-020600e.cha,,,,,,,,,,
Litlhare,adult,OCDS,Litlhare-020800ab.cha,,,,,,,,,,
Litlhare,adult,OCDS,Litlhare-020800cd.cha,,,,,,,,,,
Litlhare,adult,OCDS,Litlhare-020900ab.cha,,,,,,,,,,
Litlhare,adult,OCDS,Litlhare-020900cd.cha,,,,,,,,,,
Litlhare,adult,OCDS,Litlhare-021000ab.cha,,,,,,,,,,
Litlhare,adult,OCDS,Litlhare-021000cd.cha,,,,,,,,,,
Litlhare,adult,OCDS,Litlhare-030200ab.cha,2,7,11,3.5,5.5,,0,5,0,0
Litlhare,adult,OCDS,Litlhare-030200cd.cha,2,4,4,2,2,,0,2,0,0
Hlobohang,adult,ADS,Hlobohang-020100ab.cha,3,6,16,2,5.333333333,,1,6,0,0.333
Hlobohang,adult,ADS,Hlobohang-020100cd.cha,5,19,38,3.8,7.6,0.766666667,0,7,0.4,0.2
Hlobohang,adult,ADS,Hlobohang-020100ef.cha,19,48,113,2.526,5.947,0.936842105,4,34,0.21,0.368
Hlobohang,adult,ADS,Hlobohang-020200ab.cha,1,1,1,1,1,,1,1,0,1
Hlobohang,adult,ADS,Hlobohang-020200cd.cha,,,,,,,,,,
Hlobohang,adult,ADS,Hlobohang-020400ab.cha,,,,,,,,,,
Hlobohang,adult,ADS,Hlobohang-020400cd.cha,6,18,43,3,7.166,0.9875,2,16,0.5,0.666
Hlobohang,adult,ADS,Hlobohang-020500ab.cha,3,12,21,4,7,1,0,12,0.666,1
Hlobohang,adult,ADS,Hlobohang-020500cd.cha,6,23,44,3.833,7.333,0.961538462,0,15,0.5,0.2
Hlobohang,adult,ADS,Hlobohang-021100ab.cha,,,,,,,,,,
Hlobohang,adult,ADS,Hlobohang-021100cd.cha,,,,,,,,,,
Hlobohang,adult,ADS,Hlobohang-020600ab.cha,3,11,24,3.666,8,0.9,0,9,0,0.666
Hlobohang,adult,ADS,Hlobohang-020600cd.cha,,,,,,,,,,
Hlobohang,adult,ADS,Hlobohang-020700ab.cha,6,26,53,4.333,8.833,0.91875,0,16,0.333,0
Hlobohang,adult,ADS,Hlobohang-020700cd.cha,4,14,25,3.5,6.25,0.825,1,8,0,0.5
Hlobohang,adult,ADS,Hlobohang-020800ab.cha,,,,,,,,,,
Hlobohang,adult,ADS,Hlobohang-020800cd.cha,,,,,,,,,,
Hlobohang,adult,ADS,Hlobohang-020800ef.cha,,,,,,,,,,
Hlobohang,adult,ADS,Hlobohang-020900ab.cha,,,,,,,,,,
Hlobohang,adult,ADS,Hlobohang-020900cd.cha,,,,,,,,,,
Hlobohang,adult,ADS,Hlobohang-020900e.cha,,,,,,,,,,
Hlobohang,adult,ADS,Hlobohang-030000ab.cha,5,14,32,2.8,6.4,1,1,14,0.4,0.2
Hlobohang,adult,ADS,Hlobohang-030000cd.cha,,,,,,,,,,
Neuoe,adult,ADS,Neuoe-030800ab.cha,,,,,,,,,,
Neuoe,adult,ADS,Neuoe-030800cd.cha,,,,,,,,,,
Neuoe,adult,ADS,Neuoe-030800ef.cha,,,,,,,,,,
Neuoe,adult,ADS,Neuoe-030900a.cha,,,,,,,,,,
Neuoe,adult,ADS,Neuoe-030900b.cha,,,,,,,,,,
Neuoe,adult,ADS,Neuoe-031000ab.cha,,,,,,,,,,
Neuoe,adult,ADS,Neuoe-031000cd.cha,10,30,56,3,5.6,0.86,2,19,0.6,0.8
Neuoe,adult,ADS,Neuoe-031000e.cha,5,13,32,2.6,6.4,0.9,2,11,0.6,0
Neuoe,adult,ADS,Neuoe-040000ab.cha,,,,,,,,,,
Neuoe,adult,ADS,Neuoe-040000cd.cha,,,,,,,,,,
Neuoe,adult,ADS,Neuoe-040100ab.cha,,,,,,,,,,1
Neuoe,adult,ADS,Neuoe-040100cd.cha,,,,,,,,,,
Neuoe,adult,ADS,Neuoe-040100ef.cha,,,,,,,,,,
Neuoe,adult,ADS,Neuoe-040300ab.cha,1,5,14,5,14,,0,3,0,0
Neuoe,adult,ADS,Neuoe-040300cd.cha,,,,,,,,,,
Neuoe,adult,ADS,Neuoe-040300e.cha,,,,,,,,,,
Neuoe,adult,ADS,Neuoe-040300f.cha,,,,,,,,,,
Neuoe,adult,ADS,Neuoe-040500ab.cha,,,,,,,,,,
Neuoe,adult,ADS,Neuoe-040500cd.cha,,,,,,,,,,
Neuoe,adult,ADS,Neuoe-040500e.cha,,,,,,,,,,
Neuoe,adult,ADS,Neuoe-040700ab.cha,,,,,,,,,,
Neuoe,adult,ADS,Neuoe-040700cd.cha,,,,,,,,,,
Neuoe,adult,ADS,Neuoe-040700e.cha,,,,,,,,,,
Litlhare,adult,ADS,Litlhare-020100ab.cha,37,122,245,3.297,6.621,0.947321429,8,55,0.243,0.243
Litlhare,adult,ADS,Litlhare-020100cd.cha,,,,,,,,,,
Litlhare,adult,ADS,Litlhare-020100ef.cha,,,,,,,,,,
Litlhare,adult,ADS,Litlhare-020200ab.cha,,,,,,,,,,
Litlhare,adult,ADS,Litlhare-020200cd.cha,,,,,,,,,,
Litlhare,adult,ADS,Litlhare-020400ab.cha,,,,,,,,,,
Litlhare,adult,ADS,Litlhare-020400cd.cha,,,,,,,,,,
Litlhare,adult,ADS,Litlhare-020500ab.cha,,,,,,,,,,
Litlhare,adult,ADS,Litlhare-020500cd.cha,,,,,,,,,,
Litlhare,adult,ADS,Litlhare-020500ef.cha,1,1,4,1,4,,1,1,0,1
Litlhare,adult,ADS,Litlhare-030000ab.cha,,,,,,,,,,
Litlhare,adult,ADS,Litlhare-030000cd.cha,,,,,,,,,,
Litlhare,adult,ADS,Litlhare-020600ab.cha,1,4,9,4,9,,0,4,0,1
Litlhare,adult,ADS,Litlhare-020600cd.cha,,,,,,,,,,
Litlhare,adult,ADS,Litlhare-020600e.cha,,,,,,,,,,
Litlhare,adult,ADS,Litlhare-020800ab.cha,,,,,,,,,,
Litlhare,adult,ADS,Litlhare-020800cd.cha,,,,,,,,,,
Litlhare,adult,ADS,Litlhare-020900ab.cha,,,,,,,,,,
Litlhare,adult,ADS,Litlhare-020900cd.cha,,,,,,,,,,
Litlhare,adult,ADS,Litlhare-021000ab.cha,,,,,,,,,,
Litlhare,adult,ADS,Litlhare-021000cd.cha,,,,,,,,,,
Litlhare,adult,ADS,Litlhare-030200ab.cha,5,26,47,5.2,9.4,0.925,1,18,0,0.4
Litlhare,adult,ADS,Litlhare-030200cd.cha,,,,,,,,,,
Hlobohang,mother,CDS,Hlobohang-020100ab.cha,175,376,650,2.148,3.714,0.730327869,65,45,0.691,0.537
Hlobohang,mother,CDS,Hlobohang-020100cd.cha,53,153,259,2.886,4.886,0.816783217,6,32,0.584,0.66
Hlobohang,mother,CDS,Hlobohang-020100ef.cha,125,287,509,2.296,4.072,0.850180505,52,87,0.576,0.446
Hlobohang,mother,CDS,Hlobohang-020200ab.cha,78,197,378,2.525,4.846,0.831016043,22,58,0.435,0.571
Hlobohang,mother,CDS,Hlobohang-020200cd.cha,,,,,,,,,,
Hlobohang,mother,CDS,Hlobohang-020400ab.cha,49,118,247,2.408,5.04,0.92037037,15,56,0.448,0.5
Hlobohang,mother,CDS,Hlobohang-020400cd.cha,12,30,58,2.5,4.833,0.89,3,16,0.75,0.583
Hlobohang,mother,CDS,Hlobohang-020500ab.cha,37,108,208,2.918,5.621,0.835714286,7,47,0.432,0.513
Hlobohang,mother,CDS,Hlobohang-020500cd.cha,58,150,268,2.586,4.62,0.743571429,13,32,0.379,0.596
Hlobohang,mother,CDS,Hlobohang-021100ab.cha,84,237,443,2.821,5.273,0.814096916,15,70,0.333,0.585
Hlobohang,mother,CDS,Hlobohang-021100cd.cha,92,258,530,2.804,5.76,0.870564516,21,133,0.423,0.467
Hlobohang,mother,CDS,Hlobohang-020600ab.cha,166,451,917,2.716,5.524,0.875283447,46,140,0.415,0.596
Hlobohang,mother,CDS,Hlobohang-020600cd.cha,36,99,208,2.75,5.777,0.942696629,11,54,0.111,0.222
Hlobohang,mother,CDS,Hlobohang-020700ab.cha,29,77,149,2.655,5.137,0.873134328,4,37,0.724,0.4
Hlobohang,mother,CDS,Hlobohang-020700cd.cha,42,126,202,3,4.809,0.905172414,7,53,0.547,0.536
Hlobohang,mother,CDS,Hlobohang-020800ab.cha,9,30,40,3.333,4.444,0.91,2,16,0.333,0.285
Hlobohang,mother,CDS,Hlobohang-020800cd.cha,135,347,592,2.57,4.385,0.791988131,38,99,0.733,0.567
Hlobohang,mother,CDS,Hlobohang-020800ef.cha,306,826,1326,2.699,4.333,0.770588235,79,163,0.411,0.614
Hlobohang,mother,CDS,Hlobohang-020900ab.cha,,,,,,,,,,
Hlobohang,mother,CDS,Hlobohang-020900cd.cha,,,,,,,,,,
Hlobohang,mother,CDS,Hlobohang-020900e.cha,,,,,,,,,,
Hlobohang,mother,CDS,Hlobohang-030000ab.cha,37,100,165,2.702,4.459,0.847777778,12,46,0.216,0.638
Hlobohang,mother,CDS,Hlobohang-030000cd.cha,19,52,97,2.736,5.105,0.845238095,4,26,0.578,0.842
Neuoe,mother,CDS,Neuoe-030800ab.cha,,,,,,,,,,
Neuoe,mother,CDS,Neuoe-030800cd.cha,17,50,93,2.941,5.47,0.9225,7,26,0.176,0
Neuoe,mother,CDS,Neuoe-030800ef.cha,,,,,,,,,,
Neuoe,mother,CDS,Neuoe-030900a.cha,9,26,46,2.888,5.111,0.88125,4,16,0.555,0.333
Neuoe,mother,CDS,Neuoe-030900b.cha,,,,,,,,,,
Neuoe,mother,CDS,Neuoe-031000ab.cha,,,,,,,,,,
Neuoe,mother,CDS,Neuoe-031000cd.cha,,,,,,,,,,
Neuoe,mother,CDS,Neuoe-031000e.cha,,,,,,,,,,
Neuoe,mother,CDS,Neuoe-040000ab.cha,6,20,38,3.333,6.333,1,1,20,0.333,0.166
Neuoe,mother,CDS,Neuoe-040000cd.cha,15,48,90,3.2,6,0.889473684,3,30,0.533,0.4
Neuoe,mother,CDS,Neuoe-040100ab.cha,200,484,1034,2.42,5.17,0.869831224,52,165,0.48,0.494
Neuoe,mother,CDS,Neuoe-040100cd.cha,26,85,157,3.269,6.038,0.841333333,4,20,0.576,0.36
Neuoe,mother,CDS,Neuoe-040100ef.cha,4,14,25,3.5,6.25,0.925,1,11,0.5,0
Neuoe,mother,CDS,Neuoe-040300ab.cha,46,145,246,3.152,5.347,0.868888889,8,58,0.76,0.521
Neuoe,mother,CDS,Neuoe-040300cd.cha,,,,,,,,,,
Neuoe,mother,CDS,Neuoe-040300e.cha,60,197,411,3.283,6.85,0.939572193,11,99,0.566,0.625
Neuoe,mother,CDS,Neuoe-040300f.cha,15,48,90,3.2,6,0.923684211,1,31,0.533,0.533
Neuoe,mother,CDS,Neuoe-040500ab.cha,28,102,225,3.642,8.035,0.90326087,4,62,0.321,0.296
Neuoe,mother,CDS,Neuoe-040500cd.cha,33,145,279,4.393,8.454,0.903703704,1,55,0.393,0.06
Neuoe,mother,CDS,Neuoe-040500e.cha,3,12,24,4,8,0.9,0,8,0.333,0.5
Neuoe,mother,CDS,Neuoe-040700ab.cha,30,124,241,4.133,8.033,0.971052632,3,87,0.366,0.2
Neuoe,mother,CDS,Neuoe-040700cd.cha,9,54,95,6,10.555,0.906818182,0,31,0.222,0.375
Neuoe,mother,CDS,Neuoe-040700e.cha,12,40,92,3.333,7.666,0.946666667,0,33,0.25,0.363
Litlhare,mother,CDS,Litlhare-020100ab.cha,275,610,1104,2.218,4.014,0.825,97,136,0.381,0.575
Litlhare,mother,CDS,Litlhare-020100cd.cha,541,1153,2064,2.131,3.815,0.806299213,231,237,0.441,0.571
Litlhare,mother,CDS,Litlhare-020100ef.cha,152,319,634,2.098,4.171,0.874433657,68,113,0.473,0.653
Litlhare,mother,CDS,Litlhare-020200ab.cha,459,1047,1888,2.281,4.113,0.843394407,173,249,0.374,0.792
Litlhare,mother,CDS,Litlhare-020200cd.cha,294,651,1264,2.214,4.299,0.886115445,116,185,0.418,0.73
Litlhare,mother,CDS,Litlhare-020400ab.cha,451,1101,2148,2.441,4.762,0.889917507,148,282,0.419,0.668
Litlhare,mother,CDS,Litlhare-020400cd.cha,140,360,676,2.571,4.828,0.899714286,31,122,0.142,0.444
Litlhare,mother,CDS,Litlhare-020500ab.cha,,,,,,,,,,
Litlhare,mother,CDS,Litlhare-020500cd.cha,31,93,158,3,5.096,0.843373494,4,38,0.483,0.724
Litlhare,mother,CDS,Litlhare-020500ef.cha,254,608,1106,2.393,4.354,0.859531773,110,192,0.44,0.786
Litlhare,mother,CDS,Litlhare-030000ab.cha,250,626,1269,2.504,5.076,0.912175325,91,228,0.476,0.634
Litlhare,mother,CDS,Litlhare-030000cd.cha,291,752,1419,2.584,4.876,0.900134771,92,261,0.381,0.529
Litlhare,mother,CDS,Litlhare-020600ab.cha,610,1599,3110,2.621,5.098,0.89811202,169,390,0.383,0.639
Litlhare,mother,CDS,Litlhare-020600cd.cha,332,887,1758,2.671,5.295,0.887685291,82,251,0.382,0.542
Litlhare,mother,CDS,Litlhare-020600e.cha,26,65,115,2.5,4.423,0.887272727,8,38,0.115,0.32
Litlhare,mother,CDS,Litlhare-020800ab.cha,,,18,,,,,,,0.8
Litlhare,mother,CDS,Litlhare-020800cd.cha,,,,,,,,,,
Litlhare,mother,CDS,Litlhare-020900ab.cha,245,609,1139,2.485,4.648,0.848747913,102,178,0.485,0.665
Litlhare,mother,CDS,Litlhare-020900cd.cha,40,102,228,2.55,5.7,0.938043478,14,55,0.675,0.621
Litlhare,mother,CDS,Litlhare-021000ab.cha,,,,,,,,,,
Litlhare,mother,CDS,Litlhare-021000cd.cha,,,,,,,,,,
Litlhare,mother,CDS,Litlhare-030200ab.cha,389,1229,2292,3.159,5.892,0.89704676,70,328,0.38,0.523
Litlhare,mother,CDS,Litlhare-030200cd.cha,314,901,1646,2.869,5.242,0.892255892,70,277,0.366,0.617
Hlobohang,mother,OCDS,Hlobohang-020100ab.cha,1,2,4,2,4,,0,2,1,1
Hlobohang,mother,OCDS,Hlobohang-020100cd.cha,4,12,27,3,6.75,0.9,1,10,0.5,0
Hlobohang,mother,OCDS,Hlobohang-020100ef.cha,20,47,96,2.35,4.8,0.924324324,4,32,0.3,0.35
Hlobohang,mother,OCDS,Hlobohang-020200ab.cha,3,8,20,2.666666667,6.666666667,,1,8,0.3,0.333
Hlobohang,mother,OCDS,Hlobohang-020200cd.cha,,,,,,,,,,
Hlobohang,mother,OCDS,Hlobohang-020400ab.cha,10,31,59,3.1,5.9,0.928571429,0,26,0.3,0.5
Hlobohang,mother,OCDS,Hlobohang-020400cd.cha,1,2,5,2,5,,0,2,1,1
Hlobohang,mother,OCDS,Hlobohang-020500ab.cha,7,22,37,3.142,5.285,0.966666667,2,18,0.285,0.571
Hlobohang,mother,OCDS,Hlobohang-020500cd.cha,4,11,20,2.75,5,1,1,11,0.5,0.5
Hlobohang,mother,OCDS,Hlobohang-021100ab.cha,6,23,39,3.833,6.5,0.930769231,0,17,0,0.166
Hlobohang,mother,OCDS,Hlobohang-021100cd.cha,3,12,23,4,7.666,0.8,0,8,0,0
Hlobohang,mother,OCDS,Hlobohang-020600ab.cha,12,37,66,3.083,5.5,0.862962963,3,18,0.416,0.166
Hlobohang,mother,OCDS,Hlobohang-020600cd.cha,18,47,87,2.611,4.833,0.937837838,3,25,0.611,0.222
Hlobohang,mother,OCDS,Hlobohang-020700ab.cha,3,12,19,4,6.333,0.95,1,10,0,0.333
Hlobohang,mother,OCDS,Hlobohang-020700cd.cha,8,23,51,2.875,6.375,0.876923077,1,15,0.25,0
Hlobohang,mother,OCDS,Hlobohang-020800ab.cha,5,20,26,4,5.2,0.97,2,14,0,0.4
Hlobohang,mother,OCDS,Hlobohang-020800cd.cha,2,3,7,1.5,3.5,,1,3,1,0
Hlobohang,mother,OCDS,Hlobohang-020800ef.cha,7,23,40,3.285,5.714,0.853846154,1,15,0.428,0.142
Hlobohang,mother,OCDS,Hlobohang-020900ab.cha,,,,,,,,,,
Hlobohang,mother,OCDS,Hlobohang-020900cd.cha,,,,,,,,,,
Hlobohang,mother,OCDS,Hlobohang-020900e.cha,,,,,,,,,,
Hlobohang,mother,OCDS,Hlobohang-030000ab.cha,1,2,6,2,6,,0,2,0,0
Hlobohang,mother,OCDS,Hlobohang-030000cd.cha,,,,,,,,,,
Neuoe,mother,OCDS,Neuoe-030800ab.cha,16,40,70,2.5,4.375,0.893333333,5,25,0.187,0.312
Neuoe,mother,OCDS,Neuoe-030800cd.cha,62,197,398,3.177,6.419,0.921390374,12,79,0.435,0.689
Neuoe,mother,OCDS,Neuoe-030800ef.cha,82,226,475,2.756,5.792,0.875925926,22,94,0.414,0.555
Neuoe,mother,OCDS,Neuoe-030900a.cha,38,99,202,2.605,5.315,0.830337079,6,36,0.342,0.421
Neuoe,mother,OCDS,Neuoe-030900b.cha,61,150,303,2.459,4.967,0.880714286,24,73,0.557,0.65
Neuoe,mother,OCDS,Neuoe-031000ab.cha,369,984,1953,2.666,5.292,0.90174538,111,280,0.411,0.709
Neuoe,mother,OCDS,Neuoe-031000cd.cha,169,447,877,2.644,5.189,0.9,42,165,0.325,0.686
Neuoe,mother,OCDS,Neuoe-031000e.cha,5,15,27,3,5.4,0.82,0,9,0.4,0.2
Neuoe,mother,OCDS,Neuoe-040000ab.cha,78,245,448,3.141,5.743,0.882978723,16,91,0.487,0.526
Neuoe,mother,OCDS,Neuoe-040000cd.cha,179,536,1047,2.994,5.849,0.882509506,39,166,0.435,0.577
Neuoe,mother,OCDS,Neuoe-040100ab.cha,342,973,1991,2.845,5.821,0.919314642,72,256,0.307,0.367
Neuoe,mother,OCDS,Neuoe-040100cd.cha,91,303,588,3.329,6.461,0.903412969,15,121,0.395,0.44
Neuoe,mother,OCDS,Neuoe-040100ef.cha,55,186,371,3.381,6.745,0.933522727,5,77,0.163,0.403
Neuoe,mother,OCDS,Neuoe-040300ab.cha,125,433,870,3.464,6.96,0.912056738,14,151,0.384,0.355
Neuoe,mother,OCDS,Neuoe-040300cd.cha,,,,,,,,,,
Neuoe,mother,OCDS,Neuoe-040300e.cha,40,112,223,2.8,5.575,0.907843137,5,61,0.4,0.487
Neuoe,mother,OCDS,Neuoe-040300f.cha,47,176,348,3.744,7.404,0.957228916,8,88,0.212,0.391
Neuoe,mother,OCDS,Neuoe-040500ab.cha,52,195,392,3.75,7.538,0.934054054,10,102,0.25,0.468
Neuoe,mother,OCDS,Neuoe-040500cd.cha,33,97,185,2.939,5.606,0.952873563,7,60,0.515,0.656
Neuoe,mother,OCDS,Neuoe-040500e.cha,,,,,,,,,,
Neuoe,mother,OCDS,Neuoe-040700ab.cha,47,205,368,4.361,7.829,0.94974359,1,87,0.276,0.369
Neuoe,mother,OCDS,Neuoe-040700cd.cha,31,131,247,4.225,7.967,0.93553719,1,68,0.354,0.3
Neuoe,mother,OCDS,Neuoe-040700e.cha,26,108,196,4.153,7.538,0.890816327,3,43,0.23,0.346
Litlhare,mother,OCDS,Litlhare-020100ab.cha,6,18,39,3,6.5,1,2,18,0,0.166
Litlhare,mother,OCDS,Litlhare-020100cd.cha,25,68,131,2.72,5.24,0.90862069,7,38,0.2,0.291
Litlhare,mother,OCDS,Litlhare-020100ef.cha,26,74,132,2.846,5.076,0.946875,9,45,0.461,0.538
Litlhare,mother,OCDS,Litlhare-020200ab.cha,,,19,,,,,,,0.833
Litlhare,mother,OCDS,Litlhare-020200cd.cha,4,11,19,2.75,4.75,0.9,0,9,0,0.25
Litlhare,mother,OCDS,Litlhare-020400ab.cha,61,153,299,2.508,4.901,0.92027972,19,81,0.18,0.311
Litlhare,mother,OCDS,Litlhare-020400cd.cha,27,78,163,2.888,6.037,0.944117647,6,50,0.111,0.346
Litlhare,mother,OCDS,Litlhare-020500ab.cha,,,,,,,,,,
Litlhare,mother,OCDS,Litlhare-020500cd.cha,9,33,58,3.666,6.444,0.965217391,1,25,0.222,0.333
Litlhare,mother,OCDS,Litlhare-020500ef.cha,,,,,,,,,,
Litlhare,mother,OCDS,Litlhare-030000ab.cha,14,52,110,3.714,7.857,0.871428571,5,29,0.285,0.285
Litlhare,mother,OCDS,Litlhare-030000cd.cha,47,173,321,3.68,6.829,0.936809816,13,94,0.234,0.276
Litlhare,mother,OCDS,Litlhare-020600ab.cha,,,,,,,,,,
Litlhare,mother,OCDS,Litlhare-020600cd.cha,39,116,219,2.974,5.615,0.911320755,8,62,0.307,0.333
Litlhare,mother,OCDS,Litlhare-020600e.cha,,,,,,,,,,
Litlhare,mother,OCDS,Litlhare-020800ab.cha,2,7,11,3.5,5.5,,0,7,0,0.5
Litlhare,mother,OCDS,Litlhare-020800cd.cha,,,,,,,,,,
Litlhare,mother,OCDS,Litlhare-020900ab.cha,14,33,53,2.357,3.785,0.873913043,3,19,0.428,0.5
Litlhare,mother,OCDS,Litlhare-020900cd.cha,,,,,,,,,,
Litlhare,mother,OCDS,Litlhare-021000ab.cha,,,,,,,,,,
Litlhare,mother,OCDS,Litlhare-021000cd.cha,,,,,,,,,,
Litlhare,mother,OCDS,Litlhare-030200ab.cha,18,61,105,3.388,5.833,0.894117647,1,31,0.5,0.222
Litlhare,mother,OCDS,Litlhare-030200cd.cha,25,86,182,3.44,7.28,0.968421053,6,60,0.28,0.2
Hlobohang,mother,ADS,Hlobohang-020100ab.cha,2,7,15,3.5,7.5,,0,7,0.5,1
Hlobohang,mother,ADS,Hlobohang-020100cd.cha,1,4,6,4,6,,0,4,1,1
Hlobohang,mother,ADS,Hlobohang-020100ef.cha,6,14,34,2.333,5.666,1,2,14,0.333,0.4
Hlobohang,mother,ADS,Hlobohang-020200ab.cha,4,8,23,2,5.75,,1,8,0,0.5
Hlobohang,mother,ADS,Hlobohang-020200cd.cha,,,,,,,,,,
Hlobohang,mother,ADS,Hlobohang-020400ab.cha,,,,,,,,,,
Hlobohang,mother,ADS,Hlobohang-020400cd.cha,3,29,56,9.666,18.666,0.957894737,0,18,0.333,0.333
Hlobohang,mother,ADS,Hlobohang-020500ab.cha,1,4,11,4,11,,0,4,0,0
Hlobohang,mother,ADS,Hlobohang-020500cd.cha,2,8,14,4,7,,0,8,1,1
Hlobohang,mother,ADS,Hlobohang-021100ab.cha,1,2,2,2,2,,0,2,0,0
Hlobohang,mother,ADS,Hlobohang-021100cd.cha,1,3,10,3,10,,0,3,0,1
Hlobohang,mother,ADS,Hlobohang-020600ab.cha,1,2,2,2,2,,0,2,1,0
Hlobohang,mother,ADS,Hlobohang-020600cd.cha,,,,,,,,,,
Hlobohang,mother,ADS,Hlobohang-020700ab.cha,2,3,9,1.5,4.5,,1,3,0,0
Hlobohang,mother,ADS,Hlobohang-020700cd.cha,,,,,,,,,,
Hlobohang,mother,ADS,Hlobohang-020800ab.cha,,,,,,,,,,
Hlobohang,mother,ADS,Hlobohang-020800cd.cha,,,,,,,,,,
Hlobohang,mother,ADS,Hlobohang-020800ef.cha,,,,,,,,,,
Hlobohang,mother,ADS,Hlobohang-020900ab.cha,,,,,,,,,,
Hlobohang,mother,ADS,Hlobohang-020900cd.cha,,,,,,,,,,
Hlobohang,mother,ADS,Hlobohang-020900e.cha,,,,,,,,,,
Hlobohang,mother,ADS,Hlobohang-030000ab.cha,,,,,,,,,,
Hlobohang,mother,ADS,Hlobohang-030000cd.cha,,,,,,,,,,
Neuoe,mother,ADS,Neuoe-030800ab.cha,,,,,,,,,,
Neuoe,mother,ADS,Neuoe-030800cd.cha,,,,,,,,,,
Neuoe,mother,ADS,Neuoe-030800ef.cha,,,,,,,,,,
Neuoe,mother,ADS,Neuoe-030900a.cha,,,,,,,,,,
Neuoe,mother,ADS,Neuoe-030900b.cha,1,6,8,6,8,,0,6,0,0
Neuoe,mother,ADS,Neuoe-031000ab.cha,11,27,59,2.454,5.363,0.847058824,4,13,0,0.272
Neuoe,mother,ADS,Neuoe-031000cd.cha,9,29,54,3.222,6,0.910526316,2,18,0.111,0.333
Neuoe,mother,ADS,Neuoe-031000e.cha,,,,,,,,,,
Neuoe,mother,ADS,Neuoe-040000ab.cha,,,,,,,,,,
Neuoe,mother,ADS,Neuoe-040000cd.cha,,,,,,,,,,
Neuoe,mother,ADS,Neuoe-040100ab.cha,2,14,20,7,10,1,0,12,0,0
Neuoe,mother,ADS,Neuoe-040100cd.cha,2,6,13,3,6.5,,0,6,0,0
Neuoe,mother,ADS,Neuoe-040100ef.cha,,,,,,,,,,
Neuoe,mother,ADS,Neuoe-040300ab.cha,1,1,1,1,1,,1,1,0,1
Neuoe,mother,ADS,Neuoe-040300cd.cha,,,,,,,,,,
Neuoe,mother,ADS,Neuoe-040300e.cha,,,,,,,,,,
Neuoe,mother,ADS,Neuoe-040300f.cha,2,14,20,7,10,0.9,0,12,0.5,0
Neuoe,mother,ADS,Neuoe-040500ab.cha,2,8,12,4,6,,0,8,0.5,0
Neuoe,mother,ADS,Neuoe-040500cd.cha,,,,,,,,,,
Neuoe,mother,ADS,Neuoe-040500e.cha,,,,,,,,,,
Neuoe,mother,ADS,Neuoe-040700ab.cha,,,,,,,,,,
Neuoe,mother,ADS,Neuoe-040700cd.cha,,,,,,,,,,
Neuoe,mother,ADS,Neuoe-040700e.cha,,,,,,,,,,
Litlhare,mother,ADS,Litlhare-020100ab.cha,22,85,153,3.863,6.954,0.961333333,1,52,0.181,0.285
Litlhare,mother,ADS,Litlhare-020100cd.cha,3,8,14,2.666666667,4.666666667,,0,8,0.3,0
Litlhare,mother,ADS,Litlhare-020100ef.cha,,,,,,,,,,
Litlhare,mother,ADS,Litlhare-020200ab.cha,,,,,,,,,,
Litlhare,mother,ADS,Litlhare-020200cd.cha,,,,,,,,,,
Litlhare,mother,ADS,Litlhare-020400ab.cha,,,,,,,,,,
Litlhare,mother,ADS,Litlhare-020400cd.cha,,,,,,,,,,
Litlhare,mother,ADS,Litlhare-020500ab.cha,,,,,,,,,,
Litlhare,mother,ADS,Litlhare-020500cd.cha,,,,,,,,,,
Litlhare,mother,ADS,Litlhare-020500ef.cha,1,2,6,2,6,,0,2,0,0
Litlhare,mother,ADS,Litlhare-030000ab.cha,,,,,,,,,,
Litlhare,mother,ADS,Litlhare-030000cd.cha,,,,,,,,,,
Litlhare,mother,ADS,Litlhare-020600ab.cha,4,7,12,1.75,3,,2,6,0.25,0.75
Litlhare,mother,ADS,Litlhare-020600cd.cha,2,3,6,1.5,3,,1,3,0,0.5
Litlhare,mother,ADS,Litlhare-020600e.cha,,,,,,,,,,
Litlhare,mother,ADS,Litlhare-020800ab.cha,,,,,,,,,,
Litlhare,mother,ADS,Litlhare-020800cd.cha,,,,,,,,,,
Litlhare,mother,ADS,Litlhare-020900ab.cha,4,14,15,3.5,3.75,0.775,0,5,1,0
Litlhare,mother,ADS,Litlhare-020900cd.cha,,,,,,,,,,
Litlhare,mother,ADS,Litlhare-021000ab.cha,,,,,,,,,,
Litlhare,mother,ADS,Litlhare-021000cd.cha,,,,,,,,,,
Litlhare,mother,ADS,Litlhare-030200ab.cha,9,35,57,3.888,6.333,0.928,0,24,0,0.222
Litlhare,mother,ADS,Litlhare-030200cd.cha,3,6,9,2,3,,1,6,0,0
Hlobohang,child,CDS,Hlobohang-020100ab.cha,28,58,102,2.071,3.642,0.904166667,11,33,0.25,0.518
Hlobohang,child,CDS,Hlobohang-020100cd.cha,148,340,571,2.297,3.858,0.759090909,56,61,0.614,0.429
Hlobohang,child,CDS,Hlobohang-020100ef.cha,104,225,425,2.163,4.086,0.774418605,36,70,0.096,0.401
Hlobohang,child,CDS,Hlobohang-020200ab.cha,269,742,1526,2.758,5.672,0.827322404,53,165,0.185,0.344
Hlobohang,child,CDS,Hlobohang-020200cd.cha,449,1291,2596,2.875,5.781,0.836924278,63,283,0.131,0.483
Hlobohang,child,CDS,Hlobohang-020400ab.cha,492,1229,2285,2.497,4.644,0.81123872,138,220,0.176,0.347
Hlobohang,child,CDS,Hlobohang-020400cd.cha,239,699,1402,2.924,5.866,0.814513788,46,169,0.146,0.367
Hlobohang,child,CDS,Hlobohang-020500ab.cha,413,1095,2082,2.651,5.041,0.859170507,101,239,0.23,0.424
Hlobohang,child,CDS,Hlobohang-020500cd.cha,146,361,696,2.472,4.767,0.876353276,46,114,0.301,0.589
Hlobohang,child,CDS,Hlobohang-021100ab.cha,124,297,577,2.395,4.653,0.86097561,38,109,0.088,0.59
Hlobohang,child,CDS,Hlobohang-021100cd.cha,251,650,1282,2.589,5.107,0.85234375,61,202,0.043,0.489
Hlobohang,child,CDS,Hlobohang-020600ab.cha,172,461,880,2.68,5.116,0.883592018,33,160,0.098,0.526
Hlobohang,child,CDS,Hlobohang-020600cd.cha,257,740,1448,2.879,5.634,0.918493151,49,248,0.12,0.446
Hlobohang,child,CDS,Hlobohang-020700ab.cha,184,512,1053,2.782,5.722,0.911354582,35,188,0.092,0.45
Hlobohang,child,CDS,Hlobohang-020700cd.cha,196,547,1066,2.79,5.438,0.893668529,42,134,0.142,0.329
Hlobohang,child,CDS,Hlobohang-020800ab.cha,289,726,1273,2.512,4.404,0.865223464,94,182,0.242,0.476
Hlobohang,child,CDS,Hlobohang-020800cd.cha,71,176,309,2.478,4.352,0.846987952,20,76,0.352,0.605
Hlobohang,child,CDS,Hlobohang-020800ef.cha,3,5,8,1.666666667,2.666666667,,2,5,0.33,0.666
Hlobohang,child,CDS,Hlobohang-020900ab.cha,152,409,809,2.69,5.322,0.897493734,35,146,0.184,0.648
Hlobohang,child,CDS,Hlobohang-020900cd.cha,206,498,926,2.417,4.495,0.88852459,55,160,0.179,0.625
Hlobohang,child,CDS,Hlobohang-020900e.cha,55,126,241,2.29,4.381,0.900862069,22,60,0.036,0.596
Hlobohang,child,CDS,Hlobohang-030000ab.cha,25,66,118,2.64,4.72,0.9125,4,34,0.16,0.88
Hlobohang,child,CDS,Hlobohang-030000cd.cha,104,287,536,2.759,5.153,0.844043321,18,100,0.182,0.596
Neuoe,child,CDS,Neuoe-030800ab.cha,27,72,119,2.666,4.407,0.793548387,7,26,0.074,0.296
Neuoe,child,CDS,Neuoe-030800cd.cha,24,60,116,2.5,4.833,0.828,4,36,0.083,0.173
Neuoe,child,CDS,Neuoe-030800ef.cha,27,73,162,2.703,6,0.787301587,3,34,0.185,0.333
Neuoe,child,CDS,Neuoe-030900a.cha,65,171,339,2.63,5.215,0.782608696,19,63,0.03,0.218
Neuoe,child,CDS,Neuoe-030900b.cha,,,,,,,,,,
Neuoe,child,CDS,Neuoe-031000ab.cha,,,,,,,,,,
Neuoe,child,CDS,Neuoe-031000cd.cha,76,186,368,2.447,4.842,0.824431818,21,67,0.052,0.302
Neuoe,child,CDS,Neuoe-031000e.cha,139,410,715,2.949,5.143,0.83225,27,104,0.115,0.316
Neuoe,child,CDS,Neuoe-040000ab.cha,179,509,969,2.843,5.413,0.87755511,37,153,0.1,0.508
Neuoe,child,CDS,Neuoe-040000cd.cha,267,848,1563,3.176,5.853,0.878400955,36,191,0.063,0.323
Neuoe,child,CDS,Neuoe-040100ab.cha,114,284,631,2.491,5.535,0.894525547,35,117,0.114,0.318
Neuoe,child,CDS,Neuoe-040100cd.cha,145,493,934,3.4,6.441,0.889440994,23,141,0.117,0.29
Neuoe,child,CDS,Neuoe-040100ef.cha,50,129,250,2.58,5,0.842857143,11,59,0.12,0.224
Neuoe,child,CDS,Neuoe-040300ab.cha,55,194,350,3.527,6.363,0.867934783,4,83,0.163,0.254
Neuoe,child,CDS,Neuoe-040300cd.cha,126,392,799,3.111,6.341,0.880890052,17,136,0.158,0.2
Neuoe,child,CDS,Neuoe-040300e.cha,16,54,105,3.375,6.562,0.877272727,1,30,0,0.25
Neuoe,child,CDS,Neuoe-040300f.cha,19,64,134,3.368,7.052,0.898148148,2,39,0.21,0.315
Neuoe,child,CDS,Neuoe-040500ab.cha,185,723,1331,3.908,7.194,0.872931276,22,189,0.086,0.384
Neuoe,child,CDS,Neuoe-040500cd.cha,88,336,701,3.818,7.965,0.889877301,9,137,0.113,0.253
Neuoe,child,CDS,Neuoe-040500e.cha,38,95,224,2.5,5.894,0.902352941,11,55,0.026,0.171
Neuoe,child,CDS,Neuoe-040700ab.cha,35,134,240,3.828,6.857,0.875,3,71,0.142,0.235
Neuoe,child,CDS,Neuoe-040700cd.cha,42,176,324,4.19,7.714,0.884337349,3,86,0.119,0.55
Neuoe,child,CDS,Neuoe-040700e.cha,27,114,212,4.222,7.851,0.879807692,2,66,0.074,0.37
Litlhare,child,CDS,Litlhare-020100ab.cha,443,1015,1689,2.291,3.812,0.77681592,145,162,0.487,0.581
Litlhare,child,CDS,Litlhare-020100cd.cha,139,347,626,2.496,4.503,0.794065282,34,108,0.546,0.625
Litlhare,child,CDS,Litlhare-020100ef.cha,511,1194,2058,2.336,4.027,0.786570946,173,218,0.506,0.667
Litlhare,child,CDS,Litlhare-020200ab.cha,148,447,873,3.02,5.898,0.860869565,26,170,0.047,0.406
Litlhare,child,CDS,Litlhare-020200cd.cha,99,260,484,2.626,4.888,0.8172,25,73,0.232,0.395
Litlhare,child,CDS,Litlhare-020400ab.cha,332,883,1638,2.659,4.933,0.838946163,85,212,0.126,0.467
Litlhare,child,CDS,Litlhare-020400cd.cha,299,707,1399,2.364,4.678,0.85251076,88,188,0.117,0.399
Litlhare,child,CDS,Litlhare-020500ab.cha,445,1182,2270,2.656,5.101,0.861518771,104,318,0.258,0.507
Litlhare,child,CDS,Litlhare-020500cd.cha,333,1010,1787,3.033,5.366,0.8534,63,236,0.342,0.459
Litlhare,child,CDS,Litlhare-020500ef.cha,1,1,5,1,5,,1,1,0,1
Litlhare,child,CDS,Litlhare-030000ab.cha,144,362,736,2.513,5.111,0.853125,43,122,0.104,0.539
Litlhare,child,CDS,Litlhare-030000cd.cha,302,845,1575,2.798,5.215,0.890299401,77,258,0.076,0.397
Litlhare,child,CDS,Litlhare-020600ab.cha,2,8,16,4,8,,0,8,0.5,1
Litlhare,child,CDS,Litlhare-020600cd.cha,197,562,1132,2.852,5.746,0.904166667,40,199,0.177,0.362
Litlhare,child,CDS,Litlhare-020600e.cha,,,,,,,,,,
Litlhare,child,CDS,Litlhare-020800ab.cha,393,1173,2206,2.984,5.613,0.883748925,75,305,0.114,0.469
Litlhare,child,CDS,Litlhare-020800cd.cha,342,920,1906,2.69,5.573,0.886703297,92,262,0.105,0.409
Litlhare,child,CDS,Litlhare-020900ab.cha,326,1090,2068,3.343,6.343,0.880740741,58,270,0.131,0.4
Litlhare,child,CDS,Litlhare-020900cd.cha,20,74,134,3.7,6.7,0.76875,3,25,0.05,0.526
Litlhare,child,CDS,Litlhare-021000ab.cha,717,2055,3892,2.866,5.428,0.880684597,137,432,0.182,0.429
Litlhare,child,CDS,Litlhare-021000cd.cha,322,1003,1857,3.114,5.767,0.899295065,46,256,0.102,0.523
Litlhare,child,CDS,Litlhare-030200ab.cha,263,738,1441,2.806,5.479,0.867582418,46,195,0.197,0.501
Litlhare,child,CDS,Litlhare-030200cd.cha,384,1149,2186,2.992,5.692,0.889727831,73,310,0.174,0.49
Hlobohang,child,OCDS,Hlobohang-020100ab.cha,6,8,12,1.333333333,2,,5,2,0.666666667,0.166
Hlobohang,child,OCDS,Hlobohang-020100cd.cha,13,46,77,3.538,5.923,0.908333333,3,23,0.384,0.833
Hlobohang,child,OCDS,Hlobohang-020100ef.cha,17,32,54,1.882,3.176,0.759090909,8,13,0.117,0.312
Hlobohang,child,OCDS,Hlobohang-020200ab.cha,,,,,,,,,,
Hlobohang,child,OCDS,Hlobohang-020200cd.cha,18,59,132,3.277,7.333,0.891836735,0,36,0.111,0.833
Hlobohang,child,OCDS,Hlobohang-020400ab.cha,40,106,173,2.65,4.325,0.816666667,15,41,0.375,0.71
Hlobohang,child,OCDS,Hlobohang-020400cd.cha,38,127,208,3.342,5.473,0.888034188,4,47,0.184,0.421
Hlobohang,child,OCDS,Hlobohang-020500ab.cha,88,234,435,2.659,4.943,0.922321429,28,94,0.181,0.651
Hlobohang,child,OCDS,Hlobohang-020500cd.cha,6,14,27,2.333,4.5,1,1,12,0.666,0.5
Hlobohang,child,OCDS,Hlobohang-021100ab.cha,9,17,27,1.888,3,0.642857143,3,7,0.111,0.125
Hlobohang,child,OCDS,Hlobohang-021100cd.cha,,,,,,,,,,
Hlobohang,child,OCDS,Hlobohang-020600ab.cha,16,45,73,2.812,4.562,0.868571429,2,15,0,0.5
Hlobohang,child,OCDS,Hlobohang-020600cd.cha,19,56,101,2.947,5.315,0.917391304,1,32,0.105,0.052
Hlobohang,child,OCDS,Hlobohang-020700ab.cha,4,14,21,3.5,5.25,0.925,0,8,0.5,0.25
Hlobohang,child,OCDS,Hlobohang-020700cd.cha,,,,,,,,,,
Hlobohang,child,OCDS,Hlobohang-020800ab.cha,19,47,76,2.473,4,0.918918919,7,23,0.368,0.578
Hlobohang,child,OCDS,Hlobohang-020800cd.cha,,,,,,,,,,
Hlobohang,child,OCDS,Hlobohang-020800ef.cha,,,,,,,,,,
Hlobohang,child,OCDS,Hlobohang-020900ab.cha,,,,,,,,,,
Hlobohang,child,OCDS,Hlobohang-020900cd.cha,,,,,,,,,,
Hlobohang,child,OCDS,Hlobohang-020900e.cha,14,31,46,2.214,3.285,0.657142857,3,9,0.428,0.357
Hlobohang,child,OCDS,Hlobohang-030000ab.cha,,,,,,,,,,
Hlobohang,child,OCDS,Hlobohang-030000cd.cha,4,7,13,1.75,3.25,,2,3,0.25,0.25
Neuoe,child,OCDS,Neuoe-030800ab.cha,2,6,7,3,3.5,,0,6,0,0.5
Neuoe,child,OCDS,Neuoe-030800cd.cha,184,507,903,2.755,4.907,0.848490946,42,133,0.119,0.84
Neuoe,child,OCDS,Neuoe-030800ef.cha,76,229,423,3.013,5.565,0.886757991,11,94,0.131,0.513
Neuoe,child,OCDS,Neuoe-030900a.cha,261,688,1384,2.636,5.302,0.846460177,67,179,0.091,0.972
Neuoe,child,OCDS,Neuoe-030900b.cha,3,9,14,3,4.666666667,,1,9,0,0
Neuoe,child,OCDS,Neuoe-031000ab.cha,27,79,149,2.925,5.518,0.926086957,8,48,0.111,0.48
Neuoe,child,OCDS,Neuoe-031000cd.cha,10,22,37,2.2,3.7,0.925,3,12,0.1,0
Neuoe,child,OCDS,Neuoe-031000e.cha,18,61,105,3.388,5.833,0.860784314,4,36,0.111,0.333
Neuoe,child,OCDS,Neuoe-040000ab.cha,472,1238,2420,2.622,5.127,0.880374593,118,299,0.177,0.783
Neuoe,child,OCDS,Neuoe-040000cd.cha,235,821,1420,3.493,6.042,0.878298397,29,205,0.076,0.697
Neuoe,child,OCDS,Neuoe-040100ab.cha,2,2,9,1,4.5,,2,2,0,0.5
Neuoe,child,OCDS,Neuoe-040100cd.cha,160,617,1108,3.856,6.925,0.911202636,18,168,0.187,0.903
Neuoe,child,OCDS,Neuoe-040100ef.cha,270,917,1762,3.396,6.525,0.908379272,35,261,0.14,0.942
Neuoe,child,OCDS,Neuoe-040300ab.cha,242,748,1537,3.09,6.351,0.913279133,54,220,0.157,0.607
Neuoe,child,OCDS,Neuoe-040300cd.cha,93,280,530,3.01,5.698,0.892222222,17,93,0.193,0.608
Neuoe,child,OCDS,Neuoe-040300e.cha,9,26,70,2.888,7.777,0.71875,0,16,0,0.444
Neuoe,child,OCDS,Neuoe-040300f.cha,18,79,147,4.388,8.166,0.868115942,0,36,0.111,0.055
Neuoe,child,OCDS,Neuoe-040500ab.cha,44,120,226,2.727,5.136,0.907272727,9,53,0.227,0.7
Neuoe,child,OCDS,Neuoe-040500cd.cha,234,926,1712,3.957,7.316,0.885043668,22,246,0.111,0.421
Neuoe,child,OCDS,Neuoe-040500e.cha,44,141,238,3.204,5.409,0.93129771,7,73,0.113,0.918
Neuoe,child,OCDS,Neuoe-040700ab.cha,49,189,355,3.857,7.244,0.893296089,6,74,0.122,0.382
Neuoe,child,OCDS,Neuoe-040700cd.cha,96,375,729,3.906,7.593,0.936164384,10,131,0.145,0.494
Neuoe,child,OCDS,Neuoe-040700e.cha,36,153,267,4.25,7.416,0.945454545,4,79,0.055,0.558
Litlhare,child,OCDS,Litlhare-020100ab.cha,43,99,166,2.302,3.86,0.814606742,13,32,0.232,0.439
Litlhare,child,OCDS,Litlhare-020100cd.cha,3,9,12,3,4,,0,3,0,0.333
Litlhare,child,OCDS,Litlhare-020100ef.cha,51,146,249,2.862,4.882,0.888235294,18,60,0.254,0.54
Litlhare,child,OCDS,Litlhare-020200ab.cha,,,,,,,,,,
Litlhare,child,OCDS,Litlhare-020200cd.cha,7,27,34,3.857,4.857,0.870588235,1,14,0.285,0.428
Litlhare,child,OCDS,Litlhare-020400ab.cha,1,4,5,4,5,,0,4,0,0
Litlhare,child,OCDS,Litlhare-020400cd.cha,13,45,87,3.461,6.692,0.905714286,0,30,0.076,0.384
Litlhare,child,OCDS,Litlhare-020500ab.cha,21,60,119,2.857,5.666,0.914,4,38,0.047,0.4
Litlhare,child,OCDS,Litlhare-020500cd.cha,26,80,144,3.076,5.538,0.917142857,6,45,0.23,0.384
Litlhare,child,OCDS,Litlhare-020500ef.cha,,,,,,,,,,
Litlhare,child,OCDS,Litlhare-030000ab.cha,13,43,94,3.307,7.23,0.93030303,2,31,0.076,0.23
Litlhare,child,OCDS,Litlhare-030000cd.cha,3,13,24,4.333,8,1,0,11,0.333,0.666
Litlhare,child,OCDS,Litlhare-020600ab.cha,,,,,,,,,,
Litlhare,child,OCDS,Litlhare-020600cd.cha,1,2,3,2,3,,0,2,0,0
Litlhare,child,OCDS,Litlhare-020600e.cha,,,,,,,,,,
Litlhare,child,OCDS,Litlhare-020800ab.cha,6,13,33,2.166,5.5,0.9,2,11,0.166,0.5
Litlhare,child,OCDS,Litlhare-020800cd.cha,,,,,,,,,,
Litlhare,child,OCDS,Litlhare-020900ab.cha,12,41,69,3.416,5.75,0.858064516,5,20,0.25,0.3
Litlhare,child,OCDS,Litlhare-020900cd.cha,,,,,,,,,,
Litlhare,child,OCDS,Litlhare-021000ab.cha,20,54,103,2.7,5.15,0.906818182,5,32,0.1,0.388
Litlhare,child,OCDS,Litlhare-021000cd.cha,38,130,217,3.421,5.71,0.943333333,6,66,0.105,0.552
Litlhare,child,OCDS,Litlhare-030200ab.cha,23,67,130,2.913,5.652,0.926315789,6,35,0.173,0.304
Litlhare,child,OCDS,Litlhare-030200cd.cha,44,156,288,3.545,6.545,0.948630137,4,70,0.272,0.418
Hlobohang,child,ADS,Hlobohang-020100ab.cha,14,30,56,2.142,4,0.895,5,23,0.285,0.461
Hlobohang,child,ADS,Hlobohang-020100cd.cha,2,7,10,3.5,5,,1,7,0.5,0
Hlobohang,child,ADS,Hlobohang-020100ef.cha,33,58,113,1.757,3.424,0.839583333,18,38,0.303,0.437
Hlobohang,child,ADS,Hlobohang-020200ab.cha,15,27,60,1.8,4,0.970588235,10,23,0.066,0.666
Hlobohang,child,ADS,Hlobohang-020200cd.cha,42,88,145,2.095,3.452,0.806410256,19,36,0.071,0.142
Hlobohang,child,ADS,Hlobohang-020400ab.cha,15,30,64,2,4.266,0.93,9,23,0.2,0.533
Hlobohang,child,ADS,Hlobohang-020400cd.cha,14,33,84,2.357,6,0.9,5,23,0.214,0.5
Hlobohang,child,ADS,Hlobohang-020500ab.cha,15,36,62,2.4,4.133,0.976923077,2,27,0.266,0.2
Hlobohang,child,ADS,Hlobohang-020500cd.cha,14,30,60,2.142,4.285,0.865,7,16,0.285,0.642
Hlobohang,child,ADS,Hlobohang-021100ab.cha,,,,,,,,,,
Hlobohang,child,ADS,Hlobohang-021100cd.cha,8,11,21,1.375,2.625,0.9,5,9,0,0.571
Hlobohang,child,ADS,Hlobohang-020600ab.cha,3,10,18,3.333333333,6,,0,8,0,0.333
Hlobohang,child,ADS,Hlobohang-020600cd.cha,13,28,64,2.153,4.923,0.955555556,6,19,0,0.461
Hlobohang,child,ADS,Hlobohang-020700ab.cha,20,56,106,2.8,5.3,0.865217391,4,29,0.05,0.25
Hlobohang,child,ADS,Hlobohang-020700cd.cha,21,53,93,2.523,4.428,0.804651163,6,24,0.238,0.368
Hlobohang,child,ADS,Hlobohang-020800ab.cha,5,16,21,3.2,4.2,0.966666667,2,14,0.2,0.666
Hlobohang,child,ADS,Hlobohang-020800cd.cha,20,46,64,2.3,3.2,0.808333333,5,17,0,0.25
Hlobohang,child,ADS,Hlobohang-020800ef.cha,4,7,9,1.75,2.25,,2,4,0.25,1
Hlobohang,child,ADS,Hlobohang-020900ab.cha,2,2,5,1,2.5,,2,2,0.5,0
Hlobohang,child,ADS,Hlobohang-020900cd.cha,22,44,66,2,3,0.776470588,9,19,0.09,0.666
Hlobohang,child,ADS,Hlobohang-020900e.cha,,,,,,,,,,
Hlobohang,child,ADS,Hlobohang-030000ab.cha,,,,,,,,,,
Hlobohang,child,ADS,Hlobohang-030000cd.cha,7,20,34,2.857,4.857,0.75,1,10,0.428,0.285
Neuoe,child,ADS,Neuoe-030800ab.cha,55,107,208,1.945,3.781,0.895876289,23,50,0.09,0.47
Neuoe,child,ADS,Neuoe-030800cd.cha,66,181,349,2.742,5.287,0.89122807,18,73,0.212,0.476
Neuoe,child,ADS,Neuoe-030800ef.cha,74,197,363,2.662,4.905,0.824064171,25,69,0.216,0.493
Neuoe,child,ADS,Neuoe-030900a.cha,16,33,66,2.062,4.125,0.856521739,5,18,0.062,0.375
Neuoe,child,ADS,Neuoe-030900b.cha,54,134,272,2.481,5.037,0.902419355,21,65,0.351,0.66
Neuoe,child,ADS,Neuoe-031000ab.cha,559,1478,2886,2.644,5.162,0.839850136,162,292,0.128,0.462
Neuoe,child,ADS,Neuoe-031000cd.cha,372,1056,1904,2.838,5.118,0.815296367,88,258,0.083,0.471
Neuoe,child,ADS,Neuoe-031000e.cha,54,144,264,2.666,4.888,0.884328358,16,66,0,0.444
Neuoe,child,ADS,Neuoe-040000ab.cha,60,131,251,2.183,4.183,0.88677686,26,57,0.183,0.491
Neuoe,child,ADS,Neuoe-040000cd.cha,156,430,839,2.756,5.378,0.888095238,48,124,0.089,0.58
Neuoe,child,ADS,Neuoe-040100ab.cha,269,690,1579,2.565,5.869,0.885147059,87,273,0.144,0.503
Neuoe,child,ADS,Neuoe-040100cd.cha,71,207,401,2.915,5.647,0.895431472,17,98,0.169,0.6
Neuoe,child,ADS,Neuoe-040100ef.cha,28,84,161,3,5.75,0.877027027,6,46,0.214,0.481
Neuoe,child,ADS,Neuoe-040300ab.cha,112,333,611,2.973,5.455,0.875851393,38,130,0.133,0.481
Neuoe,child,ADS,Neuoe-040300cd.cha,61,143,299,2.344,4.901,0.902255639,19,68,0.065,0.583
Neuoe,child,ADS,Neuoe-040300e.cha,30,93,206,3.1,6.866,0.920481928,7,62,0,0.666
Neuoe,child,ADS,Neuoe-040300f.cha,45,198,393,4.4,8.733,0.95106383,2,114,0.044,0.409
Neuoe,child,ADS,Neuoe-040500ab.cha,41,145,286,3.536,6.975,0.858518519,5,66,0.292,0.342
Neuoe,child,ADS,Neuoe-040500cd.cha,77,315,616,4.09,8,0.913442623,8,119,0.194,0.233
Neuoe,child,ADS,Neuoe-040500e.cha,7,18,44,2.571,6.285,1,1,18,0.428,0.142
Neuoe,child,ADS,Neuoe-040700ab.cha,35,132,281,3.771,8.028,0.942622951,3,67,0.028,0.485
Neuoe,child,ADS,Neuoe-040700cd.cha,15,70,130,4.666,8.666,0.943333333,0,43,0.066,0.076
Neuoe,child,ADS,Neuoe-040700e.cha,11,38,77,3.454,7,0.882142857,1,30,0,0.727
Litlhare,child,ADS,Litlhare-020100ab.cha,19,43,94,2.263,4.947,0.936363636,6,33,0.263,0.375
Litlhare,child,ADS,Litlhare-020100cd.cha,18,51,95,2.833,5.277,0.907317073,4,32,0.111,0.888
Litlhare,child,ADS,Litlhare-020100ef.cha,24,75,147,3.125,6.125,0.883076923,3,31,0.166,0.5
Litlhare,child,ADS,Litlhare-020200ab.cha,20,74,143,3.7,7.15,0.9078125,5,35,0,0.25
Litlhare,child,ADS,Litlhare-020200cd.cha,2,6,13,3,6.5,,1,6,0.5,1
Litlhare,child,ADS,Litlhare-020400ab.cha,50,146,277,2.92,5.54,0.930147059,10,71,0.06,0.591
Litlhare,child,ADS,Litlhare-020400cd.cha,18,51,105,2.833,5.833,0.92195122,2,34,0.055,0.25
Litlhare,child,ADS,Litlhare-020500ab.cha,2,6,6,3,3,,0,4,1,1
Litlhare,child,ADS,Litlhare-020500cd.cha,17,45,67,2.647,3.941,0.817142857,4,18,0.411,0.411
Litlhare,child,ADS,Litlhare-020500ef.cha,,,,,,,,,,
Litlhare,child,ADS,Litlhare-030000ab.cha,7,13,26,1.857,3.714,0.633333333,5,3,0.285,0.714
Litlhare,child,ADS,Litlhare-030000cd.cha,22,60,98,2.727,4.454,0.852,5,25,0.363,0.545
Litlhare,child,ADS,Litlhare-020600ab.cha,,,,,,,,,,
Litlhare,child,ADS,Litlhare-020600cd.cha,17,53,94,3.117,5.529,0.909302326,5,30,0.117,0.529
Litlhare,child,ADS,Litlhare-020600e.cha,,,,,,,,,,
Litlhare,child,ADS,Litlhare-020800ab.cha,2,2,9,1,4.5,,2,2,0,0
Litlhare,child,ADS,Litlhare-020800cd.cha,,,,,,,,,,
Litlhare,child,ADS,Litlhare-020900ab.cha,16,56,115,3.5,7.187,0.856521739,2,36,0.062,0.375
Litlhare,child,ADS,Litlhare-020900cd.cha,,,,,,,,,,
Litlhare,child,ADS,Litlhare-021000ab.cha,,,,,,,,,,
Litlhare,child,ADS,Litlhare-021000cd.cha,,,,,,,,,,
Litlhare,child,ADS,Litlhare-030200ab.cha,69,157,291,2.275,4.217,0.841496599,18,52,0.014,0.294
Litlhare,child,ADS,Litlhare-030200cd.cha,20,57,97,2.85,4.85,0.925531915,5,34,0.1,0.473