targetchild,speaker,addressee,session,numberoflines,numberofwords,mlu,mattr,numberofuttsinglewords,numberofhapaxes,percquest,ratioturn
Hlobohang,adult,CDS,Hlobohang-020100ab.cha,184,499,2.711,0.815337423313,51,91,.521,.661
Hlobohang,adult,CDS,Hlobohang-020100cd.cha,323,781,2.417,0.785732814527,106,128,.541,.573
Hlobohang,adult,CDS,Hlobohang-020100ef.cha,87,209,2.402,0.808040201005,26,52,.471,.620
Hlobohang,adult,CDS,Hlobohang-020200ab.cha,610,1694,2.777,0.761342042755,121,199,.722,.719
Hlobohang,adult,CDS,Hlobohang-020200cd.cha,315,875,2.777,0.824624277457,52,207,.673,.408
Hlobohang,adult,CDS,Hlobohang-020400ab.cha,115,299,2.600,0.711418685121,34,51,.652,.513
Hlobohang,adult,CDS,Hlobohang-020400cd.cha,396,1045,2.638,0.798937198068,123,187,.530,.625
Hlobohang,adult,CDS,Hlobohang-020500ab.cha,53,162,3.056,0.844736842105,12,54,.415,.653
Hlobohang,adult,CDS,Hlobohang-020500cd.cha,700,1753,2.504,0.801663798049,208,240,.648,.694
Hlobohang,adult,CDS,Hlobohang-021100ab.cha,5,18,3.600,0.6375,0,6,.200,.600
Hlobohang,adult,CDS,Hlobohang-021100cd.cha,175,492,2.811,0.878215767635,32,140,.331,.442
Hlobohang,adult,CDS,Hlobohang-020600ab.cha,66,200,3.030,0.888421052632,12,69,.424,.292
Hlobohang,adult,CDS,Hlobohang-020600cd.cha,47,162,3.446,0.876973684211,5,65,.638,.617
Hlobohang,adult,CDS,Hlobohang-020700ab.cha,92,280,3.043,0.882222222222,11,106,.510,.406
Hlobohang,adult,CDS,Hlobohang-020700cd.cha,338,1096,3.242,0.854511970534,42,233,.621,.428
Hlobohang,adult,CDS,Hlobohang-020800ab.cha,,,,,,,,0
Hlobohang,adult,CDS,Hlobohang-020800cd.cha,139,414,2.978,0.853712871287,27,122,.561,.522
Hlobohang,adult,CDS,Hlobohang-020800ef.cha,,,,,,,,
Hlobohang,adult,CDS,Hlobohang-020900ab.cha,51,159,3.117,0.889932885906,7,54,.745,.740
Hlobohang,adult,CDS,Hlobohang-020900cd.cha,109,292,2.678,0.86914893617,22,96,.504,.548
Hlobohang,adult,CDS,Hlobohang-020900e.cha,,,,,,,,
Hlobohang,adult,CDS,Hlobohang-030000ab.cha,209,615,2.942,0.863966942149,39,147,.473,.634
Hlobohang,adult,CDS,Hlobohang-030000cd.cha,146,433,2.965,0.88085106383,38,138,.383,.655
Litlhare,adult,CDS,Litlhare-020100ab.cha,40,123,3.075,0.863716814159,11,46,.350,.358
Litlhare,adult,CDS,Litlhare-020100cd.cha,,,,,,,,
Litlhare,adult,CDS,Litlhare-020100ef.cha,,,,,,,,
Litlhare,adult,CDS,Litlhare-020200ab.cha,27,69,2.555,0.835593220339,10,24,.444,.640
Litlhare,adult,CDS,Litlhare-020200cd.cha,,,,,,,,
Litlhare,adult,CDS,Litlhare-020400ab.cha,,,,,,,,
Litlhare,adult,CDS,Litlhare-020400cd.cha,4,11,2.750,1.0,0,11,.500,1.000
Litlhare,adult,CDS,Litlhare-020500ab.cha,27,50,1.851,0.8425,15,19,.740,.666
Litlhare,adult,CDS,Litlhare-020500cd.cha,43,86,2.000,0.946052631579,19,46,.372,.878
Litlhare,adult,CDS,Litlhare-020500ef.cha,52,133,2.557,0.816260162602,13,48,.288,.745
Litlhare,adult,CDS,Litlhare-030000ab.cha,6,12,2.000,0.6,2,5,.166,.333
Litlhare,adult,CDS,Litlhare-030000cd.cha,,,,,,,,
Litlhare,adult,CDS,Litlhare-020600ab.cha,27,82,3.037,0.827777777778,1,22,.777,.481
Litlhare,adult,CDS,Litlhare-020600cd.cha,,,,,,,,0
Litlhare,adult,CDS,Litlhare-020600e.cha,,,,,,,,
Litlhare,adult,CDS,Litlhare-020800ab.cha,,,,,,,,
Litlhare,adult,CDS,Litlhare-020800cd.cha,,,,,,,,0
Litlhare,adult,CDS,Litlhare-020900ab.cha,,,,,,,,
Litlhare,adult,CDS,Litlhare-020900cd.cha,,,,,,,,
Litlhare,adult,CDS,Litlhare-021000ab.cha,11,30,2.727,0.895,1,21,.363,.454
Litlhare,adult,CDS,Litlhare-021000cd.cha,,,,,,,,
Litlhare,adult,CDS,Litlhare-030200ab.cha,10,32,3.200,0.854545454545,1,20,.500,.600
Litlhare,adult,CDS,Litlhare-030200cd.cha,11,34,3.090,0.925,3,22,0,.100
Neuoe,adult,CDS,Neuoe-030800ab.cha,59,150,2.542,0.83,11,63,.338,.406
Neuoe,adult,CDS,Neuoe-030800cd.cha,,,,,,,,
Neuoe,adult,CDS,Neuoe-030800ef.cha,,,,,,,,.666
Neuoe,adult,CDS,Neuoe-030900a.cha,,,,,,,,
Neuoe,adult,CDS,Neuoe-030900b.cha,,,,,,,,
Neuoe,adult,CDS,Neuoe-031000ab.cha,,,,,,,,
Neuoe,adult,CDS,Neuoe-031000cd.cha,95,254,2.673,0.839344262295,25,88,.484,.421
Neuoe,adult,CDS,Neuoe-031000e.cha,203,501,2.467,0.82749490835,61,126,.640,.561
Neuoe,adult,CDS,Neuoe-040000ab.cha,6,24,4.000,0.842857142857,0,13,.500,.333
Neuoe,adult,CDS,Neuoe-040000cd.cha,,,,,,,,
Neuoe,adult,CDS,Neuoe-040100ab.cha,,,,,,,,
Neuoe,adult,CDS,Neuoe-040100cd.cha,,,,,,,,
Neuoe,adult,CDS,Neuoe-040100ef.cha,,,,,,,,
Neuoe,adult,CDS,Neuoe-040300ab.cha,68,201,2.955,0.895811518325,11,79,.573,.287
Neuoe,adult,CDS,Neuoe-040300cd.cha,111,325,2.927,0.891746031746,20,109,.459,.373
Neuoe,adult,CDS,Neuoe-040300e.cha,,,,,,,,
Neuoe,adult,CDS,Neuoe-040300f.cha,,,,,,,,
Neuoe,adult,CDS,Neuoe-040500ab.cha,4,21,5.250,0.972727272727,0,17,.250,.500
Neuoe,adult,CDS,Neuoe-040500cd.cha,18,62,3.444,0.871153846154,2,28,.444,.125
Neuoe,adult,CDS,Neuoe-040500e.cha,,,,,,,,
Neuoe,adult,CDS,Neuoe-040700ab.cha,10,42,4.200,0.878125,1,20,.500,0
Neuoe,adult,CDS,Neuoe-040700cd.cha,,,,,,,,
Neuoe,adult,CDS,Neuoe-040700e.cha,,,,,,,,
Hlobohang,adult,OCDS,Hlobohang-020100ab.cha,15,43,2.866,0.978787878788,3,35,.333,.466
Hlobohang,adult,OCDS,Hlobohang-020100cd.cha,20,58,2.900,0.845833333333,4,32,.200,.100
Hlobohang,adult,OCDS,Hlobohang-020100ef.cha,50,139,2.780,0.843410852713,11,53,.200,.333
Hlobohang,adult,OCDS,Hlobohang-020200ab.cha,17,53,3.117,0.913953488372,6,33,.235,.470
Hlobohang,adult,OCDS,Hlobohang-020200cd.cha,33,126,3.818,0.951724137931,2,65,.151,.312
Hlobohang,adult,OCDS,Hlobohang-020400ab.cha,20,67,3.350,0.863157894737,6,33,.200,.450
Hlobohang,adult,OCDS,Hlobohang-020400cd.cha,29,86,2.965,0.957894736842,5,45,.172,.370
Hlobohang,adult,OCDS,Hlobohang-020500ab.cha,10,25,2.500,0.893333333333,1,19,.100,.600
Hlobohang,adult,OCDS,Hlobohang-020500cd.cha,34,108,3.176,0.926530612245,7,61,.323,.205
Hlobohang,adult,OCDS,Hlobohang-021100ab.cha,,,,,,,,.333
Hlobohang,adult,OCDS,Hlobohang-021100cd.cha,20,57,2.850,0.823404255319,2,27,.050,.100
Hlobohang,adult,OCDS,Hlobohang-020600ab.cha,5,15,3.000,0.88,1,11,.200,.200
Hlobohang,adult,OCDS,Hlobohang-020600cd.cha,,,,,,,,0
Hlobohang,adult,OCDS,Hlobohang-020700ab.cha,24,78,3.250,0.919117647059,2,51,.291,.181
Hlobohang,adult,OCDS,Hlobohang-020700cd.cha,23,90,3.913,0.8725,0,39,.478,.260
Hlobohang,adult,OCDS,Hlobohang-020800ab.cha,,,,,,,,
Hlobohang,adult,OCDS,Hlobohang-020800cd.cha,4,12,3.000,1.0,1,8,.500,.250
Hlobohang,adult,OCDS,Hlobohang-020800ef.cha,,,,,,,,
Hlobohang,adult,OCDS,Hlobohang-020900ab.cha,,,,,,,,
Hlobohang,adult,OCDS,Hlobohang-020900cd.cha,22,51,2.318,0.929268292683,6,21,.500,.590
Hlobohang,adult,OCDS,Hlobohang-020900e.cha,,,,,,,,
Hlobohang,adult,OCDS,Hlobohang-030000ab.cha,,,,,,,,
Hlobohang,adult,OCDS,Hlobohang-030000cd.cha,6,15,2.500,0.98,1,12,.333,.333
Litlhare,adult,OCDS,Litlhare-020100ab.cha,14,59,4.214,0.920408163265,1,32,.285,.714
Litlhare,adult,OCDS,Litlhare-020100cd.cha,,,,,,,,
Litlhare,adult,OCDS,Litlhare-020100ef.cha,,,,,,,,
Litlhare,adult,OCDS,Litlhare-020200ab.cha,,,,,,,,
Litlhare,adult,OCDS,Litlhare-020200cd.cha,,,,,,,,
Litlhare,adult,OCDS,Litlhare-020400ab.cha,,,,,,,,
Litlhare,adult,OCDS,Litlhare-020400cd.cha,,,,,,,,
Litlhare,adult,OCDS,Litlhare-020500ab.cha,,,,,,,,1.000
Litlhare,adult,OCDS,Litlhare-020500cd.cha,10,44,4.400,0.897058823529,0,24,.200,.333
Litlhare,adult,OCDS,Litlhare-020500ef.cha,,,,,,,,
Litlhare,adult,OCDS,Litlhare-030000ab.cha,,,,,,,,
Litlhare,adult,OCDS,Litlhare-030000cd.cha,,,,,,,,
Litlhare,adult,OCDS,Litlhare-020600ab.cha,,,,,,,,
Litlhare,adult,OCDS,Litlhare-020600cd.cha,,,,,,,,
Litlhare,adult,OCDS,Litlhare-020600e.cha,,,,,,,,
Litlhare,adult,OCDS,Litlhare-020800ab.cha,,,,,,,,
Litlhare,adult,OCDS,Litlhare-020800cd.cha,,,,,,,,
Litlhare,adult,OCDS,Litlhare-020900ab.cha,,,,,,,,
Litlhare,adult,OCDS,Litlhare-020900cd.cha,,,,,,,,
Litlhare,adult,OCDS,Litlhare-021000ab.cha,,,,,,,,
Litlhare,adult,OCDS,Litlhare-021000cd.cha,,,,,,,,
Litlhare,adult,OCDS,Litlhare-030200ab.cha,,,,,,,,0
Litlhare,adult,OCDS,Litlhare-030200cd.cha,,,,,,,,0
Neuoe,adult,OCDS,Neuoe-030800ab.cha,118,279,2.364,0.910037174721,36,120,.474,.294
Neuoe,adult,OCDS,Neuoe-030800cd.cha,19,56,2.947,0.869565217391,4,30,.421,.421
Neuoe,adult,OCDS,Neuoe-030800ef.cha,16,43,2.687,0.821212121212,3,22,.312,.466
Neuoe,adult,OCDS,Neuoe-030900a.cha,,,,,,,,
Neuoe,adult,OCDS,Neuoe-030900b.cha,5,18,3.600,0.925,0,14,.600,.600
Neuoe,adult,OCDS,Neuoe-031000ab.cha,3,14,4.666,1.0,0,12,1.000,.666
Neuoe,adult,OCDS,Neuoe-031000cd.cha,225,587,2.608,0.884055459272,50,198,.560,.450
Neuoe,adult,OCDS,Neuoe-031000e.cha,91,265,2.912,0.851764705882,17,69,.428,.329
Neuoe,adult,OCDS,Neuoe-040000ab.cha,19,53,2.789,0.874418604651,6,32,.684,.578
Neuoe,adult,OCDS,Neuoe-040000cd.cha,,,,,,,,
Neuoe,adult,OCDS,Neuoe-040100ab.cha,8,23,2.875,0.953846153846,2,19,.250,.500
Neuoe,adult,OCDS,Neuoe-040100cd.cha,,,,,,,,.500
Neuoe,adult,OCDS,Neuoe-040100ef.cha,,,,,,,,
Neuoe,adult,OCDS,Neuoe-040300ab.cha,44,130,2.954,0.878333333333,8,50,.386,.250
Neuoe,adult,OCDS,Neuoe-040300cd.cha,156,584,3.743,0.928397212544,19,161,.403,.388
Neuoe,adult,OCDS,Neuoe-040300e.cha,,,,,,,,
Neuoe,adult,OCDS,Neuoe-040300f.cha,,,,,,,,1.000
Neuoe,adult,OCDS,Neuoe-040500ab.cha,6,20,3.333,0.78,0,8,.500,.333
Neuoe,adult,OCDS,Neuoe-040500cd.cha,20,66,3.300,0.901785714286,3,39,.200,.631
Neuoe,adult,OCDS,Neuoe-040500e.cha,,,,,,,,.750
Neuoe,adult,OCDS,Neuoe-040700ab.cha,,,,,,,,0
Neuoe,adult,OCDS,Neuoe-040700cd.cha,,,,,,,,0
Neuoe,adult,OCDS,Neuoe-040700e.cha,8,27,3.375,0.917647058824,1,14,.125,0
Hlobohang,adult,ADS,Hlobohang-020100ab.cha,,,,,,,,.333
Hlobohang,adult,ADS,Hlobohang-020100cd.cha,5,19,3.800,0.766666666667,0,7,.400,.200
Hlobohang,adult,ADS,Hlobohang-020100ef.cha,19,48,2.526,0.936842105263,4,34,.210,.368
Hlobohang,adult,ADS,Hlobohang-020200ab.cha,,,,,,,,1.000
Hlobohang,adult,ADS,Hlobohang-020200cd.cha,,,,,,,,
Hlobohang,adult,ADS,Hlobohang-020400ab.cha,,,,,,,,
Hlobohang,adult,ADS,Hlobohang-020400cd.cha,6,18,3.000,0.9875,2,16,.500,.666
Hlobohang,adult,ADS,Hlobohang-020500ab.cha,3,12,4.000,1.0,0,12,.666,1.000
Hlobohang,adult,ADS,Hlobohang-020500cd.cha,6,23,3.833,0.961538461538,0,15,.500,.200
Hlobohang,adult,ADS,Hlobohang-021100ab.cha,,,,,,,,
Hlobohang,adult,ADS,Hlobohang-021100cd.cha,,,,,,,,
Hlobohang,adult,ADS,Hlobohang-020600ab.cha,3,11,3.666,0.9,0,9,0,.666
Hlobohang,adult,ADS,Hlobohang-020600cd.cha,,,,,,,,
Hlobohang,adult,ADS,Hlobohang-020700ab.cha,6,26,4.333,0.91875,0,16,.333,0
Hlobohang,adult,ADS,Hlobohang-020700cd.cha,4,14,3.500,0.825,1,8,0,.500
Hlobohang,adult,ADS,Hlobohang-020800ab.cha,,,,,,,,
Hlobohang,adult,ADS,Hlobohang-020800cd.cha,,,,,,,,
Hlobohang,adult,ADS,Hlobohang-020800ef.cha,,,,,,,,
Hlobohang,adult,ADS,Hlobohang-020900ab.cha,,,,,,,,
Hlobohang,adult,ADS,Hlobohang-020900cd.cha,,,,,,,,
Hlobohang,adult,ADS,Hlobohang-020900e.cha,,,,,,,,
Hlobohang,adult,ADS,Hlobohang-030000ab.cha,5,14,2.800,1.0,1,14,.400,.200
Hlobohang,adult,ADS,Hlobohang-030000cd.cha,,,,,,,,
Litlhare,adult,ADS,Litlhare-020100ab.cha,37,122,3.297,0.947321428571,8,55,.243,.243
Litlhare,adult,ADS,Litlhare-020100cd.cha,,,,,,,,
Litlhare,adult,ADS,Litlhare-020100ef.cha,,,,,,,,
Litlhare,adult,ADS,Litlhare-020200ab.cha,,,,,,,,
Litlhare,adult,ADS,Litlhare-020200cd.cha,,,,,,,,
Litlhare,adult,ADS,Litlhare-020400ab.cha,,,,,,,,
Litlhare,adult,ADS,Litlhare-020400cd.cha,,,,,,,,
Litlhare,adult,ADS,Litlhare-020500ab.cha,,,,,,,,
Litlhare,adult,ADS,Litlhare-020500cd.cha,,,,,,,,
Litlhare,adult,ADS,Litlhare-020500ef.cha,,,,,,,,1.000
Litlhare,adult,ADS,Litlhare-030000ab.cha,,,,,,,,
Litlhare,adult,ADS,Litlhare-030000cd.cha,,,,,,,,
Litlhare,adult,ADS,Litlhare-020600ab.cha,,,,,,,,1.000
Litlhare,adult,ADS,Litlhare-020600cd.cha,,,,,,,,
Litlhare,adult,ADS,Litlhare-020600e.cha,,,,,,,,
Litlhare,adult,ADS,Litlhare-020800ab.cha,,,,,,,,
Litlhare,adult,ADS,Litlhare-020800cd.cha,,,,,,,,
Litlhare,adult,ADS,Litlhare-020900ab.cha,,,,,,,,
Litlhare,adult,ADS,Litlhare-020900cd.cha,,,,,,,,
Litlhare,adult,ADS,Litlhare-021000ab.cha,,,,,,,,
Litlhare,adult,ADS,Litlhare-021000cd.cha,,,,,,,,
Litlhare,adult,ADS,Litlhare-030200ab.cha,5,26,5.200,0.925,1,18,0,.400
Litlhare,adult,ADS,Litlhare-030200cd.cha,,,,,,,,
Neuoe,adult,ADS,Neuoe-030800ab.cha,,,,,,,,
Neuoe,adult,ADS,Neuoe-030800cd.cha,,,,,,,,
Neuoe,adult,ADS,Neuoe-030800ef.cha,,,,,,,,
Neuoe,adult,ADS,Neuoe-030900a.cha,,,,,,,,
Neuoe,adult,ADS,Neuoe-030900b.cha,,,,,,,,
Neuoe,adult,ADS,Neuoe-031000ab.cha,,,,,,,,
Neuoe,adult,ADS,Neuoe-031000cd.cha,10,30,3.000,0.86,2,19,.600,.800
Neuoe,adult,ADS,Neuoe-031000e.cha,5,13,2.600,0.9,2,11,.600,0
Neuoe,adult,ADS,Neuoe-040000ab.cha,,,,,,,,
Neuoe,adult,ADS,Neuoe-040000cd.cha,,,,,,,,
Neuoe,adult,ADS,Neuoe-040100ab.cha,,,,,,,,1.000
Neuoe,adult,ADS,Neuoe-040100cd.cha,,,,,,,,
Neuoe,adult,ADS,Neuoe-040100ef.cha,,,,,,,,
Neuoe,adult,ADS,Neuoe-040300ab.cha,,,,,,,,0
Neuoe,adult,ADS,Neuoe-040300cd.cha,,,,,,,,
Neuoe,adult,ADS,Neuoe-040300e.cha,,,,,,,,
Neuoe,adult,ADS,Neuoe-040300f.cha,,,,,,,,
Neuoe,adult,ADS,Neuoe-040500ab.cha,,,,,,,,
Neuoe,adult,ADS,Neuoe-040500cd.cha,,,,,,,,
Neuoe,adult,ADS,Neuoe-040500e.cha,,,,,,,,
Neuoe,adult,ADS,Neuoe-040700ab.cha,,,,,,,,
Neuoe,adult,ADS,Neuoe-040700cd.cha,,,,,,,,
Neuoe,adult,ADS,Neuoe-040700e.cha,,,,,,,,
Hlobohang,mother,CDS,Hlobohang-020100ab.cha,175,376,2.148,0.730327868852,65,45,.691,.537
Hlobohang,mother,CDS,Hlobohang-020100cd.cha,53,153,2.886,0.816783216783,6,32,.584,.660
Hlobohang,mother,CDS,Hlobohang-020100ef.cha,125,287,2.296,0.850180505415,52,87,.576,.446
Hlobohang,mother,CDS,Hlobohang-020200ab.cha,78,197,2.525,0.831016042781,22,58,.435,.571
Hlobohang,mother,CDS,Hlobohang-020200cd.cha,,,,,,,,
Hlobohang,mother,CDS,Hlobohang-020400ab.cha,49,118,2.408,0.92037037037,15,56,.448,.500
Hlobohang,mother,CDS,Hlobohang-020400cd.cha,12,30,2.500,0.89,3,16,.750,.583
Hlobohang,mother,CDS,Hlobohang-020500ab.cha,37,108,2.918,0.835714285714,7,47,.432,.513
Hlobohang,mother,CDS,Hlobohang-020500cd.cha,58,150,2.586,0.743571428571,13,32,.379,.596
Hlobohang,mother,CDS,Hlobohang-021100ab.cha,84,237,2.821,0.8140969163,15,70,.333,.585
Hlobohang,mother,CDS,Hlobohang-021100cd.cha,92,258,2.804,0.870564516129,21,133,.423,.467
Hlobohang,mother,CDS,Hlobohang-020600ab.cha,166,451,2.716,0.875283446712,46,140,.415,.596
Hlobohang,mother,CDS,Hlobohang-020600cd.cha,36,99,2.750,0.942696629213,11,54,.111,.222
Hlobohang,mother,CDS,Hlobohang-020700ab.cha,29,77,2.655,0.873134328358,4,37,.724,.400
Hlobohang,mother,CDS,Hlobohang-020700cd.cha,42,126,3.000,0.905172413793,7,53,.547,.536
Hlobohang,mother,CDS,Hlobohang-020800ab.cha,9,30,3.333,0.91,2,16,.333,.285
Hlobohang,mother,CDS,Hlobohang-020800cd.cha,135,347,2.570,0.791988130564,38,99,.733,.567
Hlobohang,mother,CDS,Hlobohang-020800ef.cha,306,826,2.699,0.770588235294,79,163,.411,.614
Hlobohang,mother,CDS,Hlobohang-020900ab.cha,,,,,,,,
Hlobohang,mother,CDS,Hlobohang-020900cd.cha,,,,,,,,
Hlobohang,mother,CDS,Hlobohang-020900e.cha,,,,,,,,
Hlobohang,mother,CDS,Hlobohang-030000ab.cha,37,100,2.702,0.847777777778,12,46,.216,.638
Hlobohang,mother,CDS,Hlobohang-030000cd.cha,19,52,2.736,0.845238095238,4,26,.578,.842
Litlhare,mother,CDS,Litlhare-020100ab.cha,275,610,2.218,0.825,97,136,.381,.575
Litlhare,mother,CDS,Litlhare-020100cd.cha,541,1153,2.131,0.806299212598,231,237,.441,.571
Litlhare,mother,CDS,Litlhare-020100ef.cha,152,319,2.098,0.874433656958,68,113,.473,.653
Litlhare,mother,CDS,Litlhare-020200ab.cha,459,1047,2.281,0.843394406943,173,249,.374,.792
Litlhare,mother,CDS,Litlhare-020200cd.cha,294,651,2.214,0.886115444618,116,185,.418,.730
Litlhare,mother,CDS,Litlhare-020400ab.cha,451,1101,2.441,0.889917506874,148,282,.419,.668
Litlhare,mother,CDS,Litlhare-020400cd.cha,140,360,2.571,0.899714285714,31,122,.142,.444
Litlhare,mother,CDS,Litlhare-020500ab.cha,,,,,,,,
Litlhare,mother,CDS,Litlhare-020500cd.cha,31,93,3.000,0.843373493976,4,38,.483,.724
Litlhare,mother,CDS,Litlhare-020500ef.cha,254,608,2.393,0.859531772575,110,192,.440,.786
Litlhare,mother,CDS,Litlhare-030000ab.cha,250,626,2.504,0.912175324675,91,228,.476,.634
Litlhare,mother,CDS,Litlhare-030000cd.cha,291,752,2.584,0.900134770889,92,261,.381,.529
Litlhare,mother,CDS,Litlhare-020600ab.cha,610,1599,2.621,0.898112020138,169,390,.383,.639
Litlhare,mother,CDS,Litlhare-020600cd.cha,332,887,2.671,0.887685290764,82,251,.382,.542
Litlhare,mother,CDS,Litlhare-020600e.cha,26,65,2.500,0.887272727273,8,38,.115,.320
Litlhare,mother,CDS,Litlhare-020800ab.cha,,,,,,,,.800
Litlhare,mother,CDS,Litlhare-020800cd.cha,,,,,,,,
Litlhare,mother,CDS,Litlhare-020900ab.cha,245,609,2.485,0.848747913189,102,178,.485,.665
Litlhare,mother,CDS,Litlhare-020900cd.cha,40,102,2.550,0.938043478261,14,55,.675,.621
Litlhare,mother,CDS,Litlhare-021000ab.cha,,,,,,,,
Litlhare,mother,CDS,Litlhare-021000cd.cha,,,,,,,,
Litlhare,mother,CDS,Litlhare-030200ab.cha,389,1229,3.159,0.897046759639,70,328,.380,.523
Litlhare,mother,CDS,Litlhare-030200cd.cha,314,901,2.869,0.892255892256,70,277,.366,.617
Neuoe,mother,CDS,Neuoe-030800ab.cha,,,,,,,,
Neuoe,mother,CDS,Neuoe-030800cd.cha,17,50,2.941,0.9225,7,26,.176,0
Neuoe,mother,CDS,Neuoe-030800ef.cha,,,,,,,,
Neuoe,mother,CDS,Neuoe-030900a.cha,9,26,2.888,0.88125,4,16,.555,.333
Neuoe,mother,CDS,Neuoe-030900b.cha,,,,,,,,
Neuoe,mother,CDS,Neuoe-031000ab.cha,,,,,,,,
Neuoe,mother,CDS,Neuoe-031000cd.cha,,,,,,,,
Neuoe,mother,CDS,Neuoe-031000e.cha,,,,,,,,
Neuoe,mother,CDS,Neuoe-040000ab.cha,6,20,3.333,1.0,1,20,.333,.166
Neuoe,mother,CDS,Neuoe-040000cd.cha,15,48,3.200,0.889473684211,3,30,.533,.400
Neuoe,mother,CDS,Neuoe-040100ab.cha,200,484,2.420,0.869831223629,52,165,.480,.494
Neuoe,mother,CDS,Neuoe-040100cd.cha,26,85,3.269,0.841333333333,4,20,.576,.360
Neuoe,mother,CDS,Neuoe-040100ef.cha,4,14,3.500,0.925,1,11,.500,0
Neuoe,mother,CDS,Neuoe-040300ab.cha,46,145,3.152,0.868888888889,8,58,.760,.521
Neuoe,mother,CDS,Neuoe-040300cd.cha,,,,,,,,
Neuoe,mother,CDS,Neuoe-040300e.cha,60,197,3.283,0.939572192513,11,99,.566,.625
Neuoe,mother,CDS,Neuoe-040300f.cha,15,48,3.200,0.923684210526,1,31,.533,.533
Neuoe,mother,CDS,Neuoe-040500ab.cha,28,102,3.642,0.903260869565,4,62,.321,.296
Neuoe,mother,CDS,Neuoe-040500cd.cha,33,145,4.393,0.903703703704,1,55,.393,.060
Neuoe,mother,CDS,Neuoe-040500e.cha,3,12,4.000,0.9,0,8,.333,.500
Neuoe,mother,CDS,Neuoe-040700ab.cha,30,124,4.133,0.971052631579,3,87,.366,.200
Neuoe,mother,CDS,Neuoe-040700cd.cha,9,54,6.000,0.906818181818,0,31,.222,.375
Neuoe,mother,CDS,Neuoe-040700e.cha,12,40,3.333,0.946666666667,0,33,.250,.363
Hlobohang,mother,OCDS,Hlobohang-020100ab.cha,,,,,,,,1.000
Hlobohang,mother,OCDS,Hlobohang-020100cd.cha,4,12,3.000,0.9,1,10,.500,0
Hlobohang,mother,OCDS,Hlobohang-020100ef.cha,20,47,2.350,0.924324324324,4,32,.300,.350
Hlobohang,mother,OCDS,Hlobohang-020200ab.cha,,,,,,,,.333
Hlobohang,mother,OCDS,Hlobohang-020200cd.cha,,,,,,,,
Hlobohang,mother,OCDS,Hlobohang-020400ab.cha,10,31,3.100,0.928571428571,0,26,.300,.500
Hlobohang,mother,OCDS,Hlobohang-020400cd.cha,,,,,,,,1.000
Hlobohang,mother,OCDS,Hlobohang-020500ab.cha,7,22,3.142,0.966666666667,2,18,.285,.571
Hlobohang,mother,OCDS,Hlobohang-020500cd.cha,4,11,2.750,1.0,1,11,.500,.500
Hlobohang,mother,OCDS,Hlobohang-021100ab.cha,6,23,3.833,0.930769230769,0,17,0,.166
Hlobohang,mother,OCDS,Hlobohang-021100cd.cha,3,12,4.000,0.8,0,8,0,0
Hlobohang,mother,OCDS,Hlobohang-020600ab.cha,12,37,3.083,0.862962962963,3,18,.416,.166
Hlobohang,mother,OCDS,Hlobohang-020600cd.cha,18,47,2.611,0.937837837838,3,25,.611,.222
Hlobohang,mother,OCDS,Hlobohang-020700ab.cha,3,12,4.000,0.95,1,10,0,.333
Hlobohang,mother,OCDS,Hlobohang-020700cd.cha,8,23,2.875,0.876923076923,1,15,.250,0
Hlobohang,mother,OCDS,Hlobohang-020800ab.cha,5,20,4.000,0.97,2,14,0,.400
Hlobohang,mother,OCDS,Hlobohang-020800cd.cha,,,,,,,,0
Hlobohang,mother,OCDS,Hlobohang-020800ef.cha,7,23,3.285,0.853846153846,1,15,.428,.142
Hlobohang,mother,OCDS,Hlobohang-020900ab.cha,,,,,,,,
Hlobohang,mother,OCDS,Hlobohang-020900cd.cha,,,,,,,,
Hlobohang,mother,OCDS,Hlobohang-020900e.cha,,,,,,,,
Hlobohang,mother,OCDS,Hlobohang-030000ab.cha,,,,,,,,0
Hlobohang,mother,OCDS,Hlobohang-030000cd.cha,,,,,,,,
Litlhare,mother,OCDS,Litlhare-020100ab.cha,6,18,3.000,1.0,2,18,0,.166
Litlhare,mother,OCDS,Litlhare-020100cd.cha,25,68,2.720,0.908620689655,7,38,.200,.291
Litlhare,mother,OCDS,Litlhare-020100ef.cha,26,74,2.846,0.946875,9,45,.461,.538
Litlhare,mother,OCDS,Litlhare-020200ab.cha,,,,,,,,.833
Litlhare,mother,OCDS,Litlhare-020200cd.cha,4,11,2.750,0.9,0,9,0,.250
Litlhare,mother,OCDS,Litlhare-020400ab.cha,61,153,2.508,0.92027972028,19,81,.180,.311
Litlhare,mother,OCDS,Litlhare-020400cd.cha,27,78,2.888,0.944117647059,6,50,.111,.346
Litlhare,mother,OCDS,Litlhare-020500ab.cha,,,,,,,,
Litlhare,mother,OCDS,Litlhare-020500cd.cha,9,33,3.666,0.965217391304,1,25,.222,.333
Litlhare,mother,OCDS,Litlhare-020500ef.cha,,,,,,,,
Litlhare,mother,OCDS,Litlhare-030000ab.cha,14,52,3.714,0.871428571429,5,29,.285,.285
Litlhare,mother,OCDS,Litlhare-030000cd.cha,47,173,3.680,0.936809815951,13,94,.234,.276
Litlhare,mother,OCDS,Litlhare-020600ab.cha,,,,,,,,
Litlhare,mother,OCDS,Litlhare-020600cd.cha,39,116,2.974,0.911320754717,8,62,.307,.333
Litlhare,mother,OCDS,Litlhare-020600e.cha,,,,,,,,
Litlhare,mother,OCDS,Litlhare-020800ab.cha,,,,,,,,.500
Litlhare,mother,OCDS,Litlhare-020800cd.cha,,,,,,,,
Litlhare,mother,OCDS,Litlhare-020900ab.cha,14,33,2.357,0.873913043478,3,19,.428,.500
Litlhare,mother,OCDS,Litlhare-020900cd.cha,,,,,,,,
Litlhare,mother,OCDS,Litlhare-021000ab.cha,,,,,,,,
Litlhare,mother,OCDS,Litlhare-021000cd.cha,,,,,,,,
Litlhare,mother,OCDS,Litlhare-030200ab.cha,18,61,3.388,0.894117647059,1,31,.500,.222
Litlhare,mother,OCDS,Litlhare-030200cd.cha,25,86,3.440,0.968421052632,6,60,.280,.200
Neuoe,mother,OCDS,Neuoe-030800ab.cha,16,40,2.500,0.893333333333,5,25,.187,.312
Neuoe,mother,OCDS,Neuoe-030800cd.cha,62,197,3.177,0.921390374332,12,79,.435,.689
Neuoe,mother,OCDS,Neuoe-030800ef.cha,82,226,2.756,0.875925925926,22,94,.414,.555
Neuoe,mother,OCDS,Neuoe-030900a.cha,38,99,2.605,0.830337078652,6,36,.342,.421
Neuoe,mother,OCDS,Neuoe-030900b.cha,61,150,2.459,0.880714285714,24,73,.557,.650
Neuoe,mother,OCDS,Neuoe-031000ab.cha,369,984,2.666,0.901745379877,111,280,.411,.709
Neuoe,mother,OCDS,Neuoe-031000cd.cha,169,447,2.644,0.9,42,165,.325,.686
Neuoe,mother,OCDS,Neuoe-031000e.cha,5,15,3.000,0.82,0,9,.400,.200
Neuoe,mother,OCDS,Neuoe-040000ab.cha,78,245,3.141,0.882978723404,16,91,.487,.526
Neuoe,mother,OCDS,Neuoe-040000cd.cha,179,536,2.994,0.882509505703,39,166,.435,.577
Neuoe,mother,OCDS,Neuoe-040100ab.cha,342,973,2.845,0.919314641745,72,256,.307,.367
Neuoe,mother,OCDS,Neuoe-040100cd.cha,91,303,3.329,0.903412969283,15,121,.395,.440
Neuoe,mother,OCDS,Neuoe-040100ef.cha,55,186,3.381,0.933522727273,5,77,.163,.403
Neuoe,mother,OCDS,Neuoe-040300ab.cha,125,433,3.464,0.912056737589,14,151,.384,.355
Neuoe,mother,OCDS,Neuoe-040300cd.cha,,,,,,,,
Neuoe,mother,OCDS,Neuoe-040300e.cha,40,112,2.800,0.907843137255,5,61,.400,.487
Neuoe,mother,OCDS,Neuoe-040300f.cha,47,176,3.744,0.957228915663,8,88,.212,.391
Neuoe,mother,OCDS,Neuoe-040500ab.cha,52,195,3.750,0.934054054054,10,102,.250,.468
Neuoe,mother,OCDS,Neuoe-040500cd.cha,33,97,2.939,0.952873563218,7,60,.515,.656
Neuoe,mother,OCDS,Neuoe-040500e.cha,,,,,,,,
Neuoe,mother,OCDS,Neuoe-040700ab.cha,47,205,4.361,0.949743589744,1,87,.276,.369
Neuoe,mother,OCDS,Neuoe-040700cd.cha,31,131,4.225,0.935537190083,1,68,.354,.300
Neuoe,mother,OCDS,Neuoe-040700e.cha,26,108,4.153,0.890816326531,3,43,.230,.346
Hlobohang,mother,ADS,Hlobohang-020100ab.cha,,,,,,,,1.000
Hlobohang,mother,ADS,Hlobohang-020100cd.cha,,,,,,,,1.000
Hlobohang,mother,ADS,Hlobohang-020100ef.cha,6,14,2.333,1.0,2,14,.333,.400
Hlobohang,mother,ADS,Hlobohang-020200ab.cha,,,,,,,,.500
Hlobohang,mother,ADS,Hlobohang-020200cd.cha,,,,,,,,
Hlobohang,mother,ADS,Hlobohang-020400ab.cha,,,,,,,,
Hlobohang,mother,ADS,Hlobohang-020400cd.cha,3,29,9.666,0.957894736842,0,18,.333,.333
Hlobohang,mother,ADS,Hlobohang-020500ab.cha,,,,,,,,0
Hlobohang,mother,ADS,Hlobohang-020500cd.cha,,,,,,,,1.000
Hlobohang,mother,ADS,Hlobohang-021100ab.cha,,,,,,,,0
Hlobohang,mother,ADS,Hlobohang-021100cd.cha,,,,,,,,1.000
Hlobohang,mother,ADS,Hlobohang-020600ab.cha,,,,,,,,0
Hlobohang,mother,ADS,Hlobohang-020600cd.cha,,,,,,,,
Hlobohang,mother,ADS,Hlobohang-020700ab.cha,,,,,,,,0
Hlobohang,mother,ADS,Hlobohang-020700cd.cha,,,,,,,,
Hlobohang,mother,ADS,Hlobohang-020800ab.cha,,,,,,,,
Hlobohang,mother,ADS,Hlobohang-020800cd.cha,,,,,,,,
Hlobohang,mother,ADS,Hlobohang-020800ef.cha,,,,,,,,
Hlobohang,mother,ADS,Hlobohang-020900ab.cha,,,,,,,,
Hlobohang,mother,ADS,Hlobohang-020900cd.cha,,,,,,,,
Hlobohang,mother,ADS,Hlobohang-020900e.cha,,,,,,,,
Hlobohang,mother,ADS,Hlobohang-030000ab.cha,,,,,,,,
Hlobohang,mother,ADS,Hlobohang-030000cd.cha,,,,,,,,
Litlhare,mother,ADS,Litlhare-020100ab.cha,22,85,3.863,0.961333333333,1,52,.181,.285
Litlhare,mother,ADS,Litlhare-020100cd.cha,,,,,,,,0
Litlhare,mother,ADS,Litlhare-020100ef.cha,,,,,,,,
Litlhare,mother,ADS,Litlhare-020200ab.cha,,,,,,,,
Litlhare,mother,ADS,Litlhare-020200cd.cha,,,,,,,,
Litlhare,mother,ADS,Litlhare-020400ab.cha,,,,,,,,
Litlhare,mother,ADS,Litlhare-020400cd.cha,,,,,,,,
Litlhare,mother,ADS,Litlhare-020500ab.cha,,,,,,,,
Litlhare,mother,ADS,Litlhare-020500cd.cha,,,,,,,,
Litlhare,mother,ADS,Litlhare-020500ef.cha,,,,,,,,0
Litlhare,mother,ADS,Litlhare-030000ab.cha,,,,,,,,
Litlhare,mother,ADS,Litlhare-030000cd.cha,,,,,,,,
Litlhare,mother,ADS,Litlhare-020600ab.cha,,,,,,,,.750
Litlhare,mother,ADS,Litlhare-020600cd.cha,,,,,,,,.500
Litlhare,mother,ADS,Litlhare-020600e.cha,,,,,,,,
Litlhare,mother,ADS,Litlhare-020800ab.cha,,,,,,,,
Litlhare,mother,ADS,Litlhare-020800cd.cha,,,,,,,,
Litlhare,mother,ADS,Litlhare-020900ab.cha,4,14,3.500,0.775,0,5,1.000,0
Litlhare,mother,ADS,Litlhare-020900cd.cha,,,,,,,,
Litlhare,mother,ADS,Litlhare-021000ab.cha,,,,,,,,
Litlhare,mother,ADS,Litlhare-021000cd.cha,,,,,,,,
Litlhare,mother,ADS,Litlhare-030200ab.cha,9,35,3.888,0.928,0,24,0,.222
Litlhare,mother,ADS,Litlhare-030200cd.cha,,,,,,,,0
Neuoe,mother,ADS,Neuoe-030800ab.cha,,,,,,,,
Neuoe,mother,ADS,Neuoe-030800cd.cha,,,,,,,,
Neuoe,mother,ADS,Neuoe-030800ef.cha,,,,,,,,
Neuoe,mother,ADS,Neuoe-030900a.cha,,,,,,,,
Neuoe,mother,ADS,Neuoe-030900b.cha,,,,,,,,0
Neuoe,mother,ADS,Neuoe-031000ab.cha,11,27,2.454,0.847058823529,4,13,0,.272
Neuoe,mother,ADS,Neuoe-031000cd.cha,9,29,3.222,0.910526315789,2,18,.111,.333
Neuoe,mother,ADS,Neuoe-031000e.cha,,,,,,,,
Neuoe,mother,ADS,Neuoe-040000ab.cha,,,,,,,,
Neuoe,mother,ADS,Neuoe-040000cd.cha,,,,,,,,
Neuoe,mother,ADS,Neuoe-040100ab.cha,2,14,7.000,1.0,0,12,0,0
Neuoe,mother,ADS,Neuoe-040100cd.cha,,,,,,,,0
Neuoe,mother,ADS,Neuoe-040100ef.cha,,,,,,,,
Neuoe,mother,ADS,Neuoe-040300ab.cha,,,,,,,,1.000
Neuoe,mother,ADS,Neuoe-040300cd.cha,,,,,,,,
Neuoe,mother,ADS,Neuoe-040300e.cha,,,,,,,,
Neuoe,mother,ADS,Neuoe-040300f.cha,2,14,7.000,0.9,0,12,.500,0
Neuoe,mother,ADS,Neuoe-040500ab.cha,,,,,,,,0
Neuoe,mother,ADS,Neuoe-040500cd.cha,,,,,,,,
Neuoe,mother,ADS,Neuoe-040500e.cha,,,,,,,,
Neuoe,mother,ADS,Neuoe-040700ab.cha,,,,,,,,
Neuoe,mother,ADS,Neuoe-040700cd.cha,,,,,,,,
Neuoe,mother,ADS,Neuoe-040700e.cha,,,,,,,,
Hlobohang,child,CDS,Hlobohang-020100ab.cha,28,58,2.071,0.904166666667,11,33,.250,.518
Hlobohang,child,CDS,Hlobohang-020100cd.cha,148,340,2.297,0.759090909091,56,61,.614,.429
Hlobohang,child,CDS,Hlobohang-020100ef.cha,104,225,2.163,0.774418604651,36,70,.096,.401
Hlobohang,child,CDS,Hlobohang-020200ab.cha,269,742,2.758,0.827322404372,53,165,.185,.344
Hlobohang,child,CDS,Hlobohang-020200cd.cha,449,1291,2.875,0.836924277908,63,283,.131,.483
Hlobohang,child,CDS,Hlobohang-020400ab.cha,492,1229,2.497,0.811238720263,138,220,.176,.347
Hlobohang,child,CDS,Hlobohang-020400cd.cha,239,699,2.924,0.814513788099,46,169,.146,.367
Hlobohang,child,CDS,Hlobohang-020500ab.cha,413,1095,2.651,0.859170506912,101,239,.230,.424
Hlobohang,child,CDS,Hlobohang-020500cd.cha,146,361,2.472,0.876353276353,46,114,.301,.589
Hlobohang,child,CDS,Hlobohang-021100ab.cha,124,297,2.395,0.860975609756,38,109,.088,.590
Hlobohang,child,CDS,Hlobohang-021100cd.cha,251,650,2.589,0.85234375,61,202,.043,.489
Hlobohang,child,CDS,Hlobohang-020600ab.cha,172,461,2.680,0.883592017738,33,160,.098,.526
Hlobohang,child,CDS,Hlobohang-020600cd.cha,257,740,2.879,0.918493150685,49,248,.120,.446
Hlobohang,child,CDS,Hlobohang-020700ab.cha,184,512,2.782,0.911354581673,35,188,.092,.450
Hlobohang,child,CDS,Hlobohang-020700cd.cha,196,547,2.790,0.893668528864,42,134,.142,.329
Hlobohang,child,CDS,Hlobohang-020800ab.cha,289,726,2.512,0.865223463687,94,182,.242,.476
Hlobohang,child,CDS,Hlobohang-020800cd.cha,71,176,2.478,0.846987951807,20,76,.352,.605
Hlobohang,child,CDS,Hlobohang-020800ef.cha,,,,,,,,.666
Hlobohang,child,CDS,Hlobohang-020900ab.cha,152,409,2.690,0.897493734336,35,146,.184,.648
Hlobohang,child,CDS,Hlobohang-020900cd.cha,206,498,2.417,0.888524590164,55,160,.179,.625
Hlobohang,child,CDS,Hlobohang-020900e.cha,55,126,2.290,0.900862068966,22,60,.036,.596
Hlobohang,child,CDS,Hlobohang-030000ab.cha,25,66,2.640,0.9125,4,34,.160,.880
Hlobohang,child,CDS,Hlobohang-030000cd.cha,104,287,2.759,0.8440433213,18,100,.182,.596
Litlhare,child,CDS,Litlhare-020100ab.cha,443,1015,2.291,0.776815920398,145,162,.487,.581
Litlhare,child,CDS,Litlhare-020100cd.cha,139,347,2.496,0.794065281899,34,108,.546,.625
Litlhare,child,CDS,Litlhare-020100ef.cha,511,1194,2.336,0.786570945946,173,218,.506,.667
Litlhare,child,CDS,Litlhare-020200ab.cha,148,447,3.020,0.860869565217,26,170,.047,.406
Litlhare,child,CDS,Litlhare-020200cd.cha,99,260,2.626,0.8172,25,73,.232,.395
Litlhare,child,CDS,Litlhare-020400ab.cha,332,883,2.659,0.838946162657,85,212,.126,.467
Litlhare,child,CDS,Litlhare-020400cd.cha,299,707,2.364,0.852510760402,88,188,.117,.399
Litlhare,child,CDS,Litlhare-020500ab.cha,445,1182,2.656,0.861518771331,104,318,.258,.507
Litlhare,child,CDS,Litlhare-020500cd.cha,333,1010,3.033,0.8534,63,236,.342,.459
Litlhare,child,CDS,Litlhare-020500ef.cha,,,,,,,,1.000
Litlhare,child,CDS,Litlhare-030000ab.cha,144,362,2.513,0.853125,43,122,.104,.539
Litlhare,child,CDS,Litlhare-030000cd.cha,302,845,2.798,0.890299401198,77,258,.076,.397
Litlhare,child,CDS,Litlhare-020600ab.cha,,,,,,,,1.000
Litlhare,child,CDS,Litlhare-020600cd.cha,197,562,2.852,0.904166666667,40,199,.177,.362
Litlhare,child,CDS,Litlhare-020600e.cha,,,,,,,,
Litlhare,child,CDS,Litlhare-020800ab.cha,393,1173,2.984,0.883748925193,75,305,.114,.469
Litlhare,child,CDS,Litlhare-020800cd.cha,342,920,2.690,0.886703296703,92,262,.105,.409
Litlhare,child,CDS,Litlhare-020900ab.cha,326,1090,3.343,0.880740740741,58,270,.131,.400
Litlhare,child,CDS,Litlhare-020900cd.cha,20,74,3.700,0.76875,3,25,.050,.526
Litlhare,child,CDS,Litlhare-021000ab.cha,717,2055,2.866,0.880684596577,137,432,.182,.429
Litlhare,child,CDS,Litlhare-021000cd.cha,322,1003,3.114,0.899295065458,46,256,.102,.523
Litlhare,child,CDS,Litlhare-030200ab.cha,263,738,2.806,0.867582417582,46,195,.197,.501
Litlhare,child,CDS,Litlhare-030200cd.cha,384,1149,2.992,0.889727831431,73,310,.174,.490
Neuoe,child,CDS,Neuoe-030800ab.cha,27,72,2.666,0.793548387097,7,26,.074,.296
Neuoe,child,CDS,Neuoe-030800cd.cha,24,60,2.500,0.828,4,36,.083,.173
Neuoe,child,CDS,Neuoe-030800ef.cha,27,73,2.703,0.787301587302,3,34,.185,.333
Neuoe,child,CDS,Neuoe-030900a.cha,65,171,2.630,0.782608695652,19,63,.030,.218
Neuoe,child,CDS,Neuoe-030900b.cha,,,,,,,,
Neuoe,child,CDS,Neuoe-031000ab.cha,,,,,,,,
Neuoe,child,CDS,Neuoe-031000cd.cha,76,186,2.447,0.824431818182,21,67,.052,.302
Neuoe,child,CDS,Neuoe-031000e.cha,139,410,2.949,0.83225,27,104,.115,.316
Neuoe,child,CDS,Neuoe-040000ab.cha,179,509,2.843,0.87755511022,37,153,.100,.508
Neuoe,child,CDS,Neuoe-040000cd.cha,267,848,3.176,0.878400954654,36,191,.063,.323
Neuoe,child,CDS,Neuoe-040100ab.cha,114,284,2.491,0.894525547445,35,117,.114,.318
Neuoe,child,CDS,Neuoe-040100cd.cha,145,493,3.400,0.889440993789,23,141,.117,.290
Neuoe,child,CDS,Neuoe-040100ef.cha,50,129,2.580,0.842857142857,11,59,.120,.224
Neuoe,child,CDS,Neuoe-040300ab.cha,55,194,3.527,0.867934782609,4,83,.163,.254
Neuoe,child,CDS,Neuoe-040300cd.cha,126,392,3.111,0.880890052356,17,136,.158,.200
Neuoe,child,CDS,Neuoe-040300e.cha,16,54,3.375,0.877272727273,1,30,0,.250
Neuoe,child,CDS,Neuoe-040300f.cha,19,64,3.368,0.898148148148,2,39,.210,.315
Neuoe,child,CDS,Neuoe-040500ab.cha,185,723,3.908,0.872931276297,22,189,.086,.384
Neuoe,child,CDS,Neuoe-040500cd.cha,88,336,3.818,0.889877300613,9,137,.113,.253
Neuoe,child,CDS,Neuoe-040500e.cha,38,95,2.500,0.902352941176,11,55,.026,.171
Neuoe,child,CDS,Neuoe-040700ab.cha,35,134,3.828,0.875,3,71,.142,.235
Neuoe,child,CDS,Neuoe-040700cd.cha,42,176,4.190,0.884337349398,3,86,.119,.550
Neuoe,child,CDS,Neuoe-040700e.cha,27,114,4.222,0.879807692308,2,66,.074,.370
Hlobohang,child,OCDS,Hlobohang-020100ab.cha,,,,,,,,.166
Hlobohang,child,OCDS,Hlobohang-020100cd.cha,13,46,3.538,0.908333333333,3,23,.384,.833
Hlobohang,child,OCDS,Hlobohang-020100ef.cha,17,32,1.882,0.759090909091,8,13,.117,.312
Hlobohang,child,OCDS,Hlobohang-020200ab.cha,,,,,,,,
Hlobohang,child,OCDS,Hlobohang-020200cd.cha,18,59,3.277,0.891836734694,0,36,.111,.833
Hlobohang,child,OCDS,Hlobohang-020400ab.cha,40,106,2.650,0.816666666667,15,41,.375,.710
Hlobohang,child,OCDS,Hlobohang-020400cd.cha,38,127,3.342,0.888034188034,4,47,.184,.421
Hlobohang,child,OCDS,Hlobohang-020500ab.cha,88,234,2.659,0.922321428571,28,94,.181,.651
Hlobohang,child,OCDS,Hlobohang-020500cd.cha,6,14,2.333,1.0,1,12,.666,.500
Hlobohang,child,OCDS,Hlobohang-021100ab.cha,9,17,1.888,0.642857142857,3,7,.111,.125
Hlobohang,child,OCDS,Hlobohang-021100cd.cha,,,,,,,,
Hlobohang,child,OCDS,Hlobohang-020600ab.cha,16,45,2.812,0.868571428571,2,15,0,.500
Hlobohang,child,OCDS,Hlobohang-020600cd.cha,19,56,2.947,0.917391304348,1,32,.105,.052
Hlobohang,child,OCDS,Hlobohang-020700ab.cha,4,14,3.500,0.925,0,8,.500,.250
Hlobohang,child,OCDS,Hlobohang-020700cd.cha,,,,,,,,
Hlobohang,child,OCDS,Hlobohang-020800ab.cha,19,47,2.473,0.918918918919,7,23,.368,.578
Hlobohang,child,OCDS,Hlobohang-020800cd.cha,,,,,,,,
Hlobohang,child,OCDS,Hlobohang-020800ef.cha,,,,,,,,
Hlobohang,child,OCDS,Hlobohang-020900ab.cha,,,,,,,,
Hlobohang,child,OCDS,Hlobohang-020900cd.cha,,,,,,,,
Hlobohang,child,OCDS,Hlobohang-020900e.cha,14,31,2.214,0.657142857143,3,9,.428,.357
Hlobohang,child,OCDS,Hlobohang-030000ab.cha,,,,,,,,
Hlobohang,child,OCDS,Hlobohang-030000cd.cha,,,,,,,,.250
Litlhare,child,OCDS,Litlhare-020100ab.cha,43,99,2.302,0.814606741573,13,32,.232,.439
Litlhare,child,OCDS,Litlhare-020100cd.cha,,,,,,,,.333
Litlhare,child,OCDS,Litlhare-020100ef.cha,51,146,2.862,0.888235294118,18,60,.254,.540
Litlhare,child,OCDS,Litlhare-020200ab.cha,,,,,,,,
Litlhare,child,OCDS,Litlhare-020200cd.cha,7,27,3.857,0.870588235294,1,14,.285,.428
Litlhare,child,OCDS,Litlhare-020400ab.cha,,,,,,,,0
Litlhare,child,OCDS,Litlhare-020400cd.cha,13,45,3.461,0.905714285714,0,30,.076,.384
Litlhare,child,OCDS,Litlhare-020500ab.cha,21,60,2.857,0.914,4,38,.047,.400
Litlhare,child,OCDS,Litlhare-020500cd.cha,26,80,3.076,0.917142857143,6,45,.230,.384
Litlhare,child,OCDS,Litlhare-020500ef.cha,,,,,,,,
Litlhare,child,OCDS,Litlhare-030000ab.cha,13,43,3.307,0.930303030303,2,31,.076,.230
Litlhare,child,OCDS,Litlhare-030000cd.cha,3,13,4.333,1.0,0,11,.333,.666
Litlhare,child,OCDS,Litlhare-020600ab.cha,,,,,,,,
Litlhare,child,OCDS,Litlhare-020600cd.cha,,,,,,,,0
Litlhare,child,OCDS,Litlhare-020600e.cha,,,,,,,,
Litlhare,child,OCDS,Litlhare-020800ab.cha,6,13,2.166,0.9,2,11,.166,.500
Litlhare,child,OCDS,Litlhare-020800cd.cha,,,,,,,,
Litlhare,child,OCDS,Litlhare-020900ab.cha,12,41,3.416,0.858064516129,5,20,.250,.300
Litlhare,child,OCDS,Litlhare-020900cd.cha,,,,,,,,
Litlhare,child,OCDS,Litlhare-021000ab.cha,20,54,2.700,0.906818181818,5,32,.100,.388
Litlhare,child,OCDS,Litlhare-021000cd.cha,38,130,3.421,0.943333333333,6,66,.105,.552
Litlhare,child,OCDS,Litlhare-030200ab.cha,23,67,2.913,0.926315789474,6,35,.173,.304
Litlhare,child,OCDS,Litlhare-030200cd.cha,44,156,3.545,0.948630136986,4,70,.272,.418
Neuoe,child,OCDS,Neuoe-030800ab.cha,,,,,,,,.500
Neuoe,child,OCDS,Neuoe-030800cd.cha,184,507,2.755,0.848490945674,42,133,.119,.840
Neuoe,child,OCDS,Neuoe-030800ef.cha,76,229,3.013,0.886757990868,11,94,.131,.513
Neuoe,child,OCDS,Neuoe-030900a.cha,261,688,2.636,0.846460176991,67,179,.091,.972
Neuoe,child,OCDS,Neuoe-030900b.cha,,,,,,,,0
Neuoe,child,OCDS,Neuoe-031000ab.cha,27,79,2.925,0.926086956522,8,48,.111,.480
Neuoe,child,OCDS,Neuoe-031000cd.cha,10,22,2.200,0.925,3,12,.100,0
Neuoe,child,OCDS,Neuoe-031000e.cha,18,61,3.388,0.860784313725,4,36,.111,.333
Neuoe,child,OCDS,Neuoe-040000ab.cha,472,1238,2.622,0.880374592834,118,299,.177,.783
Neuoe,child,OCDS,Neuoe-040000cd.cha,235,821,3.493,0.878298397041,29,205,.076,.697
Neuoe,child,OCDS,Neuoe-040100ab.cha,,,,,,,,.500
Neuoe,child,OCDS,Neuoe-040100cd.cha,160,617,3.856,0.911202635914,18,168,.187,.903
Neuoe,child,OCDS,Neuoe-040100ef.cha,270,917,3.396,0.908379272326,35,261,.140,.942
Neuoe,child,OCDS,Neuoe-040300ab.cha,242,748,3.090,0.913279132791,54,220,.157,.607
Neuoe,child,OCDS,Neuoe-040300cd.cha,93,280,3.010,0.892222222222,17,93,.193,.608
Neuoe,child,OCDS,Neuoe-040300e.cha,9,26,2.888,0.71875,0,16,0,.444
Neuoe,child,OCDS,Neuoe-040300f.cha,18,79,4.388,0.868115942029,0,36,.111,.055
Neuoe,child,OCDS,Neuoe-040500ab.cha,44,120,2.727,0.907272727273,9,53,.227,.700
Neuoe,child,OCDS,Neuoe-040500cd.cha,234,926,3.957,0.885043668122,22,246,.111,.421
Neuoe,child,OCDS,Neuoe-040500e.cha,44,141,3.204,0.931297709924,7,73,.113,.918
Neuoe,child,OCDS,Neuoe-040700ab.cha,49,189,3.857,0.893296089385,6,74,.122,.382
Neuoe,child,OCDS,Neuoe-040700cd.cha,96,375,3.906,0.936164383562,10,131,.145,.494
Neuoe,child,OCDS,Neuoe-040700e.cha,36,153,4.250,0.945454545455,4,79,.055,.558
Hlobohang,child,ADS,Hlobohang-020100ab.cha,14,30,2.142,0.895,5,23,.285,.461
Hlobohang,child,ADS,Hlobohang-020100cd.cha,,,,,,,,0
Hlobohang,child,ADS,Hlobohang-020100ef.cha,33,58,1.757,0.839583333333,18,38,.303,.437
Hlobohang,child,ADS,Hlobohang-020200ab.cha,15,27,1.800,0.970588235294,10,23,.066,.666
Hlobohang,child,ADS,Hlobohang-020200cd.cha,42,88,2.095,0.80641025641,19,36,.071,.142
Hlobohang,child,ADS,Hlobohang-020400ab.cha,15,30,2.000,0.93,9,23,.200,.533
Hlobohang,child,ADS,Hlobohang-020400cd.cha,14,33,2.357,0.9,5,23,.214,.500
Hlobohang,child,ADS,Hlobohang-020500ab.cha,15,36,2.400,0.976923076923,2,27,.266,.200
Hlobohang,child,ADS,Hlobohang-020500cd.cha,14,30,2.142,0.865,7,16,.285,.642
Hlobohang,child,ADS,Hlobohang-021100ab.cha,,,,,,,,
Hlobohang,child,ADS,Hlobohang-021100cd.cha,8,11,1.375,0.9,5,9,0,.571
Hlobohang,child,ADS,Hlobohang-020600ab.cha,,,,,,,,.333
Hlobohang,child,ADS,Hlobohang-020600cd.cha,13,28,2.153,0.955555555556,6,19,0,.461
Hlobohang,child,ADS,Hlobohang-020700ab.cha,20,56,2.800,0.865217391304,4,29,.050,.250
Hlobohang,child,ADS,Hlobohang-020700cd.cha,21,53,2.523,0.804651162791,6,24,.238,.368
Hlobohang,child,ADS,Hlobohang-020800ab.cha,5,16,3.200,0.966666666667,2,14,.200,.666
Hlobohang,child,ADS,Hlobohang-020800cd.cha,20,46,2.300,0.808333333333,5,17,0,.250
Hlobohang,child,ADS,Hlobohang-020800ef.cha,,,,,,,,1.000
Hlobohang,child,ADS,Hlobohang-020900ab.cha,,,,,,,,0
Hlobohang,child,ADS,Hlobohang-020900cd.cha,22,44,2.000,0.776470588235,9,19,.090,.666
Hlobohang,child,ADS,Hlobohang-020900e.cha,,,,,,,,
Hlobohang,child,ADS,Hlobohang-030000ab.cha,,,,,,,,
Hlobohang,child,ADS,Hlobohang-030000cd.cha,7,20,2.857,0.75,1,10,.428,.285
Litlhare,child,ADS,Litlhare-020100ab.cha,19,43,2.263,0.936363636364,6,33,.263,.375
Litlhare,child,ADS,Litlhare-020100cd.cha,18,51,2.833,0.907317073171,4,32,.111,.888
Litlhare,child,ADS,Litlhare-020100ef.cha,24,75,3.125,0.883076923077,3,31,.166,.500
Litlhare,child,ADS,Litlhare-020200ab.cha,20,74,3.700,0.9078125,5,35,0,.250
Litlhare,child,ADS,Litlhare-020200cd.cha,,,,,,,,1.000
Litlhare,child,ADS,Litlhare-020400ab.cha,50,146,2.920,0.930147058824,10,71,.060,.591
Litlhare,child,ADS,Litlhare-020400cd.cha,18,51,2.833,0.921951219512,2,34,.055,.250
Litlhare,child,ADS,Litlhare-020500ab.cha,,,,,,,,1.000
Litlhare,child,ADS,Litlhare-020500cd.cha,17,45,2.647,0.817142857143,4,18,.411,.411
Litlhare,child,ADS,Litlhare-020500ef.cha,,,,,,,,
Litlhare,child,ADS,Litlhare-030000ab.cha,7,13,1.857,0.633333333333,5,3,.285,.714
Litlhare,child,ADS,Litlhare-030000cd.cha,22,60,2.727,0.852,5,25,.363,.545
Litlhare,child,ADS,Litlhare-020600ab.cha,,,,,,,,
Litlhare,child,ADS,Litlhare-020600cd.cha,17,53,3.117,0.909302325581,5,30,.117,.529
Litlhare,child,ADS,Litlhare-020600e.cha,,,,,,,,
Litlhare,child,ADS,Litlhare-020800ab.cha,,,,,,,,0
Litlhare,child,ADS,Litlhare-020800cd.cha,,,,,,,,
Litlhare,child,ADS,Litlhare-020900ab.cha,16,56,3.500,0.85652173913,2,36,.062,.375
Litlhare,child,ADS,Litlhare-020900cd.cha,,,,,,,,
Litlhare,child,ADS,Litlhare-021000ab.cha,,,,,,,,
Litlhare,child,ADS,Litlhare-021000cd.cha,,,,,,,,
Litlhare,child,ADS,Litlhare-030200ab.cha,69,157,2.275,0.841496598639,18,52,.014,.294
Litlhare,child,ADS,Litlhare-030200cd.cha,20,57,2.850,0.925531914894,5,34,.100,.473
Neuoe,child,ADS,Neuoe-030800ab.cha,55,107,1.945,0.89587628866,23,50,.090,.470
Neuoe,child,ADS,Neuoe-030800cd.cha,66,181,2.742,0.891228070175,18,73,.212,.476
Neuoe,child,ADS,Neuoe-030800ef.cha,74,197,2.662,0.824064171123,25,69,.216,.493
Neuoe,child,ADS,Neuoe-030900a.cha,16,33,2.062,0.85652173913,5,18,.062,.375
Neuoe,child,ADS,Neuoe-030900b.cha,54,134,2.481,0.902419354839,21,65,.351,.660
Neuoe,child,ADS,Neuoe-031000ab.cha,559,1478,2.644,0.83985013624,162,292,.128,.462
Neuoe,child,ADS,Neuoe-031000cd.cha,372,1056,2.838,0.815296367113,88,258,.083,.471
Neuoe,child,ADS,Neuoe-031000e.cha,54,144,2.666,0.884328358209,16,66,0,.444
Neuoe,child,ADS,Neuoe-040000ab.cha,60,131,2.183,0.886776859504,26,57,.183,.491
Neuoe,child,ADS,Neuoe-040000cd.cha,156,430,2.756,0.888095238095,48,124,.089,.580
Neuoe,child,ADS,Neuoe-040100ab.cha,269,690,2.565,0.885147058824,87,273,.144,.503
Neuoe,child,ADS,Neuoe-040100cd.cha,71,207,2.915,0.895431472081,17,98,.169,.600
Neuoe,child,ADS,Neuoe-040100ef.cha,28,84,3.000,0.877027027027,6,46,.214,.481
Neuoe,child,ADS,Neuoe-040300ab.cha,112,333,2.973,0.875851393189,38,130,.133,.481
Neuoe,child,ADS,Neuoe-040300cd.cha,61,143,2.344,0.902255639098,19,68,.065,.583
Neuoe,child,ADS,Neuoe-040300e.cha,30,93,3.100,0.920481927711,7,62,0,.666
Neuoe,child,ADS,Neuoe-040300f.cha,45,198,4.400,0.951063829787,2,114,.044,.409
Neuoe,child,ADS,Neuoe-040500ab.cha,41,145,3.536,0.858518518519,5,66,.292,.342
Neuoe,child,ADS,Neuoe-040500cd.cha,77,315,4.090,0.913442622951,8,119,.194,.233
Neuoe,child,ADS,Neuoe-040500e.cha,7,18,2.571,1.0,1,18,.428,.142
Neuoe,child,ADS,Neuoe-040700ab.cha,35,132,3.771,0.94262295082,3,67,.028,.485
Neuoe,child,ADS,Neuoe-040700cd.cha,15,70,4.666,0.943333333333,0,43,.066,.076
Neuoe,child,ADS,Neuoe-040700e.cha,11,38,3.454,0.882142857143,1,30,0,.727
