
targetchild,speaker,addressee,session,numberoflines,numberofwords,mlu,mattr,numberofuttsinglewords,numberofhapaxes,percquest,ratioturn,nounverbratio
Hlobohang,adult,CDS,Hlobohang-020100ab.cha,184,499,2.711,0.815337423313,51,91,.521,.940,.386
Hlobohang,adult,CDS,Hlobohang-020100cd.cha,323,781,2.417,0.785732814527,106,128,.541,.938,.481
Hlobohang,adult,CDS,Hlobohang-020100ef.cha,87,209,2.402,0.808040201005,26,52,.471,.756,.411
Hlobohang,adult,CDS,Hlobohang-020200ab.cha,610,1694,2.777,0.761342042755,121,199,.722,.879,.414
Hlobohang,adult,CDS,Hlobohang-020200cd.cha,315,875,2.777,0.824624277457,52,207,.673,.690,.406
Hlobohang,adult,CDS,Hlobohang-020400ab.cha,115,299,2.600,0.711418685121,34,51,.652,.747,.311
Hlobohang,adult,CDS,Hlobohang-020400cd.cha,396,1045,2.638,0.798937198068,123,187,.530,.885,.417
Hlobohang,adult,CDS,Hlobohang-020500ab.cha,53,162,3.056,0.844736842105,12,54,.415,.840,.493
Hlobohang,adult,CDS,Hlobohang-020500cd.cha,700,1753,2.504,0.801663798049,208,240,.648,.937,.375
Hlobohang,adult,CDS,Hlobohang-021100ab.cha,5,18,3.600,0.6375,0,6,.200,.400,.333
Hlobohang,adult,CDS,Hlobohang-021100cd.cha,175,492,2.811,0.878215767635,32,140,.331,.790,.481
Hlobohang,adult,CDS,Hlobohang-020600ab.cha,66,200,3.030,0.888421052632,12,69,.424,.783,.500
Hlobohang,adult,CDS,Hlobohang-020600cd.cha,47,162,3.446,0.876973684211,5,65,.638,.911,.314
Hlobohang,adult,CDS,Hlobohang-020700ab.cha,92,280,3.043,0.882222222222,11,106,.510,.746,.410
Hlobohang,adult,CDS,Hlobohang-020700cd.cha,338,1096,3.242,0.854511970534,42,233,.621,.893,.383
Hlobohang,adult,CDS,Hlobohang-020800ab.cha,,,,,,,,0,
Hlobohang,adult,CDS,Hlobohang-020800cd.cha,139,414,2.978,0.85396039604,27,122,.561,.769,.318
Hlobohang,adult,CDS,Hlobohang-020800ef.cha,,,,,,,,,
Hlobohang,adult,CDS,Hlobohang-020900ab.cha,51,159,3.117,0.895302013423,7,54,.745,.888,.477
Hlobohang,adult,CDS,Hlobohang-020900cd.cha,109,292,2.678,0.871631205674,22,96,.504,.816,.369
Hlobohang,adult,CDS,Hlobohang-020900e.cha,,,,,,,,,
Hlobohang,adult,CDS,Hlobohang-030000ab.cha,209,615,2.942,0.864462809917,39,147,.473,.955,.398
Hlobohang,adult,CDS,Hlobohang-030000cd.cha,146,433,2.965,0.895744680851,38,138,.383,.850,.441
Litlhare,adult,CDS,Litlhare-020100ab.cha,40,123,3.075,0.884955752212,11,46,.350,.322,.317
Litlhare,adult,CDS,Litlhare-020100cd.cha,,,,,,,,,
Litlhare,adult,CDS,Litlhare-020100ef.cha,,,,,,,,,
Litlhare,adult,CDS,Litlhare-020200ab.cha,27,69,2.555,0.835593220339,10,24,.444,.920,.405
Litlhare,adult,CDS,Litlhare-020200cd.cha,,,,,,,,,
Litlhare,adult,CDS,Litlhare-020400ab.cha,,,,,,,,,
Litlhare,adult,CDS,Litlhare-020400cd.cha,4,11,2.750,1.0,0,11,.500,.500,.636
Litlhare,adult,CDS,Litlhare-020500ab.cha,27,50,1.851,0.84,15,19,.740,1.000,.520
Litlhare,adult,CDS,Litlhare-020500cd.cha,43,86,2.000,0.930263157895,19,46,.372,.866,.453
Litlhare,adult,CDS,Litlhare-020500ef.cha,52,133,2.557,0.845528455285,13,48,.288,.800,.421
Litlhare,adult,CDS,Litlhare-030000ab.cha,6,12,2.000,0.6,2,5,.166,.600,.666
Litlhare,adult,CDS,Litlhare-030000cd.cha,,,,,,,,,
Litlhare,adult,CDS,Litlhare-020600ab.cha,27,82,3.037,0.811111111111,1,22,.777,.947,.378
Litlhare,adult,CDS,Litlhare-020600cd.cha,,,,,,,,0,
Litlhare,adult,CDS,Litlhare-020600e.cha,,,,,,,,,
Litlhare,adult,CDS,Litlhare-020800ab.cha,,,,,,,,,
Litlhare,adult,CDS,Litlhare-020800cd.cha,,,,,,,,1.000,
Litlhare,adult,CDS,Litlhare-020900ab.cha,,,,,,,,,
Litlhare,adult,CDS,Litlhare-020900cd.cha,,,,,,,,,
Litlhare,adult,CDS,Litlhare-021000ab.cha,11,30,2.727,0.895,1,21,.363,.444,.433
Litlhare,adult,CDS,Litlhare-021000cd.cha,,,,,,,,,
Litlhare,adult,CDS,Litlhare-030200ab.cha,10,32,3.200,0.886363636364,1,20,.500,.250,.406
Litlhare,adult,CDS,Litlhare-030200cd.cha,11,34,3.090,0.975,3,22,0,.800,.588
Tsebo,adult,CDS,Tsebo-030800ab.cha,116,269,2.318,0.947876447876,35,116,.465,.784,.542
Tsebo,adult,CDS,Tsebo-030800cd.cha,19,56,2.947,0.960869565217,4,30,.421,.666,.446
Tsebo,adult,CDS,Tsebo-030800ef.cha,12,28,2.333,0.85,3,13,.333,.500,.464
Tsebo,adult,CDS,Tsebo-030900a.cha,,,,,,,,,
Tsebo,adult,CDS,Tsebo-030900b.cha,5,18,3.600,1.0,0,14,.600,1.000,.555
Tsebo,adult,CDS,Tsebo-031000ab.cha,3,14,4.666,0.95,0,12,1.000,0,.428
Tsebo,adult,CDS,Tsebo-031000cd.cha,193,512,2.652,0.948007968127,41,176,.606,.860,.425
Tsebo,adult,CDS,Tsebo-031000e.cha,82,239,2.914,0.891703056769,16,68,.426,.800,.359
Tsebo,adult,CDS,Tsebo-040000ab.cha,17,48,2.823,0.910526315789,5,30,.764,.333,.437
Tsebo,adult,CDS,Tsebo-040000cd.cha,,,,,,,,,
Tsebo,adult,CDS,Tsebo-040100ab.cha,8,23,2.875,0.969230769231,2,19,.250,.500,.478
Tsebo,adult,CDS,Tsebo-040100cd.cha,,,,,,,,,
Tsebo,adult,CDS,Tsebo-040100ef.cha,,,,,,,,,
Tsebo,adult,CDS,Tsebo-040300ab.cha,42,124,2.952,0.910526315789,7,46,.404,.800,.411
Tsebo,adult,CDS,Tsebo-040300cd.cha,118,424,3.593,0.942995169082,13,126,.415,.800,.436
Tsebo,adult,CDS,Tsebo-040300e.cha,,,,,,,,,
Tsebo,adult,CDS,Tsebo-040300f.cha,,,,,,,,,
Tsebo,adult,CDS,Tsebo-040500ab.cha,,,,,,,,,
Tsebo,adult,CDS,Tsebo-040500cd.cha,16,56,3.500,0.928260869565,1,31,.250,0,.375
Tsebo,adult,CDS,Tsebo-040500e.cha,,,,,,,,,
Tsebo,adult,CDS,Tsebo-040700ab.cha,,,,,,,,,
Tsebo,adult,CDS,Tsebo-040700cd.cha,,,,,,,,,
Tsebo,adult,CDS,Tsebo-040700e.cha,7,23,3.285,0.976923076923,1,14,.142,1.000,.565
Hlobohang,adult,OCDS,Hlobohang-020100ab.cha,15,43,2.866,0.954545454545,3,35,.333,,.511
Hlobohang,adult,OCDS,Hlobohang-020100cd.cha,20,58,2.900,0.875,4,32,.200,1.000,.551
Hlobohang,adult,OCDS,Hlobohang-020100ef.cha,50,139,2.780,0.909302325581,11,53,.200,.600,.366
Hlobohang,adult,OCDS,Hlobohang-020200ab.cha,17,53,3.117,0.883720930233,6,33,.235,.666,.396
Hlobohang,adult,OCDS,Hlobohang-020200cd.cha,33,126,3.818,0.912068965517,2,65,.151,.857,.428
Hlobohang,adult,OCDS,Hlobohang-020400ab.cha,20,67,3.350,0.882456140351,6,33,.200,.500,.522
Hlobohang,adult,OCDS,Hlobohang-020400cd.cha,29,86,2.965,0.898684210526,5,45,.172,.500,.465
Hlobohang,adult,OCDS,Hlobohang-020500ab.cha,10,25,2.500,0.886666666667,1,19,.100,.333,.440
Hlobohang,adult,OCDS,Hlobohang-020500cd.cha,34,108,3.176,0.962244897959,7,61,.323,1.000,.518
Hlobohang,adult,OCDS,Hlobohang-021100ab.cha,,,,,,,,1.000,
Hlobohang,adult,OCDS,Hlobohang-021100cd.cha,20,57,2.850,0.808510638298,2,27,.050,1.000,.421
Hlobohang,adult,OCDS,Hlobohang-020600ab.cha,5,15,3.000,1.0,1,11,.200,,.466
Hlobohang,adult,OCDS,Hlobohang-020600cd.cha,,,,,,,,,
Hlobohang,adult,OCDS,Hlobohang-020700ab.cha,24,78,3.250,0.919117647059,2,51,.291,,.512
Hlobohang,adult,OCDS,Hlobohang-020700cd.cha,23,90,3.913,0.90875,0,39,.478,1.000,.300
Hlobohang,adult,OCDS,Hlobohang-020800ab.cha,,,,,,,,,
Hlobohang,adult,OCDS,Hlobohang-020800cd.cha,4,12,3.000,0.95,1,8,.500,,.250
Hlobohang,adult,OCDS,Hlobohang-020800ef.cha,,,,,,,,,
Hlobohang,adult,OCDS,Hlobohang-020900ab.cha,,,,,,,,,
Hlobohang,adult,OCDS,Hlobohang-020900cd.cha,22,51,2.318,0.9,6,21,.500,1.000,.411
Hlobohang,adult,OCDS,Hlobohang-020900e.cha,,,,,,,,,
Hlobohang,adult,OCDS,Hlobohang-030000ab.cha,,,,,,,,,
Hlobohang,adult,OCDS,Hlobohang-030000cd.cha,6,15,2.500,0.98,1,12,.333,,.400
Litlhare,adult,OCDS,Litlhare-020100ab.cha,14,59,4.214,0.979591836735,1,32,.285,.250,.372
Litlhare,adult,OCDS,Litlhare-020100cd.cha,,,,,,,,,
Litlhare,adult,OCDS,Litlhare-020100ef.cha,,,,,,,,,
Litlhare,adult,OCDS,Litlhare-020200ab.cha,,,,,,,,,
Litlhare,adult,OCDS,Litlhare-020200cd.cha,,,,,,,,,
Litlhare,adult,OCDS,Litlhare-020400ab.cha,,,,,,,,,
Litlhare,adult,OCDS,Litlhare-020400cd.cha,,,,,,,,,
Litlhare,adult,OCDS,Litlhare-020500ab.cha,,,,,,,,,
Litlhare,adult,OCDS,Litlhare-020500cd.cha,10,44,4.400,0.932352941176,0,24,.200,1.000,.431
Litlhare,adult,OCDS,Litlhare-020500ef.cha,,,,,,,,,
Litlhare,adult,OCDS,Litlhare-030000ab.cha,,,,,,,,,
Litlhare,adult,OCDS,Litlhare-030000cd.cha,,,,,,,,,
Litlhare,adult,OCDS,Litlhare-020600ab.cha,,,,,,,,,
Litlhare,adult,OCDS,Litlhare-020600cd.cha,,,,,,,,,
Litlhare,adult,OCDS,Litlhare-020600e.cha,,,,,,,,,
Litlhare,adult,OCDS,Litlhare-020800ab.cha,,,,,,,,,
Litlhare,adult,OCDS,Litlhare-020800cd.cha,,,,,,,,,
Litlhare,adult,OCDS,Litlhare-020900ab.cha,,,,,,,,,
Litlhare,adult,OCDS,Litlhare-020900cd.cha,,,,,,,,,
Litlhare,adult,OCDS,Litlhare-021000ab.cha,,,,,,,,,
Litlhare,adult,OCDS,Litlhare-021000cd.cha,,,,,,,,,
Litlhare,adult,OCDS,Litlhare-030200ab.cha,,,,,,,,0,
Litlhare,adult,OCDS,Litlhare-030200cd.cha,,,,,,,,,
Tsebo,adult,OCDS,Tsebo-030800ab.cha,60,158,2.633,0.925,12,67,.366,1.000,.481
Tsebo,adult,OCDS,Tsebo-030800cd.cha,,,,,,,,,
Tsebo,adult,OCDS,Tsebo-030800ef.cha,7,24,3.428,0.921428571429,0,20,.571,,.458
Tsebo,adult,OCDS,Tsebo-030900a.cha,,,,,,,,,
Tsebo,adult,OCDS,Tsebo-030900b.cha,,,,,,,,,
Tsebo,adult,OCDS,Tsebo-031000ab.cha,,,,,,,,,
Tsebo,adult,OCDS,Tsebo-031000cd.cha,127,329,2.590,0.928526645768,34,108,.433,.647,.465
Tsebo,adult,OCDS,Tsebo-031000e.cha,212,527,2.485,0.911798839458,62,125,.632,.958,.375
Tsebo,adult,OCDS,Tsebo-040000ab.cha,8,29,3.625,0.878947368421,1,18,.375,.500,.310
Tsebo,adult,OCDS,Tsebo-040000cd.cha,,,,,,,,,
Tsebo,adult,OCDS,Tsebo-040100ab.cha,,,,,,,,,
Tsebo,adult,OCDS,Tsebo-040100cd.cha,,,,,,,,,
Tsebo,adult,OCDS,Tsebo-040100ef.cha,,,,,,,,,
Tsebo,adult,OCDS,Tsebo-040300ab.cha,70,207,2.957,0.951776649746,12,83,.557,.333,.410
Tsebo,adult,OCDS,Tsebo-040300cd.cha,149,485,3.255,0.940842105263,26,162,.436,.916,.424
Tsebo,adult,OCDS,Tsebo-040300e.cha,,,,,,,,,
Tsebo,adult,OCDS,Tsebo-040300f.cha,,,,,,,,,
Tsebo,adult,OCDS,Tsebo-040500ab.cha,9,39,4.333,0.875862068966,0,20,.444,,.384
Tsebo,adult,OCDS,Tsebo-040500cd.cha,22,72,3.272,0.958064516129,4,35,.363,0,.458
Tsebo,adult,OCDS,Tsebo-040500e.cha,,,,,,,,,
Tsebo,adult,OCDS,Tsebo-040700ab.cha,12,51,4.250,0.973170731707,1,23,.583,1.000,.392
Tsebo,adult,OCDS,Tsebo-040700cd.cha,,,,,,,,,
Tsebo,adult,OCDS,Tsebo-040700e.cha,,,,,,,,,
Hlobohang,adult,ADS,Hlobohang-020100ab.cha,,,,,,,,,
Hlobohang,adult,ADS,Hlobohang-020100cd.cha,5,19,3.800,0.766666666667,0,7,.400,1.000,.315
Hlobohang,adult,ADS,Hlobohang-020100ef.cha,19,48,2.526,0.905263157895,4,34,.210,.500,.479
Hlobohang,adult,ADS,Hlobohang-020200ab.cha,,,,,,,,,
Hlobohang,adult,ADS,Hlobohang-020200cd.cha,,,,,,,,,
Hlobohang,adult,ADS,Hlobohang-020400ab.cha,,,,,,,,,
Hlobohang,adult,ADS,Hlobohang-020400cd.cha,6,18,3.000,0.975,2,16,.500,,.388
Hlobohang,adult,ADS,Hlobohang-020500ab.cha,3,12,4.000,1.0,0,12,.666,,.333
Hlobohang,adult,ADS,Hlobohang-020500cd.cha,6,23,3.833,0.953846153846,0,15,.500,1.000,.478
Hlobohang,adult,ADS,Hlobohang-021100ab.cha,,,,,,,,,
Hlobohang,adult,ADS,Hlobohang-021100cd.cha,,,,,,,,,
Hlobohang,adult,ADS,Hlobohang-020600ab.cha,3,11,3.666,0.9,0,9,0,,.636
Hlobohang,adult,ADS,Hlobohang-020600cd.cha,,,,,,,,,
Hlobohang,adult,ADS,Hlobohang-020700ab.cha,6,26,4.333,0.91875,0,16,.333,.500,.538
Hlobohang,adult,ADS,Hlobohang-020700cd.cha,4,14,3.500,0.775,1,8,0,,.714
Hlobohang,adult,ADS,Hlobohang-020800ab.cha,,,,,,,,,
Hlobohang,adult,ADS,Hlobohang-020800cd.cha,,,,,,,,,
Hlobohang,adult,ADS,Hlobohang-020800ef.cha,,,,,,,,,
Hlobohang,adult,ADS,Hlobohang-020900ab.cha,,,,,,,,,
Hlobohang,adult,ADS,Hlobohang-020900cd.cha,,,,,,,,,
Hlobohang,adult,ADS,Hlobohang-020900e.cha,,,,,,,,,
Hlobohang,adult,ADS,Hlobohang-030000ab.cha,5,14,2.800,1.0,1,14,.400,,.428
Hlobohang,adult,ADS,Hlobohang-030000cd.cha,,,,,,,,,
Litlhare,adult,ADS,Litlhare-020100ab.cha,37,122,3.297,0.939285714286,8,55,.243,.545,.516
Litlhare,adult,ADS,Litlhare-020100cd.cha,,,,,,,,,
Litlhare,adult,ADS,Litlhare-020100ef.cha,,,,,,,,,
Litlhare,adult,ADS,Litlhare-020200ab.cha,,,,,,,,,
Litlhare,adult,ADS,Litlhare-020200cd.cha,,,,,,,,,
Litlhare,adult,ADS,Litlhare-020400ab.cha,,,,,,,,,
Litlhare,adult,ADS,Litlhare-020400cd.cha,,,,,,,,,
Litlhare,adult,ADS,Litlhare-020500ab.cha,,,,,,,,,
Litlhare,adult,ADS,Litlhare-020500cd.cha,,,,,,,,,
Litlhare,adult,ADS,Litlhare-020500ef.cha,,,,,,,,,
Litlhare,adult,ADS,Litlhare-030000ab.cha,,,,,,,,,
Litlhare,adult,ADS,Litlhare-030000cd.cha,,,,,,,,,
Litlhare,adult,ADS,Litlhare-020600ab.cha,,,,,,,,,
Litlhare,adult,ADS,Litlhare-020600cd.cha,,,,,,,,,
Litlhare,adult,ADS,Litlhare-020600e.cha,,,,,,,,,
Litlhare,adult,ADS,Litlhare-020800ab.cha,,,,,,,,,
Litlhare,adult,ADS,Litlhare-020800cd.cha,,,,,,,,,
Litlhare,adult,ADS,Litlhare-020900ab.cha,,,,,,,,,
Litlhare,adult,ADS,Litlhare-020900cd.cha,,,,,,,,,
Litlhare,adult,ADS,Litlhare-021000ab.cha,,,,,,,,,
Litlhare,adult,ADS,Litlhare-021000cd.cha,,,,,,,,,
Litlhare,adult,ADS,Litlhare-030200ab.cha,5,26,5.200,0.94375,1,18,0,0,.423
Litlhare,adult,ADS,Litlhare-030200cd.cha,,,,,,,,,
Tsebo,adult,ADS,Tsebo-030800ab.cha,,,,,,,,,
Tsebo,adult,ADS,Tsebo-030800cd.cha,,,,,,,,,
Tsebo,adult,ADS,Tsebo-030800ef.cha,,,,,,,,,
Tsebo,adult,ADS,Tsebo-030900a.cha,,,,,,,,,
Tsebo,adult,ADS,Tsebo-030900b.cha,,,,,,,,,
Tsebo,adult,ADS,Tsebo-031000ab.cha,,,,,,,,,
Tsebo,adult,ADS,Tsebo-031000cd.cha,10,30,3.000,0.855,2,19,.600,,.266
Tsebo,adult,ADS,Tsebo-031000e.cha,5,13,2.600,1.0,2,11,.600,0,.615
Tsebo,adult,ADS,Tsebo-040000ab.cha,,,,,,,,,
Tsebo,adult,ADS,Tsebo-040000cd.cha,,,,,,,,,
Tsebo,adult,ADS,Tsebo-040100ab.cha,,,,,,,,0,
Tsebo,adult,ADS,Tsebo-040100cd.cha,,,,,,,,,
Tsebo,adult,ADS,Tsebo-040100ef.cha,,,,,,,,,
Tsebo,adult,ADS,Tsebo-040300ab.cha,,,,,,,,,
Tsebo,adult,ADS,Tsebo-040300cd.cha,,,,,,,,,
Tsebo,adult,ADS,Tsebo-040300e.cha,,,,,,,,,
Tsebo,adult,ADS,Tsebo-040300f.cha,,,,,,,,,
Tsebo,adult,ADS,Tsebo-040500ab.cha,,,,,,,,,
Tsebo,adult,ADS,Tsebo-040500cd.cha,,,,,,,,,
Tsebo,adult,ADS,Tsebo-040500e.cha,,,,,,,,,
Tsebo,adult,ADS,Tsebo-040700ab.cha,,,,,,,,,
Tsebo,adult,ADS,Tsebo-040700cd.cha,,,,,,,,,
Tsebo,adult,ADS,Tsebo-040700e.cha,,,,,,,,,
Hlobohang,mother,CDS,Hlobohang-020100ab.cha,175,376,2.148,0.730327868852,65,45,.691,.982,.369
Hlobohang,mother,CDS,Hlobohang-020100cd.cha,53,153,2.886,0.816783216783,6,32,.584,.803,.372
Hlobohang,mother,CDS,Hlobohang-020100ef.cha,125,287,2.296,0.850180505415,52,87,.576,.801,.383
Hlobohang,mother,CDS,Hlobohang-020200ab.cha,78,197,2.525,0.831016042781,22,58,.435,.657,.451
Hlobohang,mother,CDS,Hlobohang-020200cd.cha,,,,,,,,,
Hlobohang,mother,CDS,Hlobohang-020400ab.cha,49,118,2.408,0.92037037037,15,56,.448,.525,.508
Hlobohang,mother,CDS,Hlobohang-020400cd.cha,12,30,2.500,0.89,3,16,.750,.500,.366
Hlobohang,mother,CDS,Hlobohang-020500ab.cha,37,108,2.918,0.835714285714,7,47,.432,.500,.444
Hlobohang,mother,CDS,Hlobohang-020500cd.cha,58,150,2.586,0.743571428571,13,32,.379,.833,.426
Hlobohang,mother,CDS,Hlobohang-021100ab.cha,84,237,2.821,0.8140969163,15,70,.333,.870,.438
Hlobohang,mother,CDS,Hlobohang-021100cd.cha,92,258,2.804,0.870564516129,21,133,.423,.636,.461
Hlobohang,mother,CDS,Hlobohang-020600ab.cha,166,451,2.716,0.875283446712,46,140,.415,.875,.467
Hlobohang,mother,CDS,Hlobohang-020600cd.cha,36,99,2.750,0.942696629213,11,54,.111,.833,.494
Hlobohang,mother,CDS,Hlobohang-020700ab.cha,29,77,2.655,0.873134328358,4,37,.724,.666,.428
Hlobohang,mother,CDS,Hlobohang-020700cd.cha,42,126,3.000,0.905172413793,7,53,.547,.589,.380
Hlobohang,mother,CDS,Hlobohang-020800ab.cha,9,30,3.333,0.88,2,16,.333,.666,.166
Hlobohang,mother,CDS,Hlobohang-020800cd.cha,135,347,2.570,0.795845697329,38,99,.733,.754,.308
Hlobohang,mother,CDS,Hlobohang-020800ef.cha,306,826,2.699,0.783823529412,79,163,.411,.992,.398
Hlobohang,mother,CDS,Hlobohang-020900ab.cha,,,,,,,,,
Hlobohang,mother,CDS,Hlobohang-020900cd.cha,,,,,,,,,
Hlobohang,mother,CDS,Hlobohang-020900e.cha,,,,,,,,,
Hlobohang,mother,CDS,Hlobohang-030000ab.cha,37,100,2.702,0.864444444444,12,46,.216,.781,.350
Hlobohang,mother,CDS,Hlobohang-030000cd.cha,19,52,2.736,0.845238095238,4,26,.578,.642,.538
Litlhare,mother,CDS,Litlhare-020100ab.cha,275,610,2.218,0.8375,97,136,.381,.769,.442
Litlhare,mother,CDS,Litlhare-020100cd.cha,541,1153,2.131,0.81741032371,231,237,.441,.944,.452
Litlhare,mother,CDS,Litlhare-020100ef.cha,152,319,2.098,0.887378640777,68,113,.473,.791,.479
Litlhare,mother,CDS,Litlhare-020200ab.cha,459,1047,2.281,0.853037608486,173,249,.374,.952,.420
Litlhare,mother,CDS,Litlhare-020200cd.cha,294,651,2.214,0.889703588144,116,185,.418,.934,.448
Litlhare,mother,CDS,Litlhare-020400ab.cha,451,1101,2.441,0.901649862511,148,282,.419,.816,.449
Litlhare,mother,CDS,Litlhare-020400cd.cha,140,360,2.571,0.906571428571,31,122,.142,.719,.486
Litlhare,mother,CDS,Litlhare-020500ab.cha,,,,,,,,,
Litlhare,mother,CDS,Litlhare-020500cd.cha,31,93,3.000,0.880722891566,4,38,.483,.812,.333
Litlhare,mother,CDS,Litlhare-020500ef.cha,254,608,2.393,0.862040133779,110,192,.440,.951,.398
Litlhare,mother,CDS,Litlhare-030000ab.cha,250,626,2.504,0.931006493506,91,228,.476,.942,.479
Litlhare,mother,CDS,Litlhare-030000cd.cha,291,752,2.584,0.913881401617,92,261,.381,.817,.429
Litlhare,mother,CDS,Litlhare-020600ab.cha,610,1599,2.621,0.912334801762,169,390,.383,.995,.466
Litlhare,mother,CDS,Litlhare-020600cd.cha,332,887,2.671,0.901938426454,82,251,.382,.877,.480
Litlhare,mother,CDS,Litlhare-020600e.cha,26,65,2.500,0.889090909091,8,38,.115,1.000,.461
Litlhare,mother,CDS,Litlhare-020800ab.cha,,,,,,,,.500,
Litlhare,mother,CDS,Litlhare-020800cd.cha,,,,,,,,,
Litlhare,mother,CDS,Litlhare-020900ab.cha,245,609,2.485,0.868614357262,102,178,.485,.940,.380
Litlhare,mother,CDS,Litlhare-020900cd.cha,40,102,2.550,0.939130434783,14,55,.675,1.000,.480
Litlhare,mother,CDS,Litlhare-021000ab.cha,,,,,,,,,
Litlhare,mother,CDS,Litlhare-021000cd.cha,,,,,,,,,
Litlhare,mother,CDS,Litlhare-030200ab.cha,389,1229,3.159,0.925020508614,70,328,.380,.921,.417
Litlhare,mother,CDS,Litlhare-030200cd.cha,314,901,2.869,0.923681257015,70,277,.366,.937,.401
Tsebo,mother,CDS,Tsebo-030800ab.cha,16,40,2.500,0.903333333333,5,25,.187,.428,.525
Tsebo,mother,CDS,Tsebo-030800cd.cha,56,180,3.214,0.947647058824,10,75,.464,.739,.505
Tsebo,mother,CDS,Tsebo-030800ef.cha,79,220,2.784,0.92619047619,21,93,.417,.937,.450
Tsebo,mother,CDS,Tsebo-030900a.cha,26,67,2.576,0.973684210526,5,29,.384,.800,.388
Tsebo,mother,CDS,Tsebo-030900b.cha,59,143,2.423,0.894736842105,24,70,.576,1.000,.405
Tsebo,mother,CDS,Tsebo-031000ab.cha,367,977,2.662,0.93278179938,111,278,.414,1.000,.442
Tsebo,mother,CDS,Tsebo-031000cd.cha,169,447,2.644,0.948512585812,42,165,.325,1.000,.420
Tsebo,mother,CDS,Tsebo-031000e.cha,5,15,3.000,0.84,0,9,.400,,.400
Tsebo,mother,CDS,Tsebo-040000ab.cha,52,145,2.788,0.951851851852,13,68,.557,.583,.351
Tsebo,mother,CDS,Tsebo-040000cd.cha,169,497,2.940,0.944147843943,38,153,.443,.793,.414
Tsebo,mother,CDS,Tsebo-040100ab.cha,342,973,2.845,0.965005192108,72,256,.307,.772,.500
Tsebo,mother,CDS,Tsebo-040100cd.cha,90,302,3.355,0.946575342466,14,120,.400,.812,.374
Tsebo,mother,CDS,Tsebo-040100ef.cha,32,98,3.062,0.952272727273,3,48,.218,.800,.479
Tsebo,mother,CDS,Tsebo-040300ab.cha,111,383,3.450,0.964879356568,14,150,.414,.727,.469
Tsebo,mother,CDS,Tsebo-040300cd.cha,,,,,,,,,
Tsebo,mother,CDS,Tsebo-040300e.cha,19,60,3.157,0.97,1,36,.526,,.433
Tsebo,mother,CDS,Tsebo-040300f.cha,6,11,1.833,0.9,3,9,0,,.454
Tsebo,mother,CDS,Tsebo-040500ab.cha,51,193,3.784,0.96393442623,10,100,.235,.900,.471
Tsebo,mother,CDS,Tsebo-040500cd.cha,23,59,2.565,0.944897959184,6,36,.608,.714,.254
Tsebo,mother,CDS,Tsebo-040500e.cha,,,,,,,,,
Tsebo,mother,CDS,Tsebo-040700ab.cha,19,81,4.263,0.928169014085,0,41,.263,1.000,.345
Tsebo,mother,CDS,Tsebo-040700cd.cha,5,23,4.600,1.0,0,23,.400,,.478
Tsebo,mother,CDS,Tsebo-040700e.cha,12,53,4.416,0.939534883721,0,27,0,.666,.377
Hlobohang,mother,OCDS,Hlobohang-020100ab.cha,,,,,,,,,
Hlobohang,mother,OCDS,Hlobohang-020100cd.cha,4,12,3.000,0.9,1,10,.500,,.416
Hlobohang,mother,OCDS,Hlobohang-020100ef.cha,20,47,2.350,0.927027027027,4,32,.300,1.000,.404
Hlobohang,mother,OCDS,Hlobohang-020200ab.cha,,,,,,,,1.000,
Hlobohang,mother,OCDS,Hlobohang-020200cd.cha,,,,,,,,,
Hlobohang,mother,OCDS,Hlobohang-020400ab.cha,10,31,3.100,0.971428571429,0,26,.300,0,.483
Hlobohang,mother,OCDS,Hlobohang-020400cd.cha,,,,,,,,,
Hlobohang,mother,OCDS,Hlobohang-020500ab.cha,7,22,3.142,0.975,2,18,.285,1.000,.500
Hlobohang,mother,OCDS,Hlobohang-020500cd.cha,4,11,2.750,1.0,1,11,.500,0,.454
Hlobohang,mother,OCDS,Hlobohang-021100ab.cha,6,23,3.833,0.869230769231,0,17,0,,.391
Hlobohang,mother,OCDS,Hlobohang-021100cd.cha,3,12,4.000,0.9,0,8,0,1.000,.333
Hlobohang,mother,OCDS,Hlobohang-020600ab.cha,12,37,3.083,0.892592592593,3,18,.416,,.297
Hlobohang,mother,OCDS,Hlobohang-020600cd.cha,18,47,2.611,0.862162162162,3,25,.611,.750,.361
Hlobohang,mother,OCDS,Hlobohang-020700ab.cha,3,12,4.000,0.95,1,10,0,,.500
Hlobohang,mother,OCDS,Hlobohang-020700cd.cha,8,23,2.875,0.984615384615,1,15,.250,0,.652
Hlobohang,mother,OCDS,Hlobohang-020800ab.cha,5,20,4.000,0.87,2,14,0,,.100
Hlobohang,mother,OCDS,Hlobohang-020800cd.cha,,,,,,,,,
Hlobohang,mother,OCDS,Hlobohang-020800ef.cha,7,23,3.285,0.815384615385,1,15,.428,,.478
Hlobohang,mother,OCDS,Hlobohang-020900ab.cha,,,,,,,,,
Hlobohang,mother,OCDS,Hlobohang-020900cd.cha,,,,,,,,,
Hlobohang,mother,OCDS,Hlobohang-020900e.cha,,,,,,,,,
Hlobohang,mother,OCDS,Hlobohang-030000ab.cha,,,,,,,,,
Hlobohang,mother,OCDS,Hlobohang-030000cd.cha,,,,,,,,,
Litlhare,mother,OCDS,Litlhare-020100ab.cha,6,18,3.000,1.0,2,18,0,0,.500
Litlhare,mother,OCDS,Litlhare-020100cd.cha,25,68,2.720,0.931034482759,7,38,.200,1.000,.500
Litlhare,mother,OCDS,Litlhare-020100ef.cha,26,74,2.846,0.9734375,9,45,.461,0,.391
Litlhare,mother,OCDS,Litlhare-020200ab.cha,,,,,,,,,
Litlhare,mother,OCDS,Litlhare-020200cd.cha,4,11,2.750,0.9,0,9,0,,.636
Litlhare,mother,OCDS,Litlhare-020400ab.cha,61,153,2.508,0.951748251748,19,81,.180,1.000,.424
Litlhare,mother,OCDS,Litlhare-020400cd.cha,27,78,2.888,0.986764705882,6,50,.111,1.000,.435
Litlhare,mother,OCDS,Litlhare-020500ab.cha,,,,,,,,,
Litlhare,mother,OCDS,Litlhare-020500cd.cha,9,33,3.666,0.986956521739,1,25,.222,.500,.454
Litlhare,mother,OCDS,Litlhare-020500ef.cha,,,,,,,,,
Litlhare,mother,OCDS,Litlhare-030000ab.cha,14,52,3.714,0.864285714286,5,29,.285,1.000,.461
Litlhare,mother,OCDS,Litlhare-030000cd.cha,47,173,3.680,0.979141104294,13,94,.234,.916,.427
Litlhare,mother,OCDS,Litlhare-020600ab.cha,,,,,,,,,
Litlhare,mother,OCDS,Litlhare-020600cd.cha,39,116,2.974,0.944339622642,8,62,.307,1.000,.465
Litlhare,mother,OCDS,Litlhare-020600e.cha,,,,,,,,,
Litlhare,mother,OCDS,Litlhare-020800ab.cha,,,,,,,,,
Litlhare,mother,OCDS,Litlhare-020800cd.cha,,,,,,,,,
Litlhare,mother,OCDS,Litlhare-020900ab.cha,14,33,2.357,0.917391304348,3,19,.428,,.272
Litlhare,mother,OCDS,Litlhare-020900cd.cha,,,,,,,,,
Litlhare,mother,OCDS,Litlhare-021000ab.cha,,,,,,,,,
Litlhare,mother,OCDS,Litlhare-021000cd.cha,,,,,,,,,
Litlhare,mother,OCDS,Litlhare-030200ab.cha,18,61,3.388,0.901960784314,1,31,.500,.375,.377
Litlhare,mother,OCDS,Litlhare-030200cd.cha,25,86,3.440,0.961842105263,6,60,.280,.400,.465
Tsebo,mother,OCDS,Tsebo-030800ab.cha,,,,,,,,,
Tsebo,mother,OCDS,Tsebo-030800cd.cha,23,67,2.913,0.949122807018,9,38,.173,,.567
Tsebo,mother,OCDS,Tsebo-030800ef.cha,,,,,,,,,
Tsebo,mother,OCDS,Tsebo-030900a.cha,21,58,2.761,0.910416666667,5,25,.380,,.413
Tsebo,mother,OCDS,Tsebo-030900b.cha,,,,,,,,,
Tsebo,mother,OCDS,Tsebo-031000ab.cha,,,,,,,,,
Tsebo,mother,OCDS,Tsebo-031000cd.cha,,,,,,,,,
Tsebo,mother,OCDS,Tsebo-031000e.cha,,,,,,,,,
Tsebo,mother,OCDS,Tsebo-040000ab.cha,32,120,3.750,0.944545454545,4,52,.343,.375,.441
Tsebo,mother,OCDS,Tsebo-040000cd.cha,25,87,3.480,0.925974025974,4,44,.440,1.000,.402
Tsebo,mother,OCDS,Tsebo-040100ab.cha,200,484,2.420,0.960970464135,52,165,.480,1.000,.466
Tsebo,mother,OCDS,Tsebo-040100cd.cha,27,86,3.185,0.880263157895,5,21,.555,1.000,.372
Tsebo,mother,OCDS,Tsebo-040100ef.cha,27,102,3.777,0.952173913043,3,54,.148,1.000,.500
Tsebo,mother,OCDS,Tsebo-040300ab.cha,60,195,3.250,0.916216216216,8,78,.616,.333,.353
Tsebo,mother,OCDS,Tsebo-040300cd.cha,,,,,,,,,
Tsebo,mother,OCDS,Tsebo-040300e.cha,81,249,3.074,0.972384937238,15,125,.493,1.000,.409
Tsebo,mother,OCDS,Tsebo-040300f.cha,56,213,3.803,0.966995073892,6,100,.321,.875,.389
Tsebo,mother,OCDS,Tsebo-040500ab.cha,29,104,3.586,0.924468085106,4,64,.344,1.000,.509
Tsebo,mother,OCDS,Tsebo-040500cd.cha,43,183,4.255,0.922543352601,2,73,.372,.714,.415
Tsebo,mother,OCDS,Tsebo-040500e.cha,3,12,4.000,0.9,0,8,.333,1.000,.583
Tsebo,mother,OCDS,Tsebo-040700ab.cha,58,248,4.275,0.959663865546,4,122,.327,1.000,.427
Tsebo,mother,OCDS,Tsebo-040700cd.cha,35,162,4.628,0.928289473684,1,79,.314,.625,.413
Tsebo,mother,OCDS,Tsebo-040700e.cha,26,95,3.653,0.925882352941,3,45,.346,.750,.442
Hlobohang,mother,ADS,Hlobohang-020100ab.cha,,,,,,,,,
Hlobohang,mother,ADS,Hlobohang-020100cd.cha,,,,,,,,,
Hlobohang,mother,ADS,Hlobohang-020100ef.cha,6,14,2.333,1.0,2,14,.333,0,.571
Hlobohang,mother,ADS,Hlobohang-020200ab.cha,,,,,,,,,
Hlobohang,mother,ADS,Hlobohang-020200cd.cha,,,,,,,,,
Hlobohang,mother,ADS,Hlobohang-020400ab.cha,,,,,,,,,
Hlobohang,mother,ADS,Hlobohang-020400cd.cha,3,29,9.666,0.942105263158,0,18,.333,,.620
Hlobohang,mother,ADS,Hlobohang-020500ab.cha,,,,,,,,0,
Hlobohang,mother,ADS,Hlobohang-020500cd.cha,,,,,,,,,
Hlobohang,mother,ADS,Hlobohang-021100ab.cha,,,,,,,,,
Hlobohang,mother,ADS,Hlobohang-021100cd.cha,,,,,,,,0,
Hlobohang,mother,ADS,Hlobohang-020600ab.cha,,,,,,,,,
Hlobohang,mother,ADS,Hlobohang-020600cd.cha,,,,,,,,,
Hlobohang,mother,ADS,Hlobohang-020700ab.cha,,,,,,,,0,
Hlobohang,mother,ADS,Hlobohang-020700cd.cha,,,,,,,,,
Hlobohang,mother,ADS,Hlobohang-020800ab.cha,,,,,,,,,
Hlobohang,mother,ADS,Hlobohang-020800cd.cha,,,,,,,,,
Hlobohang,mother,ADS,Hlobohang-020800ef.cha,,,,,,,,,
Hlobohang,mother,ADS,Hlobohang-020900ab.cha,,,,,,,,,
Hlobohang,mother,ADS,Hlobohang-020900cd.cha,,,,,,,,,
Hlobohang,mother,ADS,Hlobohang-020900e.cha,,,,,,,,,
Hlobohang,mother,ADS,Hlobohang-030000ab.cha,,,,,,,,,
Hlobohang,mother,ADS,Hlobohang-030000cd.cha,,,,,,,,,
Litlhare,mother,ADS,Litlhare-020100ab.cha,22,85,3.863,0.964,1,52,.181,.380,.470
Litlhare,mother,ADS,Litlhare-020100cd.cha,,,,,,,,1.000,
Litlhare,mother,ADS,Litlhare-020100ef.cha,,,,,,,,,
Litlhare,mother,ADS,Litlhare-020200ab.cha,,,,,,,,,
Litlhare,mother,ADS,Litlhare-020200cd.cha,,,,,,,,,
Litlhare,mother,ADS,Litlhare-020400ab.cha,,,,,,,,,
Litlhare,mother,ADS,Litlhare-020400cd.cha,,,,,,,,,
Litlhare,mother,ADS,Litlhare-020500ab.cha,,,,,,,,,
Litlhare,mother,ADS,Litlhare-020500cd.cha,,,,,,,,,
Litlhare,mother,ADS,Litlhare-020500ef.cha,,,,,,,,,
Litlhare,mother,ADS,Litlhare-030000ab.cha,,,,,,,,,
Litlhare,mother,ADS,Litlhare-030000cd.cha,,,,,,,,,
Litlhare,mother,ADS,Litlhare-020600ab.cha,,,,,,,,1.000,
Litlhare,mother,ADS,Litlhare-020600cd.cha,,,,,,,,,
Litlhare,mother,ADS,Litlhare-020600e.cha,,,,,,,,,
Litlhare,mother,ADS,Litlhare-020800ab.cha,,,,,,,,,
Litlhare,mother,ADS,Litlhare-020800cd.cha,,,,,,,,,
Litlhare,mother,ADS,Litlhare-020900ab.cha,4,14,3.500,0.8,0,5,1.000,,.285
Litlhare,mother,ADS,Litlhare-020900cd.cha,,,,,,,,,
Litlhare,mother,ADS,Litlhare-021000ab.cha,,,,,,,,,
Litlhare,mother,ADS,Litlhare-021000cd.cha,,,,,,,,,
Litlhare,mother,ADS,Litlhare-030200ab.cha,9,35,3.888,0.932,0,24,0,.750,.371
Litlhare,mother,ADS,Litlhare-030200cd.cha,,,,,,,,,
Tsebo,mother,ADS,Tsebo-030800ab.cha,,,,,,,,,
Tsebo,mother,ADS,Tsebo-030800cd.cha,,,,,,,,,
Tsebo,mother,ADS,Tsebo-030800ef.cha,,,,,,,,,
Tsebo,mother,ADS,Tsebo-030900a.cha,,,,,,,,,
Tsebo,mother,ADS,Tsebo-030900b.cha,,,,,,,,,
Tsebo,mother,ADS,Tsebo-031000ab.cha,11,27,2.454,0.841176470588,4,13,0,1.000,.407
Tsebo,mother,ADS,Tsebo-031000cd.cha,9,29,3.222,0.868421052632,2,18,.111,.875,.310
Tsebo,mother,ADS,Tsebo-031000e.cha,,,,,,,,,
Tsebo,mother,ADS,Tsebo-040000ab.cha,,,,,,,,,
Tsebo,mother,ADS,Tsebo-040000cd.cha,,,,,,,,,
Tsebo,mother,ADS,Tsebo-040100ab.cha,2,14,7.000,0.95,0,12,0,0,.285
Tsebo,mother,ADS,Tsebo-040100cd.cha,,,,,,,,,
Tsebo,mother,ADS,Tsebo-040100ef.cha,,,,,,,,,
Tsebo,mother,ADS,Tsebo-040300ab.cha,,,,,,,,,
Tsebo,mother,ADS,Tsebo-040300cd.cha,,,,,,,,,
Tsebo,mother,ADS,Tsebo-040300e.cha,,,,,,,,,
Tsebo,mother,ADS,Tsebo-040300f.cha,2,14,7.000,0.9,0,12,.500,.500,.285
Tsebo,mother,ADS,Tsebo-040500ab.cha,,,,,,,,,
Tsebo,mother,ADS,Tsebo-040500cd.cha,,,,,,,,,
Tsebo,mother,ADS,Tsebo-040500e.cha,,,,,,,,,
Tsebo,mother,ADS,Tsebo-040700ab.cha,,,,,,,,,
Tsebo,mother,ADS,Tsebo-040700cd.cha,,,,,,,,,
Tsebo,mother,ADS,Tsebo-040700e.cha,,,,,,,,,
Hlobohang,child,CDS,Hlobohang-020100ab.cha,28,58,2.071,0.895833333333,11,33,.250,.523,.448
Hlobohang,child,CDS,Hlobohang-020100cd.cha,148,340,2.297,0.759090909091,56,61,.614,.862,.350
Hlobohang,child,CDS,Hlobohang-020100ef.cha,104,225,2.163,0.774418604651,36,70,.096,.705,.528
Hlobohang,child,CDS,Hlobohang-020200ab.cha,269,742,2.758,0.827322404372,53,165,.185,.740,.490
Hlobohang,child,CDS,Hlobohang-020200cd.cha,449,1291,2.875,0.836924277908,63,283,.131,.775,.512
Hlobohang,child,CDS,Hlobohang-020400ab.cha,492,1229,2.497,0.811238720263,138,220,.176,.900,.443
Hlobohang,child,CDS,Hlobohang-020400cd.cha,239,699,2.924,0.814513788099,46,169,.146,.821,.516
Hlobohang,child,CDS,Hlobohang-020500ab.cha,413,1095,2.651,0.859170506912,101,239,.230,.942,.438
Hlobohang,child,CDS,Hlobohang-020500cd.cha,146,361,2.472,0.876353276353,46,114,.301,.760,.440
Hlobohang,child,CDS,Hlobohang-021100ab.cha,124,297,2.395,0.860975609756,38,109,.088,.942,.430
Hlobohang,child,CDS,Hlobohang-021100cd.cha,251,650,2.589,0.85234375,61,202,.043,.844,.435
Hlobohang,child,CDS,Hlobohang-020600ab.cha,172,461,2.680,0.883592017738,33,160,.098,.925,.477
Hlobohang,child,CDS,Hlobohang-020600cd.cha,257,740,2.879,0.918493150685,49,248,.120,.948,.471
Hlobohang,child,CDS,Hlobohang-020700ab.cha,184,512,2.782,0.911354581673,35,188,.092,.855,.490
Hlobohang,child,CDS,Hlobohang-020700cd.cha,196,547,2.790,0.893668528864,42,134,.142,.795,.453
Hlobohang,child,CDS,Hlobohang-020800ab.cha,289,726,2.512,0.874860335196,94,182,.242,.995,.333
Hlobohang,child,CDS,Hlobohang-020800cd.cha,71,176,2.478,0.845180722892,20,76,.352,.803,.357
Hlobohang,child,CDS,Hlobohang-020800ef.cha,,,,,,,,0,
Hlobohang,child,CDS,Hlobohang-020900ab.cha,152,409,2.690,0.898746867168,35,146,.184,.973,.452
Hlobohang,child,CDS,Hlobohang-020900cd.cha,206,498,2.417,0.892827868852,55,160,.179,.900,.367
Hlobohang,child,CDS,Hlobohang-020900e.cha,55,126,2.290,0.901724137931,22,60,.036,1.000,.436
Hlobohang,child,CDS,Hlobohang-030000ab.cha,25,66,2.640,0.9125,4,34,.160,.666,.318
Hlobohang,child,CDS,Hlobohang-030000cd.cha,104,287,2.759,0.845848375451,18,100,.182,.816,.445
Litlhare,child,CDS,Litlhare-020100ab.cha,443,1015,2.291,0.794726368159,145,162,.487,.855,.425
Litlhare,child,CDS,Litlhare-020100cd.cha,139,347,2.496,0.805044510386,34,108,.546,.777,.389
Litlhare,child,CDS,Litlhare-020100ef.cha,511,1194,2.336,0.808277027027,173,218,.506,.945,.405
Litlhare,child,CDS,Litlhare-020200ab.cha,148,447,3.020,0.867963386728,26,170,.047,.851,.465
Litlhare,child,CDS,Litlhare-020200cd.cha,99,260,2.626,0.828,25,73,.232,.800,.488
Litlhare,child,CDS,Litlhare-020400ab.cha,332,883,2.659,0.841809851088,85,212,.126,.743,.431
Litlhare,child,CDS,Litlhare-020400cd.cha,299,707,2.364,0.857388809182,88,188,.117,.891,.490
Litlhare,child,CDS,Litlhare-020500ab.cha,445,1182,2.656,0.876877133106,104,318,.258,.994,.445
Litlhare,child,CDS,Litlhare-020500cd.cha,333,1010,3.033,0.8622,63,236,.342,.969,.400
Litlhare,child,CDS,Litlhare-020500ef.cha,,,,,,,,,
Litlhare,child,CDS,Litlhare-030000ab.cha,144,362,2.513,0.890909090909,43,122,.104,.910,.450
Litlhare,child,CDS,Litlhare-030000cd.cha,302,845,2.798,0.901077844311,77,258,.076,.814,.467
Litlhare,child,CDS,Litlhare-020600ab.cha,,,,,,,,.500,
Litlhare,child,CDS,Litlhare-020600cd.cha,197,562,2.852,0.922101449275,40,199,.177,.804,.443
Litlhare,child,CDS,Litlhare-020600e.cha,,,,,,,,,
Litlhare,child,CDS,Litlhare-020800ab.cha,393,1173,2.984,0.893981083405,75,305,.114,.996,.522
Litlhare,child,CDS,Litlhare-020800cd.cha,342,920,2.690,0.901208791209,92,262,.105,1.000,.506
Litlhare,child,CDS,Litlhare-020900ab.cha,326,1090,3.343,0.897407407407,58,270,.131,.949,.452
Litlhare,child,CDS,Litlhare-020900cd.cha,20,74,3.700,0.8046875,3,25,.050,1.000,.459
Litlhare,child,CDS,Litlhare-021000ab.cha,717,2055,2.866,0.908606356968,137,432,.182,.990,.455
Litlhare,child,CDS,Litlhare-021000cd.cha,322,1003,3.114,0.925981873112,46,256,.102,1.000,.481
Litlhare,child,CDS,Litlhare-030200ab.cha,263,738,2.806,0.906318681319,46,195,.197,.904,.406
Litlhare,child,CDS,Litlhare-030200cd.cha,384,1149,2.992,0.921685689201,73,310,.174,.950,.440
Tsebo,child,CDS,Tsebo-030800ab.cha,18,35,1.944,0.928,7,26,.055,.714,.628
Tsebo,child,CDS,Tsebo-030800cd.cha,95,245,2.578,0.87914893617,26,83,.105,.750,.453
Tsebo,child,CDS,Tsebo-030800ef.cha,46,130,2.826,0.9225,11,60,.086,.684,.430
Tsebo,child,CDS,Tsebo-030900a.cha,190,517,2.721,0.899211045365,41,151,.110,.970,.464
Tsebo,child,CDS,Tsebo-030900b.cha,,,,,,,,,
Tsebo,child,CDS,Tsebo-031000ab.cha,,,,,,,,,
Tsebo,child,CDS,Tsebo-031000cd.cha,39,96,2.461,0.893023255814,10,30,.205,.428,.468
Tsebo,child,CDS,Tsebo-031000e.cha,90,272,3.022,0.877480916031,18,74,.211,.730,.386
Tsebo,child,CDS,Tsebo-040000ab.cha,352,1004,2.852,0.932796780684,72,249,.170,.948,.414
Tsebo,child,CDS,Tsebo-040000cd.cha,214,711,3.322,0.922824536377,28,172,.107,.955,.416
Tsebo,child,CDS,Tsebo-040100ab.cha,105,259,2.466,0.954618473896,35,111,.076,.416,.494
Tsebo,child,CDS,Tsebo-040100cd.cha,159,531,3.339,0.917082533589,23,131,.150,.950,.410
Tsebo,child,CDS,Tsebo-040100ef.cha,160,509,3.181,0.938076152305,18,184,.168,.941,.402
Tsebo,child,CDS,Tsebo-040300ab.cha,141,414,2.936,0.936386138614,32,172,.170,.782,.427
Tsebo,child,CDS,Tsebo-040300cd.cha,102,287,2.813,0.903971119134,22,102,.186,.416,.473
Tsebo,child,CDS,Tsebo-040300e.cha,12,35,2.916,0.824,0,17,0,.666,.400
Tsebo,child,CDS,Tsebo-040300f.cha,18,79,4.388,0.936231884058,0,36,.111,1.000,.341
Tsebo,child,CDS,Tsebo-040500ab.cha,141,457,3.241,0.931991051454,18,150,.085,.958,.474
Tsebo,child,CDS,Tsebo-040500cd.cha,180,732,4.066,0.939750692521,17,222,.094,.900,.392
Tsebo,child,CDS,Tsebo-040500e.cha,43,142,3.302,0.927272727273,8,66,.069,1.000,.338
Tsebo,child,CDS,Tsebo-040700ab.cha,37,150,4.054,0.927857142857,6,57,.108,1.000,.393
Tsebo,child,CDS,Tsebo-040700cd.cha,79,310,3.924,0.951,9,140,.151,1.000,.409
Tsebo,child,CDS,Tsebo-040700e.cha,37,145,3.918,0.942962962963,6,80,.054,.800,.358
Hlobohang,child,OCDS,Hlobohang-020100ab.cha,,,,,,,,.750,
Hlobohang,child,OCDS,Hlobohang-020100cd.cha,13,46,3.538,0.858333333333,3,23,.384,,.391
Hlobohang,child,OCDS,Hlobohang-020100ef.cha,17,32,1.882,0.890909090909,8,13,.117,1.000,.468
Hlobohang,child,OCDS,Hlobohang-020200ab.cha,,,,,,,,,
Hlobohang,child,OCDS,Hlobohang-020200cd.cha,18,59,3.277,0.95306122449,0,36,.111,1.000,.576
Hlobohang,child,OCDS,Hlobohang-020400ab.cha,40,106,2.650,0.920833333333,15,41,.375,.571,.349
Hlobohang,child,OCDS,Hlobohang-020400cd.cha,38,127,3.342,0.913675213675,4,47,.184,.785,.417
Hlobohang,child,OCDS,Hlobohang-020500ab.cha,88,234,2.659,0.931696428571,28,94,.181,.944,.444
Hlobohang,child,OCDS,Hlobohang-020500cd.cha,6,14,2.333,1.0,1,12,.666,1.000,.428
Hlobohang,child,OCDS,Hlobohang-021100ab.cha,9,17,1.888,0.728571428571,3,7,.111,,.352
Hlobohang,child,OCDS,Hlobohang-021100cd.cha,,,,,,,,,
Hlobohang,child,OCDS,Hlobohang-020600ab.cha,16,45,2.812,0.791428571429,2,15,0,1.000,.422
Hlobohang,child,OCDS,Hlobohang-020600cd.cha,19,56,2.947,0.915217391304,1,32,.105,.750,.410
Hlobohang,child,OCDS,Hlobohang-020700ab.cha,4,14,3.500,0.925,0,8,.500,,.285
Hlobohang,child,OCDS,Hlobohang-020700cd.cha,,,,,,,,,
Hlobohang,child,OCDS,Hlobohang-020800ab.cha,19,47,2.473,0.875675675676,7,23,.368,1.000,.191
Hlobohang,child,OCDS,Hlobohang-020800cd.cha,,,,,,,,,
Hlobohang,child,OCDS,Hlobohang-020800ef.cha,,,,,,,,,
Hlobohang,child,OCDS,Hlobohang-020900ab.cha,,,,,,,,,
Hlobohang,child,OCDS,Hlobohang-020900cd.cha,,,,,,,,,
Hlobohang,child,OCDS,Hlobohang-020900e.cha,14,31,2.214,0.542857142857,3,9,.428,1.000,.451
Hlobohang,child,OCDS,Hlobohang-030000ab.cha,,,,,,,,,
Hlobohang,child,OCDS,Hlobohang-030000cd.cha,,,,,,,,,
Litlhare,child,OCDS,Litlhare-020100ab.cha,43,99,2.302,0.842696629213,13,32,.232,.809,.535
Litlhare,child,OCDS,Litlhare-020100cd.cha,,,,,,,,,
Litlhare,child,OCDS,Litlhare-020100ef.cha,51,146,2.862,0.924264705882,18,60,.254,.846,.500
Litlhare,child,OCDS,Litlhare-020200ab.cha,,,,,,,,,
Litlhare,child,OCDS,Litlhare-020200cd.cha,7,27,3.857,0.882352941176,1,14,.285,,.222
Litlhare,child,OCDS,Litlhare-020400ab.cha,,,,,,,,,
Litlhare,child,OCDS,Litlhare-020400cd.cha,13,45,3.461,0.928571428571,0,30,.076,0,.333
Litlhare,child,OCDS,Litlhare-020500ab.cha,21,60,2.857,0.924,4,38,.047,1.000,.516
Litlhare,child,OCDS,Litlhare-020500cd.cha,26,80,3.076,0.948571428571,6,45,.230,.500,.400
Litlhare,child,OCDS,Litlhare-020500ef.cha,,,,,,,,,
Litlhare,child,OCDS,Litlhare-030000ab.cha,13,43,3.307,0.972727272727,2,31,.076,1.000,.441
Litlhare,child,OCDS,Litlhare-030000cd.cha,3,13,4.333,0.9,0,11,.333,0,.461
Litlhare,child,OCDS,Litlhare-020600ab.cha,,,,,,,,,
Litlhare,child,OCDS,Litlhare-020600cd.cha,,,,,,,,,
Litlhare,child,OCDS,Litlhare-020600e.cha,,,,,,,,,
Litlhare,child,OCDS,Litlhare-020800ab.cha,6,13,2.166,0.933333333333,2,11,.166,1.000,.384
Litlhare,child,OCDS,Litlhare-020800cd.cha,,,,,,,,,
Litlhare,child,OCDS,Litlhare-020900ab.cha,12,41,3.416,0.890322580645,5,20,.250,.750,.414
Litlhare,child,OCDS,Litlhare-020900cd.cha,,,,,,,,,
Litlhare,child,OCDS,Litlhare-021000ab.cha,20,54,2.700,0.893181818182,5,32,.100,1.000,.388
Litlhare,child,OCDS,Litlhare-021000cd.cha,38,130,3.421,0.9225,6,66,.105,1.000,.384
Litlhare,child,OCDS,Litlhare-030200ab.cha,23,67,2.913,0.90350877193,6,35,.173,.333,.402
Litlhare,child,OCDS,Litlhare-030200cd.cha,44,156,3.545,0.928767123288,4,70,.272,.714,.423
Tsebo,child,OCDS,Tsebo-030800ab.cha,,,,,,,,,
Tsebo,child,OCDS,Tsebo-030800cd.cha,5,13,2.600,0.9,2,11,0,,.461
Tsebo,child,OCDS,Tsebo-030800ef.cha,21,51,2.428,0.878048780488,4,16,.142,,.725
Tsebo,child,OCDS,Tsebo-030900a.cha,40,94,2.350,0.852380952381,17,37,.050,0,.414
Tsebo,child,OCDS,Tsebo-030900b.cha,,,,,,,,,
Tsebo,child,OCDS,Tsebo-031000ab.cha,,,,,,,,,
Tsebo,child,OCDS,Tsebo-031000cd.cha,19,24,1.263,0.535714285714,14,5,.105,.272,.625
Tsebo,child,OCDS,Tsebo-031000e.cha,7,21,3.000,0.818181818182,1,8,0,,.523
Tsebo,child,OCDS,Tsebo-040000ab.cha,348,974,2.798,0.93765560166,78,221,.080,.935,.448
Tsebo,child,OCDS,Tsebo-040000cd.cha,251,736,2.932,0.939669421488,37,138,.067,.965,.457
Tsebo,child,OCDS,Tsebo-040100ab.cha,,,,,,,,,
Tsebo,child,OCDS,Tsebo-040100cd.cha,7,23,3.285,0.915384615385,0,18,0,,.391
Tsebo,child,OCDS,Tsebo-040100ef.cha,35,75,2.142,0.870769230769,13,42,.114,1.000,.480
Tsebo,child,OCDS,Tsebo-040300ab.cha,103,337,3.271,0.929051987768,17,115,.165,.944,.433
Tsebo,child,OCDS,Tsebo-040300cd.cha,39,109,2.794,0.856565656566,8,43,.205,.500,.238
Tsebo,child,OCDS,Tsebo-040300e.cha,8,23,2.875,0.884615384615,1,17,0,,.434
Tsebo,child,OCDS,Tsebo-040300f.cha,28,103,3.678,0.903225806452,2,47,.142,1.000,.436
Tsebo,child,OCDS,Tsebo-040500ab.cha,18,46,2.555,0.936111111111,6,29,.222,.600,.500
Tsebo,child,OCDS,Tsebo-040500cd.cha,53,199,3.754,0.940740740741,5,95,.188,.625,.376
Tsebo,child,OCDS,Tsebo-040500e.cha,4,12,3.000,1.0,1,10,0,,.583
Tsebo,child,OCDS,Tsebo-040700ab.cha,13,44,3.384,0.9,2,32,.307,1.000,.477
Tsebo,child,OCDS,Tsebo-040700cd.cha,70,295,4.214,0.945263157895,7,111,.100,.866,.437
Tsebo,child,OCDS,Tsebo-040700e.cha,22,76,3.454,0.912121212121,4,43,.045,,.302
Hlobohang,child,ADS,Hlobohang-020100ab.cha,14,30,2.142,0.955,5,23,.285,1.000,.466
Hlobohang,child,ADS,Hlobohang-020100cd.cha,,,,,,,,,
Hlobohang,child,ADS,Hlobohang-020100ef.cha,33,58,1.757,0.922916666667,18,38,.303,.333,.448
Hlobohang,child,ADS,Hlobohang-020200ab.cha,15,27,1.800,0.988235294118,10,23,.066,,.518
Hlobohang,child,ADS,Hlobohang-020200cd.cha,42,88,2.095,0.924358974359,19,36,.071,1.000,.397
Hlobohang,child,ADS,Hlobohang-020400ab.cha,15,30,2.000,0.94,9,23,.200,,.566
Hlobohang,child,ADS,Hlobohang-020400cd.cha,14,33,2.357,0.926086956522,5,23,.214,1.000,.636
Hlobohang,child,ADS,Hlobohang-020500ab.cha,15,36,2.400,0.930769230769,2,27,.266,1.000,.472
Hlobohang,child,ADS,Hlobohang-020500cd.cha,14,30,2.142,0.795,7,16,.285,1.000,.333
Hlobohang,child,ADS,Hlobohang-021100ab.cha,,,,,,,,,
Hlobohang,child,ADS,Hlobohang-021100cd.cha,8,11,1.375,0.9,5,9,0,.750,.454
Hlobohang,child,ADS,Hlobohang-020600ab.cha,,,,,,,,,
Hlobohang,child,ADS,Hlobohang-020600cd.cha,13,28,2.153,0.95,6,19,0,1.000,.428
Hlobohang,child,ADS,Hlobohang-020700ab.cha,20,56,2.800,0.884782608696,4,29,.050,0,.446
Hlobohang,child,ADS,Hlobohang-020700cd.cha,21,53,2.523,0.879069767442,6,24,.238,1.000,.471
Hlobohang,child,ADS,Hlobohang-020800ab.cha,5,16,3.200,1.0,2,14,.200,,.375
Hlobohang,child,ADS,Hlobohang-020800cd.cha,20,46,2.300,0.866666666667,5,17,0,1.000,.413
Hlobohang,child,ADS,Hlobohang-020800ef.cha,,,,,,,,,
Hlobohang,child,ADS,Hlobohang-020900ab.cha,,,,,,,,,
Hlobohang,child,ADS,Hlobohang-020900cd.cha,22,44,2.000,0.805882352941,9,19,.090,1.000,.250
Hlobohang,child,ADS,Hlobohang-020900e.cha,,,,,,,,,
Hlobohang,child,ADS,Hlobohang-030000ab.cha,,,,,,,,,
Hlobohang,child,ADS,Hlobohang-030000cd.cha,7,20,2.857,0.83,1,10,.428,,.450
Litlhare,child,ADS,Litlhare-020100ab.cha,19,43,2.263,0.939393939394,6,33,.263,.461,.581
Litlhare,child,ADS,Litlhare-020100cd.cha,18,51,2.833,0.953658536585,4,32,.111,,.470
Litlhare,child,ADS,Litlhare-020100ef.cha,24,75,3.125,0.94,3,31,.166,1.000,.493
Litlhare,child,ADS,Litlhare-020200ab.cha,20,74,3.700,0.8828125,5,35,0,1.000,.445
Litlhare,child,ADS,Litlhare-020200cd.cha,,,,,,,,,
Litlhare,child,ADS,Litlhare-020400ab.cha,50,146,2.920,0.955882352941,10,71,.060,1.000,.479
Litlhare,child,ADS,Litlhare-020400cd.cha,18,51,2.833,0.951219512195,2,34,.055,1.000,.470
Litlhare,child,ADS,Litlhare-020500ab.cha,,,,,,,,,
Litlhare,child,ADS,Litlhare-020500cd.cha,17,45,2.647,0.842857142857,4,18,.411,1.000,.333
Litlhare,child,ADS,Litlhare-020500ef.cha,,,,,,,,,
Litlhare,child,ADS,Litlhare-030000ab.cha,7,13,1.857,0.7,5,3,.285,1.000,.615
Litlhare,child,ADS,Litlhare-030000cd.cha,22,60,2.727,0.934,5,25,.363,1.000,.400
Litlhare,child,ADS,Litlhare-020600ab.cha,,,,,,,,,
Litlhare,child,ADS,Litlhare-020600cd.cha,17,53,3.117,0.911627906977,5,30,.117,1.000,.528
Litlhare,child,ADS,Litlhare-020600e.cha,,,,,,,,,
Litlhare,child,ADS,Litlhare-020800ab.cha,,,,,,,,,
Litlhare,child,ADS,Litlhare-020800cd.cha,,,,,,,,,
Litlhare,child,ADS,Litlhare-020900ab.cha,16,56,3.500,0.889130434783,2,36,.062,1.000,.517
Litlhare,child,ADS,Litlhare-020900cd.cha,,,,,,,,,
Litlhare,child,ADS,Litlhare-021000ab.cha,,,,,,,,,
Litlhare,child,ADS,Litlhare-021000cd.cha,,,,,,,,,
Litlhare,child,ADS,Litlhare-030200ab.cha,69,157,2.275,0.926530612245,18,52,.014,.944,.401
Litlhare,child,ADS,Litlhare-030200cd.cha,20,57,2.850,0.940425531915,5,34,.100,,.526
Tsebo,child,ADS,Tsebo-030800ab.cha,45,84,1.866,0.860810810811,20,33,.200,1.000,.571
Tsebo,child,ADS,Tsebo-030800cd.cha,4,11,2.750,1.0,1,11,0,,.545
Tsebo,child,ADS,Tsebo-030800ef.cha,,,,,,,,,
Tsebo,child,ADS,Tsebo-030900a.cha,9,24,2.666,0.964285714286,1,16,0,,.458
Tsebo,child,ADS,Tsebo-030900b.cha,,,,,,,,,
Tsebo,child,ADS,Tsebo-031000ab.cha,,,,,,,,,
Tsebo,child,ADS,Tsebo-031000cd.cha,88,179,2.034,0.927218934911,36,44,.034,.937,.491
Tsebo,child,ADS,Tsebo-031000e.cha,187,510,2.727,0.9258,26,87,.037,.946,.458
Tsebo,child,ADS,Tsebo-040000ab.cha,25,62,2.480,0.867307692308,7,31,.120,,.419
Tsebo,child,ADS,Tsebo-040000cd.cha,14,34,2.428,0.891666666667,5,17,.142,1.000,.382
Tsebo,child,ADS,Tsebo-040100ab.cha,185,516,2.789,0.96185770751,40,169,.075,1.000,.484
Tsebo,child,ADS,Tsebo-040100cd.cha,24,81,3.375,0.854929577465,5,30,0,0,.456
Tsebo,child,ADS,Tsebo-040100ef.cha,,,,,,,,,
Tsebo,child,ADS,Tsebo-040300ab.cha,84,215,2.559,0.881463414634,32,86,.083,1.000,.418
Tsebo,child,ADS,Tsebo-040300cd.cha,71,168,2.366,0.932911392405,25,60,.140,1.000,.476
Tsebo,child,ADS,Tsebo-040300e.cha,65,197,3.030,0.94064171123,15,108,0,1.000,.421
Tsebo,child,ADS,Tsebo-040300f.cha,56,225,4.017,0.958139534884,4,124,.035,1.000,.413
Tsebo,child,ADS,Tsebo-040500ab.cha,17,50,2.941,0.9725,4,36,.058,,.380
Tsebo,child,ADS,Tsebo-040500cd.cha,24,72,3.000,0.935483870968,8,37,.041,,.430
Tsebo,child,ADS,Tsebo-040500e.cha,6,15,2.500,1.0,1,15,.500,1.000,.533
Tsebo,child,ADS,Tsebo-040700ab.cha,25,86,3.440,0.928947368421,3,51,0,1.000,.511
Tsebo,child,ADS,Tsebo-040700cd.cha,28,127,4.535,0.978632478632,0,81,.071,1.000,.496
Tsebo,child,ADS,Tsebo-040700e.cha,15,49,3.266,0.941025641026,2,35,0,1.000,.469
