targetchild,speaker,addressee,session,numberoflines,numberofwords,mlu,mattr,numberofuttsinglewords,numberofhapaxes,percquest,ratioturn, nounverbratio
Hlobohang,adult,CDS,2414,32,104,3.250,0.898936170213,5,48,.500,.592,.500
Hlobohang,adult,CDS,2415,152,395,2.598,0.792207792208,46,85,.526,.677,.356
Hlobohang,adult,CDS,2416,18,46,2.555,0.85,3,22,.500,.529,.586
Hlobohang,adult,CDS,2417,305,735,2.409,0.781655172414,103,122,.544,.576,.474
Hlobohang,adult,CDS,2418,75,178,2.373,0.799404761905,24,41,.453,.640,.443
Hlobohang,adult,CDS,2419,12,31,2.583,0.847619047619,2,17,.583,.500,.225
Hlobohang,adult,CDS,2420,314,880,2.802,0.74632183908,59,108,.761,.702,.376
Hlobohang,adult,CDS,2421,296,814,2.750,0.775995024876,62,132,.682,.736,.455
Hlobohang,adult,CDS,2422,136,362,2.661,0.79375,28,104,.617,.455,.386
Hlobohang,adult,CDS,2423,179,513,2.865,0.846520874751,24,142,.715,.376,.421
Hlobohang,adult,CDS,2424,43,105,2.441,0.701052631579,11,33,.627,.441,.266
Hlobohang,adult,CDS,2425,72,194,2.694,0.707065217391,23,33,.666,.555,.335
Hlobohang,adult,CDS,2426,215,578,2.688,0.798943661972,61,131,.530,.676,.399
Hlobohang,adult,CDS,2427,181,467,2.580,0.794748358862,62,88,.530,.566,.438
Hlobohang,adult,CDS,2428,23,64,2.782,0.844444444444,5,32,.478,.521,.546
Hlobohang,adult,CDS,2429,30,98,3.266,0.834090909091,7,26,.366,.758,.459
Hlobohang,adult,CDS,2430,470,1184,2.519,0.792248722317,141,173,.659,.692,.358
Hlobohang,adult,CDS,2431,230,569,2.473,0.823255813953,67,130,.626,.697,.413
Hlobohang,adult,CDS,2432,,,,,,,,,
Hlobohang,adult,CDS,2433,5,18,3.600,0.6375,0,6,.200,.600,.333
Hlobohang,adult,CDS,2434,32,84,2.625,0.894594594595,9,40,.312,.593,.297
Hlobohang,adult,CDS,2435,143,408,2.853,0.875376884422,23,120,.335,.408,.519
Hlobohang,adult,CDS,2436,24,79,3.291,0.855072463768,3,36,.375,.391,.481
Hlobohang,adult,CDS,2437,42,121,2.880,0.9,9,43,.452,.238,.512
Hlobohang,adult,CDS,2438,47,162,3.446,0.876973684211,5,65,.638,.617,.314
Hlobohang,adult,CDS,2439,,,,,,,,,
Hlobohang,adult,CDS,2440,72,219,3.041,0.886124401914,8,91,.555,.486,.415
Hlobohang,adult,CDS,2441,20,61,3.050,0.843137254902,3,27,.350,.105,.393
Hlobohang,adult,CDS,2442,192,588,3.062,0.829065743945,33,116,.677,.392,.352
Hlobohang,adult,CDS,2443,146,508,3.479,0.88313253012,9,146,.547,.479,.419
Hlobohang,adult,CDS,2444,,,,,,,,,
Hlobohang,adult,CDS,2445,,,,,,,,0,
Hlobohang,adult,CDS,2446,45,128,2.844,0.907627118644,15,56,.533,.400,.453
Hlobohang,adult,CDS,2447,94,286,3.042,0.825724637681,12,85,.574,.582,.258
Hlobohang,adult,CDS,2448,,,,,,,,,
Hlobohang,adult,CDS,2449,,,,,,,,,
Hlobohang,adult,CDS,2450,36,108,3.000,0.871428571429,4,35,.694,.750,.500
Hlobohang,adult,CDS,2451,15,51,3.400,0.941463414634,3,29,.866,.714,.431
Hlobohang,adult,CDS,2452,49,136,2.775,0.88253968254,12,50,.775,.733,.352
Hlobohang,adult,CDS,2453,60,156,2.600,0.854109589041,10,59,.283,.406,.384
Hlobohang,adult,CDS,2454,,,,,,,,,
Hlobohang,adult,CDS,2455,183,542,2.961,0.858646616541,31,133,.469,.653,.396
Hlobohang,adult,CDS,2456,26,73,2.807,0.892063492063,8,36,.500,.500,.410
Hlobohang,adult,CDS,2457,46,142,3.086,0.893181818182,14,61,.239,.652,.478
Hlobohang,adult,CDS,2458,100,291,2.910,0.896085409253,24,99,.450,.656,.422
Litlhare,adult,CDS,2459,28,96,3.428,0.908139534884,4,36,.321,.370,.281
Litlhare,adult,CDS,2460,12,27,2.250,0.829411764706,7,14,.416,.333,.444
Litlhare,adult,CDS,2461,,,,,,,,,
Litlhare,adult,CDS,2462,,,,,,,,,
Litlhare,adult,CDS,2463,,,,,,,,,
Litlhare,adult,CDS,2464,,,,,,,,,
Litlhare,adult,CDS,2465,,,,,,,,,
Litlhare,adult,CDS,2466,27,69,2.555,0.835593220339,10,24,.444,.640,.405
Litlhare,adult,CDS,2467,,,,,,,,,
Litlhare,adult,CDS,2468,,,,,,,,,
Litlhare,adult,CDS,2469,,,,,,,,,
Litlhare,adult,CDS,2470,,,,,,,,,
Litlhare,adult,CDS,2471,,,,,,,,,
Litlhare,adult,CDS,2472,4,11,2.750,1.0,0,11,.500,1.000,.636
Litlhare,adult,CDS,2473,,,,,,,,,
Litlhare,adult,CDS,2474,27,50,1.851,0.84,15,19,.740,.666,.520
Litlhare,adult,CDS,2475,,,,,,,,1.000,
Litlhare,adult,CDS,2476,40,79,1.975,0.923188405797,19,40,.375,.871,.443
Litlhare,adult,CDS,2477,42,105,2.500,0.846315789474,11,41,.285,.731,.400
Litlhare,adult,CDS,2478,10,28,2.800,0.783333333333,2,16,.300,.800,.500
Litlhare,adult,CDS,2479,6,12,2.000,0.6,2,5,.166,.333,.666
Litlhare,adult,CDS,2480,,,,,,,,,
Litlhare,adult,CDS,2481,,,,,,,,,
Litlhare,adult,CDS,2482,,,,,,,,,
Litlhare,adult,CDS,2483,27,82,3.037,0.811111111111,1,22,.777,.481,.378
Litlhare,adult,CDS,2484,,,,,,,,,
Litlhare,adult,CDS,2485,,,,,,,,0,
Litlhare,adult,CDS,2486,,,,,,,,,
Litlhare,adult,CDS,2487,,,,,,,,,
Litlhare,adult,CDS,2488,,,,,,,,,
Litlhare,adult,CDS,2489,,,,,,,,,
Litlhare,adult,CDS,2490,,,,,,,,,
Litlhare,adult,CDS,2491,,,,,,,,0,
Litlhare,adult,CDS,2492,,,,,,,,,
Litlhare,adult,CDS,2493,,,,,,,,,
Litlhare,adult,CDS,2494,,,,,,,,,
Litlhare,adult,CDS,2495,,,,,,,,,
Litlhare,adult,CDS,2496,11,30,2.727,0.895,1,21,.363,.454,.433
Litlhare,adult,CDS,2497,,,,,,,,,
Litlhare,adult,CDS,2498,,,,,,,,,
Litlhare,adult,CDS,2499,,,,,,,,,
Litlhare,adult,CDS,2500,8,28,3.500,0.9,0,18,.375,.625,.357
Litlhare,adult,CDS,2501,,,,,,,,.500,
Litlhare,adult,CDS,2502,11,34,3.090,0.975,3,22,0,.100,.588
Litlhare,adult,CDS,2503,,,,,,,,,
Tsebo,adult,CDS,2504,37,80,2.162,0.934285714286,12,37,.405,.176,.575
Tsebo,adult,CDS,2505,79,189,2.392,0.94469273743,23,88,.493,.342,.529
Tsebo,adult,CDS,2506,,,,,,,,.200,
Tsebo,adult,CDS,2507,14,49,3.500,0.951282051282,1,26,.214,.285,.428
Tsebo,adult,CDS,2508,,,,,,,,1.000,
Tsebo,adult,CDS,2509,9,23,2.555,0.853846153846,2,13,.111,.111,.434
Tsebo,adult,CDS,2510,,,,,,,,,
Tsebo,adult,CDS,2511,5,18,3.600,1.0,0,14,.600,.600,.555
Tsebo,adult,CDS,2512,,,,,,,,,
Tsebo,adult,CDS,2513,3,14,4.666,0.95,0,12,1.000,.666,.428
Tsebo,adult,CDS,2514,14,33,2.357,0.991304347826,3,27,.142,.357,.484
Tsebo,adult,CDS,2515,179,479,2.675,0.942857142857,38,159,.642,.500,.421
Tsebo,adult,CDS,2516,82,239,2.914,0.891703056769,16,68,.426,.329,.359
Tsebo,adult,CDS,2517,16,43,2.687,0.912121212121,5,25,.812,.375,.441
Tsebo,adult,CDS,2518,,,,,,,,1.000,
Tsebo,adult,CDS,2519,,,,,,,,,
Tsebo,adult,CDS,2520,,,,,,,,,
Tsebo,adult,CDS,2521,5,14,2.800,1.0,2,14,.400,.600,.500
Tsebo,adult,CDS,2522,,,,,,,,.333,
Tsebo,adult,CDS,2523,,,,,,,,.500,
Tsebo,adult,CDS,2524,,,,,,,,,
Tsebo,adult,CDS,2525,,,,,,,,,
Tsebo,adult,CDS,2526,,,,,,,,,
Tsebo,adult,CDS,2527,,,,,,,,,
Tsebo,adult,CDS,2528,42,124,2.952,0.910526315789,7,46,.404,.261,.411
Tsebo,adult,CDS,2529,59,212,3.593,0.931188118812,5,79,.440,.344,.419
Tsebo,adult,CDS,2530,59,212,3.593,0.946534653465,8,72,.389,.263,.452
Tsebo,adult,CDS,2531,,,,,,,,,
Tsebo,adult,CDS,2532,,,,,,,,,
Tsebo,adult,CDS,2533,,,,,,,,,
Tsebo,adult,CDS,2534,,,,,,,,1.000,
Tsebo,adult,CDS,2535,4,17,4.250,1.0,0,9,0,.500,.411
Tsebo,adult,CDS,2536,12,39,3.250,0.868965517241,1,27,.333,.818,.358
Tsebo,adult,CDS,2537,,,,,,,,,
Tsebo,adult,CDS,2538,,,,,,,,,
Tsebo,adult,CDS,2539,,,,,,,,,
Tsebo,adult,CDS,2540,,,,,,,,,
Tsebo,adult,CDS,2541,,,,,,,,,
Tsebo,adult,CDS,2542,7,23,3.285,0.976923076923,1,14,.142,0,.565
Hlobohang,adult,OCDS,2414,,,,,,,,,
Hlobohang,adult,OCDS,2415,15,43,2.866,0.954545454545,3,35,.333,0,.511
Hlobohang,adult,OCDS,2416,,,,,,,,,
Hlobohang,adult,OCDS,2417,20,58,2.900,0.875,4,32,.200,0,.551
Hlobohang,adult,OCDS,2418,35,91,2.600,0.859259259259,10,28,.142,0,.340
Hlobohang,adult,OCDS,2419,15,48,3.200,0.986842105263,1,40,.333,0,.416
Hlobohang,adult,OCDS,2420,7,19,2.714,0.966666666667,4,13,.142,0,.263
Hlobohang,adult,OCDS,2421,10,34,3.400,0.904166666667,2,22,.300,0,.470
Hlobohang,adult,OCDS,2422,21,76,3.619,0.915151515152,2,41,.190,.050,.434
Hlobohang,adult,OCDS,2423,12,50,4.166,0.94,0,30,.083,0,.420
Hlobohang,adult,OCDS,2424,12,37,3.083,0.888888888889,4,22,.166,0,.513
Hlobohang,adult,OCDS,2425,8,30,3.750,0.895,2,16,.250,0,.533
Hlobohang,adult,OCDS,2426,16,44,2.750,0.967647058824,5,34,.187,0,.545
Hlobohang,adult,OCDS,2427,13,42,3.230,0.846875,0,19,.153,0,.380
Hlobohang,adult,OCDS,2428,9,24,2.666,0.914285714286,0,20,.111,.111,.458
Hlobohang,adult,OCDS,2429,,,,,,,,0,
Hlobohang,adult,OCDS,2430,9,23,2.555,0.807692307692,1,14,.222,0,.521
Hlobohang,adult,OCDS,2431,25,85,3.400,0.949333333333,6,51,.360,0,.517
Hlobohang,adult,OCDS,2432,,,,,,,,,
Hlobohang,adult,OCDS,2433,,,,,,,,0,
Hlobohang,adult,OCDS,2434,,,,,,,,,
Hlobohang,adult,OCDS,2435,20,57,2.850,0.808510638298,2,27,.050,0,.421
Hlobohang,adult,OCDS,2436,,,,,,,,,
Hlobohang,adult,OCDS,2437,5,15,3.000,1.0,1,11,.200,0,.466
Hlobohang,adult,OCDS,2438,,,,,,,,0,
Hlobohang,adult,OCDS,2439,,,,,,,,,
Hlobohang,adult,OCDS,2440,23,76,3.304,0.913636363636,2,49,.260,0,.513
Hlobohang,adult,OCDS,2441,,,,,,,,0,
Hlobohang,adult,OCDS,2442,9,37,4.111,0.877777777778,0,15,.555,0,.216
Hlobohang,adult,OCDS,2443,14,53,3.785,0.937209302326,0,30,.428,0,.358
Hlobohang,adult,OCDS,2444,,,,,,,,,
Hlobohang,adult,OCDS,2445,,,,,,,,,
Hlobohang,adult,OCDS,2446,,,,,,,,0,
Hlobohang,adult,OCDS,2447,,,,,,,,0,
Hlobohang,adult,OCDS,2448,,,,,,,,,
Hlobohang,adult,OCDS,2449,,,,,,,,,
Hlobohang,adult,OCDS,2450,,,,,,,,,
Hlobohang,adult,OCDS,2451,,,,,,,,,
Hlobohang,adult,OCDS,2452,10,21,2.100,0.845454545455,4,5,.600,0,.571
Hlobohang,adult,OCDS,2453,12,30,2.500,0.89,2,17,.416,0,.300
Hlobohang,adult,OCDS,2454,,,,,,,,,
Hlobohang,adult,OCDS,2455,,,,,,,,,
Hlobohang,adult,OCDS,2456,,,,,,,,,
Hlobohang,adult,OCDS,2457,,,,,,,,0,
Hlobohang,adult,OCDS,2458,5,12,2.400,1.0,1,10,.400,0,.416
Litlhare,adult,OCDS,2459,11,49,4.454,0.982051282051,0,30,.363,0,.306
Litlhare,adult,OCDS,2460,,,,,,,,0,
Litlhare,adult,OCDS,2461,,,,,,,,,
Litlhare,adult,OCDS,2462,,,,,,,,,
Litlhare,adult,OCDS,2463,,,,,,,,,
Litlhare,adult,OCDS,2464,,,,,,,,,
Litlhare,adult,OCDS,2465,,,,,,,,,
Litlhare,adult,OCDS,2466,,,,,,,,,
Litlhare,adult,OCDS,2467,,,,,,,,,
Litlhare,adult,OCDS,2468,,,,,,,,,
Litlhare,adult,OCDS,2469,,,,,,,,,
Litlhare,adult,OCDS,2470,,,,,,,,,
Litlhare,adult,OCDS,2471,,,,,,,,,
Litlhare,adult,OCDS,2472,,,,,,,,,
Litlhare,adult,OCDS,2473,,,,,,,,,
Litlhare,adult,OCDS,2474,,,,,,,,0,
Litlhare,adult,OCDS,2475,9,41,4.555,0.935483870968,0,21,.222,0,.390
Litlhare,adult,OCDS,2476,,,,,,,,0,
Litlhare,adult,OCDS,2477,,,,,,,,,
Litlhare,adult,OCDS,2478,,,,,,,,,
Litlhare,adult,OCDS,2479,,,,,,,,,
Litlhare,adult,OCDS,2480,,,,,,,,,
Litlhare,adult,OCDS,2481,,,,,,,,,
Litlhare,adult,OCDS,2482,,,,,,,,,
Litlhare,adult,OCDS,2483,,,,,,,,,
Litlhare,adult,OCDS,2484,,,,,,,,,
Litlhare,adult,OCDS,2485,,,,,,,,,
Litlhare,adult,OCDS,2486,,,,,,,,,
Litlhare,adult,OCDS,2487,,,,,,,,,
Litlhare,adult,OCDS,2488,,,,,,,,,
Litlhare,adult,OCDS,2489,,,,,,,,,
Litlhare,adult,OCDS,2490,,,,,,,,,
Litlhare,adult,OCDS,2491,,,,,,,,,
Litlhare,adult,OCDS,2492,,,,,,,,,
Litlhare,adult,OCDS,2493,,,,,,,,,
Litlhare,adult,OCDS,2494,,,,,,,,,
Litlhare,adult,OCDS,2495,,,,,,,,,
Litlhare,adult,OCDS,2496,,,,,,,,,
Litlhare,adult,OCDS,2497,,,,,,,,,
Litlhare,adult,OCDS,2498,,,,,,,,,
Litlhare,adult,OCDS,2499,,,,,,,,,
Litlhare,adult,OCDS,2500,,,,,,,,0,
Litlhare,adult,OCDS,2501,,,,,,,,,
Litlhare,adult,OCDS,2502,,,,,,,,0,
Litlhare,adult,OCDS,2503,,,,,,,,,
Tsebo,adult,OCDS,2504,,,,,,,,,
Tsebo,adult,OCDS,2505,60,158,2.633,0.925,12,67,.366,0,.481
Tsebo,adult,OCDS,2506,,,,,,,,,
Tsebo,adult,OCDS,2507,,,,,,,,,
Tsebo,adult,OCDS,2508,,,,,,,,,
Tsebo,adult,OCDS,2509,7,24,3.428,0.921428571429,0,20,.571,0,.458
Tsebo,adult,OCDS,2510,,,,,,,,,
Tsebo,adult,OCDS,2511,,,,,,,,,
Tsebo,adult,OCDS,2512,,,,,,,,,
Tsebo,adult,OCDS,2513,,,,,,,,,
Tsebo,adult,OCDS,2514,,,,,,,,,
Tsebo,adult,OCDS,2515,127,329,2.590,0.928526645768,34,108,.433,0,.465
Tsebo,adult,OCDS,2516,212,527,2.485,0.911798839458,62,125,.632,0,.375
Tsebo,adult,OCDS,2517,8,29,3.625,0.878947368421,1,18,.375,0,.310
Tsebo,adult,OCDS,2518,,,,,,,,,
Tsebo,adult,OCDS,2519,,,,,,,,,
Tsebo,adult,OCDS,2520,,,,,,,,,
Tsebo,adult,OCDS,2521,,,,,,,,,
Tsebo,adult,OCDS,2522,,,,,,,,,
Tsebo,adult,OCDS,2523,,,,,,,,,
Tsebo,adult,OCDS,2524,,,,,,,,,
Tsebo,adult,OCDS,2525,,,,,,,,,
Tsebo,adult,OCDS,2526,,,,,,,,,
Tsebo,adult,OCDS,2527,8,37,4.625,0.955555555556,1,27,.375,0,.432
Tsebo,adult,OCDS,2528,62,170,2.741,0.933125,11,66,.580,0,.405
Tsebo,adult,OCDS,2529,82,232,2.829,0.92972972973,18,85,.512,0,.413
Tsebo,adult,OCDS,2530,67,253,3.776,0.944032921811,8,98,.343,0,.434
Tsebo,adult,OCDS,2531,,,,,,,,,
Tsebo,adult,OCDS,2532,,,,,,,,0,
Tsebo,adult,OCDS,2533,,,,,,,,,
Tsebo,adult,OCDS,2534,9,39,4.333,0.875862068966,0,20,.444,0,.384
Tsebo,adult,OCDS,2535,,,,,,,,0,
Tsebo,adult,OCDS,2536,19,67,3.526,0.950877192982,3,32,.368,0,.417
Tsebo,adult,OCDS,2537,,,,,,,,0,
Tsebo,adult,OCDS,2538,8,35,4.375,0.952,1,18,.750,0,.400
Tsebo,adult,OCDS,2539,4,16,4.000,0.866666666667,0,7,.250,0,.375
Tsebo,adult,OCDS,2540,,,,,,,,,
Tsebo,adult,OCDS,2541,,,,,,,,0,
Tsebo,adult,OCDS,2542,,,,,,,,0,
Hlobohang,adult,ADS,2414,,,,,,,,,
Hlobohang,adult,ADS,2415,,,,,,,,.333,
Hlobohang,adult,ADS,2416,,,,,,,,,
Hlobohang,adult,ADS,2417,5,19,3.800,0.766666666667,0,7,.400,1.000,.315
Hlobohang,adult,ADS,2418,13,30,2.307,0.855,3,21,.076,.615,.500
Hlobohang,adult,ADS,2419,6,18,3.000,1.0,1,18,.500,.500,.444
Hlobohang,adult,ADS,2420,,,,,,,,,
Hlobohang,adult,ADS,2421,,,,,,,,1.000,
Hlobohang,adult,ADS,2422,,,,,,,,,
Hlobohang,adult,ADS,2423,,,,,,,,,
Hlobohang,adult,ADS,2424,,,,,,,,,
Hlobohang,adult,ADS,2425,,,,,,,,,
Hlobohang,adult,ADS,2426,,,,,,,,,
Hlobohang,adult,ADS,2427,6,18,3.000,0.975,2,16,.500,.166,.388
Hlobohang,adult,ADS,2428,,,,,,,,.500,
Hlobohang,adult,ADS,2429,,,,,,,,1.000,
Hlobohang,adult,ADS,2430,5,16,3.200,0.916666666667,0,10,.600,1.000,.437
Hlobohang,adult,ADS,2431,,,,,,,,0,
Hlobohang,adult,ADS,2432,,,,,,,,,
Hlobohang,adult,ADS,2433,,,,,,,,,
Hlobohang,adult,ADS,2434,,,,,,,,,
Hlobohang,adult,ADS,2435,,,,,,,,,
Hlobohang,adult,ADS,2436,,,,,,,,,
Hlobohang,adult,ADS,2437,3,11,3.666,0.9,0,9,0,.666,.636
Hlobohang,adult,ADS,2438,,,,,,,,,
Hlobohang,adult,ADS,2439,,,,,,,,,
Hlobohang,adult,ADS,2440,5,23,4.600,0.923076923077,0,13,.400,.750,.478
Hlobohang,adult,ADS,2441,,,,,,,,1.000,
Hlobohang,adult,ADS,2442,,,,,,,,.333,
Hlobohang,adult,ADS,2443,,,,,,,,1.000,
Hlobohang,adult,ADS,2444,,,,,,,,,
Hlobohang,adult,ADS,2445,,,,,,,,,
Hlobohang,adult,ADS,2446,,,,,,,,,
Hlobohang,adult,ADS,2447,,,,,,,,,
Hlobohang,adult,ADS,2448,,,,,,,,,
Hlobohang,adult,ADS,2449,,,,,,,,,
Hlobohang,adult,ADS,2450,,,,,,,,,
Hlobohang,adult,ADS,2451,,,,,,,,,
Hlobohang,adult,ADS,2452,,,,,,,,,
Hlobohang,adult,ADS,2453,,,,,,,,,
Hlobohang,adult,ADS,2454,,,,,,,,,
Hlobohang,adult,ADS,2455,5,14,2.800,1.0,1,14,.400,0,.428
Hlobohang,adult,ADS,2456,,,,,,,,,
Hlobohang,adult,ADS,2457,,,,,,,,,
Hlobohang,adult,ADS,2458,,,,,,,,,
Litlhare,adult,ADS,2459,19,67,3.526,0.957894736842,3,39,.263,.105,.492
Litlhare,adult,ADS,2460,18,55,3.055,0.911111111111,5,30,.222,.388,.545
Litlhare,adult,ADS,2461,,,,,,,,,
Litlhare,adult,ADS,2462,,,,,,,,,
Litlhare,adult,ADS,2463,,,,,,,,,
Litlhare,adult,ADS,2464,,,,,,,,,
Litlhare,adult,ADS,2465,,,,,,,,,
Litlhare,adult,ADS,2466,,,,,,,,,
Litlhare,adult,ADS,2467,,,,,,,,,
Litlhare,adult,ADS,2468,,,,,,,,,
Litlhare,adult,ADS,2469,,,,,,,,,
Litlhare,adult,ADS,2470,,,,,,,,,
Litlhare,adult,ADS,2471,,,,,,,,,
Litlhare,adult,ADS,2472,,,,,,,,,
Litlhare,adult,ADS,2473,,,,,,,,,
Litlhare,adult,ADS,2474,,,,,,,,,
Litlhare,adult,ADS,2475,,,,,,,,,
Litlhare,adult,ADS,2476,,,,,,,,,
Litlhare,adult,ADS,2477,,,,,,,,,
Litlhare,adult,ADS,2478,,,,,,,,1.000,
Litlhare,adult,ADS,2479,,,,,,,,,
Litlhare,adult,ADS,2480,,,,,,,,,
Litlhare,adult,ADS,2481,,,,,,,,,
Litlhare,adult,ADS,2482,,,,,,,,,
Litlhare,adult,ADS,2483,,,,,,,,1.000,
Litlhare,adult,ADS,2484,,,,,,,,,
Litlhare,adult,ADS,2485,,,,,,,,,
Litlhare,adult,ADS,2486,,,,,,,,,
Litlhare,adult,ADS,2487,,,,,,,,,
Litlhare,adult,ADS,2488,,,,,,,,,
Litlhare,adult,ADS,2489,,,,,,,,,
Litlhare,adult,ADS,2490,,,,,,,,,
Litlhare,adult,ADS,2491,,,,,,,,,
Litlhare,adult,ADS,2492,,,,,,,,,
Litlhare,adult,ADS,2493,,,,,,,,,
Litlhare,adult,ADS,2494,,,,,,,,,
Litlhare,adult,ADS,2495,,,,,,,,,
Litlhare,adult,ADS,2496,,,,,,,,,
Litlhare,adult,ADS,2497,,,,,,,,,
Litlhare,adult,ADS,2498,,,,,,,,,
Litlhare,adult,ADS,2499,,,,,,,,,
Litlhare,adult,ADS,2500,,,,,,,,0,
Litlhare,adult,ADS,2501,4,19,4.750,0.933333333333,1,13,0,.500,.368
Litlhare,adult,ADS,2502,,,,,,,,,
Litlhare,adult,ADS,2503,,,,,,,,,
Tsebo,adult,ADS,2504,,,,,,,,,
Tsebo,adult,ADS,2505,,,,,,,,,
Tsebo,adult,ADS,2506,,,,,,,,,
Tsebo,adult,ADS,2507,,,,,,,,,
Tsebo,adult,ADS,2508,,,,,,,,,
Tsebo,adult,ADS,2509,,,,,,,,,
Tsebo,adult,ADS,2510,,,,,,,,,
Tsebo,adult,ADS,2511,,,,,,,,,
Tsebo,adult,ADS,2512,,,,,,,,,
Tsebo,adult,ADS,2513,,,,,,,,,
Tsebo,adult,ADS,2514,9,29,3.222,0.847368421053,1,18,.666,.777,.275
Tsebo,adult,ADS,2515,,,,,,,,0,
Tsebo,adult,ADS,2516,5,13,2.600,1.0,2,11,.600,0,.615
Tsebo,adult,ADS,2517,,,,,,,,,
Tsebo,adult,ADS,2518,,,,,,,,,
Tsebo,adult,ADS,2519,,,,,,,,,
Tsebo,adult,ADS,2520,,,,,,,,,
Tsebo,adult,ADS,2521,,,,,,,,1.000,
Tsebo,adult,ADS,2522,,,,,,,,,
Tsebo,adult,ADS,2523,,,,,,,,,
Tsebo,adult,ADS,2524,,,,,,,,,
Tsebo,adult,ADS,2525,,,,,,,,,
Tsebo,adult,ADS,2526,,,,,,,,,
Tsebo,adult,ADS,2527,,,,,,,,,
Tsebo,adult,ADS,2528,,,,,,,,0,
Tsebo,adult,ADS,2529,,,,,,,,,
Tsebo,adult,ADS,2530,,,,,,,,,
Tsebo,adult,ADS,2531,,,,,,,,,
Tsebo,adult,ADS,2532,,,,,,,,,
Tsebo,adult,ADS,2533,,,,,,,,,
Tsebo,adult,ADS,2534,,,,,,,,,
Tsebo,adult,ADS,2535,,,,,,,,,
Tsebo,adult,ADS,2536,,,,,,,,,
Tsebo,adult,ADS,2537,,,,,,,,,
Tsebo,adult,ADS,2538,,,,,,,,,
Tsebo,adult,ADS,2539,,,,,,,,,
Tsebo,adult,ADS,2540,,,,,,,,,
Tsebo,adult,ADS,2541,,,,,,,,,
Tsebo,adult,ADS,2542,,,,,,,,,
Hlobohang,mother,CDS,2414,175,376,2.148,0.730327868852,65,45,.691,.537,.369
Hlobohang,mother,CDS,2415,,,,,,,,,
Hlobohang,mother,CDS,2416,33,95,2.878,0.847058823529,3,24,.424,.636,.410
Hlobohang,mother,CDS,2417,20,58,2.900,0.802083333333,3,16,.850,.700,.310
Hlobohang,mother,CDS,2418,110,256,2.327,0.842276422764,45,81,.536,.396,.394
Hlobohang,mother,CDS,2419,15,31,2.066,0.938095238095,7,17,.866,.800,.290
Hlobohang,mother,CDS,2420,58,144,2.482,0.826865671642,17,48,.379,.482,.458
Hlobohang,mother,CDS,2421,20,53,2.650,0.825581395349,5,25,.600,.842,.433
Hlobohang,mother,CDS,2422,,,,,,,,,
Hlobohang,mother,CDS,2423,,,,,,,,,
Hlobohang,mother,CDS,2424,7,16,2.285,0.816666666667,3,13,.714,.666,.187
Hlobohang,mother,CDS,2425,42,102,2.428,0.919565217391,12,47,.404,.476,.558
Hlobohang,mother,CDS,2426,,,,,,,,.666,
Hlobohang,mother,CDS,2427,9,20,2.222,0.78,3,6,.777,.555,.350
Hlobohang,mother,CDS,2428,18,47,2.611,0.918918918919,6,28,.500,.277,.382
Hlobohang,mother,CDS,2429,19,61,3.210,0.776470588235,1,25,.368,.736,.491
Hlobohang,mother,CDS,2430,16,45,2.812,0.702857142857,1,17,.437,.312,.444
Hlobohang,mother,CDS,2431,42,105,2.500,0.738947368421,12,19,.357,.707,.419
Hlobohang,mother,CDS,2432,,,,,,,,,
Hlobohang,mother,CDS,2433,84,237,2.821,0.8140969163,15,70,.333,.585,.438
Hlobohang,mother,CDS,2434,24,63,2.625,0.905660377358,7,46,.291,.375,.634
Hlobohang,mother,CDS,2435,68,195,2.867,0.854594594595,14,94,.470,.500,.405
Hlobohang,mother,CDS,2436,151,413,2.735,0.864516129032,41,129,.417,.602,.452
Hlobohang,mother,CDS,2437,15,38,2.533,0.985714285714,5,31,.400,.533,.631
Hlobohang,mother,CDS,2438,29,83,2.862,0.946575342466,8,51,.137,.241,.481
Hlobohang,mother,CDS,2439,7,16,2.285,0.9,3,12,0,.142,.562
Hlobohang,mother,CDS,2440,23,59,2.565,0.851020408163,3,29,.739,.473,.406
Hlobohang,mother,CDS,2441,6,18,3.000,0.9125,1,14,.666,.166,.500
Hlobohang,mother,CDS,2442,31,82,2.645,0.902777777778,7,36,.612,.600,.365
Hlobohang,mother,CDS,2443,11,44,4.000,0.905882352941,0,26,.363,.363,.409
Hlobohang,mother,CDS,2444,,,,,,,,1.000,
Hlobohang,mother,CDS,2445,7,24,3.428,0.892857142857,1,13,.285,.166,.125
Hlobohang,mother,CDS,2446,34,85,2.500,0.914666666667,12,39,.735,.647,.458
Hlobohang,mother,CDS,2447,101,262,2.594,0.761111111111,26,76,.732,.540,.259
Hlobohang,mother,CDS,2448,252,690,2.738,0.759264705882,60,135,.400,.615,.376
Hlobohang,mother,CDS,2449,54,136,2.518,0.900793650794,19,51,.462,.611,.507
Hlobohang,mother,CDS,2450,,,,,,,,,
Hlobohang,mother,CDS,2451,,,,,,,,,
Hlobohang,mother,CDS,2452,,,,,,,,,
Hlobohang,mother,CDS,2453,,,,,,,,,
Hlobohang,mother,CDS,2454,,,,,,,,,
Hlobohang,mother,CDS,2455,21,59,2.809,0.859183673469,8,30,.380,.619,.305
Hlobohang,mother,CDS,2456,16,41,2.562,0.861290322581,4,19,0,.666,.414
Hlobohang,mother,CDS,2457,,,,,,,,1.000,
Hlobohang,mother,CDS,2458,17,45,2.647,0.808571428571,4,21,.647,.823,.533
Litlhare,mother,CDS,2459,181,421,2.325,0.834063260341,65,96,.375,.594,.415
Litlhare,mother,CDS,2460,94,189,2.010,0.846927374302,32,65,.393,.538,.502
Litlhare,mother,CDS,2461,202,469,2.321,0.788235294118,75,107,.465,.590,.447
Litlhare,mother,CDS,2462,339,684,2.017,0.835459940653,156,164,.427,.560,.456
Litlhare,mother,CDS,2463,100,189,1.890,0.874860335196,50,79,.440,.616,.497
Litlhare,mother,CDS,2464,52,130,2.500,0.900833333333,18,58,.538,.725,.453
Litlhare,mother,CDS,2465,331,738,2.229,0.843269230769,130,199,.395,.839,.418
Litlhare,mother,CDS,2466,128,309,2.414,0.873244147157,43,100,.320,.669,.423
Litlhare,mother,CDS,2467,214,471,2.200,0.882212581345,86,143,.364,.771,.447
Litlhare,mother,CDS,2468,80,180,2.250,0.899411764706,30,70,.562,.628,.450
Litlhare,mother,CDS,2469,139,373,2.683,0.88347107438,32,123,.453,.630,.463
Litlhare,mother,CDS,2470,312,728,2.333,0.910027855153,116,215,.403,.684,.442
Litlhare,mother,CDS,2471,75,177,2.360,0.894011976048,18,81,.160,.444,.531
Litlhare,mother,CDS,2472,65,183,2.815,0.918497109827,13,71,.123,.444,.442
Litlhare,mother,CDS,2473,,,,,,,,,
Litlhare,mother,CDS,2474,,,,,,,,,
Litlhare,mother,CDS,2475,31,93,3.000,0.880722891566,4,38,.483,.724,.333
Litlhare,mother,CDS,2476,,,,,,,,,
Litlhare,mother,CDS,2477,110,267,2.427,0.887159533074,42,106,.481,.715,.374
Litlhare,mother,CDS,2478,144,341,2.368,0.839879154079,68,115,.409,.840,.416
Litlhare,mother,CDS,2479,,,,,,,,,
Litlhare,mother,CDS,2480,250,626,2.504,0.931006493506,91,228,.476,.634,.479
Litlhare,mother,CDS,2481,231,568,2.458,0.900537634409,82,195,.406,.596,.434
Litlhare,mother,CDS,2482,60,184,3.066,0.955172413793,10,106,.283,.271,.413
Litlhare,mother,CDS,2483,388,990,2.551,0.894693877551,109,260,.463,.734,.462
Litlhare,mother,CDS,2484,222,609,2.743,0.94040066778,60,222,.243,.472,.472
Litlhare,mother,CDS,2485,150,393,2.620,0.910966057441,38,139,.340,.520,.465
Litlhare,mother,CDS,2486,182,494,2.714,0.892768595041,44,166,.417,.558,.491
Litlhare,mother,CDS,2487,26,65,2.500,0.889090909091,8,38,.115,.320,.461
Litlhare,mother,CDS,2488,,,,,,,,.800,
Litlhare,mother,CDS,2489,,,,,,,,,
Litlhare,mother,CDS,2490,,,,,,,,,
Litlhare,mother,CDS,2491,,,,,,,,,
Litlhare,mother,CDS,2492,24,67,2.791,0.894736842105,6,29,.500,.541,.402
Litlhare,mother,CDS,2493,221,542,2.452,0.867857142857,96,163,.484,.678,.378
Litlhare,mother,CDS,2494,,,,,,,,,
Litlhare,mother,CDS,2495,40,102,2.550,0.939130434783,14,55,.675,.621,.480
Litlhare,mother,CDS,2496,,,,,,,,,
Litlhare,mother,CDS,2497,,,,,,,,,
Litlhare,mother,CDS,2498,,,,,,,,,
Litlhare,mother,CDS,2499,,,,,,,,,
Litlhare,mother,CDS,2500,265,843,3.181,0.91668667467,48,226,.422,.545,.396
Litlhare,mother,CDS,2501,124,386,3.112,0.947872340426,22,159,.290,.475,.463
Litlhare,mother,CDS,2502,169,509,3.011,0.929458917836,34,188,.449,.577,.404
Litlhare,mother,CDS,2503,145,392,2.703,0.917277486911,36,143,.268,.652,.397
Tsebo,mother,CDS,2504,9,26,2.888,0.8375,2,14,.111,.333,.576
Tsebo,mother,CDS,2505,7,14,2.000,0.975,3,12,.285,.285,.428
Tsebo,mother,CDS,2506,21,53,2.523,0.958139534884,7,27,.666,.736,.415
Tsebo,mother,CDS,2507,35,127,3.628,0.937606837607,3,59,.342,.515,.543
Tsebo,mother,CDS,2508,60,158,2.633,0.906756756757,17,74,.450,.542,.462
Tsebo,mother,CDS,2509,19,62,3.263,0.944230769231,4,35,.315,.578,.419
Tsebo,mother,CDS,2510,26,67,2.576,0.973684210526,5,29,.384,.384,.388
Tsebo,mother,CDS,2511,59,143,2.423,0.894736842105,24,70,.576,.620,.405
Tsebo,mother,CDS,2512,200,525,2.625,0.928737864078,64,163,.510,.734,.460
Tsebo,mother,CDS,2513,167,452,2.706,0.935972850679,47,168,.299,.682,.420
Tsebo,mother,CDS,2514,165,435,2.636,0.948235294118,42,163,.327,.678,.420
Tsebo,mother,CDS,2515,4,12,3.000,1.0,0,10,.250,1.000,.416
Tsebo,mother,CDS,2516,5,15,3.000,0.84,0,9,.400,.200,.400
Tsebo,mother,CDS,2517,29,86,2.965,0.972368421053,8,51,.620,.620,.360
Tsebo,mother,CDS,2518,23,59,2.565,0.95306122449,5,25,.478,.380,.338
Tsebo,mother,CDS,2519,7,24,3.428,0.957142857143,1,9,.428,.571,.416
Tsebo,mother,CDS,2520,162,473,2.919,0.941036717063,37,153,.444,.540,.414
Tsebo,mother,CDS,2521,189,524,2.772,0.969844357977,43,180,.375,.390,.494
Tsebo,mother,CDS,2522,153,449,2.934,0.953530751708,29,140,.222,.339,.507
Tsebo,mother,CDS,2523,89,299,3.359,0.946020761246,14,120,.393,.433,.374
Tsebo,mother,CDS,2524,,,,,,,,,
Tsebo,mother,CDS,2525,,,,,,,,,
Tsebo,mother,CDS,2526,32,98,3.062,0.952272727273,3,48,.218,.366,.479
Tsebo,mother,CDS,2527,37,120,3.243,0.976363636364,4,54,.432,.342,.433
Tsebo,mother,CDS,2528,74,263,3.554,0.962450592885,10,113,.405,.291,.486
Tsebo,mother,CDS,2529,,,,,,,,,
Tsebo,mother,CDS,2530,,,,,,,,,
Tsebo,mother,CDS,2531,19,60,3.157,0.97,1,36,.526,.277,.433
Tsebo,mother,CDS,2532,6,11,1.833,0.9,3,9,0,0,.454
Tsebo,mother,CDS,2533,51,193,3.784,0.96393442623,10,100,.235,.456,.471
Tsebo,mother,CDS,2534,,,,,,,,,
Tsebo,mother,CDS,2535,20,51,2.550,0.960975609756,5,34,.650,.650,.254
Tsebo,mother,CDS,2536,,,,,,,,.333,
Tsebo,mother,CDS,2537,,,,,,,,,
Tsebo,mother,CDS,2538,9,38,4.222,0.9,0,22,.222,.555,.342
Tsebo,mother,CDS,2539,10,43,4.300,0.918181818182,0,23,.300,.500,.348
Tsebo,mother,CDS,2540,3,11,3.666,1.0,0,11,.666,0,.454
Tsebo,mother,CDS,2541,2,12,6.000,1.0,0,12,0,.500,.500
Tsebo,mother,CDS,2542,12,53,4.416,0.939534883721,0,27,0,.250,.377
Hlobohang,mother,OCDS,2414,,,,,,,,,
Hlobohang,mother,OCDS,2415,,,,,,,,0,
Hlobohang,mother,OCDS,2416,4,12,3.000,0.9,1,10,.500,0,.416
Hlobohang,mother,OCDS,2417,,,,,,,,,
Hlobohang,mother,OCDS,2418,19,46,2.421,0.925,3,33,.263,0,.413
Hlobohang,mother,OCDS,2419,,,,,,,,0,
Hlobohang,mother,OCDS,2420,,,,,,,,0,
Hlobohang,mother,OCDS,2421,,,,,,,,0,
Hlobohang,mother,OCDS,2422,,,,,,,,,
Hlobohang,mother,OCDS,2423,,,,,,,,,
Hlobohang,mother,OCDS,2424,,,,,,,,0,
Hlobohang,mother,OCDS,2425,9,28,3.111,0.966666666667,0,23,.333,0,.464
Hlobohang,mother,OCDS,2426,,,,,,,,0,
Hlobohang,mother,OCDS,2427,,,,,,,,,
Hlobohang,mother,OCDS,2428,6,21,3.500,0.981818181818,1,17,.166,0,.523
Hlobohang,mother,OCDS,2429,,,,,,,,0,
Hlobohang,mother,OCDS,2430,,,,,,,,,
Hlobohang,mother,OCDS,2431,4,11,2.750,1.0,1,11,.500,0,.454
Hlobohang,mother,OCDS,2432,,,,,,,,,
Hlobohang,mother,OCDS,2433,6,23,3.833,0.869230769231,0,17,0,0,.391
Hlobohang,mother,OCDS,2434,,,,,,,,,
Hlobohang,mother,OCDS,2435,3,12,4.000,0.9,0,8,0,0,.333
Hlobohang,mother,OCDS,2436,6,17,2.833,0.8,1,8,.166,0,.352
Hlobohang,mother,OCDS,2437,6,20,3.333,0.87,2,11,.666,0,.250
Hlobohang,mother,OCDS,2438,17,45,2.647,0.871428571429,3,24,.588,0,.377
Hlobohang,mother,OCDS,2439,,,,,,,,0,
Hlobohang,mother,OCDS,2440,3,12,4.000,0.95,1,10,0,0,.500
Hlobohang,mother,OCDS,2441,,,,,,,,,
Hlobohang,mother,OCDS,2442,8,23,2.875,0.984615384615,1,15,.250,0,.652
Hlobohang,mother,OCDS,2443,,,,,,,,,
Hlobohang,mother,OCDS,2444,,,,,,,,,
Hlobohang,mother,OCDS,2445,5,20,4.000,0.87,2,14,0,0,.100
Hlobohang,mother,OCDS,2446,,,,,,,,0,
Hlobohang,mother,OCDS,2447,,,,,,,,,
Hlobohang,mother,OCDS,2448,7,23,3.285,0.815384615385,1,15,.428,0,.478
Hlobohang,mother,OCDS,2449,,,,,,,,,
Hlobohang,mother,OCDS,2450,,,,,,,,,
Hlobohang,mother,OCDS,2451,,,,,,,,,
Hlobohang,mother,OCDS,2452,,,,,,,,,
Hlobohang,mother,OCDS,2453,,,,,,,,,
Hlobohang,mother,OCDS,2454,,,,,,,,,
Hlobohang,mother,OCDS,2455,,,,,,,,0,
Hlobohang,mother,OCDS,2456,,,,,,,,,
Hlobohang,mother,OCDS,2457,,,,,,,,,
Hlobohang,mother,OCDS,2458,,,,,,,,,
Litlhare,mother,OCDS,2459,5,17,3.400,1.0,1,17,0,0,.529
Litlhare,mother,OCDS,2460,,,,,,,,0,
Litlhare,mother,OCDS,2461,,,,,,,,0,
Litlhare,mother,OCDS,2462,24,67,2.791,0.933333333333,6,37,.166,0,.492
Litlhare,mother,OCDS,2463,18,40,2.222,0.953333333333,8,30,.555,0,.400
Litlhare,mother,OCDS,2464,8,34,4.250,0.929166666667,1,21,.250,0,.382
Litlhare,mother,OCDS,2465,,,,,,,,,
Litlhare,mother,OCDS,2466,,,,,,,,0,
Litlhare,mother,OCDS,2467,4,11,2.750,0.9,0,9,0,0,.636
Litlhare,mother,OCDS,2468,,,,,,,,,
Litlhare,mother,OCDS,2469,18,53,2.944,0.96511627907,5,31,.444,0,.339
Litlhare,mother,OCDS,2470,43,100,2.325,0.942222222222,14,64,.069,0,.470
Litlhare,mother,OCDS,2471,12,33,2.750,0.978260869565,2,26,.083,0,.454
Litlhare,mother,OCDS,2472,15,45,3.000,0.937142857143,4,30,.133,.066,.422
Litlhare,mother,OCDS,2473,,,,,,,,,
Litlhare,mother,OCDS,2474,,,,,,,,,
Litlhare,mother,OCDS,2475,9,33,3.666,0.986956521739,1,25,.222,0,.454
Litlhare,mother,OCDS,2476,,,,,,,,,
Litlhare,mother,OCDS,2477,,,,,,,,,
Litlhare,mother,OCDS,2478,,,,,,,,,
Litlhare,mother,OCDS,2479,,,,,,,,,
Litlhare,mother,OCDS,2480,14,52,3.714,0.864285714286,5,29,.285,0,.461
Litlhare,mother,OCDS,2481,28,124,4.428,0.980701754386,9,78,.178,0,.403
Litlhare,mother,OCDS,2482,19,49,2.578,0.971794871795,4,30,.315,0,.489
Litlhare,mother,OCDS,2483,,,,,,,,,
Litlhare,mother,OCDS,2484,,,,,,,,,
Litlhare,mother,OCDS,2485,28,83,2.964,0.932876712329,1,43,.250,0,.433
Litlhare,mother,OCDS,2486,11,33,3.000,0.978260869565,7,24,.454,0,.545
Litlhare,mother,OCDS,2487,,,,,,,,,
Litlhare,mother,OCDS,2488,,,,,,,,0,
Litlhare,mother,OCDS,2489,,,,,,,,,
Litlhare,mother,OCDS,2490,,,,,,,,,
Litlhare,mother,OCDS,2491,,,,,,,,,
Litlhare,mother,OCDS,2492,4,11,2.750,1.0,0,11,0,0,.545
Litlhare,mother,OCDS,2493,10,22,2.200,0.916666666667,3,9,.600,.100,.136
Litlhare,mother,OCDS,2494,,,,,,,,,
Litlhare,mother,OCDS,2495,,,,,,,,,
Litlhare,mother,OCDS,2496,,,,,,,,,
Litlhare,mother,OCDS,2497,,,,,,,,,
Litlhare,mother,OCDS,2498,,,,,,,,,
Litlhare,mother,OCDS,2499,,,,,,,,,
Litlhare,mother,OCDS,2500,4,22,5.500,0.891666666667,0,13,.500,0,.363
Litlhare,mother,OCDS,2501,14,39,2.785,0.886206896552,1,23,.500,0,.384
Litlhare,mother,OCDS,2502,21,67,3.190,0.970175438596,5,51,.238,0,.477
Litlhare,mother,OCDS,2503,4,19,4.750,0.966666666667,1,13,.500,0,.421
Tsebo,mother,OCDS,2504,,,,,,,,,
Tsebo,mother,OCDS,2505,,,,,,,,,
Tsebo,mother,OCDS,2506,22,66,3.000,0.948214285714,8,37,.136,0,.575
Tsebo,mother,OCDS,2507,,,,,,,,0,
Tsebo,mother,OCDS,2508,,,,,,,,0,
Tsebo,mother,OCDS,2509,,,,,,,,0,
Tsebo,mother,OCDS,2510,21,58,2.761,0.910416666667,5,25,.380,0,.413
Tsebo,mother,OCDS,2511,,,,,,,,0,
Tsebo,mother,OCDS,2512,,,,,,,,0,
Tsebo,mother,OCDS,2513,,,,,,,,,
Tsebo,mother,OCDS,2514,,,,,,,,,
Tsebo,mother,OCDS,2515,,,,,,,,,
Tsebo,mother,OCDS,2516,,,,,,,,,
Tsebo,mother,OCDS,2517,29,109,3.758,0.941414141414,4,46,.379,0,.440
Tsebo,mother,OCDS,2518,3,11,3.666,0.9,0,9,0,0,.454
Tsebo,mother,OCDS,2519,10,40,4.000,0.963333333333,1,26,.500,0,.425
Tsebo,mother,OCDS,2520,15,47,3.133,0.916216216216,3,20,.400,0,.382
Tsebo,mother,OCDS,2521,134,317,2.365,0.957003257329,39,128,.410,0,.495
Tsebo,mother,OCDS,2522,66,167,2.530,0.966878980892,13,51,.621,0,.413
Tsebo,mother,OCDS,2523,26,85,3.269,0.881333333333,4,20,.576,0,.376
Tsebo,mother,OCDS,2524,,,,,,,,0,
Tsebo,mother,OCDS,2525,,,,,,,,,
Tsebo,mother,OCDS,2526,27,102,3.777,0.952173913043,3,54,.148,0,.500
Tsebo,mother,OCDS,2527,27,101,3.740,0.897802197802,3,43,.814,0,.277
Tsebo,mother,OCDS,2528,33,94,2.848,0.904761904762,5,48,.454,.030,.436
Tsebo,mother,OCDS,2529,,,,,,,,,
Tsebo,mother,OCDS,2530,,,,,,,,,
Tsebo,mother,OCDS,2531,81,249,3.074,0.972384937238,15,125,.493,0,.409
Tsebo,mother,OCDS,2532,56,213,3.803,0.966995073892,6,100,.321,0,.389
Tsebo,mother,OCDS,2533,20,68,3.400,0.875862068966,4,40,.400,0,.500
Tsebo,mother,OCDS,2534,9,36,4.000,0.965384615385,0,28,.222,0,.527
Tsebo,mother,OCDS,2535,37,160,4.324,0.926,2,63,.432,0,.406
Tsebo,mother,OCDS,2536,6,23,3.833,0.938461538462,0,19,0,0,.478
Tsebo,mother,OCDS,2537,3,12,4.000,0.9,0,8,.333,0,.583
Tsebo,mother,OCDS,2538,26,122,4.692,0.964285714286,2,76,.307,0,.401
Tsebo,mother,OCDS,2539,32,126,3.937,0.96724137931,2,76,.343,0,.452
Tsebo,mother,OCDS,2540,27,120,4.444,0.914545454545,1,58,.370,0,.400
Tsebo,mother,OCDS,2541,8,42,5.250,0.9625,0,32,.125,0,.452
Tsebo,mother,OCDS,2542,26,95,3.653,0.925882352941,3,45,.346,0,.442
Hlobohang,mother,ADS,2414,,,,,,,,,
Hlobohang,mother,ADS,2415,,,,,,,,0,
Hlobohang,mother,ADS,2416,,,,,,,,,
Hlobohang,mother,ADS,2417,,,,,,,,0,
Hlobohang,mother,ADS,2418,,,,,,,,0,
Hlobohang,mother,ADS,2419,,,,,,,,0,
Hlobohang,mother,ADS,2420,,,,,,,,0,
Hlobohang,mother,ADS,2421,,,,,,,,0,
Hlobohang,mother,ADS,2422,,,,,,,,,
Hlobohang,mother,ADS,2423,,,,,,,,,
Hlobohang,mother,ADS,2424,,,,,,,,,
Hlobohang,mother,ADS,2425,,,,,,,,,
Hlobohang,mother,ADS,2426,,,,,,,,0,
Hlobohang,mother,ADS,2427,2,20,10.000,0.92,0,10,0,0,.650
Hlobohang,mother,ADS,2428,,,,,,,,0,
Hlobohang,mother,ADS,2429,,,,,,,,,
Hlobohang,mother,ADS,2430,,,,,,,,0,
Hlobohang,mother,ADS,2431,,,,,,,,,
Hlobohang,mother,ADS,2432,,,,,,,,,
Hlobohang,mother,ADS,2433,,,,,,,,0,
Hlobohang,mother,ADS,2434,,,,,,,,,
Hlobohang,mother,ADS,2435,,,,,,,,0,
Hlobohang,mother,ADS,2436,,,,,,,,,
Hlobohang,mother,ADS,2437,,,,,,,,0,
Hlobohang,mother,ADS,2438,,,,,,,,,
Hlobohang,mother,ADS,2439,,,,,,,,,
Hlobohang,mother,ADS,2440,,,,,,,,.500,
Hlobohang,mother,ADS,2441,,,,,,,,,
Hlobohang,mother,ADS,2442,,,,,,,,,
Hlobohang,mother,ADS,2443,,,,,,,,,
Hlobohang,mother,ADS,2444,,,,,,,,,
Hlobohang,mother,ADS,2445,,,,,,,,,
Hlobohang,mother,ADS,2446,,,,,,,,,
Hlobohang,mother,ADS,2447,,,,,,,,,
Hlobohang,mother,ADS,2448,,,,,,,,,
Hlobohang,mother,ADS,2449,,,,,,,,,
Hlobohang,mother,ADS,2450,,,,,,,,,
Hlobohang,mother,ADS,2451,,,,,,,,,
Hlobohang,mother,ADS,2452,,,,,,,,,
Hlobohang,mother,ADS,2453,,,,,,,,,
Hlobohang,mother,ADS,2454,,,,,,,,,
Hlobohang,mother,ADS,2455,,,,,,,,,
Hlobohang,mother,ADS,2456,,,,,,,,,
Hlobohang,mother,ADS,2457,,,,,,,,,
Hlobohang,mother,ADS,2458,,,,,,,,,
Litlhare,mother,ADS,2459,8,31,3.875,0.9,1,19,.125,.500,.451
Litlhare,mother,ADS,2460,14,54,3.857,0.981818181818,0,38,.214,.153,.481
Litlhare,mother,ADS,2461,,,,,,,,,
Litlhare,mother,ADS,2462,,,,,,,,0,
Litlhare,mother,ADS,2463,,,,,,,,,
Litlhare,mother,ADS,2464,,,,,,,,,
Litlhare,mother,ADS,2465,,,,,,,,,
Litlhare,mother,ADS,2466,,,,,,,,,
Litlhare,mother,ADS,2467,,,,,,,,,
Litlhare,mother,ADS,2468,,,,,,,,,
Litlhare,mother,ADS,2469,,,,,,,,,
Litlhare,mother,ADS,2470,,,,,,,,,
Litlhare,mother,ADS,2471,,,,,,,,,
Litlhare,mother,ADS,2472,,,,,,,,,
Litlhare,mother,ADS,2473,,,,,,,,,
Litlhare,mother,ADS,2474,,,,,,,,,
Litlhare,mother,ADS,2475,,,,,,,,,
Litlhare,mother,ADS,2476,,,,,,,,,
Litlhare,mother,ADS,2477,,,,,,,,,
Litlhare,mother,ADS,2478,,,,,,,,0,
Litlhare,mother,ADS,2479,,,,,,,,,
Litlhare,mother,ADS,2480,,,,,,,,,
Litlhare,mother,ADS,2481,,,,,,,,,
Litlhare,mother,ADS,2482,,,,,,,,,
Litlhare,mother,ADS,2483,,,,,,,,0,
Litlhare,mother,ADS,2484,,,,,,,,,
Litlhare,mother,ADS,2485,,,,,,,,0,
Litlhare,mother,ADS,2486,,,,,,,,1.000,
Litlhare,mother,ADS,2487,,,,,,,,,
Litlhare,mother,ADS,2488,,,,,,,,,
Litlhare,mother,ADS,2489,,,,,,,,,
Litlhare,mother,ADS,2490,,,,,,,,,
Litlhare,mother,ADS,2491,,,,,,,,,
Litlhare,mother,ADS,2492,,,,,,,,,
Litlhare,mother,ADS,2493,4,14,3.500,0.8,0,5,1.000,0,.285
Litlhare,mother,ADS,2494,,,,,,,,,
Litlhare,mother,ADS,2495,,,,,,,,,
Litlhare,mother,ADS,2496,,,,,,,,,
Litlhare,mother,ADS,2497,,,,,,,,,
Litlhare,mother,ADS,2498,,,,,,,,,
Litlhare,mother,ADS,2499,,,,,,,,,
Litlhare,mother,ADS,2500,,,,,,,,0,
Litlhare,mother,ADS,2501,8,33,4.125,0.952173913043,0,22,0,.250,.363
Litlhare,mother,ADS,2502,,,,,,,,0,
Litlhare,mother,ADS,2503,,,,,,,,0,
Tsebo,mother,ADS,2504,,,,,,,,,
Tsebo,mother,ADS,2505,,,,,,,,,
Tsebo,mother,ADS,2506,,,,,,,,,
Tsebo,mother,ADS,2507,,,,,,,,,
Tsebo,mother,ADS,2508,,,,,,,,,
Tsebo,mother,ADS,2509,,,,,,,,,
Tsebo,mother,ADS,2510,,,,,,,,,
Tsebo,mother,ADS,2511,,,,,,,,0,
Tsebo,mother,ADS,2512,,,,,,,,,
Tsebo,mother,ADS,2513,11,27,2.454,0.841176470588,4,13,0,.272,.407
Tsebo,mother,ADS,2514,9,29,3.222,0.868421052632,2,18,.111,.333,.310
Tsebo,mother,ADS,2515,,,,,,,,,
Tsebo,mother,ADS,2516,,,,,,,,,
Tsebo,mother,ADS,2517,,,,,,,,,
Tsebo,mother,ADS,2518,,,,,,,,,
Tsebo,mother,ADS,2519,,,,,,,,,
Tsebo,mother,ADS,2520,,,,,,,,,
Tsebo,mother,ADS,2521,,,,,,,,0,
Tsebo,mother,ADS,2522,,,,,,,,0,
Tsebo,mother,ADS,2523,,,,,,,,0,
Tsebo,mother,ADS,2524,,,,,,,,,
Tsebo,mother,ADS,2525,,,,,,,,,
Tsebo,mother,ADS,2526,,,,,,,,,
Tsebo,mother,ADS,2527,,,,,,,,,
Tsebo,mother,ADS,2528,,,,,,,,0,
Tsebo,mother,ADS,2529,,,,,,,,,
Tsebo,mother,ADS,2530,,,,,,,,,
Tsebo,mother,ADS,2531,,,,,,,,,
Tsebo,mother,ADS,2532,2,14,7.000,0.9,0,12,.500,0,.285
Tsebo,mother,ADS,2533,,,,,,,,0,
Tsebo,mother,ADS,2534,,,,,,,,,
Tsebo,mother,ADS,2535,,,,,,,,,
Tsebo,mother,ADS,2536,,,,,,,,,
Tsebo,mother,ADS,2537,,,,,,,,,
Tsebo,mother,ADS,2538,,,,,,,,,
Tsebo,mother,ADS,2539,,,,,,,,,
Tsebo,mother,ADS,2540,,,,,,,,,
Tsebo,mother,ADS,2541,,,,,,,,,
Tsebo,mother,ADS,2542,,,,,,,,,
Hlobohang,child,CDS,2414,5,13,2.600,0.8,1,6,.400,.400,.230
Hlobohang,child,CDS,2415,23,45,1.956,0.954285714286,10,28,.217,.545,.511
Hlobohang,child,CDS,2416,135,318,2.355,0.761688311688,48,55,.659,.418,.342
Hlobohang,child,CDS,2417,13,22,1.692,0.816666666667,8,9,.153,.538,.454
Hlobohang,child,CDS,2418,76,164,2.157,0.762987012987,23,59,.065,.383,.548
Hlobohang,child,CDS,2419,28,61,2.178,0.794117647059,13,23,.178,.464,.475
Hlobohang,child,CDS,2420,178,480,2.696,0.805531914894,35,110,.202,.354,.516
Hlobohang,child,CDS,2421,91,262,2.879,0.869047619048,18,88,.153,.325,.442
Hlobohang,child,CDS,2422,265,762,2.875,0.830053191489,42,204,.105,.462,.514
Hlobohang,child,CDS,2423,184,529,2.875,0.846242774566,21,145,.168,.513,.510
Hlobohang,child,CDS,2424,218,537,2.463,0.808538899431,58,113,.238,.413,.387
Hlobohang,child,CDS,2425,274,692,2.525,0.813049853372,80,154,.127,.296,.486
Hlobohang,child,CDS,2426,49,154,3.142,0.852777777778,6,64,.142,.404,.571
Hlobohang,child,CDS,2427,190,545,2.868,0.803551401869,40,127,.147,.354,.500
Hlobohang,child,CDS,2428,241,624,2.589,0.837459283388,60,153,.257,.400,.466
Hlobohang,child,CDS,2429,172,471,2.738,0.886767895879,41,146,.191,.459,.401
Hlobohang,child,CDS,2430,63,170,2.698,0.905625,19,55,.301,.555,.376
Hlobohang,child,CDS,2431,83,191,2.301,0.855801104972,27,76,.301,.614,.497
Hlobohang,child,CDS,2432,30,65,2.166,0.809090909091,9,22,.233,.866,.307
Hlobohang,child,CDS,2433,94,232,2.468,0.881081081081,29,99,.042,.500,.465
Hlobohang,child,CDS,2434,170,445,2.617,0.890804597701,43,161,.047,.446,.424
Hlobohang,child,CDS,2435,81,205,2.530,0.771794871795,18,77,.037,.584,.458
Hlobohang,child,CDS,2436,88,251,2.852,0.867219917012,12,90,.079,.574,.406
Hlobohang,child,CDS,2437,84,210,2.500,0.8975,21,97,.119,.476,.561
Hlobohang,child,CDS,2438,120,355,2.958,0.914782608696,23,141,.116,.420,.492
Hlobohang,child,CDS,2439,137,385,2.810,0.922666666667,26,146,.124,.470,.451
Hlobohang,child,CDS,2440,118,325,2.754,0.946984126984,25,149,.059,.381,.526
Hlobohang,child,CDS,2441,66,187,2.833,0.845197740113,10,67,.151,.580,.427
Hlobohang,child,CDS,2442,107,305,2.850,0.905423728814,24,88,.074,.419,.452
Hlobohang,child,CDS,2443,89,242,2.719,0.877155172414,18,81,.224,.224,.454
Hlobohang,child,CDS,2444,186,432,2.322,0.884360189573,72,120,.284,.541,.305
Hlobohang,child,CDS,2445,103,294,2.854,0.860563380282,22,105,.165,.354,.374
Hlobohang,child,CDS,2446,11,23,2.090,0.738461538462,5,11,.363,.727,.347
Hlobohang,child,CDS,2447,60,153,2.550,0.853146853147,15,73,.350,.583,.359
Hlobohang,child,CDS,2448,,,,,,,,.666,
Hlobohang,child,CDS,2449,,,,,,,,,
Hlobohang,child,CDS,2450,45,111,2.466,0.892079207921,14,51,.133,.755,.441
Hlobohang,child,CDS,2451,107,298,2.785,0.899652777778,21,115,.205,.601,.456
Hlobohang,child,CDS,2452,62,151,2.435,0.925531914894,17,79,.241,.672,.456
Hlobohang,child,CDS,2453,144,347,2.409,0.880118694362,38,102,.152,.602,.328
Hlobohang,child,CDS,2454,55,126,2.290,0.901724137931,22,60,.036,.596,.436
Hlobohang,child,CDS,2455,,,,,,,,1.000,
Hlobohang,child,CDS,2456,20,57,2.850,0.910638297872,2,27,.150,.850,.298
Hlobohang,child,CDS,2457,24,65,2.708,0.836363636364,3,22,.208,.833,.338
Hlobohang,child,CDS,2458,80,222,2.775,0.853773584906,15,84,.175,.525,.477
Litlhare,child,CDS,2459,320,768,2.400,0.777836411609,92,120,.525,.586,.369
Litlhare,child,CDS,2460,123,247,2.008,0.840928270042,53,66,.390,.570,.599
Litlhare,child,CDS,2461,111,292,2.630,0.773758865248,22,82,.594,.666,.363
Litlhare,child,CDS,2462,28,55,1.964,0.957777777778,12,36,.357,.464,.527
Litlhare,child,CDS,2463,249,604,2.425,0.795117845118,79,125,.594,.669,.350
Litlhare,child,CDS,2464,262,590,2.251,0.823965517241,94,128,.423,.665,.461
Litlhare,child,CDS,2465,,,,,,,,,
Litlhare,child,CDS,2466,148,447,3.020,0.867963386728,26,170,.047,.406,.465
Litlhare,child,CDS,2467,52,138,2.653,0.8515625,12,41,.211,.346,.565
Litlhare,child,CDS,2468,47,122,2.595,0.79375,13,44,.255,.454,.401
Litlhare,child,CDS,2469,208,564,2.711,0.844945848375,59,156,.125,.449,.462
Litlhare,child,CDS,2470,124,319,2.572,0.837216828479,26,101,.129,.495,.376
Litlhare,child,CDS,2471,199,487,2.447,0.837735849057,54,134,.100,.300,.496
Litlhare,child,CDS,2472,100,220,2.200,0.908571428571,34,94,.150,.590,.477
Litlhare,child,CDS,2473,331,894,2.700,0.867307692308,70,233,.250,.506,.434
Litlhare,child,CDS,2474,114,288,2.526,0.914028776978,34,127,.280,.517,.482
Litlhare,child,CDS,2475,146,435,2.979,0.881647058824,28,118,.328,.251,.395
Litlhare,child,CDS,2476,187,575,3.074,0.84814159292,35,157,.352,.614,.403
Litlhare,child,CDS,2477,,,,,,,,,
Litlhare,child,CDS,2478,,,,,,,,1.000,
Litlhare,child,CDS,2479,79,228,2.886,0.877981651376,18,72,.101,.564,.425
Litlhare,child,CDS,2480,65,134,2.061,0.918548387097,25,65,.107,.507,.492
Litlhare,child,CDS,2481,162,442,2.728,0.886111111111,50,151,.098,.431,.427
Litlhare,child,CDS,2482,140,403,2.878,0.912468193384,27,143,.050,.362,.511
Litlhare,child,CDS,2483,,,,,,,,,
Litlhare,child,CDS,2484,,,,,,,,1.000,
Litlhare,child,CDS,2485,144,425,2.951,0.919036144578,32,151,.194,.398,.432
Litlhare,child,CDS,2486,53,137,2.584,0.930708661417,8,79,.132,.264,.474
Litlhare,child,CDS,2487,,,,,,,,,
Litlhare,child,CDS,2488,130,400,3.076,0.879230769231,28,116,.184,.463,.477
Litlhare,child,CDS,2489,263,773,2.939,0.901441677588,47,227,.079,.473,.545
Litlhare,child,CDS,2490,178,521,2.926,0.909197651663,50,180,.106,.441,.516
Litlhare,child,CDS,2491,164,399,2.432,0.885347043702,42,121,.103,.372,.493
Litlhare,child,CDS,2492,155,524,3.380,0.87859922179,28,131,.174,.420,.459
Litlhare,child,CDS,2493,171,566,3.309,0.915827338129,30,187,.093,.383,.445
Litlhare,child,CDS,2494,20,74,3.700,0.8046875,3,25,.050,.526,.459
Litlhare,child,CDS,2495,,,,,,,,,
Litlhare,child,CDS,2496,343,1043,3.040,0.923136495644,57,266,.166,.393,.450
Litlhare,child,CDS,2497,374,1012,2.705,0.89251497006,80,242,.197,.463,.460
Litlhare,child,CDS,2498,119,343,2.882,0.867867867868,16,116,.142,.637,.498
Litlhare,child,CDS,2499,203,660,3.251,0.950615384615,30,209,.078,.462,.472
Litlhare,child,CDS,2500,101,249,2.465,0.906694560669,24,85,.247,.535,.473
Litlhare,child,CDS,2501,162,489,3.018,0.898956158664,22,147,.166,.480,.372
Litlhare,child,CDS,2502,191,576,3.015,0.919964664311,40,160,.261,.486,.421
Litlhare,child,CDS,2503,193,573,2.968,0.927886323268,33,192,.088,.494,.458
Tsebo,child,CDS,2504,,,,,,,,,
Tsebo,child,CDS,2505,18,35,1.944,0.928,7,26,.055,.277,.628
Tsebo,child,CDS,2506,47,133,2.829,0.891056910569,13,55,.127,.577,.481
Tsebo,child,CDS,2507,48,112,2.333,0.859803921569,13,41,.083,.644,.419
Tsebo,child,CDS,2508,33,98,2.969,0.917045454545,8,47,.121,.483,.418
Tsebo,child,CDS,2509,13,32,2.461,0.913636363636,3,19,0,.615,.468
Tsebo,child,CDS,2510,190,517,2.721,0.899211045365,41,151,.110,.335,.464
Tsebo,child,CDS,2511,,,,,,,,0,
Tsebo,child,CDS,2512,,,,,,,,.500,
Tsebo,child,CDS,2513,,,,,,,,,
Tsebo,child,CDS,2514,5,15,3.000,1.0,1,13,.200,.200,.533
Tsebo,child,CDS,2515,34,81,2.382,0.884507042254,9,25,.205,.470,.456
Tsebo,child,CDS,2516,90,272,3.022,0.877480916031,18,74,.211,.500,.386
Tsebo,child,CDS,2517,258,721,2.794,0.927848101266,56,202,.174,.434,.407
Tsebo,child,CDS,2518,94,283,3.010,0.928571428571,16,102,.159,.229,.431
Tsebo,child,CDS,2519,145,511,3.524,0.903992015968,15,135,.137,.420,.401
Tsebo,child,CDS,2520,69,200,2.898,0.949473684211,13,65,.043,.333,.455
Tsebo,child,CDS,2521,49,135,2.755,0.9264,15,59,.020,.387,.429
Tsebo,child,CDS,2522,56,124,2.214,0.970175438596,20,63,.125,.410,.564
Tsebo,child,CDS,2523,54,179,3.314,0.894674556213,9,49,.055,.408,.458
Tsebo,child,CDS,2524,105,352,3.352,0.919883040936,14,105,.200,.634,.386
Tsebo,child,CDS,2525,102,324,3.176,0.93152866242,8,128,.176,.544,.385
Tsebo,child,CDS,2526,58,185,3.189,0.941142857143,10,106,.155,.433,.432
Tsebo,child,CDS,2527,82,254,3.097,0.923770491803,14,121,.195,.450,.393
Tsebo,child,CDS,2528,59,160,2.711,0.94,18,72,.135,.275,.481
Tsebo,child,CDS,2529,79,224,2.835,0.884112149533,16,78,.151,.379,.468
Tsebo,child,CDS,2530,23,63,2.739,0.967924528302,6,39,.304,.347,.492
Tsebo,child,CDS,2531,12,35,2.916,0.824,0,17,0,.083,.400
Tsebo,child,CDS,2532,18,79,4.388,0.936231884058,0,36,.111,0,.341
Tsebo,child,CDS,2533,57,178,3.122,0.923214285714,9,73,.157,.666,.483
Tsebo,child,CDS,2534,84,279,3.321,0.933457249071,9,97,.035,.506,.469
Tsebo,child,CDS,2535,105,434,4.133,0.930660377358,10,139,.142,.424,.345
Tsebo,child,CDS,2536,75,298,3.973,0.941666666667,7,119,.026,.347,.459
Tsebo,child,CDS,2537,43,142,3.302,0.927272727273,8,66,.069,.542,.338
Tsebo,child,CDS,2538,25,100,4.000,0.918888888889,5,39,.080,.421,.450
Tsebo,child,CDS,2539,12,50,4.166,0.92,1,27,.166,.500,.280
Tsebo,child,CDS,2540,43,172,4.000,0.948148148148,4,81,.186,.404,.395
Tsebo,child,CDS,2541,36,138,3.833,0.95,5,76,.111,.428,.427
Tsebo,child,CDS,2542,37,145,3.918,0.942962962963,6,80,.054,.405,.358
Hlobohang,child,OCDS,2414,,,,,,,,,
Hlobohang,child,OCDS,2415,,,,,,,,.166,
Hlobohang,child,OCDS,2416,13,46,3.538,0.858333333333,3,23,.384,0,.391
Hlobohang,child,OCDS,2417,,,,,,,,,
Hlobohang,child,OCDS,2418,17,32,1.882,0.890909090909,8,13,.117,0,.468
Hlobohang,child,OCDS,2419,,,,,,,,,
Hlobohang,child,OCDS,2420,,,,,,,,,
Hlobohang,child,OCDS,2421,,,,,,,,,
Hlobohang,child,OCDS,2422,18,59,3.277,0.95306122449,0,36,.111,0,.576
Hlobohang,child,OCDS,2423,,,,,,,,,
Hlobohang,child,OCDS,2424,21,54,2.571,0.890909090909,10,25,.428,0,.351
Hlobohang,child,OCDS,2425,19,52,2.736,0.902380952381,5,20,.315,0,.346
Hlobohang,child,OCDS,2426,5,12,2.400,0.95,1,10,.200,0,.750
Hlobohang,child,OCDS,2427,33,115,3.484,0.90380952381,3,39,.181,0,.382
Hlobohang,child,OCDS,2428,47,118,2.510,0.951851851852,19,59,.234,0,.372
Hlobohang,child,OCDS,2429,41,116,2.829,0.934905660377,9,55,.121,0,.517
Hlobohang,child,OCDS,2430,,,,,,,,,
Hlobohang,child,OCDS,2431,6,14,2.333,1.0,1,12,.666,0,.428
Hlobohang,child,OCDS,2432,7,15,2.142,0.72,1,7,0,0,.400
Hlobohang,child,OCDS,2433,,,,,,,,0,
Hlobohang,child,OCDS,2434,,,,,,,,,
Hlobohang,child,OCDS,2435,,,,,,,,,
Hlobohang,child,OCDS,2436,,,,,,,,,
Hlobohang,child,OCDS,2437,16,45,2.812,0.791428571429,2,15,0,0,.422
Hlobohang,child,OCDS,2438,13,40,3.076,0.896666666667,1,21,.076,0,.375
Hlobohang,child,OCDS,2439,6,16,2.666,0.966666666667,0,14,.166,0,.500
Hlobohang,child,OCDS,2440,,,,,,,,,
Hlobohang,child,OCDS,2441,4,14,3.500,0.925,0,8,.500,0,.285
Hlobohang,child,OCDS,2442,,,,,,,,,
Hlobohang,child,OCDS,2443,,,,,,,,,
Hlobohang,child,OCDS,2444,,,,,,,,,
Hlobohang,child,OCDS,2445,19,47,2.473,0.875675675676,7,23,.368,0,.191
Hlobohang,child,OCDS,2446,,,,,,,,,
Hlobohang,child,OCDS,2447,,,,,,,,,
Hlobohang,child,OCDS,2448,,,,,,,,,
Hlobohang,child,OCDS,2449,,,,,,,,,
Hlobohang,child,OCDS,2450,,,,,,,,,
Hlobohang,child,OCDS,2451,,,,,,,,,
Hlobohang,child,OCDS,2452,,,,,,,,,
Hlobohang,child,OCDS,2453,,,,,,,,,
Hlobohang,child,OCDS,2454,14,31,2.214,0.542857142857,3,9,.428,0,.451
Hlobohang,child,OCDS,2455,,,,,,,,,
Hlobohang,child,OCDS,2456,,,,,,,,,
Hlobohang,child,OCDS,2457,,,,,,,,,
Hlobohang,child,OCDS,2458,,,,,,,,0,
Litlhare,child,OCDS,2459,40,94,2.350,0.829761904762,12,27,.250,0,.510
Litlhare,child,OCDS,2460,,,,,,,,0,
Litlhare,child,OCDS,2461,,,,,,,,0,
Litlhare,child,OCDS,2462,,,,,,,,,
Litlhare,child,OCDS,2463,19,62,3.263,0.957692307692,7,36,.263,0,.467
Litlhare,child,OCDS,2464,32,84,2.625,0.891891891892,11,39,.250,0,.523
Litlhare,child,OCDS,2465,,,,,,,,,
Litlhare,child,OCDS,2466,,,,,,,,,
Litlhare,child,OCDS,2467,4,16,4.000,0.883333333333,1,11,0,0,.250
Litlhare,child,OCDS,2468,3,11,3.666,0.7,0,3,.666,0,.181
Litlhare,child,OCDS,2469,,,,,,,,,
Litlhare,child,OCDS,2470,,,,,,,,0,
Litlhare,child,OCDS,2471,6,22,3.666,0.991666666667,0,16,.166,0,.272
Litlhare,child,OCDS,2472,7,23,3.285,0.892307692308,0,18,0,0,.391
Litlhare,child,OCDS,2473,14,39,2.785,0.91724137931,3,26,.071,.153,.487
Litlhare,child,OCDS,2474,7,21,3.000,0.9,1,17,0,.285,.571
Litlhare,child,OCDS,2475,16,38,2.375,0.978571428571,5,26,.312,0,.447
Litlhare,child,OCDS,2476,10,42,4.200,0.934375,1,29,.100,0,.357
Litlhare,child,OCDS,2477,,,,,,,,,
Litlhare,child,OCDS,2478,,,,,,,,,
Litlhare,child,OCDS,2479,13,43,3.307,0.972727272727,2,31,.076,.307,.441
Litlhare,child,OCDS,2480,,,,,,,,,
Litlhare,child,OCDS,2481,,,,,,,,0,
Litlhare,child,OCDS,2482,,,,,,,,0,
Litlhare,child,OCDS,2483,,,,,,,,,
Litlhare,child,OCDS,2484,,,,,,,,,
Litlhare,child,OCDS,2485,,,,,,,,,
Litlhare,child,OCDS,2486,,,,,,,,0,
Litlhare,child,OCDS,2487,,,,,,,,,
Litlhare,child,OCDS,2488,5,11,2.200,0.9,2,9,.200,0,.363
Litlhare,child,OCDS,2489,,,,,,,,0,
Litlhare,child,OCDS,2490,,,,,,,,,
Litlhare,child,OCDS,2491,,,,,,,,,
Litlhare,child,OCDS,2492,,,,,,,,,
Litlhare,child,OCDS,2493,12,41,3.416,0.890322580645,5,20,.250,0,.414
Litlhare,child,OCDS,2494,,,,,,,,,
Litlhare,child,OCDS,2495,,,,,,,,,
Litlhare,child,OCDS,2496,10,20,2.000,0.89,3,14,.100,0,.450
Litlhare,child,OCDS,2497,10,34,3.400,0.883333333333,2,22,.100,.125,.352
Litlhare,child,OCDS,2498,4,15,3.750,1.0,0,15,.250,0,.600
Litlhare,child,OCDS,2499,34,115,3.382,0.913333333333,6,58,.088,.058,.356
Litlhare,child,OCDS,2500,,,,,,,,0,
Litlhare,child,OCDS,2501,22,64,2.909,0.924074074074,6,34,.181,0,.421
Litlhare,child,OCDS,2502,36,129,3.583,0.931932773109,3,63,.305,0,.418
Litlhare,child,OCDS,2503,8,27,3.375,0.882352941176,1,13,.125,.428,.444
Tsebo,child,OCDS,2504,,,,,,,,,
Tsebo,child,OCDS,2505,,,,,,,,0,
Tsebo,child,OCDS,2506,5,13,2.600,0.9,2,11,0,0,.461
Tsebo,child,OCDS,2507,,,,,,,,,
Tsebo,child,OCDS,2508,,,,,,,,,
Tsebo,child,OCDS,2509,21,51,2.428,0.878048780488,4,16,.142,0,.725
Tsebo,child,OCDS,2510,40,94,2.350,0.852380952381,17,37,.050,0,.414
Tsebo,child,OCDS,2511,,,,,,,,,
Tsebo,child,OCDS,2512,,,,,,,,,
Tsebo,child,OCDS,2513,,,,,,,,,
Tsebo,child,OCDS,2514,,,,,,,,,
Tsebo,child,OCDS,2515,19,24,1.263,0.535714285714,14,5,.105,0,.625
Tsebo,child,OCDS,2516,7,21,3.000,0.818181818182,1,8,0,0,.523
Tsebo,child,OCDS,2517,5,19,3.800,0.911111111111,1,16,.400,0,.473
Tsebo,child,OCDS,2518,343,955,2.784,0.936931216931,77,215,.075,.005,.448
Tsebo,child,OCDS,2519,147,427,2.904,0.946282973621,23,102,.074,0,.487
Tsebo,child,OCDS,2520,104,309,2.971,0.917391304348,14,80,.057,0,.417
Tsebo,child,OCDS,2521,,,,,,,,,
Tsebo,child,OCDS,2522,,,,,,,,,
Tsebo,child,OCDS,2523,,,,,,,,0,
Tsebo,child,OCDS,2524,3,13,4.333,0.933333333333,0,8,0,0,.230
Tsebo,child,OCDS,2525,20,47,2.350,0.945945945946,7,25,.100,0,.510
Tsebo,child,OCDS,2526,15,28,1.866,0.755555555556,6,17,.133,0,.428
Tsebo,child,OCDS,2527,82,267,3.256,0.919844357977,14,99,.146,0,.441
Tsebo,child,OCDS,2528,21,70,3.333,0.955,3,36,.238,0,.400
Tsebo,child,OCDS,2529,38,104,2.736,0.83829787234,8,39,.210,0,.240
Tsebo,child,OCDS,2530,,,,,,,,0,
Tsebo,child,OCDS,2531,8,23,2.875,0.884615384615,1,17,0,0,.434
Tsebo,child,OCDS,2532,28,103,3.678,0.903225806452,2,47,.142,0,.436
Tsebo,child,OCDS,2533,,,,,,,,0,
Tsebo,child,OCDS,2534,17,42,2.470,0.940625,6,26,.235,0,.500
Tsebo,child,OCDS,2535,18,81,4.500,0.974647887324,0,55,.111,0,.444
Tsebo,child,OCDS,2536,35,118,3.371,0.907407407407,5,58,.228,0,.330
Tsebo,child,OCDS,2537,4,12,3.000,1.0,1,10,0,0,.583
Tsebo,child,OCDS,2538,5,21,4.200,0.890909090909,0,16,.200,0,.476
Tsebo,child,OCDS,2539,8,23,2.875,0.938461538462,2,18,.375,0,.478
Tsebo,child,OCDS,2540,28,107,3.821,0.90824742268,0,37,.107,0,.355
Tsebo,child,OCDS,2541,42,188,4.476,0.957303370787,7,87,.095,0,.484
Tsebo,child,OCDS,2542,22,76,3.454,0.912121212121,4,43,.045,0,.302
Hlobohang,child,ADS,2414,,,,,,,,,
Hlobohang,child,ADS,2415,14,30,2.142,0.955,5,23,.285,0,.466
Hlobohang,child,ADS,2416,,,,,,,,0,
Hlobohang,child,ADS,2417,,,,,,,,0,
Hlobohang,child,ADS,2418,20,34,1.700,0.85,11,23,.350,.200,.323
Hlobohang,child,ADS,2419,13,24,1.846,0.95,7,17,.230,.083,.625
Hlobohang,child,ADS,2420,8,16,2.000,1.0,4,16,0,.125,.562
Hlobohang,child,ADS,2421,7,11,1.571,0.8,6,7,.142,0,.454
Hlobohang,child,ADS,2422,32,62,1.937,0.882692307692,16,24,.062,0,.338
Hlobohang,child,ADS,2423,10,26,2.600,0.9875,3,19,.100,0,.538
Hlobohang,child,ADS,2424,9,23,2.555,0.915384615385,4,17,.222,0,.521
Hlobohang,child,ADS,2425,,,,,,,,.500,
Hlobohang,child,ADS,2426,7,11,1.571,0.9,4,9,.428,0,.727
Hlobohang,child,ADS,2427,7,22,3.142,0.933333333333,1,16,0,0,.590
Hlobohang,child,ADS,2428,14,33,2.357,0.930434782609,2,26,.214,.142,.454
Hlobohang,child,ADS,2429,,,,,,,,0,
Hlobohang,child,ADS,2430,3,13,4.333,0.866666666667,0,10,0,0,.153
Hlobohang,child,ADS,2431,11,17,1.545,0.671428571429,7,10,.363,.090,.470
Hlobohang,child,ADS,2432,,,,,,,,,
Hlobohang,child,ADS,2433,,,,,,,,,
Hlobohang,child,ADS,2434,,,,,,,,,
Hlobohang,child,ADS,2435,,,,,,,,0,
Hlobohang,child,ADS,2436,,,,,,,,0,
Hlobohang,child,ADS,2437,,,,,,,,0,
Hlobohang,child,ADS,2438,13,28,2.153,0.95,6,19,0,.461,.428
Hlobohang,child,ADS,2439,,,,,,,,,
Hlobohang,child,ADS,2440,14,42,3.000,0.878125,4,25,.071,0,.357
Hlobohang,child,ADS,2441,6,14,2.333,0.825,0,8,0,.166,.714
Hlobohang,child,ADS,2442,10,23,2.300,0.7,5,7,.200,.333,.652
Hlobohang,child,ADS,2443,11,30,2.727,0.95,1,20,.272,0,.333
Hlobohang,child,ADS,2444,,,,,,,,,
Hlobohang,child,ADS,2445,5,16,3.200,1.0,2,14,.200,.666,.375
Hlobohang,child,ADS,2446,9,16,1.777,0.75,3,5,0,.444,.500
Hlobohang,child,ADS,2447,11,30,2.727,0.91,2,14,0,0,.366
Hlobohang,child,ADS,2448,,,,,,,,1.000,
Hlobohang,child,ADS,2449,,,,,,,,,
Hlobohang,child,ADS,2450,,,,,,,,,
Hlobohang,child,ADS,2451,,,,,,,,0,
Hlobohang,child,ADS,2452,12,23,1.916,0.815384615385,5,8,.083,.727,.260
Hlobohang,child,ADS,2453,10,21,2.100,0.763636363636,4,12,.100,.600,.238
Hlobohang,child,ADS,2454,,,,,,,,,
Hlobohang,child,ADS,2455,,,,,,,,,
Hlobohang,child,ADS,2456,,,,,,,,,
Hlobohang,child,ADS,2457,,,,,,,,,
Hlobohang,child,ADS,2458,7,20,2.857,0.83,1,10,.428,0,.450
Litlhare,child,ADS,2459,15,35,2.333,0.948,5,29,.266,.461,.571
Litlhare,child,ADS,2460,,,,,,,,0,
Litlhare,child,ADS,2461,,,,,,,,1.000,
Litlhare,child,ADS,2462,16,47,2.937,0.948648648649,3,31,.125,.875,.468
Litlhare,child,ADS,2463,18,58,3.222,0.933333333333,2,25,.166,.611,.448
Litlhare,child,ADS,2464,6,17,2.833,0.8,1,10,.166,.166,.647
Litlhare,child,ADS,2465,,,,,,,,,
Litlhare,child,ADS,2466,20,74,3.700,0.8828125,5,35,0,.250,.445
Litlhare,child,ADS,2467,,,,,,,,1.000,
Litlhare,child,ADS,2468,,,,,,,,1.000,
Litlhare,child,ADS,2469,26,86,3.307,0.977631578947,3,48,.038,.640,.476
Litlhare,child,ADS,2470,24,60,2.500,0.962,7,36,.083,.541,.483
Litlhare,child,ADS,2471,11,33,3.000,0.960869565217,1,23,0,.222,.454
Litlhare,child,ADS,2472,7,18,2.571,0.9375,1,16,.142,.285,.500
Litlhare,child,ADS,2473,,,,,,,,,
Litlhare,child,ADS,2474,,,,,,,,0,
Litlhare,child,ADS,2475,17,45,2.647,0.842857142857,4,18,.411,.235,.333
Litlhare,child,ADS,2476,,,,,,,,,
Litlhare,child,ADS,2477,,,,,,,,,
Litlhare,child,ADS,2478,,,,,,,,,
Litlhare,child,ADS,2479,,,,,,,,0,
Litlhare,child,ADS,2480,,,,,,,,1.000,
Litlhare,child,ADS,2481,18,50,2.777,0.9275,4,25,.388,.555,.420
Litlhare,child,ADS,2482,,,,,,,,.500,
Litlhare,child,ADS,2483,,,,,,,,,
Litlhare,child,ADS,2484,,,,,,,,,
Litlhare,child,ADS,2485,12,36,3.000,0.946153846154,4,23,.083,.500,.472
Litlhare,child,ADS,2486,5,17,3.400,0.771428571429,1,10,.200,.600,.647
Litlhare,child,ADS,2487,,,,,,,,,
Litlhare,child,ADS,2488,,,,,,,,0,
Litlhare,child,ADS,2489,,,,,,,,,
Litlhare,child,ADS,2490,,,,,,,,,
Litlhare,child,ADS,2491,,,,,,,,,
Litlhare,child,ADS,2492,5,19,3.800,0.788888888889,0,12,.200,.200,.473
Litlhare,child,ADS,2493,11,37,3.363,0.907407407407,2,25,0,.454,.540
Litlhare,child,ADS,2494,,,,,,,,,
Litlhare,child,ADS,2495,,,,,,,,,
Litlhare,child,ADS,2496,,,,,,,,,
Litlhare,child,ADS,2497,,,,,,,,,
Litlhare,child,ADS,2498,,,,,,,,,
Litlhare,child,ADS,2499,,,,,,,,,
Litlhare,child,ADS,2500,26,55,2.115,0.946666666667,9,22,0,.384,.381
Litlhare,child,ADS,2501,43,102,2.372,0.875,9,40,.023,.238,.411
Litlhare,child,ADS,2502,20,57,2.850,0.940425531915,5,34,.100,.473,.526
Litlhare,child,ADS,2503,,,,,,,,,
Tsebo,child,ADS,2504,,,,,,,,,
Tsebo,child,ADS,2505,45,84,1.866,0.860810810811,20,33,.200,0,.571
Tsebo,child,ADS,2506,,,,,,,,0,
Tsebo,child,ADS,2507,,,,,,,,.666,
Tsebo,child,ADS,2508,,,,,,,,,
Tsebo,child,ADS,2509,,,,,,,,.250,
Tsebo,child,ADS,2510,9,24,2.666,0.964285714286,1,16,0,.444,.458
Tsebo,child,ADS,2511,,,,,,,,,
Tsebo,child,ADS,2512,,,,,,,,,
Tsebo,child,ADS,2513,,,,,,,,,
Tsebo,child,ADS,2514,,,,,,,,,
Tsebo,child,ADS,2515,88,179,2.034,0.927218934911,36,44,.034,.011,.491
Tsebo,child,ADS,2516,187,510,2.727,0.9258,26,87,.037,.155,.458
Tsebo,child,ADS,2517,22,57,2.590,0.853191489362,6,27,.136,.227,.385
Tsebo,child,ADS,2518,,,,,,,,1.000,
Tsebo,child,ADS,2519,,,,,,,,.666,
Tsebo,child,ADS,2520,10,28,2.800,0.872222222222,3,17,.200,.555,.392
Tsebo,child,ADS,2521,100,247,2.470,0.958227848101,29,102,.100,.565,.514
Tsebo,child,ADS,2522,85,269,3.164,0.96138996139,11,87,.047,.541,.457
Tsebo,child,ADS,2523,23,80,3.478,0.852857142857,4,29,0,.500,.450
Tsebo,child,ADS,2524,,,,,,,,,
Tsebo,child,ADS,2525,,,,,,,,,
Tsebo,child,ADS,2526,,,,,,,,.400,
Tsebo,child,ADS,2527,29,93,3.206,0.898795180723,10,42,0,.481,.419
Tsebo,child,ADS,2528,55,122,2.218,0.860714285714,22,52,.127,.345,.418
Tsebo,child,ADS,2529,47,93,1.978,0.914457831325,22,43,.106,0,.440
Tsebo,child,ADS,2530,24,75,3.125,0.901538461538,3,26,.208,0,.520
Tsebo,child,ADS,2531,65,197,3.030,0.94064171123,15,108,0,.692,.421
Tsebo,child,ADS,2532,56,225,4.017,0.958139534884,4,124,.035,.436,.413
Tsebo,child,ADS,2533,12,33,2.750,0.982608695652,3,24,0,.363,.333
Tsebo,child,ADS,2534,5,17,3.400,0.957142857143,1,15,.200,.500,.470
Tsebo,child,ADS,2535,12,34,2.833,0.920833333333,5,22,0,.333,.323
Tsebo,child,ADS,2536,12,38,3.166,0.960714285714,3,24,.083,.083,.526
Tsebo,child,ADS,2537,6,15,2.500,1.0,1,15,.500,.166,.533
Tsebo,child,ADS,2538,6,21,3.500,0.990909090909,1,15,0,.333,.666
Tsebo,child,ADS,2539,19,65,3.421,0.903636363636,2,41,0,.526,.461
Tsebo,child,ADS,2540,13,55,4.230,0.993333333333,0,40,.076,.181,.509
Tsebo,child,ADS,2541,15,72,4.800,0.95,0,51,.066,.066,.486
Tsebo,child,ADS,2542,15,49,3.266,0.941025641026,2,35,0,.333,.469
