uabona ;eword umoapese ;eword hampe ;eword wena ;eword
kemoapesitse ;eword
beha ;eword neuoe ;eword
katse ;eword ya ;eword mme ;eword lensi ;eword ke ;eword yane ;eword
keaqhwaela ;eword he ;eword lieketseng ;eword
ke ;eword yane ;eword olahlile ;eword lemao ;eword lane ;eword nkeletseng ;eword amofileng ;eword lona ;eword
ke ;eword koloi ;eword ya ;eword mochachane ;eword
hela ;eword
uatseba ;eword ketlasenya ;eword khaba ;eword ena ;eword
utliloikhurumetsa ;eword ka ;eword mmete ;eword ona ;eword
ee ;eword ketloitlama ;eword ka ;eword kobo ;eword
uapere ;eword mmete ;eword
mokuke ;eword
uaapara ;eword mmete ;eword
tlala ;eword eantja ;eword ka ;eword mpeng ;eword
kelapile ;eword
le ;eword nna ;eword tlala ;eword eantja ;eword
ke ;eword hokae ;eword
ka ;eword mane ;eword ka ;eword mane ;eword ka ;eword tlasa ;eword lebala ;eword
ee ;eword lineo ;eword
ngwana ;eword eo ;eword waka ;eword o ;eword motle ;eword hakale ;eword
o ;eword motle ;eword uammona ;eword
o ;eword motle ;eword ake ;eword ubone ;eword
ona ;eword le ;eword dipalesa ;eword
otenne ;eword mose ;eword o ;eword dipalesa ;eword
ake ;eword ure ;eword kemmone ;eword hle ;eword
o ;eword motle ;eword hakakang ;eword
oitlhatswitse ;eword
ake ;eword ubone ;eword mona ;eword
oitlhatswitse ;eword le ;eword bo ;eword mahetleng ;eword moo ;eword le ;eword hlohong ;eword moo ;eword
bona ;eword
le ;eword hlohong ;eword moo ;eword
sephaka ;eword le ;eword mahafi ;eword
a ;eword nna ;eword hloho ;eword ya ;eword ngwana ;eword waka ;eword ha ;eword e ;eword sephara ;eword
ngwana ;eword mme ;eword maneuoe ;eword ena ;eword o ;eword moholo ;eword
ee ;eword ha ;eword se ;eword bosiu ;eword bo ;eword
aa ;eword lieketseng ;eword ke ;eword bosiu ;eword
modimo ;eword ka ;eword mona ;eword ka ;eword maotong ;eword o ;eword motle ;eword chee ;eword
ka ;eword moo ;eword ka ;eword hlohong ;eword o ;eword motle ;eword molaleng ;eword moo ;eword
molala ;eword ona ;eword o ;eword motelele ;eword
molala ;eword ona ;eword o ;eword motelele ;eword
kere ;eword ona ;eword mona ;eword o ;eword motelele ;eword
molala ;eword ke ;eword ona ;eword
ha ;eword se ;eword molala ;eword ntho ;eword ena ;eword
ha ;eword se ;eword molala ;eword
ona ;eword ona ;eword le ;eword molala ;eword mona ;eword feela ;eword o ;eword mokhutswanyane ;eword
kere ;eword eneele ;eword molala ;eword
wahao ;eword o ;eword monyane ;eword
le ;eword wa ;eword neuoe ;eword
ole ;eword mokalekale ;eword
mona ;eword ketswile ;eword seso ;eword mona ;eword
wena ;eword unthonkhile ;eword
ha ;eword kebone ;eword ke ;eword kae ;eword
uentse ;eword jwang ;eword
ochele ;eword
kathola ;eword ka ;eword polastiki ;eword
tsebo ;eword tlisa ;eword ntho ;eword ena ;eword
tsebo ;eword tlisa ;eword dintho ;eword tsena ;eword tsaka ;eword
uatseba ;eword ha ;eword keutlwa ;eword moo ;eword utlabeure ;eword mme ;eword
tsamaya ;eword hleso ;eword umootle ;eword
ebe ;eword ke ;eword mamarumo ;eword a ;eword moo ;eword yatellang ;eword
tsebo ;eword neha ;eword ngwana ;eword eno ;eword emong ;eword botlolo ;eword yahae ;eword
ha ;eword atsamaye ;eword nyeo ;eword
utabola ;eword mmete ;eword oo ;eword
ake ;eword utsurue ;eword
haka ;eword eseele ;eword mona ;eword
ha ;eword se ;eword haka ;eword wena ;eword lieketseng ;eword
ke ;eword haka ;eword bo ;eword ngwaneso ;eword
tloo ;eword le ;eword dintho ;eword tseo ;eword hodimo ;eword
ketsoha ;eword
ketsoha ;eword borokong ;eword
ntho ;eword ena ;eword ke ;eword mosamo ;eword
hleso ;eword nna ;eword ho ;eword nna ;eword ke ;eword mosamo ;eword
nna ;eword ngwana ;eword waka ;eword ke ;eword sentsowa ;eword
he ;eword ke ;eword waka ;eword
le ;eword nna ;eword waka ;eword ke ;eword sentsowa ;eword
nna ;eword waka ;eword ke ;eword sentsowa ;eword
wahao ;eword ke ;eword ntsowa ;eword
sentsowa ;eword
utlise ;eword leswai ;eword lane ;eword laka ;eword
uutlwa ;eword lineo ;eword
tloo ;eword leswai ;eword lane ;eword laka ;eword ke ;eword lane ;eword jareteng ;eword kwana ;eword lineo ;eword
jareteng ;eword
mane ;eword moo ;eword reneredutse ;eword le ;eword mme ;eword mamello ;eword tsebo ;eword
tloo ;eword nka ;eword lekotikoti ;eword laka ;eword
le ;eword kae ;eword
lieketseng ;eword ha ;eword reye ;eword
ha ;eword reye ;eword lieketseng ;eword
lieketseng ;eword
uautlwa ;eword
tsebo ;eword utlwa ;eword ka ;eword kumbakumbeng ;eword ya ;eword mme ;eword mamello ;eword
hore ;eword
ha ;eword ketsebe ;eword mong ;eword wa ;eword bate ;eword
wena ;eword hleso ;eword nwa ;eword ke ;eword moriana ;eword ntho ;eword ena ;eword
kebapala ;eword le ;eword mme ;eword wa ;eword tsebo ;eword
le ;eword mme ;eword wa ;eword neuoe ;eword
kekopa ;eword hoitlotsa ;eword
nkhelle ;eword tsebo ;eword
kapotlako ;eword nkhella ;eword tee ;eword ka ;eword moo ;eword
tsebo ;eword nkhaolele ;eword
helang ;eword ha ;eword se ;eword chungam ;eword
ke ;eword chungam ;eword tsebo ;eword ntho ;eword ena ;eword
tsurua ;eword kebone ;eword
ere ;eword kebone ;eword ntho ;eword ee ;eword
nke ;eword kenwe ;eword hanyenyana ;eword
ha ;eword kebatle ;eword
mme ;eword nkadime ;eword metsi ;eword ana ;eword
keiloasefela ;eword ha ;eword mme ;eword wa ;eword tsebo ;eword mane ;eword mme ;eword wa ;eword tsebo ;eword
kesefa ;eword metsi ;eword ana ;eword
oakhile ;eword fatseng ;eword
u ;eword lethetsi ;eword
ha ;eword ubone ;eword
ka ;eword moo ;eword ka ;eword botlolong ;eword
ka ;eword botlolong ;eword ka ;eword moo ;eword
metsi ;eword ha ;eword akha ;eword ka ;eword teng ;eword
ke ;eword kwae ;eword yane ;eword keetsetseng ;eword ka ;eword mona ;eword
ketle ;eword ntho ;eword ena ;eword
utlatsela ;eword mmete ;eword waka ;eword he ;eword
ha ;eword hona ;eword taba ;eword ha ;eword reutsetse ;eword mme ;eword
keaobatla ;eword
kebatla ;eword olefuwe ;eword
ha ;eword se ;eword wahao ;eword
ke ;eword wa ;eword ha ;eword nkhono ;eword
helang ;eword batho ;eword
keatsetse ;eword kaofela ;eword we ;eword
hleso ;eword ke ;eword ficholi ;eword
le ;eword nna ;eword kesatlilotsela ;eword ntho ;eword ena ;eword
hele ;eword metsi ;eword ana ;eword a ;eword mabe ;eword ana ;eword
hela ;eword bona ;eword botlolo ;eword ya ;eword neuoe ;eword
ke ;eword botlolo ;eword hle ;eword
tsela ;eword metsi ;eword ano ;eword pele ;eword
ha ;eword keye ;eword ka ;eword tsimong ;eword
keilokha ;eword fishole ;eword engwe ;eword
keilokha ;eword fishole ;eword mane ;eword
wena ;eword hleso ;eword kenwa ;eword aa ;eword mona ;eword
ke ;eword ahao ;eword ka ;eword mona ;eword
kebapala ;eword le ;eword lona ;eword
ha ;eword ubapale ;eword le ;eword rona ;eword
uabapala ;eword
eya ;eword
uanqhekella ;eword
uanqhekella ;eword
e ;eword uabona ;eword
metsi ;eword utlaakha ;eword kae ;eword
pompong ;eword ngwana ;eword waka ;eword
ha ;eword e ;eword yo ;eword
hleso ;eword kesekeutswitse ;eword sekwaelwana ;eword
tsebo ;eword tlisa ;eword kebone ;eword
nkatlohakapshatla ;eword botlolo ;eword ena ;eword hona ;eword tjee ;eword
keya ;eword kampong ;eword
keya ;eword kampong ;eword
keya ;eword kampong ;eword
bonang ;eword ka ;eword tlase ;eword ka ;eword moo ;eword
bonang ;eword ntho ;eword ela ;eword e ;eword mola ;eword
e ;eword le ;eword ntho ;eword ee ;eword moo ;eword
ska ;eword laqeta ;eword metsi ;eword ano ;eword lona ;eword
na ;eword usiya ;eword dintho ;eword tse ;eword tsa ;eword neuoe ;eword
ureng ;eword tsebo ;eword
nkaumula ;eword
ha ;eword kele ;eword ka ;eword tlung ;eword
ure ;eword kaba ;eword ketlautlwa ;eword
ketlanekeuhlaha ;eword
utlore ;eword neuoe ;eword aujwetse ;eword
tsebo ;eword ketlaumula ;eword
e ;eword che ;eword kauotla ;eword che ;eword
hleso ;eword metsi ;eword ane ;eword keaqhadile ;eword
qhoqhwane ;eword
ueentse ;eword ka ;eword eng ;eword
keekhile ;eword hodimo ;eword
ha ;eword retleitsehele ;eword qhoqhwane ;eword ena ;eword
qhoqhwane ;eword u ;eword leshano ;eword
uenkile ;eword mane ;eword
leshano ;eword keenkile ;eword pompong ;eword
ere ;eword keenke ;eword keekhwaphe ;eword kebone ;eword
neuoe ;eword ontseoetsa ;eword ka ;eword dipampiri ;eword
e ;eword kae ;eword
neuoe ;eword untseuetsa ;eword ka ;eword dipampiri ;eword
wena ;eword ha ;eword uetse ;eword qhoqhwane ;eword
hleso ;eword tlisa ;eword botlolo ;eword eo ;eword yaka ;eword
botlolo ;eword ena ;eword ke ;eword yaka ;eword ena ;eword
nna ;eword kere ;eword ena ;eword elele ;eword
nna ;eword ketlile ;eword le ;eword yona ;eword natala ;eword
he ;eword botlolo ;eword ee ;eword
ke ;eword botlolo ;eword yaka ;eword ena ;eword
botlolo ;eword ena ;eword keefuwe ;eword ke ;eword nkeletseng ;eword
nna ;eword tlisa ;eword botlolo ;eword yaka ;eword
ketlile ;eword le ;eword yona ;eword ha ;eword matela ;eword
ke ;eword ya ;eword nkeletseng ;eword ena ;eword
hleso ;eword tlisa ;eword botlolo ;eword yaka ;eword
hleso ;eword tlisa ;eword botlolo ;eword yaka ;eword
nna ;eword kere ;eword ena ;eword
ntho ;eword ee ;eword yaka ;eword
eya ;eword
mme ;eword ore ;eword keakholwa ;eword ke ;eword ausi ;eword nthati ;eword
ke ;eword abuti ;eword ntaute ;eword yallang ;eword
jwale ;eword ha ;eword rebue ;eword
hleso ;eword kena ;eword le ;eword
eya ;eword ngwana ;eword waka ;eword
bona ;eword
eya ;eword ngwana ;eword waka ;eword
ke ;eword ukadime ;eword feela ;eword
tsebo ;eword tlisa ;eword le ;eword rona ;eword retlosefa ;eword
kesachakela ;eword mme ;eword wa ;eword tsebo ;eword
butle ;eword kesachakela ;eword mme ;eword wa ;eword tsebo ;eword
tloo ;eword
jwale ;eword ha ;eword umpaleha ;eword
utlanka ;eword ntho ;eword yaka ;eword
tsebo ;eword tloo ;eword
tsebo ;eword tloo ;eword keauchakela ;eword
mme ;eword wa ;eword tsebo ;eword tloo ;eword
keatsamaya ;eword
akha ;eword tsebo ;eword
dula ;eword mona ;eword
utsohile ;eword jwang ;eword
reaphela ;eword
ha ;eword retsebe ;eword wena ;eword uphela ;eword jwang ;eword
eya ;eword reaphela ;eword
reaphela ;eword mme ;eword
ha ;eword retsebe ;eword wena ;eword
reaphela ;eword mme ;eword
ha ;eword retsebe ;eword wena ;eword
eya ;eword mme ;eword
wena ;eword tsebo ;eword ntho ;eword yane ;eword ha ;eword esale ;eword yo ;eword
e ;eword ke ;eword mme ;eword
che ;eword hleso ;eword ka ;eword lona ;eword lemina ;eword
u ;eword leshano ;eword hele ;eword
eya ;eword
ha ;eword keqala ;eword hore ;eword ha ;eword kedule ;eword feela ;eword
useure ;eword kere ;eword na ;eword ketlamotsella ;eword
ketlamotsella ;eword
u ;eword lethetsi ;eword hele ;eword
ketlauotla ;eword hleso ;eword
ha ;eword e ;eword mmedi ;eword
tsebo ;eword uthonkha ;eword ngwana ;eword
untseumothonkha ;eword
