diqenqe ;eword tsena ;eword tsahao ;eword
tsamaya ;eword hoinkela ;eword hobane ;eword keaja ;eword
ketlauotla ;eword neuoe ;eword
ketlauotla ;eword
mona ;eword ha ;eword unahohlwa ;eword
mona ;eword ha ;eword unahohlwa ;eword neuoe ;eword
wena ;eword neuoe ;eword monana ;eword ha ;eword unahohlwa ;eword
keadihlakola ;eword
he ;eword
lee ;eword leo ;eword kelenkileng ;eword
tloha ;eword moo ;eword kenekedutse ;eword
neuoe ;eword ha ;eword usofuwe ;eword lesheleshele ;eword
nna ;eword ha ;eword keaya ;eword kobong ;eword yahao ;eword
kedule ;eword feela ;eword
kedule ;eword feela ;eword
letsatsi ;eword ha ;eword keleutlwe ;eword
keiloufa ;eword dikatse ;eword
bona ;eword dikatse ;eword
keufa ;eword dikatse ;eword
neuoe ;eword tloo ;eword kwano ;eword
ketloufa ;eword dikatse ;eword
tloo ;eword bona ;eword dikatse ;eword
tloo ;eword bone ;eword
tloo ;eword fe ;eword tsona ;eword
tloo ;eword fe ;eword dikatse ;eword
ketlofa ;eword katse ;eword nna ;eword
mphe ;eword lona ;eword
