upepileng ;eword
ueisa ;eword kae ;eword
e ;eword tsamaya ;eword neuoe ;eword
upepileng ;eword neuoe ;eword
uya ;eword kae ;eword
hona ;eword jwale ;eword
neuoe ;eword wena ;eword utswa ;eword le ;eword kae ;eword
kae ;eword
kae ;eword
utswelang ;eword le ;eword moo ;eword
ketswa ;eword le ;eword mona ;eword
ketswa ;eword le ;eword mona ;eword
e ;eword
keelahla ;eword kantle ;eword
ebehe ;eword mane ;eword kwana ;eword
eke ;eword
utswile ;eword kae ;eword
una ;eword le ;eword bethe ;eword
e ;eword
e ;eword kae ;eword na ;eword
ee ;eword
eya ;eword
ke ;eword eng ;eword neuoe ;eword
e ;eword kae ;eword
e ;eword hona ;eword moo ;eword
kealeboha ;eword hape ;eword
mehla ;eword ee ;eword
mehla ;eword ee ;eword
e ;eword
e ;eword
leilobina ;eword kae ;eword
hoyahoile ;eword
uhanelang ;eword jwale ;eword
mehla ;eword ee ;eword le ;eword mehla ;eword ee ;eword
ureng ;eword
eke ;eword uneuetsang ;eword
leetsang ;eword
ka ;eword kae ;eword
lentseleetsang ;eword
uhana ;eword hoetsang ;eword
uhanang ;eword
uhana ;eword hoetsang ;eword
hoyahoile ;eword
oo ;eword uiloetsang ;eword
useutsamaya ;eword hona ;eword jwale ;eword
oo ;eword
keufelehetse ;eword
uya ;eword le ;eword mang ;eword
uya ;eword le ;eword bomang ;eword
le ;eword mang ;eword
utlapalamang ;eword
utlapalamang ;eword
uya ;eword kae ;eword
sekhannwa ;eword ke ;eword mang ;eword sefofane ;eword
eke ;eword
oo ;eword
uya ;eword ho ;eword mang ;eword
uatsamaya ;eword hona ;eword tjee ;eword
oo ;eword
ngwana ;eword o ;eword kae ;eword
ha ;eword mang ;eword
hahao ;eword
u ;eword mosadi ;eword wa ;eword mang ;eword
u ;eword mosadi ;eword wa ;eword mang ;eword
eke ;eword
o ;eword kae ;eword ntate ;eword kopano ;eword
e ;eword kae ;eword
ngwana ;eword wahae ;eword ke ;eword mang ;eword
eke ;eword
oo ;eword
wa ;eword lona ;eword le ;eword mang ;eword
utlahlatswa ;eword neng ;eword
metsi ;eword a ;eword kae ;eword
oo ;eword
haufinyane ;eword
hokae ;eword na ;eword
tlasa ;eword eng ;eword
ka ;eword hara ;eword eng ;eword
tlasa ;eword eng ;eword
ka ;eword hokae ;eword
ka ;eword eng ;eword
eke ;eword
kobo ;eword uneuerekelwa ;eword ke ;eword mang ;eword
kobo ;eword eo ;eword uneuerekelwa ;eword ke ;eword mang ;eword
ke ;eword wena ;eword
chelete ;eword uneuenka ;eword kae ;eword
eke ;eword
e ;eword
sepele ;eword ke ;eword sa ;eword mang ;eword
lebitso ;eword lahae ;eword ke ;eword mang ;eword
eke ;eword
mme ;eword wahae ;eword ke ;eword mang ;eword
e ;eword
monna ;eword wahao ;eword ke ;eword mang ;eword
ho ;eword kae ;eword hahae ;eword
eke ;eword
kae ;eword
emong ;eword ke ;eword mang ;eword monna ;eword wahao ;eword
ntatemoholo ;eword wahao ;eword ke ;eword mang ;eword
ntatemoholo ;eword wahao ;eword ke ;eword mang ;eword
e ;eword kae ;eword ntho ;eword empe ;eword
erobetse ;eword
neuoe ;eword
neuoe ;eword le ;eword nkeletseng ;eword leneletsekang ;eword le ;eword yena ;eword
nkeletseng ;eword oneauotlelang ;eword
oneauotlelang ;eword
ketletsebe ;eword homootla ;eword
oneauotlelang ;eword
oneare ;eword uentse ;eword jwang ;eword
oaurwaka ;eword
ka ;eword letsoho ;eword
wena ;eword uilewamootla ;eword ka ;eword eng ;eword
we ;eword
uilewashapuwa ;eword ke ;eword mang ;eword jwale ;eword
uilewashapuwa ;eword ke ;eword mang ;eword
ke ;eword mang ;eword yanengaushapa ;eword
ke ;eword mang ;eword yanengaushapa ;eword
ee ;eword uneushapuwa ;eword ke ;eword mang ;eword
uneushapuwa ;eword ke ;eword nkhono ;eword mang ;eword
ke ;eword mang ;eword yanengaushapa ;eword nkhono ;eword
nkhono ;eword yanengaushapa ;eword ke ;eword mang ;eword
mang ;eword
tlohela ;eword
ska ;eword kwala ;eword
tswa ;eword wena ;eword
haebe ;eword uatswa ;eword
ufofa ;eword uetsa ;eword jwang ;eword
neuoe ;eword ha ;eword unkadime ;eword pitsana ;eword kesese ;eword
keneuoe ;eword nkadime ;eword pitsana ;eword hle ;eword manyeo ;eword kesese ;eword
urotela ;eword kae ;eword keneuoe ;eword
itlhakole ;eword
uitlhakotse ;eword ngwana ;eword
e ;eword uitlhakotse ;eword
uneullelang ;eword neuoe ;eword
onkileng ;eword
neuoe ;eword wena ;eword uetsang ;eword
ha ;eword uapere ;eword kobo ;eword ngwanana ;eword
e ;eword apara ;eword kobo ;eword
ha ;eword wahatsela ;eword
uhatsetse ;eword
e ;eword
lemao ;eword le ;eword kae ;eword
le ;eword kobong ;eword
ure ;eword ebe ;eword le ;eword teng ;eword kobong ;eword
useusalelahla ;eword
enwa ;eword ha ;eword ana ;eword thuso ;eword
ke ;eword ntho ;eword esatsejweng ;eword
oo ;eword letswa ;eword lekokong ;eword
tichere ;eword ee ;eword etswa ;eword kae ;eword hantle ;eword
e ;eword ntle ;eword mokhwa ;eword wa ;eword yona ;eword
ulethotse ;eword kae ;eword
ke ;eword mantlwantlwane ;eword a ;eword mang ;eword
una ;eword le ;eword mantlwantlwane ;eword ahao ;eword
le ;eword mang ;eword una ;eword le ;eword mang ;eword mantlwantlwaneng ;eword
ule ;eword mong ;eword
e ;eword ubapala ;eword le ;eword mang ;eword mantlwantlwaneng ;eword
lineo ;eword abale ;eword kae ;eword ena ;eword
ubapala ;eword le ;eword mang ;eword mantlwantlwaneng ;eword
bolineo ;eword ba ;eword kae ;eword
baile ;eword kae ;eword
uetsang ;eword ka ;eword kobo ;eword
uemenela ;eword hoetsa ;eword jwang ;eword
umolahlelang ;eword
tsamaya ;eword homorobatsa ;eword mane ;eword ngwanana ;eword
tsamaya ;eword homorobatsa ;eword
oepatetseng ;eword
ketlamophoqa ;eword hampe ;eword haeba ;eword
he ;eword ketlamophoqa ;eword hampe ;eword
morobatse ;eword
umorobaditse ;eword
tsebo ;eword ontseaetsang ;eword
uetsang ;eword
untseuetsang ;eword neuoe ;eword wena ;eword
jwale ;eword wena ;eword uepatelang ;eword
he ;eword basadi ;eword
ehlahile ;eword
m ;eword
ha ;eword ehlaile ;eword elekane ;eword
eke ;eword
o ;eword kae ;eword
ha ;eword a ;eword yo ;eword ke ;eword eng ;eword
helang ;eword oile ;eword kae ;eword
jwale ;eword ke ;eword eng ;eword moo ;eword
o ;eword kantle ;eword
ha ;eword a ;eword yo ;eword moo ;eword
e ;eword
ha ;eword a ;eword kantle ;eword
tsamaya ;eword hobeha ;eword kobo ;eword
ake ;eword uye ;eword hobeha ;eword kobo ;eword
tsamaya ;eword hobeha ;eword
neuoe ;eword
utswa ;eword ka ;eword kobo ;eword ee ;eword kapo ;eword utswa ;eword ka ;eword eng ;eword
lemao ;eword le ;eword kae ;eword
le ;eword kae ;eword
tlisa ;eword
tlisa ;eword lemao ;eword
letlise ;eword
le ;eword kae ;eword lemao ;eword
ha ;eword uletsebe ;eword
leentse ;eword jwang ;eword
basadi ;eword lereng ;eword na ;eword
lemao ;eword la ;eword eo ;eword leile ;eword kae ;eword
lemao ;eword leile ;eword kae ;eword
