atlohe ;eword hobaneng ;eword wena ;eword mololo ;eword
mm ;eword
atlohe ;eword hobaneng ;eword
ke ;eword thipa ;eword yaka ;eword
ke ;eword yahao ;eword
eya ;eword
a ;eword hle ;eword mololo ;eword
mololo ;eword hmm ;eword eo ;eword uenkile ;eword kae ;eword
motiea ;eword
ha ;eword akenywa ;eword ke ;eword wena ;eword
akentswe ;eword ke ;eword hlobohang ;eword
le ;eword nna ;eword keakentse ;eword
mm ;eword
hopolang ;eword hlobohang ;eword oilobolela ;eword
e ;eword
amang ;eword ka ;eword ana ;eword likhomo ;eword a ;eword rona ;eword
uya ;eword kae ;eword
mololo ;eword
e ;eword
