e ;eword nyenyane ;eword
uilewatheolwa ;eword
waetswa ;eword jwang ;eword
litlhare ;eword he ;eword wena ;eword
litlhare ;eword tloo ;eword nke ;eword bolo ;eword ena ;eword
tloo ;eword nke ;eword bolo ;eword
tlisa ;eword keushape ;eword
tloo ;eword kwano ;eword ere ;eword letle ;eword ka ;eword tlung ;eword
ha ;eword reye ;eword ka ;eword tlung ;eword
ha ;eword reye ;eword
kena ;eword ka ;eword tlung ;eword
kena ;eword
ketlaushapa ;eword
ketlauotla ;eword
helang ;eword u ;eword sele ;eword
na ;eword di ;eword kae ;eword
ke ;eword tse ;eword
tlisa ;eword bolo ;eword yaka ;eword jwale ;eword
kebehe ;eword dieta ;eword tsahao ;eword mme ;eword
litlhare ;eword kedibone ;eword mme ;eword di ;eword ntle ;eword
kebone ;eword
litlhare ;eword
mme ;eword nka ;eword mme ;eword
ere ;eword nna ;eword kebone ;eword
ha ;eword kebone ;eword
kebone ;eword ngwanana ;eword
jwale ;eword retladibona ;eword jwang ;eword dieta ;eword tse ;eword
kenka ;eword bolo ;eword ebileng ;eword
ere ;eword kebone ;eword dieta ;eword mme ;eword
si ;eword si ;eword dincha ;eword
ere ;eword kebone ;eword
ako ;eword ujang ;eword
nka ;eword nka ;eword ke ;eword eo ;eword
e ;eword eile ;eword
tsamaya ;eword hoelata ;eword
seka ;eword nkhata ;eword
ere ;eword atle ;eword ka ;eword tlung ;eword
eya ;eword ka ;eword tlung ;eword
ee ;eword utlohe ;eword
tloo ;eword tloo ;eword we ;eword litlhare ;eword tloo ;eword uotla ;eword
tsamaya ;eword ka ;eword tlung ;eword
tsamaya ;eword
hlwaya ;eword
u ;eword sele ;eword
keaelahla ;eword
nka ;eword ke ;eword ena ;eword
tsamaya ;eword
tsamaya ;eword hobona ;eword na ;eword dieta ;eword di ;eword kae ;eword
tsamaya ;eword
e ;eword tsamaya ;eword
uenkile ;eword
le ;eword eng ;eword na ;eword
jwale ;eword ubapala ;eword ka ;eword tlung ;eword
litlhare ;eword
litlhare ;eword uentsetsang ;eword
ketlohlatsuwa ;eword
tloo ;eword ketloabeha ;eword ka ;eword mona ;eword
di ;eword teng ;eword ka ;eword mora ;eword lemati ;eword
ka ;eword mane ;eword
ka ;eword moo ;eword
tlisa ;eword
e ;eword
tlisa ;eword keichebele ;eword
tlisa ;eword
litlhare ;eword ketlaumula ;eword
litlhare ;eword uskabahula ;eword hape ;eword
skaba ;eword ehula ;eword
uautlwa ;eword
safare ;eword e ;eword jwang ;eword
jwalo ;eword ntate ;eword ya ;eword moholo ;eword hakalokalo ;eword
he ;eword unchebileng ;eword
uchebileng ;eword
uchebileng ;eword
unchebileng ;eword wena ;eword
ke ;eword ena ;eword
bona ;eword ke ;eword ena ;eword
uchebileng ;eword
ee ;eword wena ;eword unchebileng ;eword
unchebileng ;eword
he ;eword uchebileng ;eword
litlhare ;eword tsamaya ;eword hore ;eword na ;eword aufe ;eword motlenyakatse ;eword
tsamayang ;eword leore ;eword na ;eword alefe ;eword motlenyakatse ;eword
motlenyakatse ;eword motlenyakatse ;eword le ;eword moroho ;eword
motlenyakatse ;eword le ;eword moroho ;eword
mphe ;eword two ;eword le ;eword moroho ;eword
mphe ;eword motlenyakatse ;eword le ;eword moroho ;eword
ke ;eword motlenyakatse ;eword le ;eword moroho ;eword
ke ;eword motlenyakatse ;eword wena ;eword
ache ;eword motlenyakatse ;eword okopanye ;eword le ;eword moroho ;eword
litlhare ;eword motlenyakatse ;eword o ;eword monate ;eword
motlenyakatse ;eword
ke ;eword motlenyakatse ;eword le ;eword moroho ;eword
le ;eword
uarwakana ;eword wena ;eword
keeje ;eword
litlhare ;eword ha ;eword akhiba ;eword ore ;eword
enwa ;eword oakhiba ;eword hore ;eword
he ;eword bona ;eword
enwa ;eword ore ;eword
