tsaka ;eword
hela ;eword maelia ;eword
ketlamofa ;eword dijo ;eword tsaka ;eword
i ;eword am ;eword jumping ;eword
kere ;eword i ;eword am ;eword jumping ;eword
kere ;eword i ;eword am ;eword jumping ;eword
kebala ;eword nine ;eword
m ;eword
hosane ;eword
bana ;eword babe ;eword tjee ;eword
babe ;eword mafehlefehle ;eword
baphele ;eword ha ;eword monate ;eword
bana ;eword babe ;eword tjee ;eword
badumele ;eword horongwa ;eword
badumele ;eword horongwa ;eword
bathabise ;eword batswadi ;eword
mafehlefehle ;eword
esale ;eword hosasa ;eword
fatse ;eword
kephehele ;eword malome ;eword
likwampa ;eword
monate ;eword wa ;eword tsona ;eword
likwampa ;eword
motsehare ;eword
ke ;eword bana ;eword ba ;eword motsehare ;eword
abcd ;eword
kwana ;eword
kwana ;eword
nna ;eword keatseba ;eword
nna ;eword keatseba ;eword
kere ;eword
ntate ;eword wa ;eword rona ;eword mahodimong ;eword
lebitso ;eword lahao ;eword lekhethehe ;eword
bohobe ;eword ba ;eword rona ;eword
letsatsing ;eword leleng ;eword
leleng ;eword leleng ;eword
mmuso ;eword wahao ;eword
thapelo ;eword ya ;eword morena ;eword
letsatsi ;eword leleng ;eword
thapelo ;eword ya ;eword morena ;eword
lebitso ;eword lahao ;eword lekhethehe ;eword
mmuso ;eword wahao ;eword otle ;eword
thato ;eword yahao ;eword
eetsuwe ;eword lefatseng ;eword
jwalo ;eword ka ;eword lehodimong ;eword
urefe ;eword kajeno ;eword
bohobe ;eword
ba ;eword rona ;eword
ba ;eword letsatsi ;eword leleng ;eword le ;eword leleng ;eword
uretswarele ;eword dibe ;eword tsa ;eword rona ;eword
le ;eword rona ;eword retswarela ;eword
ska ;eword reisa ;eword molekong ;eword
umpeurentse ;eword bobeng ;eword
hobane ;eword
mmuso ;eword
ya ;eword hao ;eword
le ;eword matla ;eword
le ;eword khanya ;eword
ka ;eword hosa ;eword eng ;eword kae ;eword
amen ;eword
nna ;eword kerutwa ;eword ke ;eword nkhono ;eword manini ;eword
nkhono ;eword manini ;eword
m ;eword
nna ;eword keadula ;eword fatse ;eword
moo ;eword
le ;eword nna ;eword laka ;eword
le ;eword nna ;eword laka ;eword lelebe ;eword
nna ;eword keiloihlatswa ;eword
nna ;eword keajima ;eword
