hola ;eword uneure ;eword unkotla ;eword ka ;eword lona ;eword
lehlama ;eword
e ;eword
ha ;eword aetsang ;eword
ha ;eword ketsebe ;eword
litlhare ;eword ka ;eword ditsetsekwane ;eword
nna ;eword bona ;eword yaka ;eword
ketlauotla ;eword wena ;eword dula ;eword mona ;eword
dula ;eword hona ;eword mona ;eword dula ;eword dula ;eword mona ;eword
nthati ;eword ae ;eword
ke ;eword thungthung ;eword
e ;eword
eya ;eword
nna ;eword ketlaeja ;eword
ke ;eword rapa ;eword
abuti ;eword oile ;eword
uya ;eword nokaneng ;eword uiloetsang ;eword
litlhare ;eword ache ;eword
dula ;eword fatse ;eword
au ;eword litlhare ;eword akha ;eword
dula ;eword fatse ;eword
ketlauotla ;eword
udula ;eword fatse ;eword mona ;eword
dula ;eword
robala ;eword
robala ;eword
ketlaupana ;eword mona ;eword
ha ;eword hona ;eword moo ;eword utlaya ;eword ha ;eword keentse ;eword tjena ;eword
utlabeuerobe ;eword
dula ;eword fatse ;eword
nka ;eword koko ;eword
ake ;eword udule ;eword fatse ;eword litlhare ;eword
dula ;eword mona ;eword ha ;eword hona ;eword moo ;eword utlaya ;eword
ha ;eword keentse ;eword tjena ;eword keuropile ;eword
mphe ;eword litlhare ;eword
litlhare ;eword ye ;eword
renkisa ;eword litlhare ;eword
ke ;eword ena ;eword ha ;eword eatsamaya ;eword
ke ;eword eng ;eword
ha ;eword e ;eword yo ;eword
wena ;eword litlhare ;eword ke ;eword nna ;eword yo ;eword
hela ;eword litlhare ;eword dula ;eword fatse ;eword
ha ;eword reyeng ;eword nokaneng ;eword
e ;eword ha ;eword reyeng ;eword
litlhare ;eword ake ;eword udule ;eword fatse ;eword
ha ;eword keye ;eword nokeng ;eword le ;eword wena ;eword nna ;eword
uasala ;eword
nna ;eword keausiya ;eword
reausiya ;eword rona ;eword
uasala ;eword
uasala ;eword
uasala ;eword
utlaya ;eword le ;eword mang ;eword
retlaunonosa ;eword litlhare ;eword
utlaya ;eword le ;eword mang ;eword
e ;eword
le ;eword mang ;eword
mm ;eword nna ;eword ha ;eword keye ;eword le ;eword wena ;eword
retlaunonosa ;eword ledinyane ;eword lena ;eword la ;eword rona ;eword
litlhare ;eword tloo ;eword uetse ;eword keutlwe ;eword na ;eword ho ;eword bohloko ;eword
utsware ;eword etsware ;eword uesarolle ;eword ka ;eword matsoho ;eword amapedi ;eword utleubone ;eword ha ;eword etiile ;eword uetlohele ;eword
etsware ;eword ela ;eword etsware ;eword ka ;eword mona ;eword
ha ;eword usatiise ;eword tjee ;eword
akha ;eword ubona ;eword ekaba ;eword keautsotella ;eword nnyeo ;eword
a ;eword wena ;eword litlhare ;eword
ketlauraha ;eword litlhare ;eword
ketlauraha ;eword
ketlauraha ;eword litlhare ;eword
ketlaumula ;eword
ketlauraha ;eword litlhare ;eword
ketlauotla ;eword litlhare ;eword ha ;eword untseunqala ;eword tjena ;eword
hae ;eword wena ;eword litlhare ;eword helang ;eword
helang ;eword
tlosa ;eword leoto ;eword helang ;eword
tseso ;eword ke ;eword tsena ;eword tloo ;eword untlose ;eword
tloo ;eword litlhare ;eword
nna ;eword keya ;eword nokaneng ;eword
nna ;eword keya ;eword nokaneng ;eword ketlafumana ;eword babang ;eword baikela ;eword nokaneng ;eword
abuti ;eword
ekausola ;eword mathe ;eword ana ;eword
he ;eword eetsang ;eword hakere ;eword keaesodisa ;eword
e ;eword kae ;eword
bona ;eword
bona ;eword
lefokolodi ;eword le ;eword tjena ;eword
letsamaya ;eword jwalo ;eword ka ;eword thithiboya ;eword
nna ;eword kesheba ;eword ha ;eword thithiboya ;eword eshwa ;eword
e ;eword kethetsitse ;eword
m ;eword kethetsitse ;eword keitse ;eword
keethetsitse ;eword
keethetsitse ;eword
keaediela ;eword fatse ;eword
keedietse ;eword
keedietse ;eword
ketlaunonosa ;eword
thithiboya ;eword kannete ;eword bebele ;eword
thithiboya ;eword
eke ;eword
hele ;eword hle ;eword ha ;eword se ;eword thithiboya ;eword
eke ;eword thithiboya ;eword e ;eword teng ;eword
e ;eword kae ;eword
ketlaebolaya ;eword
ha ;eword esoshwe ;eword
tala ;eword
ke ;eword sena ;eword
se ;eword secha ;eword
thithiboya ;eword ela ;eword e ;eword kae ;eword
ke ;eword eno ;eword
hokena ;eword lefokolodi ;eword
ha ;eword kea ;eword
ke ;eword leo ;eword ka ;eword morao ;eword
ncha ;eword
koko ;eword
e ;eword
ha ;eword reyeng ;eword
ke ;eword eng ;eword
dula ;eword mona ;eword
dulang ;eword fatse ;eword
dulang ;eword fatse ;eword lona ;eword
ketlauotla ;eword wena ;eword
u ;eword sele ;eword
ketlaumula ;eword litlhare ;eword
ketlauotla ;eword wena ;eword
mula ;eword wena ;eword
ketlauotla ;eword wena ;eword
ketlaumula ;eword
ketlauotla ;eword litlhare ;eword
ketlaumula ;eword
ketlauotla ;eword
ketlauotla ;eword litlhare ;eword jwale ;eword
tsamaya ;eword uilobua ;eword
mona ;eword
hoseng ;eword
kenekebapala ;eword
bolo ;eword
ure ;eword uutswitse ;eword lebekere ;eword
litlhare ;eword utlapshatla ;eword sesepa ;eword sa ;eword batho ;eword
achesa ;eword
tsamaya ;eword
untseuetsang ;eword
khumama ;eword fatse ;eword ukene ;eword ka ;eword metsing ;eword
hlakola ;eword mamina ;eword
uaaja ;eword
sehlotho ;eword see ;eword
