kelebehile ;eword
e ;eword
nkhono ;eword mamokhoena ;eword ke ;eword lena ;eword
ke ;eword lena ;eword lehare ;eword
e ;eword
ke ;eword nonyana ;eword
ya ;eword lekudukulu ;eword
oneonkile ;eword lehare ;eword yena ;eword
e ;eword
e ;eword
o ;eword teng ;eword
o ;eword teng ;eword
e ;eword
ke ;eword ena ;eword
oo ;eword
engwe ;eword ke ;eword ena ;eword
ha ;eword ketsebe ;eword diile ;eword kae ;eword
tlohang ;eword
ke ;eword ena ;eword kentsitse ;eword
ha ;eword reyeng ;eword he ;eword
ke ;eword eo ;eword
m ;eword
