koloi ;eword eo ;eword untseuetsetlehile ;eword moo ;eword hobaneng ;eword
litlhare ;eword sheba ;eword
ke ;eword kumbakumba ;eword ntho ;eword eo ;eword
e ;eword tseleng ;eword
skare ;eword kuma ;eword kuma ;eword
ere ;eword radio ;eword
kumbakumba ;eword
e ;eword kae ;eword
e ;eword kae ;eword
skare ;eword kuma ;eword kuma ;eword wena ;eword
mehala ;eword ke ;eword kumbakumba ;eword
hona ;eword ke ;eword radio ;eword
hona ;eword ke ;eword baskete ;eword ya ;eword teng ;eword
ako ;eword nkadime ;eword koloi ;eword
hoja ;eword uneuna ;eword le ;eword sethuthuthu ;eword le ;eword motokara ;eword
fetela ;eword mane ;eword
sekaelahlela ;eword ka ;eword mona ;eword radio ;eword wena ;eword
a ;eword hokae ;eword
nka ;eword keukadime ;eword
keukadime ;eword hanyenyane ;eword feela ;eword urwale ;eword
urwale ;eword ka ;eword nqena ;eword
urwetseng ;eword
tlisa ;eword kerwale ;eword ketsamaye ;eword
kerwale ;eword
kerwale ;eword seeta ;eword
kesenkile ;eword kae ;eword
nna ;eword ke ;eword mme ;eword miss ;eword he ;eword
ke ;eword tlalane ;eword
ke ;eword tlalane ;eword
helang ;eword keatsamaya ;eword
mphe ;eword kerwale ;eword kelopheha ;eword
uautlwa ;eword
keilopheha ;eword papa ;eword
keilopheha ;eword motoho ;eword
kenekere ;eword ketlaufa ;eword motoho ;eword
ujang ;eword
unkileng ;eword mme ;eword
unkileng ;eword
eng ;eword
tapole ;eword
ueisa ;eword kae ;eword
ka ;eword mola ;eword
ka ;eword kae ;eword
ka ;eword mane ;eword ke ;eword ka ;eword kae ;eword
ka ;eword lebekereng ;eword
la ;eword mang ;eword
ka ;eword lebekereng ;eword la ;eword mang ;eword
la ;eword mme ;eword
mme ;eword mang ;eword
mang ;eword
ee ;eword skaetsa ;eword tjee ;eword ha ;eword se ;eword saka ;eword
dankie ;eword kerwale ;eword he ;eword
uthonakang ;eword
uthonakang ;eword
mokopu ;eword
oebotswe ;eword ke ;eword mang ;eword
oebotswe ;eword ke ;eword mang ;eword mokopu ;eword
oebotswe ;eword ke ;eword mang ;eword
kere ;eword na ;eword okhabetswe ;eword ke ;eword mang ;eword mokopu ;eword
okhabetswe ;eword ke ;eword mang ;eword mokopu ;eword
ke ;eword mang ;eword
mang ;eword
mme ;eword mang ;eword
mathokoa ;eword ke ;eword eng ;eword
okhabetswe ;eword ke ;eword mang ;eword
ke ;eword mme ;eword mang ;eword
kobo ;eword ee ;eword ke ;eword ya ;eword mang ;eword
ya ;eword shekoe ;eword
utlaebusetsa ;eword neng ;eword
ha ;eword elekane ;eword mang ;eword
wena ;eword eaulekana ;eword
ha ;eword ubehile ;eword mangwele ;eword kantle ;eword tjee ;eword
e ;eword mme ;eword
hola ;eword ke ;eword eng ;eword hola ;eword
hoo ;eword ke ;eword eng ;eword hoo ;eword
hwane ;eword ke ;eword eng ;eword
ke ;eword eng ;eword
hoo ;eword ke ;eword eng ;eword hoo ;eword
hoo ;eword
ke ;eword eng ;eword
dipidisi ;eword tsa ;eword litlhare ;eword ngwana ;eword
ichu ;eword wena ;eword
ukebeuaefihlela ;eword
phura ;eword he ;eword mme ;eword
diaphureha ;eword
diaphureha ;eword dintho ;eword tsena ;eword
empa ;eword hwane ;eword kenekedientse ;eword tjena ;eword
ya ;eword mang ;eword
oseantseaetseba ;eword
ya ;eword mang ;eword
hoo ;eword ke ;eword eng ;eword hoo ;eword
hoo ;eword ke ;eword eng ;eword
wa ;eword mang ;eword
wa ;eword mang ;eword
hoo ;eword ke ;eword eng ;eword
hoo ;eword
ya ;eword mang ;eword
mang ;eword
sebina ;eword
ee ;eword
ere ;eword ke ;eword yaka ;eword
sekare ;eword ke ;eword yahae ;eword
ee ;eword sekare ;eword ke ;eword yahae ;eword
ere ;eword ke ;eword yaka ;eword
uya ;eword kae ;eword
etladikela ;eword haeba ;eword
ketlausiya ;eword
ha ;eword ubone ;eword kentsekekhanna ;eword koloi ;eword
utsaba ;eword koko ;eword
madinyane ;eword ale ;eword na ;eword untseuatsaba ;eword ale ;eword a ;eword lapeng ;eword
jwale ;eword wena ;eword ure ;eword ke ;eword koko ;eword
keeje ;eword
e ;eword
bohobe ;eword ubonkile ;eword kae ;eword
bo ;eword monate ;eword
eotle ;eword
nngwathele ;eword litlhare ;eword
ere ;eword hlobola ;eword abuti ;eword dintho ;eword tsena ;eword diilohlatsuwa ;eword
kehloboleng ;eword
e ;eword kae ;eword
nbontse ;eword
ke ;eword efe ;eword
le ;eword ee ;eword
ke ;eword yaka ;eword ntho ;eword ena ;eword
le ;eword veste ;eword ee ;eword
mphe ;eword yona ;eword
ketlouotla ;eword
ha ;eword keauthola ;eword
ha ;eword keauthola ;eword
u ;eword sele ;eword
skaeberella ;eword
theoha ;eword
erobehile ;eword
uetsa ;eword jwang ;eword
elokile ;eword
tlohela ;eword
ah ;eword litlhare ;eword uapalama ;eword
tlohela ;eword
hothwe ;eword tlohela ;eword ntjanyana ;eword eno ;eword
