helang ;eword onwile ;eword ha ;eword ana ;eword le ;eword mahlo ;eword ke ;eword eng ;eword
tsamaya ;eword hobeha ;eword dieta ;eword tseno ;eword wena ;eword
tsamaya ;eword horola ;eword dieta ;eword tsena ;eword ka ;eword kwana ;eword ka ;eword tlung ;eword
beha ;eword hona ;eword ka ;eword mono ;eword wena ;eword keneuoe ;eword
ke ;eword ya ;eword mang ;eword jwale ;eword
lekhathetse ;eword tswang ;eword reye ;eword kantle ;eword
tswang ;eword leyeng ;eword kantle ;eword jwale ;eword keabona ;eword lekhathetse ;eword
dula ;eword fatse ;eword hobonahala ;eword hore ;eword ukhathetse ;eword kapa ;eword ha ;eword uakhathala ;eword
ska ;eword mokhathatsa ;eword motlohele ;eword hle ;eword keneuoe ;eword
