ke ;eword ena ;eword
ketlaseqhala ;eword ka ;eword nqena ;eword
nna ;eword keaseolla ;eword
kele ;eword mong ;eword
ausi ;eword masebina ;eword
nna ;eword keatseba ;eword hore ;eword na ;eword bohobe ;eword bona ;eword botswa ;eword kae ;eword
nna ;eword keatseba ;eword hore ;eword na ;eword bohobe ;eword bona ;eword botswa ;eword kae ;eword
ho ;eword mme ;eword mamello ;eword
ngwana ;eword enwa ;eword onkha ;eword makaka ;eword
onkha ;eword makaka ;eword
ha ;eword se ;eword nna ;eword
ha ;eword ubone ;eword ketswa ;eword sekolong ;eword
hm ;eword
ha ;eword se ;eword papa ;eword ke ;eword bohobe ;eword
ditswa ;eword kae ;eword
ha ;eword kemotsepe ;eword
oakometsa ;eword ha ;eword aetsa ;eword basadi ;eword
oirodisitse ;eword
litlhare ;eword okwetse ;eword
oo ;eword kekwaletse ;eword litlhare ;eword abaautlwa ;eword
uautlwa ;eword ha ;eword litlhare ;eword are ;eword tsiba ;eword
utlwa ;eword tsiba ;eword
bona ;eword oathaba ;eword enwa ;eword
oathaba ;eword
