keamodihela ;eword
ausi ;eword mantso ;eword mokuke ;eword hantle ;eword
motlohele ;eword
motlohelle ;eword hle ;eword mmannyeo ;eword
le ;eword nna ;eword onjele ;eword
tsebo ;eword tlohella ;eword ngwana ;eword hle ;eword mmannyeo ;eword
ah ;eword
ausi ;eword mantso ;eword
e ;eword
jwale ;eword ha ;eword rebapale ;eword
jwale ;eword ausi ;eword mantso ;eword ha ;eword rebapale ;eword
ausi ;eword mantso ;eword le ;eword nna ;eword nketse ;eword jwalo ;eword
e ;eword
le ;eword nna ;eword nketse ;eword jwalo ;eword
ketlauraha ;eword
ausi ;eword mantso ;eword mphe ;eword
keufang ;eword
ausi ;eword mantso ;eword uahana ;eword
ere ;eword kebone ;eword ka ;eword matsohong ;eword
ah ;eword akhaka ;eword ausi ;eword mantso ;eword
ausi ;eword mantso ;eword mphe ;eword
ha ;eword hona ;eword letho ;eword hohang ;eword
ke ;eword eno ;eword
ee ;eword tsebo ;eword
ee ;eword
tsebo ;eword tloo ;eword le ;eword basekomo ;eword
tsebo ;eword tloo ;eword le ;eword basekomo ;eword mme ;eword retlotsela ;eword
keahana ;eword
wena ;eword ha ;eword utle ;eword le ;eword yona ;eword ke ;eword eng ;eword
ke ;eword ena ;eword
rona ;eword retlatswela ;eword fatse ;eword
helang ;eword rona ;eword retlatswela ;eword fatse ;eword ya ;eword eng ;eword
fatse ;eword ya ;eword eng ;eword na ;eword
hleso ;eword jaa ;eword utletsebe ;eword hotswela ;eword
hoebolelwa ;eword ka ;eword mona ;eword
nka ;eword sekotlolo ;eword tsebo ;eword
ah ;eword
keupshatleletse ;eword hle ;eword nnyeo ;eword
ntswarele ;eword hle ;eword tsebo ;eword
ketlaselefa ;eword
lefa ;eword sekotlolo ;eword saka ;eword
ketloselefa ;eword sekotlolo ;eword sahao ;eword
tsebo ;eword ere ;eword keskaselefa ;eword
nka ;eword sekotlolo ;eword ke ;eword sena ;eword
nka ;eword ke ;eword sena ;eword
seboko ;eword see ;eword
nka ;eword ke ;eword sena ;eword
ke ;eword eng ;eword ellang ;eword jwale ;eword
ereng ;eword
ke ;eword ntho ;eword yane ;eword
bona ;eword
kapa ;eword ke ;eword kumbakumba ;eword
tsebo ;eword erekisi ;eword ke ;eword ena ;eword
kaitholla ;eword erekisi ;eword moshana ;eword
hleso ;eword uja ;eword erekisi ;eword
tsebo ;eword
lehetla ;eword lena ;eword ha ;eword lefele ;eword
ha ;eword se ;eword lehetla ;eword hle ;eword
ke ;eword eng ;eword
ke ;eword setsu ;eword
u ;eword leshano ;eword ke ;eword mahetla ;eword
ke ;eword setsu ;eword
ke ;eword lehetla ;eword
butle ;eword ka ;eword lehetla ;eword lahao ;eword
keekwentse ;eword
untseueqhala ;eword
etsele ;eword
tsebo ;eword enwa ;eword oaeja ;eword erekisi ;eword
hei ;eword bo ;eword ke ;eword ya ;eword tsenetu ;eword erekisi ;eword eno ;eword
ya ;eword tsenetu ;eword
keaebatla ;eword helang ;eword
wena ;eword tsenetu ;eword usekabamoneha ;eword
ontseahlanya ;eword
ha ;eword watla ;eword le ;eword dintho ;eword tsemonate ;eword
tsela ;eword tsa ;eword maobane ;eword
hela ;eword erekisi ;eword hakere ;eword keja ;eword lekhapetla ;eword eahlaha ;eword banna ;eword
hleso ;eword ueentseng ;eword erekisi ;eword ya ;eword neuoe ;eword
hleso ;eword nka ;eword uebole ;eword erekisi ;eword enana ;eword
hela ;eword erekisi ;eword hakere ;eword keja ;eword lekhapetla ;eword eahlaha ;eword
hleso ;eword untseuja ;eword erekisi ;eword ya ;eword batho ;eword
untseunketsisa ;eword
kathola ;eword erekisi ;eword ha ;eword keitholetse ;eword
honehosena ;eword letho ;eword bona ;eword
tsebo ;eword uaqhomisa ;eword
tsela ;eword he ;eword
ebile ;eword ketloja ;eword ena ;eword
hleso ;eword qeta ;eword
seboko ;eword wena ;eword hleso ;eword
hleso ;eword seboko ;eword
seboko ;eword
nna ;eword kere ;eword dumela ;eword denetu ;eword
e ;eword
tlisa ;eword retsele ;eword tsenetu ;eword
tsebo ;eword helang ;eword
erekisi ;eword hleso ;eword erekisi ;eword
mphe ;eword kebone ;eword hleso ;eword
hleso ;eword skanna ;eword nketsisa ;eword
erekisi ;eword ke ;eword yane ;eword
utlaja ;eword seboko ;eword seo ;eword
ding ;eword
seboko ;eword hleso ;eword
seboko ;eword ka ;eword hare ;eword
ketloutsella ;eword
hleso ;eword ere ;eword ketsele ;eword erekisi ;eword
nna ;eword keaja ;eword
neuoe ;eword o ;eword kae ;eword tsebo ;eword
ha ;eword se ;eword mme ;eword lency ;eword
ke ;eword mme ;eword mamello ;eword
ke ;eword mme ;eword mamello ;eword
tsebo ;eword keaukolota ;eword
sepshatle ;eword
ke ;eword mme ;eword mamello ;eword
le ;eword wena ;eword utahuwe ;eword ke ;eword ntho ;eword yahao ;eword
tsebo ;eword
hleso ;eword nka ;eword uebole ;eword ngwaneso ;eword
nka ;eword uebole ;eword
nna ;eword keaditseba ;eword
tsebo ;eword ha ;eword reebole ;eword tjee ;eword
nna ;eword keebola ;eword tjee ;eword
thonaka ;eword erekisi ;eword tsebo ;eword
uqhadile ;eword
kathola ;eword
kenekesekere ;eword keaeja ;eword
hleso ;eword untseuqhala ;eword
ketlodikolopetsa ;eword tlasa ;eword bethe ;eword moo ;eword
tsebo ;eword
butle ;eword tsebo ;eword ka ;eword sekoloto ;eword seo ;eword butle ;eword
hleso ;eword ke ;eword mang ;eword yankhisitseng ;eword mona ;eword
ke ;eword wena ;eword
e ;eword ke ;eword nna ;eword
e ;eword ke ;eword nna ;eword yankhiseng ;eword bosudu ;eword
ke ;eword mahanyatsa ;eword
ahe ;eword
ke ;eword sena ;eword
tsebo ;eword skanna ;eword ntsosa ;eword
wena ;eword
seboko ;eword
tsebo ;eword
seboko ;eword
u ;eword setoutu ;eword
u ;eword setoutu ;eword na ;eword
seboko ;eword ke ;eword sena ;eword wena ;eword hleso ;eword
u ;eword setoutu ;eword
ke ;eword see ;eword ka ;eword mora ;eword hao ;eword seboko ;eword
u ;eword setoutu ;eword
u ;eword setoutu ;eword
keautsipa ;eword
setlauloma ;eword hape ;eword
seboko ;eword
hleso ;eword lahla ;eword
tsebo ;eword uanngwapa ;eword
helang ;eword tsebo ;eword
seboko ;eword
tsebo ;eword ketlaunyoka ;eword
ha ;eword keilobeha ;eword seboko ;eword
sheba ;eword hleso ;eword na ;eword keetsang ;eword
u ;eword leshano ;eword
ke ;eword qomoteta ;eword
tsebo ;eword
tsebo ;eword sekanna ;eword bapala ;eword ka ;eword erekisi ;eword ena ;eword ya ;eword batho ;eword
untseuelahlelang ;eword
u ;eword leshano ;eword
kentsekebapala ;eword ka ;eword makhapetla ;eword
u ;eword leshano ;eword
u ;eword leshano ;eword
kaitholla ;eword ka ;eword erekisi ;eword
ke ;eword wena ;eword yaeqhadileng ;eword
ke ;eword wena ;eword seqhadi ;eword
tsetleha ;eword sekoloto ;eword
sekoloto ;eword
nka ;eword lekhapetla ;eword tsenetu ;eword
ke ;eword seboko ;eword
ketsela ;eword ka ;eword mona ;eword
hleso ;eword ke ;eword yane ;eword erekisi ;eword
tsenetu ;eword nka ;eword erekisi ;eword
jowe ;eword seboko ;eword
nka ;eword tsenetu ;eword
nna ;eword keaijella ;eword
hleso ;eword usaebola ;eword ka ;eword mona ;eword
sekoloto ;eword nka ;eword tsebo ;eword
kenkile ;eword
sepshatle ;eword
ke ;eword sena ;eword sekoloto ;eword hleso ;eword
kasepshatla ;eword
