e ;eword ke ;eword ntho ;eword ya ;eword ntate ;eword michael ;eword echesang ;eword dipere ;eword
ongotse ;eword five ;eword monono ;eword
sheba ;eword palo ;eword ausi ;eword tlalane ;eword ke ;eword ena ;eword
ke ;eword palo ;eword enngwe ;eword eo ;eword
e ;eword
ke ;eword eng ;eword
kebone ;eword mme ;eword miss ;eword angotse ;eword yona ;eword
oaerwala ;eword
ha ;eword ubone ;eword
ha ;eword umphe ;eword chelete ;eword
mang ;eword
wena ;eword
mm ;eword
m ;eword
utlwa ;eword ore ;eword habo ;eword ha ;eword ntate ;eword michael ;eword
ha ;eword uya ;eword kampong ;eword utlofete ;eword he ;eword ha ;eword ntate ;eword michael ;eword mane ;eword
ke ;eword sekolo ;eword sane ;eword
utlwa ;eword sekolo ;eword se ;eword thabeng ;eword
thabeng ;eword
hele ;eword keilekare ;eword utsebe ;eword ausi ;eword tlalane ;eword
namane ;eword tloha ;eword betheng ;eword ya ;eword batho ;eword
m ;eword
tloha ;eword betheng ;eword ya ;eword masebina ;eword oautebela ;eword
sekathetsa ;eword moo ;eword namane ;eword
e ;eword
usekabeuathetsa ;eword dintho ;eword tseno ;eword
khanna ;eword namane ;eword retsamaye ;eword
reya ;eword kae ;eword
namane ;eword tloo ;eword ho ;eword ngwana ;eword
bapala ;eword dikarete ;eword namane ;eword
e ;eword
bapala ;eword dikarete ;eword
namane ;eword
e ;eword
nka ;eword dikarete ;eword unneubetse ;eword
namane ;eword
e ;eword
sheba ;eword na ;eword mme ;eword matsotang ;eword o ;eword kae ;eword
feta ;eword udule ;eword kwana ;eword
m ;eword
tloo ;eword dula ;eword mona ;eword
uelahlelang ;eword ntho ;eword eo ;eword
ekhutlise ;eword
namane ;eword khutla ;eword mono ;eword
m ;eword
khutla ;eword
tloo ;eword ebone ;eword namane ;eword
ebile ;eword keaebona ;eword ke ;eword eno ;eword
tloo ;eword nke ;eword
tloo ;eword nke ;eword wena ;eword moshanyana ;eword
nka ;eword namane ;eword ke ;eword eo ;eword
