lee ;eword
ka ;eword mokhorong ;eword
ke ;eword tsebo ;eword
ichu ;eword
honehole ;eword hobe ;eword
neuoe ;eword oneaile ;eword
mme ;eword oneare ;eword mme ;eword mamello ;eword abule ;eword autlwe ;eword na ;eword rentserereng ;eword
ha ;eword rebue ;eword reakhiba ;eword
keya ;eword kantle ;eword
keatswa ;eword
reneredisa ;eword dipodi ;eword le ;eword bomaqhione ;eword le ;eword ramotoai ;eword
ae ;eword
ha ;eword batswa ;eword sekolong ;eword
baya ;eword naheng ;eword
le ;eword maqhione ;eword le ;eword motona ;eword le ;eword ralilochane ;eword
o ;eword monyane ;eword
kesekelebetse ;eword hore ;eword ke ;eword wa ;eword mang ;eword
reneredihama ;eword
onealehana ;eword
reneremofe ;eword
are ;eword okhotse ;eword
lena ;eword le ;eword lecha ;eword
kenekere ;eword kerobale ;eword le ;eword neuoe ;eword
kare ;eword kebatla ;eword ka ;eword mokhorong ;eword
neuoe ;eword abeasearobala ;eword le ;eword maqhione ;eword
neuoe ;eword otseba ;eword holetsa ;eword kumbakumba ;eword
ichee ;eword ha ;eword keahatsela ;eword ka ;eword hara ;eword maoto ;eword ka ;eword mona ;eword
hobatleha ;eword dikausi ;eword
ekare ;eword kehatile ;eword ka ;eword maoto ;eword fatse ;eword
neuoe ;eword oitse ;eword otlanchebela ;eword tsane ;eword tsetsweu ;eword
