mphe ;eword keukenyetse ;eword
kentsa ;eword leleng ;eword ka ;eword mona ;eword ka ;eword pokothong ;eword
keleja ;eword lentselele ;eword tjena ;eword
ke ;eword dintlo ;eword tsaka ;eword tsena ;eword tsepedi ;eword tsena ;eword
hei ;eword bo ;eword hleso ;eword ka ;eword hahao ;eword
ke ;eword ka ;eword haka ;eword ka ;eword mona ;eword
keuchaketse ;eword
mphe ;eword ngwana ;eword he ;eword
ketlokadima ;eword ngwana ;eword emong ;eword
ha ;eword hona ;eword ngwana ;eword emong ;eword ba ;eword babedi ;eword
tlohela ;eword ngwana ;eword waka ;eword mme ;eword
khanthe ;eword hleso ;eword una ;eword le ;eword bana ;eword babanne ;eword
ke ;eword waka ;eword
emong ;eword ke ;eword yane ;eword
uetsang ;eword jwale ;eword
ere ;eword kekuke ;eword emong ;eword
he ;eword waka ;eword ha ;eword aapara ;eword
he ;eword nka ;eword ntho ;eword ena ;eword aeapare ;eword
ena ;eword ke ;eword kobo ;eword ya ;eword ngwana ;eword waka ;eword
mm ;eword ha ;eword se ;eword ngwana ;eword wahao ;eword eno ;eword
feela ;eword unka ;eword
feela ;eword unkadime ;eword yena ;eword ngwana ;eword waka ;eword
feela ;eword keya ;eword ka ;eword haka ;eword
kekene ;eword ka ;eword haka ;eword
jowe ;eword kenka ;eword hona ;eword
unka ;eword hofe ;eword mm ;eword
kathola ;eword ka ;eword lekotikoti ;eword
mme ;eword matsebo ;eword bona ;eword ngwana ;eword waka ;eword
nkadime ;eword kwano ;eword lekotikoti ;eword
ketlodula ;eword
ketladula ;eword hantle ;eword
mme ;eword wa ;eword hleso ;eword ha ;eword utsebe ;eword na ;eword keankile ;eword kae ;eword
nna ;eword ngwana ;eword waka ;eword orobetse ;eword
le ;eword nna ;eword waka ;eword
nna ;eword waka ;eword okhalehile ;eword
uskamotsosa ;eword jwale ;eword
mme ;eword wa ;eword hleso ;eword ke ;eword haka ;eword hona ;eword le ;eword lefielo ;eword
kelekadimme ;eword ha ;eword mme ;eword wa ;eword neuoe ;eword kwana ;eword
mme ;eword wa ;eword hleso ;eword ukenelang ;eword ka ;eword haka ;eword jwale ;eword
utswa ;eword le ;eword haka ;eword ke ;eword eng ;eword
ha ;eword ukatswa ;eword le ;eword moo ;eword
ha ;eword ukare ;eword
uare ;eword
ha ;eword keya ;eword haka ;eword kere ;eword
ketswe ;eword le ;eword kae ;eword
mme ;eword wa ;eword hleso ;eword ee ;eword ha ;eword keya ;eword ha ;eword mme ;eword neuoe ;eword
ha ;eword keya ;eword ha ;eword mme ;eword wa ;eword neuoe ;eword
sheba ;eword mme ;eword wa ;eword hleso ;eword
ha ;eword keya ;eword haka ;eword kere ;eword
kesekere ;eword hakere ;eword mme ;eword wa ;eword hleso ;eword
ae ;eword uetsang ;eword ha ;eword unka ;eword tjee ;eword
hakere ;eword keneuoe ;eword ke ;eword hoo ;eword haka ;eword
mm ;eword ha ;eword se ;eword hwahao ;eword ke ;eword hwa ;eword ntseliseng ;eword
feela ;eword hakere ;eword unkadimme ;eword
ae ;eword hle ;eword ha ;eword keaukadima ;eword
dumelang ;eword kaofela ;eword
mme ;eword wa ;eword hleso ;eword ha ;eword ketswa ;eword kere ;eword
mme ;eword wa ;eword hleso ;eword sheba ;eword ha ;eword ketswa ;eword kere ;eword
ae ;eword tswa ;eword ka ;eword haka ;eword
ketlaubolaya ;eword blacksam ;eword
hakere ;eword kechakela ;eword ha ;eword
tsebo ;eword mme ;eword mamello ;eword ofihlile ;eword neng ;eword
ofihlile ;eword hona ;eword tjena ;eword
oilearefa ;eword makotomane ;eword
utlabona ;eword dintho ;eword tsa ;eword teng ;eword
di ;eword kae ;eword u ;eword leshano ;eword
ke ;eword tsena ;eword sheba ;eword ha ;eword kesekere ;eword
nkadime ;eword mahlo ;eword le ;eword nna ;eword
ke ;eword ahao ;eword
oo ;eword keafasolla ;eword kae ;eword
oo ;eword keafasolla ;eword kae ;eword jwale ;eword mme ;eword wa ;eword hleso ;eword
he ;eword tswara ;eword ae ;eword
fasolla ;eword kae ;eword
ha ;eword hona ;eword ntho ;eword hahao ;eword moo ;eword
kapa ;eword usefela ;eword phateng ;eword moo ;eword
feela ;eword sefela ;eword phateng ;eword
phateng ;eword ya ;eword ngwana ;eword
ke ;eword yona ;eword eo ;eword ketlasefa ;eword ka ;eword yona ;eword ena ;eword
etsa ;eword kapele ;eword wena ;eword
helang ;eword kannete ;eword ketlilouotla ;eword
mme ;eword wa ;eword hleso ;eword ha ;eword ale ;eword siyo ;eword mona ;eword
ketlautswa ;eword mahlo ;eword
utsebe ;eword mme ;eword wa ;eword hleso ;eword nna ;eword haka ;eword hona ;eword le ;eword dikotlolo ;eword tsa ;eword mabese ;eword
kedithotse ;eword
kedithotse ;eword thotobolong ;eword
thotobolong ;eword ya ;eword mang ;eword
weso ;eword
dikotlolo ;eword tsaka ;eword diile ;eword kae ;eword
mme ;eword wa ;eword hleso ;eword ka ;eword moo ;eword ka ;eword ha ;eword neuoe ;eword uilewakena ;eword
ha ;eword kenekebona ;eword dintho ;eword setsubelo ;eword see ;eword saka ;eword
ekaba ;eword ke ;eword mang ;eword
mme ;eword wa ;eword hleso ;eword haka ;eword hona ;eword le ;eword lefielo ;eword
ke ;eword laka ;eword lefielo ;eword leno ;eword
ketliloubolaya ;eword
ha ;eword ele ;eword eng ;eword hleso ;eword
uheleditse ;eword ntho ;eword yaka ;eword
ke ;eword ya ;eword ntseliseng ;eword ntho ;eword ena ;eword
utlilomojwetsa ;eword
mme ;eword wa ;eword hleso ;eword keukadime ;eword lefielo ;eword
nka ;eword keukadime ;eword lefielo ;eword
kelebehe ;eword moo ;eword
ke ;eword hore ;eword ka ;eword haka ;eword kenekesafiela ;eword le ;eword hofiela ;eword
tsebo ;eword uletabolelang ;eword jwale ;eword
utlamojwetsa ;eword
nkebekamojwetsa ;eword
hakere ;eword hleso ;eword ulebone ;eword lenelentsele ;eword tje ;eword
eya ;eword tsebo ;eword jwale ;eword ebe ;eword uabona ;eword ke ;eword nna ;eword yalelokisang ;eword
uabona ;eword hleso ;eword
ke ;eword nna ;eword yahlekang ;eword hantle ;eword ka ;eword ha ;eword ntseliseng ;eword
keilekahlakola ;eword monana ;eword
keuchaketse ;eword mme ;eword wa ;eword hleso ;eword
keiloqhala ;eword
keahontsa ;eword
wena ;eword uetsa ;eword bohobe ;eword
ake ;eword ubone ;eword mme ;eword wa ;eword hleso ;eword ohlakotse ;eword hakakang ;eword
tlosa ;eword le ;eword tsena ;eword
helang ;eword dithithiboya ;eword
ke ;eword ena ;eword
tsee ;eword makako ;eword hakalokalo ;eword
basadi ;eword
helang ;eword dithithiboya ;eword
helang ;eword dithithiboya ;eword
tsebo ;eword uileware ;eword utlampontsa ;eword
eya ;eword tlosa ;eword lebekere ;eword lane ;eword
lenke ;eword uletlose ;eword
engwe ;eword ke ;eword ena ;eword
ke ;eword ena ;eword letsetseng ;eword
le ;eword tsaka ;eword di ;eword metsi ;eword
chechella ;eword
ke ;eword lena ;eword lekotikoti ;eword lee ;eword ke ;eword laka ;eword ke ;eword ena ;eword
kelelahle ;eword lekotikoti ;eword lee ;eword hobane ;eword dithithiboya ;eword tseo ;eword disotse ;eword kotikoti ;eword lee ;eword
mm ;eword uaebona ;eword
etlaukhoramela ;eword
euje ;eword direthe ;eword
ka ;eword haka ;eword keilobala ;eword khathaluka ;eword
ketlilobala ;eword khathaluka ;eword
mme ;eword wa ;eword hleso ;eword ketlilobala ;eword khathaluka ;eword
mme ;eword oaitlama ;eword ka ;eword lelapi ;eword mona ;eword leotong ;eword
mme ;eword wa ;eword neuoe ;eword ohlatswa ;eword diphahlo ;eword
oakula ;eword mona ;eword leotong ;eword
mme ;eword wa ;eword tsebo ;eword kesahlaha ;eword ka ;eword ha ;eword mme ;eword neuoe ;eword ka ;eword mona ;eword
nka ;eword ake ;eword ubale ;eword
tsebo ;eword ketla ;eword
ke ;eword eng ;eword
uakhela ;eword dithithiboya ;eword ka ;eword haka ;eword
uneusaebolaye ;eword ke ;eword eng ;eword
mona ;eword ka ;eword ha ;eword mme ;eword wa ;eword neuoe ;eword ke ;eword seretse ;eword
ohlatswa ;eword dikobo ;eword tsa ;eword ngwana ;eword
mme ;eword
ebe ;eword ketlakha ;eword metsi ;eword ka ;eword eng ;eword
matsebo ;eword
mme ;eword o ;eword
tlisa ;eword
keilouhlatswetsa ;eword
mme ;eword wa ;eword hleso ;eword mme ;eword wa ;eword neuoe ;eword kearwetse ;eword mahlo ;eword ana ;eword
ere ;eword keabehe ;eword
kesailohlekela ;eword meahleso ;eword
tsebo ;eword thithiboya ;eword
ha ;eword disale ;eword yo ;eword
hleso ;eword ake ;eword ubotse ;eword mme ;eword mamello ;eword na ;eword dithithiboya ;eword tsane ;eword ha ;eword disale ;eword yo ;eword
