jwale ;eword tsahao ;eword di ;eword kae ;eword keneuoe ;eword
matlakala ;eword ahao ;eword a ;eword kae ;eword wena ;eword neuoe ;eword
keneuoe ;eword
ketlare ;eword leye ;eword kantle ;eword ha ;eword leetsa ;eword lerata ;eword tjena ;eword
ha ;eword udibatle ;eword keneuoe ;eword
wena ;eword u ;eword yasabatleng ;eword letho ;eword
hei ;eword ake ;eword uutlwe ;eword lineo ;eword le ;eword mathale ;eword
bona ;eword babatla ;eword dintho ;eword tsemonate ;eword hakakang ;eword
lesekaitsetleha ;eword hle ;eword basadi ;eword
utswerwe ;eword ke ;eword boroko ;eword
ukwatile ;eword
roballa ;eword ka ;eword nqane ;eword keneuoe ;eword ngwanana ;eword seke ;eword chechella ;eword kwana ;eword hle ;eword mmannyeo ;eword
ae ;eword keneuoe ;eword hlobola ;eword kobo ;eword utsebe ;eword hodula ;eword feela ;eword
uotlelang ;eword ngwana ;eword emong ;eword jwale ;eword keneuoe ;eword
keitse ;eword ha ;eword lekhathetse ;eword leye ;eword kantle ;eword
tloha ;eword hle ;eword
tswa ;eword uye ;eword kantle ;eword
letle ;eword lehlaphohile ;eword hole ;eword kantle ;eword
tsamayang ;eword leye ;eword kantle ;eword hle ;eword lona ;eword
unkileng ;eword
uhlatswa ;eword dieta ;eword
otlauotla ;eword ka ;eword seeta ;eword sena ;eword haholo ;eword nkong ;eword mona ;eword
wena ;eword eka ;eword untseukakalla ;eword tje ;eword
uya ;eword kae ;eword jwale ;eword neuoe ;eword
leje ;eword kaofela ;eword
useukena ;eword sekolo ;eword wena ;eword
seka ;eword itsetleha ;eword ka ;eword bethe ;eword ya ;eword batho ;eword
ha ;eword ubona ;eword utswehla ;eword tjee ;eword uneuntseuetsang ;eword
dulang ;eword moo ;eword
moroho ;eword ofedile ;eword manyeo ;eword
