bona ;eword sefofane ;eword
ere ;eword ketlobone ;eword ka ;eword sefofaneng ;eword
ha ;eword retlobale ;eword dintho ;eword tsee ;eword
dintho ;eword tsee ;eword ke ;eword ding ;eword tsee ;eword tsedutseng ;eword moo ;eword
ke ;eword ditswene ;eword
kebatla ;eword masimba ;eword
ore ;eword oaja ;eword
otenne ;eword phenti ;eword le ;eword veste ;eword
ke ;eword ya ;eword mpinane ;eword
ke ;eword majoro ;eword ke ;eword eno ;eword
ke ;eword ena ;eword enwa ;eword
bonang ;eword
tsokotsa ;eword
ha ;eword ketsebe ;eword
litlhare ;eword oileafihla ;eword are ;eword eileyare ;eword ha ;eword namane ;eword akena ;eword are ;eword makinkeke ;eword
namane ;eword abeare ;eword ketlauotla ;eword wena ;eword abeare ;eword maseeta ;eword
