lineo ;eword hei ;eword wena ;eword uanthwaka ;eword
lineo ;eword ke ;eword wena ;eword
jwale ;eword ebe ;eword unkileng ;eword fatse ;eword moo ;eword
tsebo ;eword
lieketseng ;eword ha ;eword utsebe ;eword kefupereng ;eword ka ;eword moo ;eword
keatseba ;eword
ke ;eword dipampiri ;eword wena ;eword tsebo ;eword
ae ;eword hle ;eword ke ;eword dipompong ;eword
uanthetsa ;eword
eitse ;eword ha ;eword kefihla ;eword ka ;eword moo ;eword kafumana ;eword useurobehile ;eword
kare ;eword ere ;eword kebone ;eword ngwanana ;eword
u ;eword lethetsi ;eword hampe ;eword wena ;eword tsebo ;eword keatseba ;eword
unthetsa ;eword mehla ;eword ena ;eword
tsena ;eword tse ;eword pela ;eword poleiti ;eword di ;eword tharo ;eword
le ;eword yane ;eword ya ;eword letswai ;eword
le ;eword yane ;eword etsetseng ;eword moriana ;eword
le ;eword eo ;eword eseng ;eword ya ;eword letswai ;eword
eo ;eword e ;eword pela ;eword ditlhare ;eword uesiya ;eword kae ;eword
keeboletse ;eword le ;eword yona ;eword
halala ;eword tsaka ;eword keitse ;eword ke ;eword tsena ;eword
tse ;eword pela ;eword skaftini ;eword le ;eword botlolo ;eword ya ;eword fishoil ;eword
untseure ;eword pipipipi ;eword
hleso ;eword tlisa ;eword dintho ;eword tsena ;eword tsaka ;eword
hleso ;eword ake ;eword utlise ;eword dintho ;eword tsena ;eword tsaka ;eword
boausi ;eword teboho ;eword mohla ;eword keresemese ;eword banebajella ;eword lebekereng ;eword lena ;eword
ntseliseng ;eword athe ;eword uarethetsa ;eword
e ;eword ketswerwe ;eword ke ;eword mahlo ;eword
hee ;eword bonang ;eword ka ;eword ha ;eword mme ;eword lieketseng ;eword ho ;eword jwang ;eword
hokubella ;eword mosi ;eword
hakere ;eword houwa ;eword masimong ;eword
hona ;eword jwale ;eword tjena ;eword hakere ;eword hleso ;eword
hakere ;eword hoilohlaholwa ;eword
ketlanka ;eword wane ;eword omonyane ;eword wa ;eword ausi ;eword mantso ;eword
helang ;eword wena ;eword tsebo ;eword
tsebo ;eword
le ;eword wena ;eword lieketseng ;eword ake ;eword utlose ;eword dikobo ;eword tsena ;eword
