he ;eword keahana ;eword
uitse ;eword retlephuthele ;eword
mm ;eword ha ;eword keacho ;eword
nka ;eword tsebo ;eword mollo ;eword uisa ;eword kae ;eword
keetse ;eword jwang ;eword ka ;eword lona ;eword
enke ;eword
ehlatsuwe ;eword
le ;eword lefubedu ;eword
khanthe ;eword ha ;eword se ;eword dipompong ;eword
a ;eword hleso ;eword keaqetile ;eword
keaqetile ;eword le ;eword nna ;eword
ke ;eword bohlale ;eword
ke ;eword buka ;eword
thimi ;eword e ;eword kae ;eword hleso ;eword
hleso ;eword thimi ;eword e ;eword kae ;eword
ka ;eword modicho ;eword ke ;eword lena ;eword
neuoe ;eword oleqhadile ;eword
eya ;eword ae ;eword hleso ;eword makotomane ;eword antseale ;eword teng ;eword
ka ;eword mane ;eword
ae ;eword ke ;eword yaka ;eword pampiri ;eword ena ;eword
ha ;eword ho ;eword jwalo ;eword tsebo ;eword ketlaitutula ;eword
haka ;eword malauwa ;eword ee ;eword
uaatseba ;eword le ;eword folaiti ;eword
folaiti ;eword
tsebo ;eword nwa ;eword metsi ;eword ana ;eword a ;eword ka ;eword sekotlolong ;eword sahao ;eword
anwe ;eword
ha ;eword hona ;eword metsi ;eword ka ;eword mona ;eword
ho ;eword monate ;eword ka ;eword mona ;eword
ehlile ;eword ke ;eword khodu ;eword ntho ;eword ena ;eword
ketlautsipa ;eword ebile ;eword
tsebo ;eword uamotseba ;eword ee ;eword ee ;eword
etsa ;eword wena ;eword
uetsokotsa ;eword
lebekere ;eword le ;eword kae ;eword na ;eword helang ;eword
ke ;eword lane ;eword ka ;eword nqane ;eword
ae ;eword ka ;eword kwano ;eword hodima ;eword dijana ;eword
aketoha ;eword
hore ;eword ke ;eword etenya ;eword
dintho ;eword tseo ;eword
kenyorilwe ;eword
jwale ;eword tsebo ;eword ha ;eword alelahla ;eword lelekalokalo ;eword lekotomane ;eword
reaqhadile ;eword monyako ;eword
neuoe ;eword asekalelahla ;eword lekotomane ;eword ke ;eword lane ;eword
kelelebetse ;eword kantle ;eword
