tsebo ;eword hle ;eword ake ;eword uthole ;eword
rona ;eword remamele ;eword hantle ;eword
tsebo ;eword yahao ;eword ke ;eword mang ;eword
ke ;eword lilala ;eword wena ;eword
ke ;eword sefate ;eword wena ;eword
ke ;eword matla ;eword
jwale ;eword pule ;eword ore ;eword ena ;eword ke ;eword yahae ;eword
ke ;eword mang ;eword yareng ;eword ha ;eword atsebe ;eword
kere ;eword le ;eword nna ;eword ngwana ;eword waka ;eword ha ;eword keetsebe ;eword
ele ;eword ha ;eword kentsekebabotsa ;eword
are ;eword ena ;eword ha ;eword aetsebe ;eword
ke ;eword mohlafotsa ;eword feela ;eword osenang ;eword le ;eword setempe ;eword
ke ;eword ena ;eword ephethetsweng ;eword jwalo ;eword ka ;eword mapae ;eword
yaba ;eword ha ;eword kesatseba ;eword le ;eword hobotsa ;eword barekisi ;eword
emong ;eword are ;eword na ;eword yaka ;eword ke ;eword lilala ;eword
emong ;eword are ;eword ke ;eword sefate ;eword
emong ;eword are ;eword ke ;eword matla ;eword
tsebo ;eword ha ;eword lesoje ;eword
