ha ;eword yatsela ;eword
neuoe ;eword utenne ;eword penti ;eword yahao ;eword
bo ;eword butle ;eword neuoe ;eword
butle ;eword neuoe ;eword keukuke ;eword hantle ;eword
moje ;eword neuoe ;eword
ja ;eword ausi ;eword mantso ;eword
etlauloma ;eword
neuoe ;eword bona ;eword
tsamaya ;eword hotsola ;eword pitsa ;eword
tsamaya ;eword
tsamaya ;eword hotsola ;eword pele ;eword uautlwa ;eword
u ;eword leshano ;eword neuoe ;eword
hleso ;eword oja ;eword erekisi ;eword
ketlauotla ;eword
ketlauotla ;eword wena ;eword
ketlauotla ;eword neuoe ;eword
beha ;eword basekomo ;eword ena ;eword
neuoe ;eword uqhalelang ;eword tee ;eword ee ;eword
uneutholetseng ;eword
eo ;eword eo ;eword
ha ;eword kere ;eword mono ;eword
jaa ;eword mohalakane ;eword
mehalakane ;eword a ;eword monate ;eword
ho ;eword monate ;eword
