le ;eword ena ;eword ke ;eword
uatseba ;eword na ;eword rejang ;eword
sekolong ;eword
reja ;eword masimba ;eword
ae ;eword batho ;eword
ae ;eword
u ;eword lethetsi ;eword ha ;eword keare ;eword ketliloushapa ;eword wena ;eword
ke ;eword mang ;eword achong ;eword jwalo ;eword
litlhare ;eword
tloo ;eword
ketloutlwa ;eword
he ;eword ulapile ;eword
ha ;eword esana ;eword letho ;eword
elapile ;eword
baefunyeditse ;eword
baere ;eword
makotomane ;eword aa ;eword
e ;eword
lebekere ;eword
ha ;eword hona ;eword tswekere ;eword hona ;eword mona ;eword
ha ;eword e ;eword yo ;eword tswekere ;eword khefing ;eword litlhare ;eword
ha ;eword e ;eword yo ;eword tswekere ;eword khefing ;eword le ;eword levenkeleng ;eword
u ;eword bothetsi ;eword e ;eword teng ;eword levenkeleng ;eword
jwale ;eword ha ;eword ntate ;eword matata ;eword tswekere ;eword e ;eword teng ;eword
e ;eword teng ;eword ha ;eword ntate ;eword tebele ;eword le ;eword ha ;eword morojele ;eword le ;eword ha ;eword raliotlo ;eword
ke ;eword eng ;eword
ai ;eword litlhare ;eword
skaba ;eword etlosa ;eword
erwale ;eword hape ;eword kebone ;eword
erwale ;eword
sheba ;eword
ketlolebetsetsa ;eword kantle ;eword
litlhare ;eword unthulelang ;eword
ha ;eword ureng ;eword
ntho ;eword ena ;eword yaka ;eword ebetsehile ;eword feela ;eword
uneukareka ;eword koloi ;eword ka ;eword yona ;eword
ebe ;eword koloi ;eword eno ;eword ere ;eword pi ;eword
thola ;eword
fotsek ;eword
fotsek ;eword
ere ;eword keshebe ;eword na ;eword etswa ;eword kae ;eword
kathola ;eword ka ;eword lekotomane ;eword
kethotse ;eword ka ;eword lekotomane ;eword
kethotse ;eword
leleng ;eword hape ;eword
uautlwa ;eword litlhare ;eword
a ;eword monate ;eword makotomane ;eword
utlatseba ;eword hothola ;eword ka ;eword makotomane ;eword
lekotomane ;eword leleng ;eword le ;eword kae ;eword
oo ;eword ke ;eword lena ;eword
litlhare ;eword
e ;eword makhapetla ;eword a ;eword makotomane ;eword
nna ;eword makotomane ;eword ke ;eword ane ;eword
ha ;eword hona ;eword eebotsweng ;eword
uthetse ;eword ha ;eword se ;eword lekhapetla ;eword
ntho ;eword ena ;eword ke ;eword lekotomane ;eword
leleng ;eword kelejele ;eword
kealeebola ;eword
sekaba ;eword pshatla ;eword makotomane ;eword wena ;eword
uautlwa ;eword
sekaba ;eword pshatla ;eword makotomane ;eword
wena ;eword uapshatla ;eword
utlapshatla ;eword ujelelle ;eword le ;eword makhapetla ;eword
ure ;eword qeqe ;eword ka ;eword majwe ;eword
uapshatla ;eword
dintho ;eword tsena ;eword dithata ;eword tsena ;eword
eya ;eword le ;eword nna ;eword kealethua ;eword
makotomane ;eword
ke ;eword lena ;eword moo ;eword lehlahileng ;eword
ke ;eword ena ;eword
e ;eword uankotla ;eword
ketlaubetsa ;eword wena ;eword
oo ;eword ebileng ;eword ketlautima ;eword makotomane ;eword
e ;eword teng ;eword
ke ;eword lena ;eword
hele ;eword lele ;eword kae ;eword
leleholo ;eword
le ;eword lekae ;eword
leleholo ;eword hakalo ;eword
litlhare ;eword butle ;eword keupshatlela ;eword
ha ;eword kethotse ;eword ka ;eword leleng ;eword
ketleupshatlela ;eword
ketleupshatlele ;eword makotomane ;eword
e ;eword kesekeya ;eword
ha ;eword kethotse ;eword ka ;eword lekotomane ;eword leleng ;eword
ketlalepshatle ;eword
ketlalepshatla ;eword keufe ;eword
etlare ;eword ha ;eword kelata ;eword makotomane ;eword
mphe ;eword ketlaupshatlela ;eword
le ;eword kae ;eword
hele ;eword makotomane ;eword
uetsang ;eword
nka ;eword tlaku ;eword yahao ;eword ke ;eword ena ;eword
reqale ;eword
etsa ;eword tjee ;eword
ketlapshatla ;eword lekotomane ;eword
ntho ;eword ela ;eword yaka ;eword ya ;eword koloi ;eword e ;eword kae ;eword
ha ;eword athetse ;eword ke ;eword ena ;eword
oathetsa ;eword ke ;eword ena ;eword
nna ;eword kebua ;eword ka ;eword ntho ;eword ke ;eword ena ;eword e ;eword kholo ;eword ke ;eword ena ;eword
nna ;eword keaebula ;eword
litlhare ;eword ebe ;eword ha ;eword nkakaetsa ;eword dikuku ;eword ukareng ;eword
ubotswara ;eword ka ;eword polata ;eword
polata ;eword e ;eword kwana ;eword ka ;eword mokhorong ;eword
ela ;eword ehlahileng ;eword
sheba ;eword litlhare ;eword
ha ;eword kesobone ;eword sekotlolo ;eword sesetle ;eword hakalo ;eword sa ;eword sekolo ;eword
di ;eword jwang ;eword dikotlolo ;eword tsela ;eword litlhare ;eword
ditlisitswe ;eword ke ;eword eng ;eword
ke ;eword sekolo ;eword ke ;eword koloi ;eword
ke ;eword abuti ;eword khoaela ;eword
ure ;eword abuti ;eword khoaela ;eword litlhare ;eword
u ;eword bothetsi ;eword
lethetsi ;eword ke ;eword skekete ;eword ke ;eword koloi ;eword
ke ;eword koloi ;eword ya ;eword skekete ;eword sane ;eword sesekhubedu ;eword
ke ;eword skekete ;eword sane ;eword sedumang ;eword hampe ;eword
ukhotse ;eword
nna ;eword keaja ;eword
uskaballela ;eword dijo ;eword tsaka ;eword
usekabare ;eword ubatla ;eword tsaka ;eword
uakhora ;eword
seke ;eword wabeuseunqala ;eword
litlhare ;eword unqallang ;eword
ha ;eword ubone ;eword uhatisa ;eword ntho ;eword ee ;eword yaka ;eword
mohlafatse ;eword o ;eword fatse ;eword
o ;eword monate ;eword
onokuwe ;eword ka ;eword tswekere ;eword
tsamaya ;eword honka ;eword wahao ;eword ke ;eword wane ;eword kwana ;eword
ja ;eword ke ;eword ana ;eword
uafuwe ;eword ke ;eword ausi ;eword masebina ;eword
o ;eword monate ;eword jwale ;eword
oo ;eword eng ;eword
etsetseng ;eword
entse ;eword kebone ;eword
hlahisa ;eword kebone ;eword
litlhare ;eword he ;eword uithomme ;eword kapa ;eword ha ;eword uaithoma ;eword
kantle ;eword
ha ;eword usotsebe ;eword moo ;eword hoithomelang ;eword rona ;eword
uithomela ;eword tlase ;eword
marallaneng ;eword
urata ;eword lemati ;eword haholo ;eword
litlhare ;eword uneutswara ;eword mona ;eword
uneure ;eword
sheba ;eword ure ;eword uatheoha ;eword ure ;eword
uya ;eword kae ;eword
ke ;eword mosweu ;eword nna ;eword
unka ;eword lemao ;eword
mme ;eword masebina ;eword amofa ;eword diphenti ;eword tsane ;eword le ;eword dikausi ;eword tsane ;eword
otlomorekela ;eword phenti ;eword ha ;eword kotsia ;eword
le ;eword likhapa ;eword oatseha ;eword
ha ;eword untseushebile ;eword kwana ;eword
litlhare ;eword bona ;eword
uautlwa ;eword litlhare ;eword
ketlare ;eword elisha ;eword atle ;eword
ke ;eword ngwana ;eword wa ;eword bolinjwetsang ;eword
ke ;eword ngwana ;eword hodima ;eword tsela ;eword
oadisa ;eword
odisa ;eword dikhomo ;eword
eya ;eword
olekana ;eword le ;eword wena ;eword tjena ;eword
he ;eword wena ;eword litlhare ;eword
umometa ;eword dinkong ;eword
ha ;eword umomete ;eword molomong ;eword
litlhare ;eword ketlaumula ;eword
litlhare ;eword ketlaumula ;eword
nna ;eword keubona ;eword nna ;eword
ene ;eword se ;eword kausi ;eword ntho ;eword ena ;eword
bo ;eword butle ;eword
nkekerwale ;eword dikausi ;eword
uanqala ;eword pele ;eword litlhare ;eword
ke ;eword wena ;eword yantsenganngopa ;eword
ichi ;eword litlhare ;eword ichu ;eword
unhatile ;eword bo ;eword
ee ;eword
untsare ;eword ee ;eword litlhare ;eword hao ;eword
hele ;eword e ;eword
ha ;eword keanyorwa ;eword
ha ;eword keanyorwa ;eword
untsuetsang ;eword
ere ;eword eya ;eword
sefena ;eword sena ;eword seitse ;eword
mona ;eword nna ;eword keentse ;eword
nka ;eword mmannyeo ;eword
wena ;eword utlamofa ;eword hampe ;eword
litlhare ;eword uetsang ;eword ache ;eword
ngwana ;eword orata ;eword ngwana ;eword enwa ;eword
litlhare ;eword untsipelang ;eword
ake ;eword u ;eword ntlohele ;eword nna ;eword
litlhare ;eword uetsang ;eword
uatseba ;eword litlhare ;eword ketlamootla ;eword
ketlaubetsa ;eword
ketlaumula ;eword wena ;eword
uetsang ;eword
tlosa ;eword letsoho ;eword lena ;eword
ketlaumula ;eword helang ;eword
unketsang ;eword
ketlaumula ;eword
