kediisa ;eword kae ;eword eksaese ;eword le ;eword moroho ;eword
keadija ;eword
keja ;eword moroho ;eword feela ;eword
eksaese ;eword ha ;eword keeje ;eword
mme ;eword utsebe ;eword ausi ;eword mantso ;eword omphile ;eword lebikskis ;eword
barekile ;eword
oshebile ;eword kae ;eword
oshebile ;eword kwa ;eword le ;eword kwa ;eword
keautlwa ;eword mala ;eword ka ;eword mpeng ;eword
mme ;eword kebatla ;eword tee ;eword
kebatla ;eword tee ;eword
e ;eword
e ;eword
untseuja ;eword
mme ;eword kenke ;eword motoho ;eword
o ;eword ka ;eword lebekereng ;eword la ;eword tsenetu ;eword
eh ;eword mme ;eword
ketloitjella ;eword tsona ;eword
ketlosheba ;eword seboko ;eword ka ;eword mona ;eword
kebatla ;eword hothonaka ;eword erekisi ;eword ena ;eword
mme ;eword erekisi ;eword ke ;eword yane ;eword
mme ;eword erekisi ;eword ela ;eword ke ;eword ya ;eword eng ;eword
erekisi ;eword ela ;eword keaenka ;eword
hm ;eword
wena ;eword mme ;eword keitse ;eword kehatsetse ;eword
hleso ;eword oja ;eword erekisi ;eword
mme ;eword
ha ;eword utseba ;eword khemere ;eword ela ;eword ya ;eword teng ;eword e ;eword kae ;eword
hleso ;eword oja ;eword erekisi ;eword ya ;eword batho ;eword mme ;eword
nkhono ;eword tsebo ;eword oaqhomisa ;eword
kethotse ;eword dierekisi ;eword tse ;eword fatse ;eword
ke ;eword ena ;eword
seboko ;eword
seboko ;eword
seboko ;eword
mme ;eword
ah ;eword seboko ;eword
mme ;eword le ;eword wena ;eword useuja ;eword erekisi ;eword
kebatla ;eword tsekana ;eword
e ;eword
keahana ;eword ka ;eword erekisi ;eword yaka ;eword
utsebe ;eword ketlodinka ;eword
kechechela ;eword morao ;eword
mang ;eword
hleso ;eword ontseaqhala ;eword
le ;eword wena ;eword
nna ;eword keatlohella ;eword
kaitholla ;eword
ha ;eword kentsekenka ;eword tsee ;eword tse ;eword fatse ;eword kedija ;eword tsee ;eword tse ;eword fatse ;eword
nna ;eword kentsekeqhoma ;eword
kebatla ;eword hokomisa ;eword ngwana ;eword
hele ;eword
ke ;eword seboko ;eword
hleso ;eword oja ;eword seboko ;eword
ke ;eword sekoloto ;eword
kesepshatlile ;eword
ke ;eword seboko ;eword
hleso ;eword onkile ;eword erekisi ;eword
diperekisi ;eword
keadiqeta ;eword
mme ;eword keilolekuka ;eword
keya ;eword le ;eword basekomo ;eword
ena ;eword keya ;eword le ;eword yona ;eword
beha ;eword lebekere ;eword lena ;eword
uqhala ;eword tswekere ;eword
wena ;eword mme ;eword ke ;eword wena ;eword yaqhadileng ;eword
