e ;eword
uadija ;eword
jwale ;eword utswa ;eword kae ;eword ka ;eword yona ;eword
ore ;eword ueisa ;eword kae ;eword ekesaeze ;eword tsebo ;eword
alenka ;eword kae ;eword
neuoe ;eword o ;eword kae ;eword
hokae ;eword
eng ;eword
eng ;eword
o ;eword hokae ;eword
e ;eword
lemohang ;eword
hakere ;eword utlodisa ;eword lemati ;eword nna ;eword kenekemobulela ;eword
utloitjella ;eword tsona ;eword
ola ;eword dierekisi ;eword tseno ;eword hleso ;eword
usheba ;eword seboko ;eword sa ;eword eng ;eword
e ;eword haholo ;eword
tloo ;eword le ;eword ntho ;eword retlotsela ;eword
he ;eword hoasebetswa ;eword jwale ;eword
utswe ;eword hleso ;eword ha ;eword ule ;eword bokako ;eword tjee ;eword
ha ;eword are ;eword wena ;eword
obotsa ;eword tsebo ;eword
uetsang ;eword
dikuku ;eword tsa ;eword pane ;eword
uautlwa ;eword he ;eword tsebo ;eword
dikuku ;eword tsa ;eword pane ;eword
tswa ;eword hleso ;eword
utlaja ;eword le ;eword seboko ;eword
jwale ;eword uetsang ;eword emong ;eword tsebeng ;eword
umoetsang ;eword tsebeng ;eword
na ;eword uaebola ;eword tsebo ;eword
uaebola ;eword na ;eword
e ;eword tsebo ;eword
uneuntseurata ;eword hoeja ;eword hakere ;eword
uhata ;eword dintho ;eword tsena ;eword tsa ;eword batho ;eword
uetsang ;eword hantle ;eword
ake ;eword utlohele ;eword emong ;eword aebole ;eword
ee ;eword uetsang ;eword jwale ;eword
tsamaya ;eword hothonaka ;eword ntho ;eword yane ;eword eo ;eword uelahletseng ;eword kwana ;eword
wena ;eword
ke ;eword wena ;eword helang ;eword
tsebo ;eword seka ;eword sitisa ;eword batho ;eword ha ;eword baebola ;eword
utlaraha ;eword ngwana ;eword wena ;eword
eng ;eword
tlohela ;eword emong ;eword aebole ;eword wena ;eword
ubinang ;eword jwale ;eword
kapa ;eword orata ;eword hoetsa ;eword lerata ;eword feela ;eword
houtlwahale ;eword wena ;eword feela ;eword ka ;eword tlung ;eword ka ;eword moo ;eword
wena ;eword utlaqhala ;eword dierekisi ;eword tsena ;eword helang ;eword
tsebo ;eword ketlaushapa ;eword
tswa ;eword mona ;eword ha ;eword ule ;eword bokako ;eword tjee ;eword
tswa ;eword wena ;eword ha ;eword ule ;eword bokako ;eword
tsebo ;eword uqhala ;eword erekisi ;eword ena ;eword keushape ;eword uatseba ;eword
dierekisi ;eword
uileware ;eword diperekisi ;eword
lebatla ;eword basekomo ;eword jwale ;eword
tholang ;eword ketsebe ;eword homotlosa ;eword
tswang ;eword
keitse ;eword leye ;eword kantle ;eword leye ;eword hohlapa ;eword letsebe ;eword hotla ;eword le ;eword mabekere ;eword
ketloletsella ;eword tee ;eword
ema ;eword wena ;eword leye ;eword hohlapa ;eword kantle ;eword
mphe ;eword basekomo ;eword ke ;eword eo ;eword
