eya ;eword
leapshatla ;eword botlolo ;eword ena ;eword tsebo ;eword
tsamaya ;eword honeha ;eword hleso ;eword dintho ;eword tsahae ;eword
tsamaya ;eword honeha ;eword hleso ;eword dintho ;eword tsahae ;eword
beha ;eword mmete ;eword ona ;eword hleso ;eword
hleso ;eword ketlaushapa ;eword
ese ;eword ubona ;eword ha ;eword kentsekeubapadisa ;eword uhopola ;eword hore ;eword ketlabapala ;eword le ;eword wena ;eword
hoarobalwa ;eword ke ;eword mang ;eword
ke ;eword mang ;eword yarobalang ;eword
lona ;eword le ;eword mang ;eword
utlatsosa ;eword ngwana ;eword wena ;eword ka ;eword lerata ;eword lena ;eword lahao ;eword
lee ;eword kesatsebeng ;eword na ;eword uentse ;eword jwang ;eword
uetsa ;eword jwang ;eword dirobeng ;eword
tsebo ;eword ubeuetsang ;eword ngwana ;eword emong ;eword
uatseba ;eword botlolo ;eword ee ;eword etlachophoha ;eword
epshatlele ;eword letlapeng ;eword
eng ;eword
basadi ;eword tsebo ;eword
ee ;eword hle ;eword tsebo ;eword
ketlare ;eword autlise ;eword jwale ;eword tjena ;eword
ketloushapa ;eword
uetsa ;eword jwang ;eword jwale ;eword
ha ;eword utsela ;eword mmete ;eword ka ;eword metsi ;eword
tsebo ;eword uetsang ;eword
hleso ;eword ke ;eword ya ;eword mang ;eword ntho ;eword eo ;eword
yona ;eword ee ;eword unenguebehile ;eword moo ;eword
efeng ;eword
eno ;eword ya ;eword seampiorene ;eword ekang ;eword phala ;eword
ubeutlosa ;eword mamina ;eword ano ;eword
ake ;eword utlose ;eword mamina ;eword ana ;eword tsebo ;eword
tsamaya ;eword homina ;eword tsebo ;eword
ha ;eword ntate ;eword ntaute ;eword
a ;eword eja ;eword
tsebo ;eword tlisa ;eword sekotlolo ;eword sahao ;eword kantle ;eword
nka ;eword wena ;eword hleso ;eword
sekeng ;eword lahlodiya ;eword hle ;eword batho ;eword ba ;eword modimo ;eword
uotla ;eword hleso ;eword ke ;eword thaka ;eword yahao ;eword
umoetsang ;eword ngwana ;eword
untseumoetsang ;eword
mojese ;eword
hleso ;eword sheba ;eword ngwana ;eword
askawela ;eword manyeo ;eword
untseumobontsa ;eword tsebo ;eword
mobontse ;eword na ;eword hoetsuwa ;eword jwang ;eword
ere ;eword aetse ;eword tjee ;eword
tsebo ;eword
uahana ;eword
khothola ;eword
ehlile ;eword hobatleha ;eword hore ;eword ehleetlohe ;eword
ekhothole ;eword ka ;eword sekotlolong ;eword ka ;eword mona ;eword
eaqhoma ;eword
ha ;eword ena ;eword taba ;eword ha ;eword eqhoma ;eword
e ;eword khothola ;eword
e ;eword
hao ;eword
e ;eword thata ;eword
wena ;eword ketlare ;eword mme ;eword mamello ;eword autlele ;eword le ;eword tsona ;eword maseru ;eword kwana ;eword
dieta ;eword
ee ;eword dieta ;eword eseng ;eword kumbakumba ;eword
ketlare ;eword autlele ;eword le ;eword dieta ;eword le ;eword phenti ;eword
ee ;eword dieta ;eword le ;eword phenti ;eword feela ;eword
eya ;eword useule ;eword moholo ;eword
di ;eword kae ;eword
hela ;eword sela ;eword se ;eword kae ;eword seo ;eword unengukhothola ;eword ka ;eword sona ;eword
sefe ;eword
ho ;eword thata ;eword
e ;eword tloo ;eword le ;eword tsona ;eword dile ;eword pedi ;eword
ee ;eword bo ;eword tsane ;eword dieta ;eword tseno ;eword tsaka ;eword tsentso ;eword wena ;eword tsentso ;eword ee ;eword
ee ;eword
ee ;eword
ee ;eword
keuqalle ;eword nako ;eword le ;eword nako ;eword
tsebo ;eword ha ;eword asoqete ;eword
na ;eword e ;eword thata ;eword le ;eword yona ;eword ee ;eword
e ;eword thata ;eword
na ;eword
ee ;eword usotlaeqeta ;eword khothola ;eword hle ;eword manyeo ;eword
mme ;eword mamello ;eword ohlileore ;eword orata ;eword hobona ;eword hore ;eword na ;eword hokhotholwa ;eword jwang ;eword
ore ;eword umojwentse ;eword
uautlwa ;eword he ;eword
utlamojwentsa ;eword
ukhothole ;eword umojwentse ;eword
ho ;eword jwang ;eword
eakhotholeha ;eword
uautlwa ;eword ho ;eword monate ;eword hokhothola ;eword
ho ;eword monate ;eword
haholo ;eword
e ;eword jwang ;eword
e ;eword bohale ;eword
ha ;eword ele ;eword bohale ;eword ke ;eword ha ;eword ele ;eword jwang ;eword manyeo ;eword
ure ;eword e ;eword bohale ;eword
eya ;eword
nka ;eword
keutlwa ;eword nna ;eword ure ;eword e ;eword bohale ;eword
ha ;eword ketsebe ;eword na ;eword ha ;eword ele ;eword bohale ;eword ke ;eword ha ;eword ele ;eword jwang ;eword
e ;eword jwang ;eword jwale ;eword eo ;eword
e ;eword jwang ;eword
ebehe ;eword mona ;eword
e ;eword uabona ;eword utlatseba ;eword
useule ;eword moholo ;eword
useule ;eword moholo ;eword uabona ;eword
ha ;eword ho ;eword jwalo ;eword
ehlile ;eword hobatleha ;eword hona ;eword hore ;eword uhlokhothole ;eword
aetse ;eword wa ;eword eng ;eword
e ;eword uetsa ;eword jwang ;eword
euphumotse ;eword
uneutswa ;eword madi ;eword kae ;eword
a ;eword kae ;eword
na ;eword a ;eword teng ;eword
ha ;eword waetsa ;eword ka ;eword mathe ;eword
e ;eword
tsenethu ;eword onkile ;eword dieta ;eword tsahae ;eword
ho ;eword jwang ;eword jwale ;eword tsebo ;eword
ho ;eword jwang ;eword
ha ;eword ekhothohe ;eword
kannete ;eword
ke ;eword eng ;eword
yauseha ;eword
jwale ;eword utlaetsa ;eword jwang ;eword
utlatlohela ;eword
retlalebona ;eword he ;eword
euntsetsang ;eword kotsi ;eword jwale ;eword
euntselang ;eword kotsi ;eword
ha ;eword yauphumola ;eword
eng ;eword jwale ;eword
uetswarelang ;eword ha ;eword bohloko ;eword
empa ;eword keuqaletse ;eword tsela ;eword hantle ;eword
hakere ;eword keuqaletse ;eword tsela ;eword hantle ;eword
ke ;eword eng ;eword
ke ;eword hore ;eword kentsekephumoha ;eword
hape ;eword
hao ;eword manyeo ;eword
kae ;eword
hao ;eword manyeo ;eword
jwale ;eword utlaetsa ;eword jwang ;eword he ;eword ha ;eword utseba ;eword
retlabereetse ;eword jwang ;eword
retlohele ;eword hokhothola ;eword
ha ;eword uya ;eword dipereng ;eword utlatlohela ;eword
ela ;eword osaeqeta ;eword
ha ;eword waeqeta ;eword ke ;eword eng ;eword
jwale ;eword ure ;eword utlaekhothola ;eword ele ;eword thata ;eword tjee ;eword
utlaeqeta ;eword
utiile ;eword
utlohlaueqete ;eword
khothola ;eword he ;eword kebone ;eword
ke ;eword hobaneng ;eword wena ;eword ukhothola ;eword seqo ;eword
ha ;eword ukhothole ;eword poone ;eword
hothwe ;eword tswara ;eword tjee ;eword
ure ;eword hothwe ;eword
ee ;eword hothwe ;eword
sheba ;eword
hothwe ;eword
eahana ;eword
ukhothole ;eword ka ;eword matsoho ;eword
ha ;eword usatsebe ;eword ka ;eword seqo ;eword
eakhotholeha ;eword jwale ;eword
oetsa ;eword jwang ;eword
useutseba ;eword uabona ;eword
e ;eword thata ;eword
nka ;eword ena ;eword
e ;eword jwang ;eword
e ;eword jwang ;eword
e ;eword metsi ;eword
na ;eword
unngwapelang ;eword
kae ;eword ho ;eword metsi ;eword
seqo ;eword saka ;eword se ;eword kae ;eword
seqo ;eword saka ;eword se ;eword kae ;eword
monehe ;eword ha ;eword na ;eword taba ;eword
kenekebatla ;eword motho ;eword enwa ;eword atlatseba ;eword hodula ;eword
rekhotholeng ;eword hore ;eword efele ;eword tsebo ;eword poone ;eword ena ;eword
rekhothole ;eword poone ;eword ena ;eword efele ;eword
uautlwa ;eword he ;eword
eya ;eword ngwanana ;eword
nka ;eword keuqaletse ;eword mona ;eword
nka ;eword ke ;eword ena ;eword
keuqaletse ;eword ke ;eword ena ;eword
e ;eword
ebonolo ;eword ke ;eword ena ;eword
