mme ;eword uantihela ;eword
dihela ;eword
mme ;eword uantihela ;eword
mme ;eword uadiha ;eword ausi ;eword litlhare ;eword
eseng ;eword mme ;eword uantihela ;eword
baarolelana ;eword
nna ;eword jwale ;eword waka ;eword ke ;eword ofe ;eword
uetsa ;eword neng ;eword
kulo ;eword
thabang ;eword local ;eword court ;eword
ya ;eword sekhowa ;eword
ketla ;eword feela ;eword moo ;eword
ketla ;eword feela ;eword moo ;eword
bomang ;eword
ke ;eword mahe ;eword ntho ;eword ena ;eword
hoo ;eword ke ;eword eng ;eword hoo ;eword
ausi ;eword masebina ;eword hakere ;eword ngwana ;eword eo ;eword ke ;eword baby ;eword
ngwana ;eword eo ;eword
kesekeilosila ;eword
ha ;eword di ;eword yo ;eword
ha ;eword di ;eword yo ;eword
keje ;eword ntho ;eword ena ;eword
