mang ;eword
litlhare ;eword
manase ;eword theoha ;eword
theoha ;eword
manase ;eword ullelang ;eword
hantle ;eword ntle ;eword ullelang ;eword
ketlaudiela ;eword
ha ;eword kenahoudiela ;eword
ausi ;eword tselane ;eword
e ;eword olelahlile ;eword ka ;eword mora ;eword lerako ;eword
oare ;eword oentse ;eword ntlo ;eword encha ;eword
otlaetsa ;eword hape ;eword
mosi ;eword
mosi ;eword wa ;eword eng ;eword
ke ;eword wa ;eword mollo ;eword
thabo ;eword sekana ;eword feresa ;eword ka ;eword hare ;eword
wa ;eword namane ;eword nkaokopa ;eword
ha ;eword eye ;eword mona ;eword
hana ;eword ntate ;eword makapu ;eword ore ;eword ntja ;eword ee ;eword ke ;eword mang ;eword
fentenke ;eword
ore ;eword ausi ;eword mamello ;eword
nta ;eword ke ;eword ena ;eword mpinane ;eword
he ;eword bamophoqa ;eword
libuseng ;eword ere ;eword dumelang ;eword ho ;eword litlhare ;eword
libuseng ;eword libuseng ;eword ere ;eword ee ;eword le ;eword nna ;eword keaphela ;eword hoba ;eword kentseketsamaya ;eword
namane ;eword utlabeuchesa ;eword ngwana ;eword enwa ;eword
