unkang ;eword mono ;eword mololo ;eword
kebesa ;eword poone ;eword
unwa ;eword lesheleshele ;eword
kebatla ;eword metsi ;eword ausi ;eword ntsoaki ;eword
lesheleshele ;eword
ae ;eword mololo ;eword
abuti ;eword mohale ;eword wena ;eword
ee ;eword unka ;eword bana ;eword ba ;eword nyeo ;eword
ha ;eword keabanka ;eword bankilwe ;eword ke ;eword enwa ;eword
nka ;eword bahao ;eword ke ;eword bana ;eword ka ;eword mona ;eword
ee ;eword uaqhekella ;eword
ee ;eword ska ;eword nka ;eword koloi ;eword ya ;eword emong ;eword
ha ;eword se ;eword yona ;eword ena ;eword
ha ;eword se ;eword yona ;eword e ;eword letsopa ;eword ena ;eword
ee ;eword ska ;eword nka ;eword koloi ;eword ya ;eword emong ;eword
mololo ;eword tloo ;eword kwano ;eword keusebele ;eword
e ;eword
choo ;eword haholo ;eword
kereng ;eword
akh ;eword wena ;eword u ;eword sele ;eword
ketlare ;eword hotle ;eword hlobohang ;eword
usenya ;eword le ;eword ena ;eword ya ;eword hlobohang ;eword empa ;eword usentse ;eword yahao ;eword
ake ;eword ubone ;eword uleentseng ;eword lahao ;eword
jwale ;eword usenya ;eword la ;eword hlobohang ;eword
ee ;eword mololo ;eword
abuti ;eword mohale ;eword
abuti ;eword mohale ;eword
mphe ;eword poone ;eword
uhana ;eword ka ;eword poone ;eword yahao ;eword
mphe ;eword poone ;eword wena ;eword
wena ;eword ke ;eword mang ;eword mololo ;eword
mphe ;eword poone ;eword abuti ;eword mohale ;eword
abuti ;eword mohale ;eword
bapala ;eword abuti ;eword mohale ;eword
ho ;eword neng ;eword keufa ;eword
mphe ;eword poone ;eword abuti ;eword mohale ;eword
eachesa ;eword
ska ;eword mophakela ;eword mololo ;eword
