u ;eword leshano ;eword
eya ;eword bo ;eword keubone ;eword
tsamaya ;eword uye ;eword ka ;eword tlung ;eword
uya ;eword kae ;eword
uya ;eword kae ;eword
le ;eword nna ;eword keaya ;eword
reya ;eword hodimo ;eword kwana ;eword
ha ;eword reetse ;eword le ;eword wena ;eword
rere ;eword
mang ;eword
nna ;eword kere ;eword
ha ;eword rere ;eword
ure ;eword
nna ;eword kere ;eword
hothwe ;eword
nna ;eword kere ;eword
ha ;eword rere ;eword
ha ;eword kerwakane ;eword helang ;eword
untseure ;eword
untseurwaka ;eword mme ;eword towe ;eword
ha ;eword ulojwetsa ;eword mme ;eword
masebina ;eword
ona ;eword ke ;eword wa ;eword ausi ;eword sebina ;eword
sebina ;eword otlaobea ;eword marung ;eword
ke ;eword mang ;eword aitseng ;eword ukene ;eword
ke ;eword nna ;eword
utle ;eword le ;eword pompong ;eword
ketlautima ;eword
keiloutima ;eword
keiloutima ;eword dijo ;eword
tsaka ;eword wena ;eword
wena ;eword litlhare ;eword
keiloutima ;eword dijo ;eword tsaka ;eword
ketlaufa ;eword
tsamaya ;eword dijwetsa ;eword ausi ;eword mamello ;eword
uautlwa ;eword litlhare ;eword
litlhare ;eword
ketlaufa ;eword dijo ;eword tsaka ;eword
uautlwa ;eword
ketlaufa ;eword dijo ;eword
tsaka ;eword uautlwa ;eword
uautlwa ;eword litlhare ;eword
ntho ;eword ee ;eword ke ;eword yaka ;eword eo ;eword
ke ;eword ya ;eword mang ;eword
ke ;eword mang ;eword yaufileng ;eword
kae ;eword
ha ;eword reetsa ;eword tjee ;eword rere ;eword
tebela ;eword maelia ;eword
uautlwa ;eword
ebile ;eword kebone ;eword maelia ;eword
motebele ;eword
keneketlaufa ;eword dijo ;eword tsaka ;eword
ha ;eword reetseng ;eword
ebileng ;eword ketloutima ;eword dijo ;eword tsaka ;eword
ketlare ;eword mme ;eword camilla ;eword anngwathele ;eword
hakere ;eword ubone ;eword mme ;eword camilla ;eword
ha ;eword se ;eword mme ;eword wahao ;eword
mang ;eword
u ;eword leshano ;eword
e ;eword mme ;eword camilla ;eword ha ;eword se ;eword mme ;eword wahao ;eword
untseuja ;eword mo ;eword
utlampha ;eword moroho ;eword
ketlaufa ;eword dijo ;eword tsaka ;eword
ketlaufa ;eword dijo ;eword tsaka ;eword
uautlwa ;eword litlhare ;eword
di ;eword teng ;eword
keilodinka ;eword le ;eword nna ;eword
uilodinka ;eword ho ;eword mang ;eword
hakere ;eword utlampha ;eword
m ;eword
nna ;eword ketlaufa ;eword
le ;eword wena ;eword uautlwa ;eword
mm ;eword
ketlaufa ;eword diapole ;eword
le ;eword bohobe ;eword
nna ;eword keaja ;eword fa ;eword nna ;eword
uetsang ;eword
kere ;eword ntho ;eword ee ;eword
le ;eword wena ;eword uautlwa ;eword litlhare ;eword
ja ;eword
ke ;eword nna ;eword
tloo ;eword je ;eword litlhare ;eword
litlhare ;eword sheba ;eword toche ;eword yaka ;eword
ke ;eword ena ;eword
tloo ;eword dule ;eword mona ;eword
ketseba ;eword hoema ;eword
hothwe ;eword i ;eword am ;eword jumping ;eword
uebeile ;eword kae ;eword
ketlaebodisa ;eword
kebala ;eword two ;eword nna ;eword
utlatentswa ;eword ke ;eword mang ;eword
ha ;eword utsebe ;eword
litlhare ;eword utlatentswa ;eword ke ;eword mang ;eword
litlhare ;eword
nkebekakula ;eword
ha ;eword kekule ;eword
le ;eword nna ;eword yatswang ;eword ha ;eword kemofe ;eword dijo ;eword
akenang ;eword kemofa ;eword dijo ;eword
litlhare ;eword
ding ;eword
ha ;eword utsebe ;eword wena ;eword le ;eword wena ;eword
maoto ;eword ana ;eword ahao ;eword
uanthaha ;eword untseusautlwe ;eword
uantsikinyetsa ;eword
ketlautsikinyetsa ;eword
ke ;eword tlou ;eword
hele ;eword litlhare ;eword u ;eword mashano ;eword
ha ;eword se ;eword letlapeng ;eword mona ;eword
ke ;eword kae ;eword
ke ;eword fatse ;eword
ke ;eword kae ;eword
kae ;eword
ka ;eword tlung ;eword
ke ;eword mang ;eword oo ;eword wena ;eword
litlhare ;eword ha ;eword eka ;eword untseutititi ;eword
wena ;eword
hela ;eword wena ;eword litlhare ;eword
utlashapuwa ;eword ule ;eword emong ;eword
hela ;eword litlhare ;eword
utlashapuwa ;eword moo ;eword
litlhare ;eword uotlile ;eword ntiea ;eword haholo ;eword
wena ;eword litlhare ;eword
wena ;eword litlhare ;eword ubapale ;eword hantle ;eword le ;eword emong ;eword
utlatlohawaqhefetsa ;eword ntiea ;eword mona ;eword
ntiea ;eword auotle ;eword
echella ;eword kwana ;eword
ke ;eword ena ;eword ekholo ;eword ena ;eword
ha ;eword uebone ;eword hore ;eword ke ;eword koloi ;eword
utlilofa ;eword mang ;eword litlhare ;eword
litlhare ;eword baubitsa ;eword
hlaha ;eword mona ;eword
hlaha ;eword hape ;eword
ke ;eword koloi ;eword
tloha ;eword ketheohe ;eword litlhare ;eword
litlhare ;eword tloo ;eword theohe ;eword
uya ;eword kae ;eword marallaneng ;eword wena ;eword
ha ;eword hona ;eword mapholaneng ;eword
u ;eword leshano ;eword mapholaneng ;eword
ke ;eword tlokweng ;eword kwana ;eword
u ;eword mathetsi ;eword mapholaneng ;eword
ke ;eword tlokweng ;eword wena ;eword
bare ;eword ntiea ;eword ke ;eword ntala ;eword
ke ;eword abuti ;eword wahao ;eword ntala ;eword
hela ;eword untsubatlang ;eword ka ;eword tlasa ;eword bethe ;eword ka ;eword moo ;eword
ntho ;eword ke ;eword ena ;eword
bona ;eword moo ;eword ungwapileng ;eword ke ;eword mona ;eword
ke ;eword ntho ;eword yaka ;eword wena ;eword
litlhare ;eword skana ;eword kotjomisa ;eword
bethe ;eword ena ;eword
etlare ;eword rephe ;eword
wena ;eword litlhare ;eword ketlabekeuotle ;eword ha ;eword untseurehlopha ;eword
keilojwetsa ;eword ausi ;eword masebina ;eword
hore ;eword litlhare ;eword onantsakotjomisa ;eword
senepe ;eword sela ;eword sa ;eword rona ;eword se ;eword kae ;eword
ae ;eword wena ;eword batlaubetsa ;eword wena ;eword
hae ;eword wena ;eword seeta ;eword sena ;eword sa ;eword rona ;eword se ;eword kae ;eword
wena ;eword kebatla ;eword
tlohang ;eword mona ;eword betheng ;eword
he ;eword wena ;eword uya ;eword kae ;eword
nkaumakatsa ;eword wena ;eword
tloha ;eword hodima ;eword bethe ;eword
dula ;eword fatse ;eword
utswerwe ;eword ke ;eword boroko ;eword ba ;eword eng ;eword
udula ;eword fatse ;eword
udule ;eword
tloo ;eword dule ;eword fatse ;eword
tloloko ;eword ke ;eword ena ;eword
ke ;eword ena ;eword tloloko ;eword
ke ;eword ena ;eword
bo ;eword litlhare ;eword theoha ;eword betheng ;eword mona ;eword litlhare ;eword
kuka ;eword litlhare ;eword
emong ;eword ofetile ;eword hona ;eword tjee ;eword
litlhare ;eword ake ;eword ushebe ;eword koloi ;eword moo ;eword
theoha ;eword litlhare ;eword
hela ;eword litlhare ;eword tloha ;eword betheng ;eword mona ;eword wena ;eword
mme ;eword masebina ;eword ke ;eword eo ;eword
ke ;eword eo ;eword hle ;eword udule ;eword
dula ;eword fatse ;eword
he ;eword ke ;eword litlhare ;eword kannete ;eword
dula ;eword fatse ;eword litlhare ;eword
ntiea ;eword otlauotla ;eword
skaba ;eword re ;eword ntiea ;eword otlaobapadisa ;eword
ka ;eword moo ;eword esedieha ;eword ka ;eword mona ;eword
ketlautloela ;eword wena ;eword litlhare ;eword
uneubapalle ;eword
ka ;eword ha ;eword batho ;eword ka ;eword mona ;eword kenesekeutloheletse ;eword
ketlaushebella ;eword nna ;eword ha ;eword untseubapalla ;eword
beha ;eword ntho ;eword ya ;eword ngwana ;eword wena ;eword litlhare ;eword
tsamaya ;eword ako ;eword uye ;eword hodula ;eword moo ;eword untsengudutse ;eword
eya ;eword keilobolela ;eword
utsebe ;eword jwale ;eword keilobolela ;eword
keetabole ;eword
kannete ;eword
ere ;eword ketswe ;eword
ako ;eword be ;eword butle ;eword wena ;eword
nna ;eword ketlilo ;eword
kentseketla ;eword
litlhare ;eword ke ;eword heno ;eword moo ;eword
keakwala ;eword
hae ;eword wena ;eword
ketlabona ;eword
hakere ;eword litlhare ;eword kentsekeiketsetsa ;eword ntho ;eword eo ;eword keeratang ;eword
ke ;eword ena ;eword
ba ;eword kwano ;eword ka ;eword mona ;eword
keiloithoma ;eword
ketswerwe ;eword ke ;eword makaka ;eword litlhare ;eword
ke ;eword wena ;eword
litlhare ;eword
he ;eword wena ;eword litlhare ;eword
tsamaya ;eword hompulela ;eword helang ;eword
uautlwa ;eword litlhare ;eword
ntho ;eword ere ;eword
nna ;eword keiloithoma ;eword
uikwaletse ;eword le ;eword mang ;eword
kamohiba ;eword
hiba ;eword
le ;eword wena ;eword
uenkile ;eword
litlhare ;eword ichu ;eword
litlhare ;eword letsoho ;eword laka ;eword lerobehile ;eword
wena ;eword litlhare ;eword letsoho ;eword laka ;eword lerobehile ;eword
eile ;eword
letsoho ;eword laka ;eword lerobehile ;eword
ketlakena ;eword kae ;eword
letsoho ;eword laka ;eword lerobehile ;eword
ketlakena ;eword kae ;eword
ha ;eword lena ;eword taba ;eword ha ;eword lerobehile ;eword
letsoho ;eword laka ;eword lerobehile ;eword
ketlaubata ;eword
letsoho ;eword laka ;eword lerobehile ;eword
ha ;eword ashape ;eword
ketlilotena ;eword hantle ;eword
ere ;eword ketene ;eword hantle ;eword
nna ;eword marapo ;eword aka ;eword ha ;eword yo ;eword
ketlare ;eword ausi ;eword lipolelo ;eword anthekele ;eword mose ;eword otswanang ;eword le ;eword ona ;eword wahao ;eword
e ;eword kae ;eword
e ;eword ka ;eword morao ;eword
e ;eword ka ;eword morao ;eword
ureng ;eword
letsoho ;eword laka ;eword lerobehile ;eword
letsoho ;eword monwana ;eword waka ;eword orobehile ;eword
nna ;eword ntate ;eword waka ;eword keamotseba ;eword mono ;eword
leoto ;eword laka ;eword lerobehile ;eword
le ;eword nna ;eword keeme ;eword
ka ;eword mokhorong ;eword
ha ;eword se ;eword ka ;eword mokhorong ;eword ka ;eword mona ;eword
ke ;eword ya ;eword mang ;eword ee ;eword
ha ;eword yawela ;eword
ebileng ;eword wena ;eword
litlhare ;eword keiloutima ;eword diapole ;eword
ketlare ;eword mme ;eword camilla ;eword anngwathele ;eword
etsa ;eword maoto ;eword he ;eword
tsamaya ;eword uye ;eword mane ;eword
keetsa ;eword hona ;eword
tsamaya ;eword uye ;eword mishoneng ;eword
koloi ;eword ya ;eword mishoneng ;eword
dikoloi ;eword tsaka ;eword tsa ;eword mishone ;eword
motsware ;eword
festhaole ;eword
helang ;eword sesepa ;eword saka ;eword se ;eword kae ;eword
se ;eword kae ;eword
e ;eword
ebe ;eword ke ;eword ka ;eword tsa ;eword eng ;eword bo ;eword
