mme ;eword machaka ;eword mollo ;eword o ;eword kae ;eword
e ;eword kae ;eword soka ;eword
o ;eword kae ;eword ntala ;eword
ntala ;eword
mme ;eword
mme ;eword
ke ;eword hona ;eword kebesitseng ;eword
namane ;eword oile ;eword kae ;eword
litlhare ;eword o ;eword kae ;eword
otsamaile ;eword
ha ;eword o ;eword yo ;eword
e ;eword oile ;eword kantle ;eword kaofela ;eword
oile ;eword kaofela ;eword
wena ;eword ha ;eword uje ;eword ke ;eword eng ;eword
ore ;eword dierekise ;eword
ee ;eword wena ;eword
ngwana ;eword enwa ;eword oatena ;eword
