hee ;eword bo ;eword butle ;eword neuoe ;eword
neuoe ;eword nkatelle ;eword
nkatelle ;eword neuoe ;eword
kere ;eword
nkatelle ;eword
neuoe ;eword ake ;eword ure ;eword
ketlopepa ;eword hohong ;eword
kampong ;eword
ere ;eword kampong ;eword
le ;eword monana ;eword
keya ;eword hape ;eword hape ;eword
neuoe ;eword keya ;eword hape ;eword
helang ;eword ke ;eword eng ;eword jwale ;eword eo ;eword
ke ;eword eng ;eword yona ;eword ee ;eword ena ;eword ena ;eword ena ;eword ena ;eword
ena ;eword
ena ;eword
ere ;eword ketswe ;eword
keatswa ;eword
ere ;eword utlapalama ;eword sefofane ;eword
ere ;eword keya ;eword kampong ;eword
neuoe ;eword
ketlofofa ;eword
ure ;eword ke ;eword ana ;eword
ere ;eword ke ;eword ntate ;eword lefu ;eword
neuoe ;eword hothwe ;eword mme ;eword ya ;eword ntho ;eword empe ;eword eke ;eword
neuoe ;eword
ere ;eword ka ;eword lejwe ;eword
ere ;eword ke ;eword nkeletseng ;eword
hei ;eword neuoe ;eword
retlabesa ;eword poone ;eword neuoe ;eword
neuoe ;eword retlabesa ;eword dipoone ;eword le ;eword neuoe ;eword le ;eword sanku ;eword
le ;eword sanku ;eword otlaebesa ;eword
tloha ;eword he ;eword
neuoe ;eword neuoe ;eword we ;eword
neuoe ;eword we ;eword neuoe ;eword
otlaya ;eword kliniking ;eword
uautlwa ;eword neuoe ;eword
hape ;eword ketlaetswa ;eword khweding ;eword etlang ;eword
neuoe ;eword sheba ;eword
kekentse ;eword sehloho ;eword sa ;eword modimo ;eword
ere ;eword kelethotse ;eword
ere ;eword kelethotse ;eword
mohlang ;eword wane ;eword
hela ;eword keithobaletse ;eword
kearobala ;eword
keakhaleha ;eword
tlosa ;eword kobo ;eword yahao ;eword
tsamaya ;eword horobala ;eword ka ;eword nqane ;eword
helang ;eword moo ;eword keiqaletseng ;eword
neuoe ;eword ngwana ;eword o ;eword kae ;eword
e ;eword
ke ;eword enwa ;eword kemotsela ;eword ka ;eword mona ;eword
keaiketsa ;eword he ;eword
helang ;eword kabatlakewela ;eword hodima ;eword kumbakumba ;eword
neuoe ;eword kobo ;eword ya ;eword ngwana ;eword
yahao ;eword e ;eword kae ;eword
a ;eword hle ;eword neuoe ;eword
ke ;eword yahao ;eword
nna ;eword kobo ;eword yaka ;eword ke ;eword ena ;eword
ha ;eword e ;eword yo ;eword
ha ;eword e ;eword yo ;eword elahlehile ;eword
kobo ;eword ya ;eword ngwana ;eword neuoe ;eword eile ;eword kae ;eword
hothwe ;eword hle ;eword neuoe ;eword reepate ;eword
utlare ;eword kobo ;eword ya ;eword ngwana ;eword waka ;eword e ;eword kae ;eword
kobo ;eword ya ;eword ngwana ;eword wahao ;eword e ;eword kae ;eword neuoe ;eword
e ;eword neuoe ;eword
neuoe ;eword kobo ;eword ya ;eword ngwana ;eword wahao ;eword e ;eword kae ;eword
ha ;eword keaepate ;eword
keilohlaha ;eword
neuoe ;eword ngwana ;eword o ;eword kae ;eword
nna ;eword kepatile ;eword ngwana ;eword waka ;eword
keatseba ;eword na ;eword keya ;eword kae ;eword
neuoe ;eword bana ;eword baka ;eword
neuoe ;eword sheba ;eword bana ;eword ha ;eword ba ;eword yo ;eword oo ;eword
neuoe ;eword sheba ;eword bana ;eword ha ;eword ba ;eword yo ;eword
neuoe ;eword bana ;eword ha ;eword ba ;eword yo ;eword
ha ;eword ba ;eword yo ;eword
keatseba ;eword
nka ;eword ke ;eword enwa ;eword
ke ;eword enwa ;eword
kobo ;eword e ;eword kae ;eword neuoe ;eword
kobo ;eword ya ;eword ngwana ;eword wahao ;eword e ;eword kae ;eword neuoe ;eword
hoba ;eword untsure ;eword
kenkile ;eword ngwana ;eword wahao ;eword
keilomopata ;eword feela ;eword e ;eword neuoe ;eword
ha ;eword reye ;eword reilomosheba ;eword
ha ;eword reilomosheba ;eword
neuoe ;eword ha ;eword remetheng ;eword
ha ;eword reye ;eword
bona ;eword neuoe ;eword
ketla ;eword ka ;eword mona ;eword
nna ;eword keatseba ;eword na ;eword keetsang ;eword
neuoe ;eword ketla ;eword le ;eword kobo ;eword yaka ;eword
keepepile ;eword
bona ;eword ke ;eword ena ;eword kobo ;eword yaka ;eword
kobo ;eword yaka ;eword kere ;eword
keepatile ;eword
enke ;eword fotsek ;eword
a ;eword hle ;eword
neuoe ;eword tlosa ;eword mono ;eword
tlosa ;eword mane ;eword
tlosa ;eword leoto ;eword wena ;eword
hm ;eword boneuoe ;eword
ichu ;eword neuoe ;eword
helang ;eword kobo ;eword e ;eword kae ;eword
neuoe ;eword engwe ;eword ya ;eword ngwana ;eword wahao ;eword
tlisa ;eword katiba ;eword ena ;eword yaka ;eword
nka ;eword
e ;eword kae ;eword
kere ;eword ngwe ;eword
kere ;eword engwe ;eword tsengata ;eword
kelepatile ;eword
ka ;eword tlase ;eword ha ;eword bethe ;eword
e ;eword
ka ;eword tlase ;eword ha ;eword bethe ;eword
le ;eword ka ;eword dijaneng ;eword
le ;eword ka ;eword dikhabeng ;eword
nna ;eword kerata ;eword tsane ;eword
bo ;eword butle ;eword ketloujwentsa ;eword nna ;eword
kerata ;eword efeng ;eword
kerata ;eword tsee ;eword ka ;eword nqena ;eword
le ;eword tsane ;eword tsentle ;eword
retlaja ;eword ka ;eword dikhaba ;eword
neuoe ;eword kobo ;eword yahao ;eword e ;eword kae ;eword
kobo ;eword yahao ;eword e ;eword kae ;eword
bona ;eword bo ;eword butle ;eword
e ;eword ha ;eword reebone ;eword
reeshebe ;eword
ema ;eword
reeshebe ;eword
ke ;eword ena ;eword
oepatile ;eword
urekile ;eword ngwana ;eword
keautseba ;eword
e ;eword neuoe ;eword uatseba ;eword na ;eword ke ;eword mang ;eword yantsengare ;eword
ke ;eword nna ;eword
neuoe ;eword
we ;eword
keahana ;eword
