neuoe ;eword ha ;eword wadithata ;eword hantle ;eword
neuoe ;eword neuoe ;eword utholetseng ;eword wena ;eword
neuoe ;eword rwala ;eword diete ;eword tsena ;eword hantle ;eword ketlomoshapa ;eword atopola ;eword tjee ;eword
mm ;eword ha ;eword usabatla ;eword hobapala ;eword hm ;eword
he ;eword wena ;eword
ubatla ;eword horobala ;eword
urobala ;eword le ;eword motsehare ;eword
he ;eword ha ;eword kesomoutlwe ;eword ngwanana ;eword yarobalang ;eword motsehare ;eword
ya ;eword jwale ;eword ka ;eword wena ;eword hm ;eword
u ;eword botswa ;eword bofeng ;eword
mme ;eword manyeo ;eword u ;eword ngwanana ;eword ya ;eword botswa ;eword
wena ;eword jwale ;eword ha ;eword usabatla ;eword honka ;eword dintho ;eword hobapala ;eword
utswerwe ;eword ke ;eword boroko ;eword
ha ;eword usatseba ;eword hobapala ;eword
boutswara ;eword hoseng ;eword boroko ;eword uatseba ;eword
ke ;eword eng ;eword ha ;eword boroko ;eword boutswara ;eword hoseng ;eword hakalekale ;eword
neuoe ;eword tloha ;eword monyako ;eword
neuoe ;eword tloha ;eword monyako ;eword skanna ;eword etsa ;eword tjena ;eword dintho ;eword tseno ;eword utladidiha ;eword tlisa ;eword ka ;eword nqena ;eword
neuoe ;eword seka ;eword itsetleha ;eword ka ;eword bethe ;eword
nna ;eword kedutse ;eword setulong ;eword
lapeng ;eword moo ;eword khanthe ;eword hoarekiswa ;eword
hoarekiswa ;eword ekare ;eword ke ;eword levenkeleng ;eword
hm ;eword jwale ;eword wena ;eword uathusa ;eword
le ;eword ha ;eword mme ;eword mamello ;eword dia ;eword
neuoe ;eword
neuoe ;eword unkileng ;eword
ona ;eword le ;eword ngwana ;eword ke ;eword yane ;eword
e ;eword neuoe ;eword bale ;eword bakae ;eword
ha ;eword hothwe ;eword banebale ;eword kae ;eword hothwe ;eword banebale ;eword bakae ;eword
ka ;eword matso ;eword ka ;eword mamao ;eword amangata ;eword hakale ;eword uankile ;eword kae ;eword
uankile ;eword kae ;eword
ema ;eword neuoe ;eword
thola ;eword neuoe ;eword
