eatsamaya ;eword habo ;eword yona ;eword
eabaleha ;eword
eaema ;eword
eya ;eword habo ;eword qetelo ;eword eaema ;eword eaema ;eword
eakena ;eword ka ;eword tlung ;eword habo ;eword qetelo ;eword eaema ;eword
eaema ;eword ka ;eword tlung ;eword
eatswa ;eword
kere ;eword koloi ;eword
ere ;eword etswa ;eword moleko ;eword towe ;eword
mme ;eword
pe ;eword pe ;eword pe ;eword
dintho ;eword tsanene ;eword ke ;eword tseno ;eword dirapa ;eword mme ;eword
mme ;eword dirapa ;eword tsela ;eword di ;eword jwang ;eword
oileakarefa ;eword le ;eword dirapa ;eword
tsela ;eword tsephehilweng ;eword
utlwa ;eword laka ;eword wena ;eword ha ;eword lere ;eword ooo ;eword
mme ;eword ungwathela ;eword ditee ;eword tsepedi ;eword
tsepedi ;eword ka ;eword nqe ;eword ka ;eword ho ;eword khapung ;eword
le ;eword ee ;eword ka ;eword lebekereng ;eword leo ;eword la ;eword dipalesa ;eword
mme ;eword
hobane ;eword ha ;eword keaetsa ;eword letho ;eword
ah ;eword
oo ;eword e ;eword
danki ;eword he ;eword mme ;eword
esachesa ;eword
keaenwa ;eword
ha ;eword esachesa ;eword
kebatla ;eword honwa ;eword ka ;eword khaba ;eword
eachesa ;eword
kebatla ;eword ha ;eword ebata ;eword
mme ;eword
mme ;eword sheba ;eword kenka ;eword jwang ;eword
ke ;eword seo ;eword
e ;eword kae ;eword
phafa ;eword e ;eword kae ;eword
keilekakhotla ;eword ka ;eword morao ;eword
mm ;eword mona ;eword
haa ;eword
ha ;eword le ;eword yo ;eword
lelahlehile ;eword
kere ;eword lelahlehile ;eword
kere ;eword
lelahlehile ;eword mme ;eword
sheba ;eword ntho ;eword ee ;eword ntho ;eword ee ;eword mokhotsi ;eword ke ;eword yaka ;eword mokhotsi ;eword
letho ;eword
mokhotsi ;eword
mokhotsi ;eword wa ;eword moroa ;eword
ka ;eword nqena ;eword
balekanang ;eword le ;eword bana ;eword babanyane ;eword
kenekebona ;eword kapo ;eword tee ;eword e ;eword teng ;eword mona ;eword
kere ;eword kengwatha ;eword teng ;eword
oh ;eword kedula ;eword kae ;eword
ketlodula ;eword mona ;eword
mo ;eword
ketlaetsela ;eword fatse ;eword
eseele ;eword nyane ;eword
hele ;eword
ketloetsa ;eword phampa ;eword ee ;eword yane ;eword
ketloetsa ;eword koloi ;eword ena ;eword
ketloetsa ;eword koloi ;eword ka ;eword phafa ;eword ena ;eword
eafihla ;eword mane ;eword eaema ;eword
eya ;eword habo ;eword qetelo ;eword
eafihla ;eword habo ;eword qetelo ;eword
ke ;eword ka ;eword mane ;eword habo ;eword qetelo ;eword ke ;eword ka ;eword mane ;eword
ke ;eword mane ;eword pele ;eword habo ;eword ausi ;eword
pela ;eword habo ;eword qetelo ;eword
pela ;eword habo ;eword nkeletseng ;eword
pela ;eword habo ;eword nkeletseng ;eword
pela ;eword habo ;eword
trrrr ;eword ekena ;eword habo ;eword qetelo ;eword
ekene ;eword ka ;eword tlung ;eword
he ;eword eafihla ;eword mohaolwaneng ;eword
eafihla ;eword
eafihla ;eword mane ;eword ke ;eword ena ;eword trrrr ;eword eakena ;eword
eamohata ;eword
keatsamaya ;eword
ketloiketsa ;eword
eahata ;eword
ngwaneso ;eword ya ;eword monyane ;eword ke ;eword enwa ;eword
ke ;eword tlou ;eword kapo ;eword ke ;eword eng ;eword ke ;eword eng ;eword
ya ;eword moholo ;eword heso ;eword ke ;eword mang ;eword ke ;eword ena ;eword
koko ;eword eetsang ;eword jwalo ;eword
ke ;eword enwa ;eword ya ;eword moholo ;eword ke ;eword mang ;eword ke ;eword enwa ;eword weso ;eword le ;eword eno ;eword
eetsang ;eword ka ;eword lebekere ;eword lena ;eword
mme ;eword
hodima ;eword sospane ;eword
efe ;eword efe ;eword
moo ;eword
nna ;eword ha ;eword keebone ;eword
lefeng ;eword
moo ;eword
ke ;eword mang ;eword eo ;eword yareng ;eword le ;eword bona ;eword
ke ;eword qetelo ;eword keakholwa ;eword
e ;eword ke ;eword qetelo ;eword
hela ;eword eafihla ;eword
eafihla ;eword
efihlile ;eword mohaolwaneng ;eword
helang ;eword keakhasa ;eword
ke ;eword yane ;eword mane ;eword phafa ;eword ketlaenka ;eword
ketlamo ;eword
ketlanka ;eword he ;eword
ketlaikhumamela ;eword
hele ;eword bona ;eword baesekele ;eword
ubone ;eword baesekele ;eword
bona ;eword yaka ;eword
uabona ;eword nna ;eword bona ;eword uabona ;eword
oh ;eword
hele ;eword uabona ;eword baesekele ;eword
keetsa ;eword baesekele ;eword
mme ;eword sheba ;eword ha ;eword keetsa ;eword botje ;eword
oh ;eword
mme ;eword keebehe ;eword betheng ;eword
keebehe ;eword kae ;eword
baesekele ;eword bona ;eword
bona ;eword bona ;eword mme ;eword
ubehile ;eword kae ;eword mme ;eword
ke ;eword eo ;eword ke ;eword eo ;eword bona ;eword
ketlamofa ;eword etje ;eword
etje ;eword
ekareng ;eword eatsamaya ;eword e ;eword kholo ;eword
koloi ;eword le ;eword baesekele ;eword
ketlafa ;eword ngwana ;eword eno ;eword koloi ;eword le ;eword baesekele ;eword
ketlafa ;eword ngwaneso ;eword koloi ;eword le ;eword baesekele ;eword
kere ;eword dintho ;eword tsena ;eword tsenana ;eword tsee ;eword
ketlaetsa ;eword ka ;eword kwane ;eword
hakere ;eword keetsa ;eword
hele ;eword
ketloetsa ;eword jwalo ;eword hape ;eword
hele ;eword eaqothoma ;eword pela ;eword mme ;eword
pela ;eword mme ;eword
hele ;eword eqothomile ;eword
hele ;eword akha ;eword
hele ;eword eqothomile ;eword
mme ;eword o ;eword koloi ;eword
hele ;eword efihlile ;eword mane ;eword
eafihla ;eword mane ;eword
keetsa ;eword tje ;eword
hei ;eword bo ;eword
aa ;eword ketlaiketsetsa ;eword
keya ;eword ha ;eword nkhono ;eword matlou ;eword
wena ;eword mme ;eword kenka ;eword bolekana ;eword
keatsamaya ;eword
keya ;eword le ;eword bolekana ;eword
keilore ;eword amphe ;eword diperekisi ;eword
ha ;eword keiloetsa ;eword letho ;eword
keilodula ;eword fatse ;eword
hey ;eword ka ;eword monana ;eword
ke ;eword hobane ;eword ha ;eword metsi ;eword
metsi ;eword ke ;eword ana ;eword
boleke ;eword baka ;eword ke ;eword bona ;eword he ;eword
ketlabolata ;eword
ha ;eword nkhono ;eword matlou ;eword
kere ;eword kentsekefuwa ;eword perekisi ;eword
le ;eword moroa ;eword le ;eword nkeletseng ;eword le ;eword hleso ;eword ke ;eword tsena ;eword ka ;eword mona ;eword
ke ;eword tsena ;eword
mm ;eword eh ;eword tsahao ;eword ke ;eword tsena ;eword tsa ;eword mme ;eword mamello ;eword ke ;eword tsena ;eword
moroa ;eword osatsamaya ;eword
ha ;eword afe ;eword mme ;eword mamello ;eword
keitse ;eword ketladipheha ;eword
kediebole ;eword kediphehe ;eword
ah ;eword keilodipheha ;eword
ketlauphehela ;eword
eya ;eword
kantle ;eword mane ;eword kedibese ;eword
kedibese ;eword
kere ;eword kedibese ;eword
keilobeha ;eword kobo ;eword
ketlolekhethisa ;eword
oh ;eword keja ;eword diperekisi ;eword
m ;eword
tseding ;eword disetse ;eword
ke ;eword jwalo ;eword
e ;eword
mme ;eword sheba ;eword ntho ;eword e ;eword jwalo ;eword
keeje ;eword
mm ;eword fatse ;eword le ;eword ka ;eword baketeng ;eword
mme ;eword le ;eword nkhono ;eword malebea ;eword le ;eword mme ;eword mapitso ;eword hape ;eword
le ;eword ena ;eword ale ;eword teng ;eword
ntlo ;eword
e ;eword monate ;eword ntho ;eword ena ;eword
osale ;eword hae ;eword
e ;eword monate ;eword ntho ;eword ena ;eword uatseba ;eword mme ;eword
mme ;eword ngwana ;eword o ;eword kae ;eword
ontsearobetse ;eword mme ;eword
o ;eword kae ;eword
o ;eword kantle ;eword
ochaketse ;eword mme ;eword mapoloko ;eword
hleso ;eword oneare ;eword
basetse ;eword teng ;eword
tsenetu ;eword le ;eword hleso ;eword
keilolahla ;eword
ereng ;eword mme ;eword ke ;eword ntho ;eword yane ;eword eneele ;eword mona ;eword
ntho ;eword yane ;eword kenekeubontsa ;eword yona ;eword
ebile ;eword kenekeeja ;eword
perekisi ;eword
chee ;eword kapetsola ;eword katse ;eword yane ;eword mohlang ;eword wane ;eword
kenekeebolaye ;eword
mohlang ;eword wane ;eword bosiu ;eword habo ;eword ausi ;eword nyeo ;eword
habo ;eword ausi ;eword mpenne ;eword le ;eword bo ;eword ausi ;eword makhala ;eword
babina ;eword lapeng ;eword ebile ;eword chee ;eword
kaebolaya ;eword katse ;eword
heso ;eword
hanthe ;eword ebile ;eword keethutse ;eword
jwale ;eword ha ;eword baebolaya ;eword
yane ;eword entso ;eword yane ;eword empe ;eword entso ;eword ekareng ;eword
yane ;eword etsweu ;eword ya ;eword hleso ;eword
katse ;eword
engwe ;eword ke ;eword ena ;eword
ntho ;eword engwe ;eword
hey ;eword ke ;eword ena ;eword eshebe ;eword mme ;eword ke ;eword ena ;eword
mme ;eword uaya ;eword hoenka ;eword
kae ;eword
e ;eword kae ;eword oh ;eword perekisi ;eword yaka ;eword engwe ;eword ke ;eword ena ;eword betheng ;eword mona ;eword
e ;eword
mme ;eword keiloeebola ;eword
uautlwa ;eword mme ;eword
kesehele ;eword tsenethu ;eword
uautlwa ;eword mme ;eword
keilomosehela ;eword
hey ;eword ha ;eword mme ;eword mapoloko ;eword
m ;eword
keya ;eword le ;eword yahae ;eword
uautlwa ;eword mme ;eword
mme ;eword ha ;eword utsamaye ;eword
m ;eword
e ;eword mme ;eword engwe ;eword ke ;eword ena ;eword
mme ;eword dierekisi ;eword tsela ;eword dintsedile ;eword teng ;eword
tsane ;eword reneredija ;eword
reneredikuka ;eword maobane ;eword
e ;eword mme ;eword
mme ;eword dierekisi ;eword tsela ;eword dintsedile ;eword teng ;eword
e ;eword mme ;eword
tsela ;eword reneredija ;eword hoseng ;eword motsehare ;eword khale ;eword kwane ;eword
e ;eword mme ;eword mme ;eword ha ;eword disaleyo ;eword
utlatla ;eword le ;eword tseding ;eword
nkhono ;eword asale ;eword
atla ;eword le ;eword pwane ;eword
asale ;eword lapeng ;eword
mme ;eword le ;eword rona ;eword retlaya ;eword
kwa ;eword ure ;eword tseding ;eword ditla ;eword
ditlatla ;eword
mme ;eword ketle ;eword le ;eword thipa ;eword
ketloebola ;eword
ketlosehela ;eword tsenetu ;eword
ketlamosiyela ;eword
ketlasiya ;eword kebehe ;eword ka ;eword mona ;eword
uautlwa ;eword mme ;eword
ke ;eword mme ;eword kesehe ;eword kesehe ;eword
a ;eword
thipa ;eword e ;eword kae ;eword
ale ;eword mong ;eword
m ;eword
engwe ;eword ke ;eword ena ;eword
mm ;eword ke ;eword ena ;eword ke ;eword ena ;eword kobong ;eword yaka ;eword
eshebe ;eword ke ;eword ena ;eword
ketlomoqhetsolela ;eword ho ;eword yona ;eword
thipa ;eword e ;eword kae ;eword mme ;eword
e ;eword
hoakidipa ;eword
uatseba ;eword mme ;eword kere ;eword hoakidipa ;eword
hoakidipa ;eword
diphakwe ;eword hothwe ;eword kidip ;eword hoo ;eword
kere ;eword hoakidipa ;eword
mme ;eword kedibehe ;eword
kebehe ;eword moo ;eword moo ;eword
moo ;eword
e ;eword
ketla ;eword le ;eword thipa ;eword
keafeta ;eword
keilonka ;eword thipa ;eword
ketlosehela ;eword tsenetu ;eword
ee ;eword mme ;eword
ketloseha ;eword
ka ;eword khaba ;eword
keseha ;eword ka ;eword khaba ;eword
kesehela ;eword tsenetu ;eword ka ;eword botlolo ;eword
seha ;eword seha ;eword ee ;eword e ;eword monate ;eword
keiloseha ;eword ka ;eword nye ;eword ka ;eword botlolo ;eword ka ;eword thipa ;eword
thipa ;eword
perekisi ;eword
keseha ;eword perekisi ;eword
kere ;eword perekisi ;eword
kesekeesehile ;eword
kesehetse ;eword
kesehile ;eword khwele ;eword
eneele ;eword nyane ;eword
keilonka ;eword thipa ;eword
keafeta ;eword
keilonka ;eword thipa ;eword
e ;eword
e ;eword
keabatla ;eword
e ;eword
e ;eword
oh ;eword mme ;eword ketle ;eword le ;eword thipa ;eword
kewetse ;eword
ke ;eword nna ;eword atlaiqhwaela ;eword
keaetseba ;eword
mme ;eword keatseba ;eword
le ;eword moroho ;eword
m ;eword
tseding ;eword dintsedile ;eword teng ;eword ka ;eword moo ;eword
ha ;eword keje ;eword dirapa ;eword
ha ;eword keje ;eword dirapa ;eword wena ;eword
mme ;eword le ;eword ha ;eword kejele ;eword dipompong ;eword
wena ;eword mme ;eword ha ;eword keqeta ;eword mona ;eword ketlolekhethisa ;eword
mme ;eword leseletloqeta ;eword
tsenethu ;eword ha ;eword kemoqhetsolele ;eword
m ;eword kemofa ;eword kaofela ;eword yona ;eword pompong ;eword ena ;eword
dirapa ;eword tsona ;eword keadija ;eword
hei ;eword bo ;eword ichu ;eword keitomme ;eword
keiloebeha ;eword ka ;eword mane ;eword
pompong ;eword
eng ;eword
ebe ;eword kaofela ;eword heso ;eword moo ;eword
ketsele ;eword metsi ;eword
ketlokhetha ;eword
kekhethe ;eword
oo ;eword
mme ;eword koro ;eword eo ;eword utlaepheha ;eword
utlotseba ;eword hoepheha ;eword
mme ;eword ke ;eword nna ;eword yatladubang ;eword le ;eword hleso ;eword
etlaba ;eword nna ;eword feela ;eword
mme ;eword ureng ;eword
e ;eword
hape ;eword ke ;eword nna ;eword yatlaingwathelang ;eword mme ;eword
hoba ;eword keasebetsa ;eword
mongwathele ;eword bohobe ;eword
oasebetsa ;eword
m ;eword
mme ;eword hape ;eword ketlangwathela ;eword le ;eword mme ;eword mamello ;eword
m ;eword
mme ;eword sheba ;eword koro ;eword
keanka ;eword
uautlwa ;eword mme ;eword
keetsele ;eword mme ;eword
m ;eword
m ;eword
ebile ;eword kefetwa ;eword ke ;eword nkeletseng ;eword
ebileng ;eword mm ;eword
kenekerwale ;eword hantle ;eword
mme ;eword hotloswa ;eword le ;eword dintho ;eword tsee ;eword
retlajelella ;eword le ;eword tsona ;eword
e ;eword yane ;eword
retlasefa ;eword
ke ;eword nna ;eword yatlasefang ;eword mme ;eword
mme ;eword kere ;eword ditsintsi ;eword
lane ;eword hele ;eword lejwe ;eword ke ;eword lane ;eword
lejwe ;eword ke ;eword lane ;eword
ke ;eword nna ;eword yatlaetsang ;eword jwalo ;eword
mme ;eword
mme ;eword
keeje ;eword
hoba ;eword mme ;eword mohla ;eword ee ;eword ke ;eword
kemofile ;eword perekisi ;eword
osiyetse ;eword ho ;eword nna ;eword
oh ;eword
ke ;eword thupa ;eword
pompong ;eword mme ;eword keethuhile ;eword
omphile ;eword omphile ;eword ha ;eword e ;eword yo ;eword mm ;eword
mm ;eword
ha ;eword e ;eword yo ;eword
keakhetha ;eword
keakhetha ;eword
mme ;eword sheba ;eword kekhetha ;eword keentse ;eword jwang ;eword
kathola ;eword majwe ;eword
kathola ;eword ka ;eword majwe ;eword
mme ;eword jwale ;eword ha ;eword resoqete ;eword
retlakhetha ;eword
mme ;eword uabona ;eword
keseketliloqeta ;eword
mme ;eword sheba ;eword mona ;eword keseketliloqeta ;eword
sheba ;eword mona ;eword kesekeqeta ;eword
sheba ;eword mme ;eword monana ;eword keseketliloqeta ;eword
ke ;eword ela ;eword
ke ;eword ela ;eword hai ;eword
shebang ;eword keentseng ;eword
ketseba ;eword hokhetha ;eword
mona ;eword
kekhetha ;eword hantle ;eword nna ;eword
mme ;eword sheba ;eword na ;eword keentseng ;eword
sheba ;eword mme ;eword kentsekere ;eword
mme ;eword mme ;eword bona ;eword reentse ;eword ntho ;eword e ;eword kae ;eword
uabona ;eword retloqeta ;eword mme ;eword
mme ;eword sheba ;eword na ;eword reentse ;eword ekae ;eword
ke ;eword mang ;eword yaentseng ;eword jwalo ;eword
keanka ;eword mme ;eword
e ;eword eke ;eword eke ;eword eke ;eword
enke ;eword hantle ;eword
ngwaneso ;eword isa ;eword letsoho ;eword ka ;eword hare ;eword
nka ;eword nka ;eword
mme ;eword bona ;eword ke ;eword moholo ;eword hakere ;eword
mme ;eword sheba ;eword
kere ;eword ntho ;eword
mme ;eword dintho ;eword tsee ;eword ditlophehuwa ;eword dishebe ;eword
mme ;eword tsee ;eword
mme ;eword dintho ;eword tsee ;eword ditlophehuwa ;eword tsee ;eword
mme ;eword sheba ;eword
mme ;eword uabona ;eword resereqetile ;eword
e ;eword
e ;eword kere ;eword
ure ;eword
reseretloqeta ;eword
e ;eword keakholwa ;eword
sheba ;eword mme ;eword
utsebe ;eword
nkeletseng ;eword oakhetha ;eword tjee ;eword
chee ;eword sheba ;eword mme ;eword nkeletseng ;eword oakhetha ;eword tjee ;eword
oakhetha ;eword tjee ;eword
habo ;eword okhetha ;eword koro ;eword
helang ;eword
mme ;eword sheba ;eword
sheba ;eword majwe ;eword ana ;eword
reseretliloqeta ;eword
kekhetha ;eword
kentsekeekhetha ;eword
kentsekere ;eword
mme ;eword uabona ;eword majwe ;eword ha ;eword a ;eword yo ;eword
mme ;eword uabona ;eword
mme ;eword le ;eword dintho ;eword tsee ;eword dialahlwa ;eword tsee ;eword
ketsela ;eword koro ;eword ena ;eword
eo ;eword keekhethileng ;eword ka ;eword mona ;eword
hey ;eword mme ;eword utsetse ;eword
ere ;eword ketsele ;eword
ka ;eword moo ;eword
ekhethuwe ;eword
mme ;eword keeje ;eword
mme ;eword utlaqhala ;eword
utlaqhala ;eword
ke ;eword mang ;eword yaeqhadileng ;eword moo ;eword he ;eword mme ;eword
kapa ;eword ha ;eword se ;eword nna ;eword
ha ;eword ketsebe ;eword
ha ;eword se ;eword nna ;eword hle ;eword mme ;eword
mang ;eword
mm ;eword
ha ;eword keakhathala ;eword mme ;eword
mme ;eword tse ;eword tsona ;eword
mme ;eword sheba ;eword
keetse ;eword ntlo ;eword ejwang ;eword
ache ;eword mme ;eword tlohela ;eword
keetsa ;eword
hosekaqhalana ;eword
mme ;eword
mme ;eword uabona ;eword kesekele ;eword moholo ;eword
kesekele ;eword moholo ;eword
mme ;eword uabona ;eword kesekele ;eword moholo ;eword
kefetwa ;eword ke ;eword nkeletseng ;eword
keamofeta ;eword
kefeta ;eword nkeletseng ;eword
keamofeta ;eword
kebatla ;eword eskabaqhalana ;eword hle ;eword mme ;eword
mme ;eword sheba ;eword tsenetu ;eword
omphile ;eword
keeje ;eword
ha ;eword amphile ;eword tjee ;eword
mme ;eword sheba ;eword
mme ;eword hana ;eword keufile ;eword
hana ;eword keufile ;eword
hana ;eword keufile ;eword perekisi ;eword
tsepedi ;eword
keamoneha ;eword
nka ;eword
nka ;eword hei ;eword bo ;eword
keashapa ;eword
keashapa ;eword
eke ;eword mme ;eword ke ;eword mobu ;eword
keaeja ;eword
ebile ;eword keaeja ;eword
m ;eword
m ;eword
shebang ;eword
reseretliloqeta ;eword
setsubelo ;eword
o ;eword
ke ;eword yaka ;eword
sheba ;eword ntho ;eword yaka ;eword
sheba ;eword mona ;eword
ketloqeta ;eword pele ;eword ho ;eword bona ;eword
mme ;eword makhapetla ;eword a ;eword dinamune ;eword ajuwa ;eword
ajuwa ;eword
ababa ;eword
ababa ;eword hle ;eword mme ;eword
mme ;eword sheba ;eword tsenetu ;eword
oileakaqhumisetsa ;eword setsubelo ;eword
are ;eword
are ;eword
e ;eword eya ;eword oqhometse ;eword mona ;eword
bona ;eword
oseqhomeditse ;eword ho ;eword nna ;eword
oseqhomisetsa ;eword kobong ;eword yaka ;eword
oaseqhomisa ;eword
uakhathatsa ;eword hle ;eword tsenetu ;eword
oasekwaolla ;eword
osekwalola ;eword ka ;eword ho ;eword nna ;eword
nka ;eword
sheba ;eword mme ;eword
ntho ;eword ee ;eword tsenetu ;eword eileyadihelwa ;eword ke ;eword eng ;eword
nka ;eword
ke ;eword lekwenya ;eword
kealeja ;eword
dikhopo ;eword tsena ;eword
mme ;eword sheba ;eword
mme ;eword sheba ;eword nna ;eword makhapetla ;eword aa ;eword
mme ;eword hela ;eword
mme ;eword makhapetla ;eword are ;eword
sheba ;eword mme ;eword
kelelahle ;eword
nna ;eword ketlolekwenya ;eword lekhapetla ;eword lena ;eword kelejeleng ;eword
kesiyela ;eword lekhapetla ;eword la ;eword motsehare ;eword
kelelahle ;eword
ketlofola ;eword sefuba ;eword
tlisa ;eword
nna ;eword ha ;eword kenahomoneheletsa ;eword lekhale ;eword
ke ;eword hobane ;eword oankhathatsa ;eword
kwala ;eword mme ;eword
mme ;eword ake ;eword untlotse ;eword
mme ;eword uabona ;eword
hotheoha ;eword
hey ;eword
keetsa ;eword kapele ;eword nna ;eword
mme ;eword ure ;eword tsee ;eword
ure ;eword tsee ;eword
mme ;eword nkampakakuka ;eword ngwana ;eword enwa ;eword
umotheole ;eword kemokuke ;eword
kemokuke ;eword
kemokuke ;eword hantle ;eword
hakere ;eword
ketlolekana ;eword le ;eword abuti ;eword mojalefa ;eword
keseketseba ;eword hokhetha ;eword
khetha ;eword
keebehe ;eword moo ;eword
keelahle ;eword
e ;eword
nka ;eword hle ;eword moshanyana ;eword
nka ;eword ke ;eword ena ;eword
ke ;eword ntate ;eword
ntate ;eword
ntate ;eword
ausi ;eword nthati ;eword
ure ;eword utlomojwetsa ;eword
mang ;eword
ausi ;eword nthati ;eword
utlampha ;eword
utlampha ;eword pene ;eword
utlampha ;eword pene ;eword
m ;eword
mme ;eword otlomojwetse ;eword
mme ;eword otlomojwetse ;eword sakeng ;eword
e ;eword
nka ;eword
bona ;eword oalephutha ;eword
letsoho ;eword ke ;eword lena ;eword
ke ;eword lena ;eword leleng ;eword
nka ;eword
nka ;eword lekwenya ;eword
nka ;eword keepatile ;eword
mme ;eword kekhathetse ;eword
ke ;eword nna ;eword
keadula ;eword
