nna ;eword keetsa ;eword popo ;eword
ake ;eword umopepe ;eword
mopepe ;eword he ;eword wena ;eword
ketlaushapa ;eword wena ;eword
ake ;eword upepe ;eword ngwana ;eword
ah ;eword ketlaushapa ;eword ngwana ;eword waka ;eword
ake ;eword umoshebe ;eword
ake ;eword ushebe ;eword
pepa ;eword ngwana ;eword
nka ;eword ena ;eword
ke ;eword konopo ;eword khanthe ;eword
tsamaya ;eword neuoe ;eword udiisa ;eword
nka ;eword neuoe ;eword
ke ;eword ya ;eword tsenetu ;eword
nke ;eword
hei ;eword neuoe ;eword
e ;eword ke ;eword ngwana ;eword mang ;eword eo ;eword
ee ;eword
wena ;eword nkhono ;eword masello ;eword bomatule ;eword le ;eword bolithakong ;eword banebautswa ;eword diperekisi ;eword tsahao ;eword
rona ;eword rele ;eword siko ;eword
keamoapesa ;eword
neuoe ;eword
umopatile ;eword
neuoe ;eword bona ;eword kealahla ;eword
bona ;eword neuoe ;eword
bona ;eword bona ;eword
ke ;eword ntho ;eword ena ;eword
ere ;eword nokaneng ;eword
ere ;eword keitlhatswa ;eword dinokaneng ;eword
neuoe ;eword
neuoe ;eword
neuoe ;eword u ;eword kae ;eword tloo ;eword
tloo ;eword
keatla ;eword
neuoe ;eword keatla ;eword ngwana ;eword eo ;eword
bo ;eword butle ;eword keualle ;eword
udulella ;eword kae ;eword
ketlaushapa ;eword
ketloushapa ;eword
ha ;eword keqeta ;eword mona ;eword
ketlodulella ;eword ho ;eword wena ;eword be ;eword butle ;eword be ;eword butle ;eword
tloo ;eword ketswara ;eword letsoho ;eword
ha ;eword keqeta ;eword
keangwapa ;eword ha ;eword keqeta ;eword houraha ;eword
nka ;eword dintho ;eword tsentle ;eword
neuoe ;eword diatswehla ;eword bo ;eword
diatswehla ;eword
katiba ;eword
nka ;eword
nka ;eword bo ;eword
he ;eword neuoe ;eword
neuoe ;eword ake ;eword ure ;eword
ketlotswa ;eword le ;eword mono ;eword
ekare ;eword ketlotswa ;eword
tloha ;eword ketswe ;eword le ;eword mona ;eword
keya ;eword ka ;eword mane ;eword
neuoe ;eword nna ;eword keya ;eword ka ;eword mona ;eword
neuoe ;eword kene ;eword
tsamaya ;eword hokena ;eword wena ;eword
tloo ;eword keukenyetse ;eword
neuoe ;eword uatsaba ;eword
ketsaba ;eword makaka ;eword
utsaba ;eword makaka ;eword
neuoe ;eword utlankotla ;eword
e ;eword
keahana ;eword
keahana ;eword
keahana ;eword
keahana ;eword
keahana ;eword
neuoe ;eword utswile ;eword le ;eword mona ;eword
neuoe ;eword ha ;eword reye ;eword
ha ;eword reye ;eword he ;eword
hele ;eword katswa ;eword le ;eword moo ;eword
kaerwala ;eword
ha ;eword reyeng ;eword ha ;eword rona ;eword
