leetsang ;eword moo ;eword lona ;eword
lesilang ;eword poone ;eword
leetsa ;eword dipabi ;eword
hei ;eword lesila ;eword nyee ;eword poone ;eword yaka ;eword
e ;eword
nka ;eword
leaesila ;eword
tsahao ;eword tsa ;eword neng ;eword
nka ;eword
e ;eword
e ;eword lebua ;eword lereng ;eword jwale ;eword
ketswadinka ;eword ha ;eword mamphethi ;eword kwana ;eword
bana ;eword baufa ;eword ntho ;eword ekalenyana ;eword
e ;eword
ee ;eword hoetsuwa ;eword jwang ;eword jwale ;eword
jwale ;eword leya ;eword kae ;eword tsebo ;eword
leya ;eword kae ;eword hoba ;eword lentselesila ;eword moo ;eword
leya ;eword kae ;eword
ha ;eword uaapara ;eword ke ;eword eng ;eword hoabata ;eword
