mamello ;eword
keapere ;eword kobo ;eword
oreng ;eword
kedintsitse ;eword
lesiba ;eword la ;eword ntho ;eword
e ;eword
e ;eword
kae ;eword
hana ;eword poone ;eword keejele ;eword mona ;eword
e ;eword
keakwala ;eword
keakwala ;eword hlobohang ;eword
ea ;eword
m ;eword
ha ;eword makunyapane ;eword
ha ;eword makunyapane ;eword
ha ;eword makunyapane ;eword
tlokoeng ;eword
kedutse ;eword ka ;eword pele ;eword
ke ;eword nna ;eword eo ;eword
mme ;eword
e ;eword
e ;eword ketlatseba ;eword hosekopetsa ;eword
enwa ;eword olahlile ;eword dieta ;eword
hlobohang ;eword olahlile ;eword dieta ;eword
tsahae ;eword
ketlakwala ;eword lemati ;eword leno ;eword
ketlalekwala ;eword
keilokwala ;eword
lapeng ;eword
tloha ;eword kebule ;eword
ere ;eword kekwale ;eword he ;eword
e ;eword
