ake ;eword ubone ;eword ngwana ;eword waka ;eword ya ;eword mosehlana ;eword hakalekale ;eword sebina ;eword kannete ;eword ya ;eword modimo ;eword ha ;eword lesahlatswe ;eword ngwana ;eword eo ;eword
oo ;eword
ore ;eword hoya ;eword bona ;eword batswetse ;eword ba ;eword tlokweng ;eword
mphe ;eword moriana ;eword wane ;eword wa ;eword likhapa ;eword o ;eword botlolong ;eword enngwe ;eword ketlotlotsa ;eword ausi ;eword wahae ;eword
eya ;eword nnake ;eword
sebina ;eword mphe ;eword omong ;eword o ;eword teng ;eword ka ;eword mono ;eword
eke ;eword
uabona ;eword he ;eword jwale ;eword tjena ;eword uqoqe ;eword hofelwa ;eword
uautlwa ;eword
ureng ;eword
ureng ;eword
ha ;eword eseele ;eword wena ;eword ailoeqholotsa ;eword pele ;eword tlosa ;eword kharafu ;eword eo ;eword libuseng ;eword hara ;eword lebala ;eword kengotse ;eword thabang ;eword local ;eword court ;eword
sebina ;eword ake ;eword ushebe ;eword mabokoseng ;eword aka ;eword tlasa ;eword bethe ;eword ake ;eword utlise ;eword buka ;eword e ;eword teng ;eword ya ;eword sekhowa ;eword batlophetla ;eword
e ;eword
eo ;eword ontseaetsa ;eword polopoqo ;eword ya ;eword eng ;eword
hei ;eword bo ;eword
ke ;eword wena ;eword yasaitlhatsweng ;eword
utle ;eword utloqoqa ;eword
lona ;eword leetsa ;eword morusu ;eword
lona ;eword
tloo ;eword utloqala ;eword le ;eword litlhare ;eword
ha ;eword se ;eword mahe ;eword ke ;eword tamati ;eword
ka ;eword mona ;eword hothwe ;eword ke ;eword ditsuonyana ;eword
hothwe ;eword ditsuonyana ;eword di ;eword ka ;eword jareteng ;eword
e ;eword
e ;eword
neo ;eword falla ;eword
neo ;eword tlohella ;eword
lebuise ;eword litlhare ;eword haholo ;eword
uskabaya ;eword wena ;eword ngwanaka ;eword
uautlwa ;eword
etlauntsa ;eword meno ;eword
uautlwa ;eword
ausi ;eword we ;eword uskabaya ;eword
uya ;eword kae ;eword
tloo ;eword kwano ;eword
pateriki ;eword tlisa ;eword dikarata ;eword tseno ;eword
retlobetsa ;eword le ;eword litlhare ;eword
tlisa ;eword dikarata ;eword tseo ;eword mpinane ;eword
retlobapala ;eword le ;eword litlhare ;eword
hodima ;eword tafole ;eword
leetsang ;eword
kere ;eword di ;eword ka ;eword moo ;eword hodima ;eword tafole ;eword
fesetereng ;eword
ha ;eword di ;eword yo ;eword
dinkuwe ;eword ke ;eword eng ;eword
seka ;eword mollisang ;eword
