ka ;eword dintho ;eword tsee ;eword tsahae ;eword
diqenqe ;eword tsee ;eword tsahae ;eword
mme ;eword kebatla ;eword papa ;eword le ;eword lebese ;eword
ee ;eword
ha ;eword asaebatla ;eword nyanya ;eword ee ;eword
keja ;eword mamina ;eword jwale ;eword
kekhopjwe ;eword
ichu ;eword
ichu ;eword
eke ;eword
eskaba ;eword bohloko ;eword
nna ;eword keetsa ;eword ntlo ;eword
m ;eword keetsa ;eword sediba ;eword bo ;eword
kentsekelethetsa ;eword ha ;eword kere ;eword keetsa ;eword sediba ;eword
e ;eword
e ;eword
e ;eword
rona ;eword rena ;eword le ;eword masilo ;eword poho ;eword masilo ;eword
rona ;eword rena ;eword le ;eword mahe ;eword
tsomo ;eword
tsomo ;eword
e ;eword
e ;eword
tsomo ;eword
mme ;eword ha ;eword ware ;eword maobane ;eword utlareetsetsa ;eword tsomo ;eword
kere ;eword masilo ;eword ke ;eword pina ;eword
e ;eword pina ;eword
ka ;eword mona ;eword ke ;eword ka ;eword mokhorong ;eword ka ;eword mona ;eword
monana ;eword hoditswe ;eword jwale ;eword
ka ;eword mona ;eword jwale ;eword hoditswe ;eword
ke ;eword diteps ;eword
ka ;eword monana ;eword ke ;eword ka ;eword ntlong ;eword
ke ;eword ka ;eword nnyeong ;eword ka ;eword lerakong ;eword
ka ;eword lerakong ;eword
mona ;eword ke ;eword monyako ;eword
kehlapetse ;eword sedibeng ;eword saka ;eword
hlaha ;eword
ke ;eword ntho ;eword elomang ;eword
ntho ;eword elomang ;eword empe ;eword
kentsekehaholla ;eword majwe ;eword
hoahlaha ;eword hoahlaha ;eword dikokonyana ;eword ka ;eword nqenana ;eword
ke ;eword ka ;eword lerakong ;eword
mane ;eword moo ;eword hleso ;eword aentseng ;eword maobane ;eword
mane ;eword moo ;eword hleso ;eword aentseng ;eword
m ;eword
moo ;eword
leo ;eword
ke ;eword lona ;eword leno ;eword
hleso ;eword oneare ;eword olahla ;eword
oneare ;eword obeha ;eword ntho ;eword yane ;eword ya ;eword neuoe ;eword
yanene ;eword eneetsetse ;eword vaseline ;eword ya ;eword mme ;eword mapotlako ;eword
nna ;eword ha ;eword kenahoipitla ;eword
ka ;eword monana ;eword ke ;eword sediba ;eword
mme ;eword
ha ;eword kesebone ;eword
ke ;eword sane ;eword
keelahlile ;eword
mme ;eword
mme ;eword
o ;eword teng ;eword
kenekemokukile ;eword hola ;eword
emong ;eword
ure ;eword neuoe ;eword
ubua ;eword ka ;eword tsenetu ;eword
ha ;eword hona ;eword lehlwa ;eword
keakholwa ;eword
mme ;eword kebatla ;eword tee ;eword hape ;eword
uautlwa ;eword mme ;eword
nna ;eword ketlaeaneha ;eword terateng ;eword
mona ;eword
mme ;eword nna ;eword ha ;eword keakhora ;eword
tadi ;eword
kawela ;eword mosamong ;eword
tloo ;eword keujwetse ;eword
