hlobohang ;eword ee ;eword
dumela ;eword
keaphela ;eword wena ;eword uphela ;eword jwang ;eword
hlobohang ;eword
hlobohang ;eword
hlobohang ;eword ee ;eword
keautima ;eword
keautima ;eword
keutima ;eword poone ;eword
m ;eword
nka ;eword he ;eword
uneuefuwa ;eword ke ;eword mang ;eword
ee ;eword hlobohang ;eword ee ;eword hei ;eword
hlobohang ;eword
untseujang ;eword
ujang ;eword
e ;eword
uja ;eword m ;eword
ka ;eword nnete ;eword
hlobohang ;eword ujang ;eword
ujang ;eword
ke ;eword eng ;eword ntho ;eword ee ;eword
ulenkile ;eword kae ;eword lephoqo ;eword
ulenkile ;eword kae ;eword
ulefuwe ;eword ke ;eword mang ;eword
uleeboletswe ;eword ke ;eword mang ;eword ka ;eword moo ;eword
uleeboletswe ;eword ke ;eword mang ;eword
e ;eword
ke ;eword ntsoaki ;eword
e ;eword
jwale ;eword uleja ;eword jwang ;eword
e ;eword hlobohang ;eword
ere ;eword ketlose ;eword
eke ;eword
uja ;eword lephoqo ;eword
hele ;eword moshanyana ;eword wa ;eword mme ;eword mahlobohang ;eword oja ;eword lephoqo ;eword
e ;eword
uja ;eword lephoqo ;eword moshanyana ;eword
wa ;eword mme ;eword mahlobohang ;eword
ka ;eword nnete ;eword
le ;eword nna ;eword ako ;eword mphe ;eword
eke ;eword ja ;eword he ;eword moshanyana ;eword
mme ;eword manyili ;eword o ;eword kae ;eword
e ;eword
mme ;eword manyili ;eword o ;eword kae ;eword
mane ;eword kae ;eword
ere ;eword oile ;eword moreneng ;eword
moreneng ;eword
oiloetsang ;eword
ere ;eword oneaile ;eword kerekeng ;eword
oile ;eword kae ;eword
kerekeng ;eword
kerekeng ;eword
wena ;eword utlaya ;eword neng ;eword
hlobohang ;eword
moshanyana ;eword hakere ;eword le ;eword rona ;eword reatsamaya ;eword ka ;eword sontaha ;eword
reya ;eword kerekeng ;eword
ka ;eword nnete ;eword
reilojang ;eword kerekeng ;eword
reilojang ;eword
uya ;eword le ;eword mang ;eword wena ;eword
wena ;eword utlaya ;eword le ;eword mang ;eword
e ;eword
le ;eword mme ;eword wahao ;eword
le ;eword mang ;eword
utlaya ;eword le ;eword mme ;eword wahao ;eword
mme ;eword mang ;eword
hlobohang ;eword
retlaya ;eword le ;eword mang ;eword kerekeng ;eword
uja ;eword lephoqo ;eword
ke ;eword eng ;eword hoo ;eword
ke ;eword eng ;eword hona ;eword
ke ;eword eng ;eword
e ;eword mm ;eword eseng ;eword hona ;eword
hona ;eword ke ;eword eng ;eword hona ;eword
hoo ;eword ke ;eword eng ;eword hoo ;eword
hona ;eword ke ;eword eng ;eword hoo ;eword
e ;eword
ke ;eword mobu ;eword
mobu ;eword
e ;eword
e ;eword
ure ;eword utlaya ;eword le ;eword mang ;eword kerekeng ;eword
utlaya ;eword le ;eword mang ;eword kerekeng ;eword hlobohang ;eword
bonang ;eword
uya ;eword le ;eword mang ;eword kerekeng ;eword
ke ;eword eng ;eword ntho ;eword ee ;eword e ;eword uejang ;eword
ujang ;eword
e ;eword
eng ;eword
uerekile ;eword kae ;eword tuku ;eword ee ;eword
ke ;eword eng ;eword hoo ;eword
hoo ;eword ke ;eword eng ;eword
hoo ;eword
hoo ;eword ke ;eword eng ;eword
ke ;eword eng ;eword
ke ;eword eng ;eword hoo ;eword
ke ;eword eng ;eword hoo ;eword
ke ;eword eng ;eword hoo ;eword hlobohang ;eword
ke ;eword eng ;eword hona ;eword hoo ;eword
ke ;eword mang ;eword eo ;eword
lemao ;eword lee ;eword ke ;eword la ;eword mang ;eword
butle ;eword
ere ;eword tlokotsi ;eword
eo ;eword uamotseba ;eword eo ;eword
ee ;eword
ke ;eword tlokotsi ;eword
e ;eword
ke ;eword mang ;eword eo ;eword
ke ;eword mang ;eword
e ;eword
tlokotsi ;eword
ere ;eword kere ;eword amphe ;eword lephoqo ;eword
ujang ;eword
keufe ;eword lephoqo ;eword
hobaneng ;eword
lemonate ;eword
e ;eword
lephoqo ;eword lee ;eword
tloo ;eword hlobohang ;eword
ke ;eword eng ;eword hlobohang ;eword
m ;eword
ujang ;eword
nka ;eword hlobohang ;eword
nka ;eword
fa ;eword ausi ;eword mahlobohang ;eword seeta ;eword sahae ;eword
nka ;eword
utseba ;eword hosefa ;eword hlobohang ;eword
utseba ;eword hore ;eword
uatseba ;eword
oo ;eword
mme ;eword manyili ;eword o ;eword kae ;eword
mme ;eword manyili ;eword o ;eword kae ;eword
e ;eword hlobohang ;eword
o ;eword kae ;eword
hlobohang ;eword
e ;eword
bona ;eword hlobohang ;eword
bona ;eword
ketlauotla ;eword letsohonyana ;eword
hlobohang ;eword
uafuwa ;eword
ha ;eword diulekane ;eword
le ;eword wena ;eword ha ;eword diulekane ;eword
dilekane ;eword
empe ;eword ntho ;eword ena ;eword wena ;eword
elahle ;eword
empe ;eword
