keatla ;eword
uautlwa ;eword
uautlwa ;eword litlhare ;eword
ketlaphakisa ;eword
we ;eword litlhare ;eword
e ;eword
hele ;eword
a ;eword ntho ;eword ee ;eword ebeekentse ;eword koloi ;eword feela ;eword
e ;eword
ke ;eword koloi ;eword efe ;eword
ke ;eword seeta ;eword
kenkile ;eword thupa ;eword kentseketla ;eword hantle ;eword
tsamaya ;eword uilokwala ;eword kwana ;eword
litlhare ;eword tsamaya ;eword uye ;eword ka ;eword tlung ;eword
tsamaya ;eword uye ;eword ka ;eword tlung ;eword wena ;eword
ketlauotla ;eword
ketlaumula ;eword litlhare ;eword
litlhare ;eword ulahlile ;eword
ketlaumula ;eword
ketlaupola ;eword
ketlaumula ;eword
ketlanka ;eword
hei ;eword ketlaushapa ;eword
ketlakapa ;eword ntho ;eword ena ;eword
eke ;eword ketlaushapa ;eword
ketlaushapa ;eword
thola ;eword
ketlaumula ;eword
e ;eword bala ;eword
ketlilointsetsa ;eword buka ;eword wena ;eword litlhare ;eword
ha ;eword kenahouneha ;eword
ketlointsetsa ;eword buka ;eword ee ;eword ka ;eword nqane ;eword
leshano ;eword litlhare ;eword ha ;eword reshebeng ;eword kaofela ;eword
litlhare ;eword bona ;eword
utsekisa ;eword ngwana ;eword
ngwana ;eword ontseasheba ;eword
ere ;eword likhapha ;eword abone ;eword
keitse ;eword keitse ;eword ha ;eword se ;eword buka ;eword yahao ;eword
litlhare ;eword uaebalehisa ;eword rebone ;eword
uhana ;eword hore ;eword rebone ;eword
bona ;eword mokhoditswane ;eword
oo ;eword che ;eword oakhopisa ;eword
etsa ;eword kebehe ;eword mona ;eword
etlise ;eword
tloo ;eword utlothodisa ;eword ngwana ;eword
thodisa ;eword ngwana ;eword enwa ;eword bo ;eword
ae ;eword etsa ;eword tjena ;eword abone ;eword ena ;eword
bona ;eword ke ;eword ena ;eword
ke ;eword ena ;eword
ere ;eword rephetle ;eword babang ;eword
mphe ;eword kephetle ;eword
ere ;eword kephetle ;eword nna ;eword
keatla ;eword
kesekeiloetsa ;eword engwe ;eword
ngwana ;eword oaphetla ;eword
utlajwentsa ;eword ngwana ;eword neng ;eword
tloo ;eword uthodisa ;eword ngwana ;eword enwa ;eword
ere ;eword kemothodise ;eword
ere ;eword kemojwentse ;eword
ere ;eword kephetle ;eword ka ;eword mona ;eword
bona ;eword bete ;eword
ntho ;eword ee ;eword ke ;eword eng ;eword
koloi ;eword ke ;eword ena ;eword uaebona ;eword
koloi ;eword ke ;eword ena ;eword
koloi ;eword
koloi ;eword
ke ;eword eng ;eword
u ;eword leshano ;eword ntho ;eword ena ;eword ngwana ;eword eno ;eword o ;eword teng ;eword yatswanang ;eword le ;eword ntho ;eword ee ;eword
o ;eword teng ;eword yatswanang ;eword le ;eword ntho ;eword ee ;eword
he ;eword koloi ;eword koloi ;eword ke ;eword ena ;eword
ke ;eword koloi ;eword ntho ;eword ena ;eword eemeng ;eword
bona ;eword koloi ;eword ke ;eword ena ;eword
litlhare ;eword
jwale ;eword una ;eword le ;eword kelello ;eword
una ;eword le ;eword kelello ;eword litlhare ;eword
hona ;eword tjee ;eword khanthe ;eword ure ;eword likhapa ;eword otlabona ;eword le ;eword kae ;eword
a ;eword litlhare ;eword ako ;eword likhapa ;eword ake ;eword uichebela ;eword
ha ;eword se ;eword buka ;eword yahao ;eword ebileng ;eword
u ;eword leshano ;eword
litlhare ;eword ake ;eword ubone ;eword tsena ;eword akeubone ;eword dintho ;eword tsena ;eword
ere ;eword kebone ;eword
keetse ;eword ka ;eword mane ;eword
bona ;eword dintho ;eword ke ;eword tsena ;eword
ntho ;eword ena ;eword etlauloma ;eword ena ;eword
uaebona ;eword etlauloma ;eword
bona ;eword sefofane ;eword
bona ;eword difofane ;eword ke ;eword tsena ;eword
litlhare ;eword ere ;eword koloi ;eword ngwana ;eword enwa ;eword abone ;eword dikoloi ;eword tsena ;eword
litlhare ;eword una ;eword le ;eword kelello ;eword
litlhare ;eword ska ;eword lla ;eword
una ;eword le ;eword kelello ;eword uskalla ;eword
e ;eword ka ;eword heno ;eword di ;eword kae ;eword
ekare ;eword ngwana ;eword enwa ;eword
litlhare ;eword uya ;eword kae ;eword jwale ;eword ngwana ;eword enwa ;eword ontseabona ;eword dintho ;eword tsena ;eword
litlhare ;eword tloo ;eword tloo ;eword ubone ;eword
tloo ;eword le ;eword buka ;eword litlhare ;eword
tloo ;eword le ;eword buka ;eword
litlhare ;eword uabona ;eword ha ;eword kere ;eword utle ;eword le ;eword buka ;eword
helang ;eword kemohlabeleng ;eword
u ;eword leshano ;eword
bona ;eword litlhare ;eword ntho ;eword ena ;eword ha ;eword etswe ;eword mona ;eword
ehana ;eword hore ;eword
bona ;eword
litlhare ;eword utlatabola ;eword buka ;eword ena ;eword
uhana ;eword ha ;eword kere ;eword umphe ;eword yona ;eword ha ;eword usatsebe ;eword hophetla ;eword mona ;eword
bona ;eword litlhare ;eword utlaeqetela ;eword
e ;eword ntho ;eword ee ;eword ke ;eword eng ;eword
bona ;eword elelekisa ;eword ntho ;eword ee ;eword moo ;eword engotseng ;eword moo ;eword
engotseng ;eword
litlhare ;eword ke ;eword sekolong ;eword moo ;eword
u ;eword leshano ;eword
u ;eword leshano ;eword ere ;eword ubala ;eword wan ;eword
litlhare ;eword beha ;eword buka ;eword ena ;eword uetabotse ;eword
keaebeha ;eword
keutlwa ;eword litlhare ;eword antekile ;eword
u ;eword leshano ;eword uneubala ;eword wan ;eword
helang ;eword jwale ;eword uneure ;eword reetse ;eword jwang ;eword ka ;eword sefofane ;eword see ;eword
ntho ;eword ee ;eword ka ;eword bukeng ;eword uneure ;eword reetseng ;eword ka ;eword yona ;eword
e ;eword litlhare ;eword uephetlile ;eword ekholo ;eword ha ;eword kae ;eword
empa ;eword tsena ;eword he ;eword a ;eword man ;eword ke ;eword ena ;eword
ha ;eword se ;eword dikhomo ;eword dintho ;eword tseno ;eword
terene ;eword
bona ;eword ke ;eword seo ;eword
terene ;eword
a ;eword woman ;eword
a ;eword man ;eword
waseleditse ;eword ena ;eword
a ;eword house ;eword
a ;eword girl ;eword
jo ;eword
ha ;eword se ;eword chelete ;eword ke ;eword pompo ;eword ntho ;eword ena ;eword
ha ;eword utsebe ;eword hore ;eword pompo ;eword ke ;eword bolo ;eword
usantsanere ;eword a ;eword man ;eword a ;eword man ;eword uaerata ;eword
hele ;eword hele ;eword ntho ;eword ee ;eword ke ;eword eng ;eword ee ;eword
bolo ;eword e ;eword kae ;eword ee ;eword
a ;eword woman ;eword a ;eword pot ;eword
litlhare ;eword utlohlwa ;eword kae ;eword
ka ;eword mona ;eword ha ;eword resobone ;eword
nna ;eword kephetla ;eword hape ;eword
ha ;eword rephetleng ;eword ka ;eword mona ;eword jwale ;eword
hele ;eword uautlwa ;eword are ;eword she ;eword
banana ;eword babaleha ;eword
ntate ;eword uatsamaya ;eword
hele ;eword
hele ;eword bona ;eword babang ;eword batsamaya ;eword
ntate ;eword eno ;eword oamolelekisa ;eword
bona ;eword
ere ;eword kephetle ;eword ka ;eword nqeo ;eword he ;eword
hai ;eword ere ;eword kephetle ;eword ka ;eword mona ;eword
hele ;eword
ha ;eword retleng ;eword ka ;eword mona ;eword
oo ;eword hothwe ;eword ka ;eword mona ;eword
hele ;eword ke ;eword yane ;eword ntate ;eword oaruta ;eword
hele ;eword ntate ;eword
bona ;eword ena ;eword ekholo ;eword ena ;eword
u ;eword leshano ;eword ke ;eword a ;eword chair ;eword ntho ;eword ena ;eword
ha ;eword se ;eword a ;eword chair ;eword
bona ;eword
hei ;eword motho ;eword ke ;eword enwa ;eword onkile ;eword bolo ;eword
bolo ;eword enngwe ;eword ke ;eword ena ;eword
uabona ;eword
baebapala ;eword
hele ;eword katse ;eword ebapala ;eword bolo ;eword
hana ;eword ke ;eword kae ;eword ka ;eword moo ;eword katse ;eword ebapalang ;eword bolo ;eword
helele ;eword
ubula ;eword ka ;eword ho ;eword sele ;eword
ha ;eword reye ;eword ka ;eword mane ;eword
ha ;eword rebatle ;eword reberedithole ;eword
retlaberethole ;eword
uakapa ;eword uabona ;eword
ke ;eword tsena ;eword
bolo ;eword ena ;eword keetseba ;eword kaofela ;eword
litlhare ;eword uabona ;eword ntho ;eword ee ;eword ematha ;eword moo ;eword
ke ;eword mobutla ;eword
jowe ;eword
helele ;eword
oapotlaka ;eword
ke ;eword oo ;eword
ke ;eword oo ;eword halala ;eword halala ;eword
halala ;eword
bona ;eword mobutla ;eword ona ;eword
ntho ;eword ee ;eword ke ;eword eng ;eword ee ;eword
uabona ;eword khomo ;eword eshebile ;eword khomo ;eword
ke ;eword ena ;eword
khomo ;eword etswa ;eword ka ;eword sakeng ;eword
thiba ;eword
he ;eword
ure ;eword etle ;eword ka ;eword moo ;eword
ere ;eword kebone ;eword
ee ;eword ke ;eword tonkana ;eword
litlhare ;eword chee ;eword ubatla ;eword ditonki ;eword tsena ;eword tsohle ;eword
uaebona ;eword ke ;eword ena ;eword he ;eword
ubatla ;eword dife ;eword
mokoko ;eword ke ;eword ona ;eword
bona ;eword dinonyana ;eword moo ;eword ditswang ;eword teng ;eword
dinonyana ;eword ke ;eword tsena ;eword diafofa ;eword
uabona ;eword dintho ;eword ke ;eword tsee ;eword moo ;eword difofang ;eword
dinonyana ;eword tseding ;eword ke ;eword tsa ;eword moo ;eword hofofang ;eword
diotle ;eword ka ;eword lejwe ;eword tsee ;eword
m ;eword uaebetsa ;eword ka ;eword lejwe ;eword
moshanyana ;eword enwa ;eword jwale ;eword ha ;eword ale ;eword mahlo ;eword amasweu ;eword
oo ;eword othabile ;eword jwale ;eword hobane ;eword ailobolaya ;eword mobutla ;eword
ke ;eword nonyana ;eword
khomo ;eword
moshanyana ;eword odibulela ;eword ntlo ;eword
ha ;eword reyeng ;eword
noha ;eword noha ;eword ke ;eword ena ;eword
he ;eword dinoha ;eword
ah ;eword
ha ;eword keetsabe ;eword nna ;eword
ke ;eword eo ;eword etla ;eword ho ;eword wena ;eword ha ;eword reye ;eword
ha ;eword reyeng ;eword ka ;eword nqa ;eword enngwe ;eword
m ;eword
eo ;eword ae ;eword
beha ;eword fatse ;eword likhapha ;eword abone ;eword
litlhare ;eword chee ;eword uakhopisa ;eword
ere ;eword kele ;eword
ere ;eword ketloephetle ;eword
he ;eword e ;eword mpe ;eword ena ;eword
eo ;eword ebatlang ;eword
thiba ;eword ke ;eword ena ;eword moo ;eword elahlehang ;eword
wena ;eword uatena ;eword enwa ;eword he ;eword
a ;eword motlenyana ;eword eo ;eword he ;eword oatena ;eword he ;eword
ha ;eword ale ;eword motle ;eword tjee ;eword bonang ;eword ompeteletsa ;eword ka ;eword lebota ;eword
ha ;eword ale ;eword motle ;eword tjena ;eword
u ;eword motle ;eword
umpeteletsa ;eword ka ;eword lebota ;eword
litlhare ;eword
bona ;eword etlauloma ;eword ke ;eword ena ;eword
ke ;eword ena ;eword
ha ;eword se ;eword koko ;eword
kekwaholle ;eword
keilobona ;eword ha ;eword setsetse ;eword
ha ;eword eatsele ;eword metsi ;eword
ha ;eword eatsele ;eword metsi ;eword utsebe ;eword
ahlama ;eword keuntse ;eword leleme ;eword
e ;eword ketlaungwathela ;eword
dula ;eword untseubua ;eword he ;eword
beha ;eword buka ;eword ena ;eword
wena ;eword eo ;eword umonenesetsang ;eword ngwana ;eword enwa ;eword
bona ;eword ngwana ;eword oathaba ;eword ha ;eword abona ;eword mme ;eword wahae ;eword
fotsek ;eword hela ;eword
hele ;eword hana ;eword uneuseuutswa ;eword
oneoseoutswa ;eword morara ;eword oo ;eword wa ;eword batho ;eword
tlohela ;eword morara ;eword ona ;eword
u ;eword leshano ;eword morara ;eword ke ;eword ona ;eword ka ;eword mona ;eword
litlhare ;eword ke ;eword enwa ;eword anka ;eword mona ;eword morara ;eword mona ;eword
oaseba ;eword enwa ;eword
ake ;eword ubehe ;eword morara ;eword ono ;eword
ketlo ;eword
ketlonka ;eword sephadi ;eword ketloulokisa ;eword
tsamaya ;eword uilobeha ;eword dintho ;eword tsena ;eword
ketlo ;eword
ketlodiha ;eword dikoloi ;eword nna ;eword
hele ;eword retlo ;eword retlonka ;eword dikoloi ;eword tsane ;eword tsa ;eword rona ;eword
reberetlokuka ;eword dikoloi ;eword tsane ;eword tsa ;eword rona ;eword
litlhare ;eword tloo ;eword retlonka ;eword dikoloi ;eword
litlhare ;eword keakena ;eword kenka ;eword koloi ;eword yaka ;eword nna ;eword
hai ;eword wena ;eword dikoloi ;eword tsane ;eword ha ;eword disale ;eword yo ;eword
litlhare ;eword ee ;eword
uhopola ;eword thoche ;eword eneehlaha ;eword le ;eword hodimo ;eword mola ;eword
litlhare ;eword
litlhare ;eword
uebone ;eword thoche ;eword
thoche ;eword ena ;eword eneehlaha ;eword moo ;eword
uebone ;eword
kere ;eword thoche ;eword ena ;eword eneehlahile ;eword he ;eword
dikoloi ;eword tsena ;eword uskabaditlosa ;eword
ehatile ;eword ntho ;eword ena ;eword
dula ;eword hape ;eword thoche ;eword ena ;eword etleehlahe ;eword
dula ;eword fatse ;eword
hei ;eword thoche ;eword ena ;eword kebona ;eword ha ;eword esohlahe ;eword
ha ;eword esohlahe ;eword litlhare ;eword
hm ;eword uantihela ;eword
ha ;eword esohlahe ;eword
etlahlaha ;eword
eahlaha ;eword
ha ;eword esohlahe ;eword
ha ;eword esohlahe ;eword litlhare ;eword
ere ;eword ketswe ;eword ha ;eword esahlahe ;eword
entseele ;eword ena ;eword
entseele ;eword ena ;eword thoche ;eword yane ;eword
ke ;eword yane ;eword fatse ;eword ke ;eword ena ;eword moo ;eword edutseng ;eword
entseedutse ;eword
e ;eword kae ;eword
etsa ;eword kapele ;eword
ei ;eword
ketlaichebela ;eword
keya ;eword matlapeng ;eword
tloha ;eword helang ;eword
ketlo ;eword ketloutima ;eword dipompong ;eword
kena ;eword le ;eword chelete ;eword yaka ;eword
uitse ;eword uya ;eword leralleng ;eword
ere ;eword kebone ;eword litlhare ;eword
ekare ;eword ke ;eword ya ;eword ngwana ;eword monyenyane ;eword
u ;eword lethetsi ;eword
ke ;eword ya ;eword abuti ;eword eo ;eword aefilweng ;eword ke ;eword khesa ;eword
uetsa ;eword capsela ;eword
uacapsela ;eword
u ;eword leshano ;eword uefilwe ;eword ke ;eword nna ;eword
uefile ;eword ntiea ;eword
hakere ;eword useumofile ;eword hakere ;eword
keautlwa ;eword utlampetsetsa ;eword
ketlauotla ;eword uitswere ;eword hampe ;eword
u ;eword sele ;eword he ;eword
untlwaetse ;eword hampe ;eword
ketlaumula ;eword
u ;eword sele ;eword ketlaumula ;eword
litlhare ;eword utlwang ;eword
ore ;eword raseeta ;eword ho ;eword nna ;eword
uutlwa ;eword ntala ;eword hore ;eword ore ;eword ra ;eword satane ;eword ho ;eword nna ;eword
uskabare ;eword ha ;eword aqala ;eword acho ;eword jwalo ;eword uautlwa ;eword
ntho ;eword ena ;eword ha ;eword se ;eword tami ;eword wena ;eword
mpuleleng ;eword
bare ;eword utloshapuwa ;eword wena ;eword litlhare ;eword
oitse ;eword oitse ;eword utloshapuwa ;eword
litlhare ;eword ake ;eword ujwentse ;eword likhapa ;eword
atsebe ;eword hothola ;eword
uautlwa ;eword
keujwetse ;eword ha ;eword ujwetsa ;eword litlhare ;eword
litlhare ;eword ubeujwentse ;eword le ;eword likhapa ;eword atletsebe ;eword hothola ;eword uautlwa ;eword
keujwetse ;eword ha ;eword ujwentsa ;eword
ke ;eword yahao ;eword wena ;eword litlhare ;eword
this ;eword is ;eword a ;eword boy ;eword
tlisa ;eword khaba ;eword yaka ;eword
keneketlaufa ;eword enngwe ;eword
