e ;eword
una ;eword le ;eword yahao ;eword wena ;eword
chelete ;eword
una ;eword le ;eword yahao ;eword wena ;eword chelete ;eword
uneusefuwe ;eword ke ;eword mang ;eword
ore ;eword na ;eword sekolo ;eword mme ;eword misi ;eword ke ;eword eng ;eword
he ;eword basadi ;eword pateriki ;eword
ke ;eword mohlang ;eword oo ;eword efe ;eword
e ;eword
di ;eword kae ;eword
uskamootla ;eword alle ;eword
pateriki ;eword ha ;eword uhlomphe ;eword ausi ;eword wahao ;eword kannete ;eword
ee ;eword ntala ;eword o ;eword kae ;eword
wena ;eword u ;eword lerata ;eword
pateriki ;eword tloha ;eword
oreng ;eword
usekamollisa ;eword
uya ;eword kae ;eword jwale ;eword
pateriki ;eword na ;eword ha ;eword untseusatsebe ;eword hore ;eword danki ;eword mme ;eword
he ;eword mehlolo ;eword he ;eword
haeba ;eword monna ;eword ya ;eword moholo ;eword ka ;eword wena ;eword
ontseasatsebe ;eword hotankisa ;eword
kesentse ;eword moqoqo ;eword
pateriki ;eword pateriki ;eword
uiloetsang ;eword
uya ;eword lekhaleng ;eword
kwalang ;eword he ;eword
phakisang ;eword
kena ;eword
nkaseqeta ;eword
setletse ;eword eng ;eword
ee ;eword motlohele ;eword pateriki ;eword
pateriki ;eword seka ;eword mollisa ;eword
ee ;eword ska ;eword letabola ;eword
ska ;eword letabola ;eword lengolo ;eword la ;eword sebina ;eword
ee ;eword ketlaleshapa ;eword
pateriki ;eword ee ;eword ketlautlosa ;eword
kelenkile ;eword feela ;eword mona ;eword lengolo ;eword lena ;eword
tlisang ;eword
tlisa ;eword kwano ;eword
le ;eword sele ;eword
keitseng ;eword
helang ;eword
ache ;eword mosadi ;eword eo ;eword
kebehile ;eword
ee ;eword pateriki ;eword
pateriki ;eword beha ;eword ntho ;eword ena ;eword
tlisa ;eword
seka ;eword etsa ;eword tjena ;eword
uskabaelahla ;eword pateriki ;eword
otlalla ;eword
ao ;eword basadi ;eword pateriki ;eword
ekhutlise ;eword
etlise ;eword
pateriki ;eword ee ;eword
tloo ;eword le ;eword kharafu ;eword yane ;eword
ee ;eword utlatswa ;eword kotsi ;eword
utlathulwa ;eword
seka ;eword molelekisa ;eword
ha ;eword uammona ;eword
oile ;eword
