tlisa ;eword ntho ;eword yaka ;eword
u ;eword sele ;eword
ha ;eword waenka ;eword ebile ;eword
kenekeuhatile ;eword
ha ;eword waenka ;eword
keaeakhela ;eword
keaeakhela ;eword ntho ;eword yahao ;eword
ha ;eword se ;eword yaka ;eword
keakhela ;eword ntho ;eword yahao ;eword ebileng ;eword
ha ;eword se ;eword yaka ;eword
keakhela ;eword ntho ;eword yahao ;eword ebileng ;eword
ha ;eword se ;eword yaka ;eword
ke ;eword tsa ;eword mme ;eword
ke ;eword tsa ;eword neuoe ;eword
ke ;eword tsa ;eword mme ;eword hle ;eword
ha ;eword wadinka ;eword
tsee ;eword ke ;eword tsa ;eword mang ;eword
ke ;eword tsaka ;eword
tseno ;eword ke ;eword tsa ;eword mang ;eword
uskabahlolawanka ;eword letho ;eword
ketladinka ;eword
lekhale ;eword keuhatile ;eword
keasila ;eword
tlosa ;eword ntho ;eword ena ;eword yahao ;eword
ha ;eword unahoesila ;eword
ke ;eword tseo ;eword tsee ;eword kedisitseng ;eword
ha ;eword unahoesidisa ;eword
keesitse ;eword
esile ;eword ke ;eword yane ;eword
ebalehile ;eword
keesitse ;eword
nka ;eword yane ;eword uesile ;eword
enke ;eword
nkhono ;eword oitse ;eword
uakhala ;eword tsenetu ;eword
ketlonka ;eword dipeks ;eword
hleso ;eword tsee ;eword kere ;eword
kere ;eword ketlatla ;eword hodietsetsa ;eword
tsebo ;eword dintho ;eword tsaka ;eword
tsa ;eword neuoe ;eword
ke ;eword tsaka ;eword dintho ;eword tsena ;eword
ena ;eword ke ;eword yaka ;eword bebele ;eword
nna ;eword ketloiphiella ;eword
tsebo ;eword kebapala ;eword le ;eword wena ;eword
keahana ;eword
kere ;eword kebapala ;eword le ;eword wena ;eword
ure ;eword uahana ;eword
kebapala ;eword le ;eword wena ;eword
ere ;eword kepole ;eword tsena ;eword
ke ;eword tsa ;eword neuoe ;eword
mopolele ;eword
mopolele ;eword
upolele ;eword moo ;eword hotlositsweng ;eword mobu ;eword
bona ;eword utlositse ;eword ena ;eword
uabona ;eword he ;eword
utlositse ;eword ena ;eword
ere ;eword keupolele ;eword
thutswana ;eword ke ;eword ena ;eword
neuoe ;eword ke ;eword morena ;eword
mm ;eword
tsena ;eword ke ;eword tsaka ;eword
hele ;eword pula ;eword etlang ;eword
tsebo ;eword ake ;eword ubone ;eword pula ;eword etlang ;eword le ;eword tlokweng ;eword
bona ;eword mola ;eword pula ;eword etlang ;eword le ;eword tlokweng ;eword
bona ;eword pula ;eword etlang ;eword le ;eword tlokweng ;eword
bona ;eword tlokweng ;eword
ee ;eword ha ;eword e ;eword yo ;eword eo ;eword ueqhomisitseng ;eword
ketloenka ;eword
ketloenka ;eword ntho ;eword eo ;eword yaka ;eword
oileakaeakhela ;eword
e ;eword
neuoe ;eword kebatla ;eword ntho ;eword yaka ;eword esaakhelwe ;eword
tsebo ;eword untseubapalang ;eword ka ;eword tlung ;eword ka ;eword mona ;eword
uetsang ;eword
fotsek ;eword
hoitswe ;eword rebapadiseng ;eword kaofela ;eword
tswara ;eword lane ;eword
hleso ;eword moo ;eword keneketswere ;eword teng ;eword
he ;eword nna ;eword keatsaba ;eword
tloha ;eword kefete ;eword
tsebo ;eword tlisa ;eword leleng ;eword helang ;eword
helang ;eword hleso ;eword
ketlaleetsetsa ;eword tsa ;eword ha ;eword ailobapala ;eword
haa ;eword tloha ;eword heso ;eword mona ;eword
thola ;eword uautlwa ;eword
hleso ;eword otonne ;eword mahlo ;eword
ke ;eword mang ;eword eo ;eword
tsebo ;eword mobuise ;eword le ;eword wena ;eword
le ;eword nna ;eword keatseba ;eword
nna ;eword kemojwetsitse ;eword
le ;eword nna ;eword keatseba ;eword
keatseba ;eword
aike ;eword
baleha ;eword tsebo ;eword ketlaushebela ;eword
u ;eword bohata ;eword
u ;eword bohata ;eword
u ;eword bohata ;eword tsebo ;eword
katse ;eword ke ;eword ena ;eword
tadi ;eword
kats ;eword
ke ;eword eng ;eword
tadi ;eword
tsebo ;eword ere ;eword le ;eword nna ;eword keetse ;eword tadi ;eword
tadi ;eword
ah ;eword wena ;eword
tsebo ;eword le ;eword wena ;eword etsa ;eword tjena ;eword
tsebo ;eword tlohela ;eword ngwana ;eword
mbetele ;eword
betele ;eword ngwana ;eword enwa ;eword wa ;eword heso ;eword
mobete ;eword
kere ;eword ubete ;eword ngwana ;eword enwa ;eword
hleso ;eword kengwapuwe ;eword
butle ;eword butle ;eword tsebo ;eword
butle ;eword jwale ;eword tjena ;eword
ke ;eword mona ;eword
ntsware ;eword
tloo ;eword
tsebo ;eword uahana ;eword
uahana ;eword mona ;eword
nketse ;eword
tsebo ;eword untsikinyetse ;eword
uskabeha ;eword feela ;eword
uetse ;eword tjena ;eword
tsebo ;eword uetsa ;eword mona ;eword
ubaleha ;eword mona ;eword
tloo ;eword ako ;eword urobale ;eword mona ;eword
keuetse ;eword
ulebetse ;eword ngwana ;eword tsebo ;eword
ulebetse ;eword ngwana ;eword
ngwana ;eword
hoitswe ;eword hotloetsuwa ;eword ka ;eword mona ;eword
hotloetsuwa ;eword ka ;eword mona ;eword
hothwe ;eword
hotloetsuwa ;eword mona ;eword
hotloetsuwa ;eword ka ;eword mona ;eword
ka ;eword moo ;eword
ka ;eword mona ;eword
ka ;eword mahafing ;eword
ngwana ;eword wa ;eword heso ;eword bo ;eword
tsebo ;eword le ;eword wena ;eword uantsedisa ;eword
ee ;eword bo ;eword butle ;eword keetsa ;eword hantle ;eword
butle ;eword
le ;eword wena ;eword ake ;eword uetse ;eword hodimo ;eword ka ;eword mona ;eword
ake ;eword uetse ;eword
bona ;eword ngwana ;eword jwale ;eword
bona ;eword ngwana ;eword oaubella ;eword
ska ;eword mokuka ;eword tsebo ;eword abapale ;eword aeme ;eword ngwana ;eword enwa ;eword
ake ;eword uetse ;eword
tswa ;eword
ntsikinyetse ;eword he ;eword
hai ;eword wena ;eword usekabatseha ;eword
kebatla ;eword hotsikinyetswa ;eword
utsehile ;eword
tloo ;eword
utsehe ;eword haholo ;eword
tloo ;eword robale ;eword hodima ;eword ka ;eword
tloo ;eword robale ;eword
seka ;eword ntsikinyetsa ;eword
le ;eword nna ;eword tloo ;eword nketse ;eword
le ;eword nna ;eword tloo ;eword nketse ;eword tsebo ;eword
keitse ;eword ka ;eword mona ;eword
ee ;eword ha ;eword kesouetse ;eword
hleso ;eword ha ;eword kesokenye ;eword letsoho ;eword
ha ;eword kere ;eword phusi ;eword utlontlohele ;eword
uautlwa ;eword
ha ;eword kesouetse ;eword
phusi ;eword tsebo ;eword
phusi ;eword
keitse ;eword ha ;eword kere ;eword phusi ;eword utlontlohele ;eword mmannyeo ;eword
oo ;eword hotloetsuwa ;eword neuoe ;eword jwale ;eword
ha ;eword retlodula ;eword mona ;eword
hana ;eword hleso ;eword dintho ;eword tsela ;eword maobane ;eword tsee ;eword kenengkentsekedietsa ;eword ke ;eword ding ;eword
na ;eword
ee ;eword
kenekere ;eword ke ;eword eng ;eword ka ;eword moo ;eword
tsebo ;eword phakisa ;eword ngwana ;eword enwa ;eword oseatonne ;eword mahlo ;eword tjena ;eword
ketlomokhotsa ;eword
rebatla ;eword hape ;eword
ditabohile ;eword
tsebo ;eword tloo ;eword ketlosuthela ;eword neuoe ;eword
hobonahala ;eword
ubalehela ;eword kae ;eword
tloong ;eword keletsikinyetse ;eword
ntsikinyetse ;eword
ka ;eword mona ;eword
hleso ;eword bo ;eword butle ;eword
utloetsa ;eword nna ;eword
bo ;eword butle ;eword hleso ;eword
abatswinya ;eword
keauphinyetsa ;eword
mme ;eword mamello ;eword ha ;eword ana ;eword houfa ;eword makotomane ;eword
hakere ;eword ha ;eword ana ;eword hoofa ;eword makotomane ;eword ha ;eword atswinya ;eword
hothwe ;eword oahana ;eword
jwale ;eword unketsang ;eword
nkebekautsikinyetsa ;eword
tloo ;eword keutsikinyetse ;eword
phusi ;eword tsebo ;eword phusi ;eword
ntsikinyetse ;eword he ;eword
hleso ;eword wena ;eword ha ;eword wakena ;eword
butle ;eword he ;eword
ha ;eword kere ;eword phusi ;eword utlontlohele ;eword
uautlwa ;eword
ntsikinyetse ;eword he ;eword
ntsikinyetse ;eword hantle ;eword
hele ;eword bona ;eword dipompong ;eword tse ;eword thupeng ;eword
hele ;eword retlofuwa ;eword
baleha ;eword tsebo ;eword keale ;eword phate ;eword ena ;eword
ee ;eword uabona ;eword
ngwana ;eword enwa ;eword owele ;eword hona ;eword jwale ;eword tjee ;eword
tswela ;eword kantle ;eword ka ;eword kwana ;eword
fotsek ;eword
mane ;eword
tswa ;eword mona ;eword
tswa ;eword
keahana ;eword
uarasa ;eword
tsebo ;eword utlandihisa ;eword ngwana ;eword
ha ;eword ubone ;eword
uabona ;eword ngwana ;eword oseantseatheteha ;eword
uabona ;eword
bona ;eword ngwana ;eword enwa ;eword hona ;eword tjee ;eword
bona ;eword ngwana ;eword
bona ;eword ngwana ;eword
bona ;eword ngwana ;eword
ngwana ;eword oarota ;eword
ke ;eword mang ;eword jwale ;eword yarotang ;eword diqenqe ;eword
serota ;eword
serotane ;eword
serotatlung ;eword
ha ;eword se ;eword serotatlung ;eword ngwana ;eword enwa ;eword weso ;eword monna ;eword
ke ;eword mang ;eword yaubotsitseng ;eword
ke ;eword mang ;eword yaujwetsitseng ;eword
uitswere ;eword hampe ;eword monna ;eword
serotarota ;eword
serotarotatlung ;eword
pota ;eword ka ;eword mahafing ;eword ka ;eword kwana ;eword monna ;eword
serota ;eword
ketlauraha ;eword
keulome ;eword
sephakeng ;eword
untome ;eword kae ;eword
sephakeng ;eword kae ;eword
ha ;eword wantoma ;eword
ha ;eword reopele ;eword tsenetu ;eword
tsebo ;eword ketlaumula ;eword jwale ;eword
jwale ;eword tsebo ;eword ha ;eword kesatseha ;eword le ;eword wena ;eword jwale ;eword
keamoloya ;eword jwale ;eword
ketlauloya ;eword
hela ;eword tsebo ;eword
ketlauloya ;eword
hela ;eword tsebo ;eword
tsebo ;eword le ;eword wena ;eword uneuntoya ;eword
jwale ;eword useuntoyile ;eword
tsebo ;eword nna ;eword ha ;eword kesabapala ;eword
ichu ;eword
u ;eword sele ;eword
nkotle ;eword le ;eword nna ;eword tsebo ;eword
nkotle ;eword
tsebo ;eword ke ;eword eo ;eword ankhama ;eword
ketla ;eword lerameng ;eword moo ;eword
keatla ;eword
