ee ;eword
u ;eword lethetsi ;eword ha ;eword useure ;eword ke ;eword la ;eword abuti ;eword khoaela ;eword tjee ;eword
utleutlwe ;eword kebula ;eword feela ;eword
ae ;eword tlisa ;eword lethopo ;eword laka ;eword litlhare ;eword
tlisa ;eword ntho ;eword yaka ;eword
tlisa ;eword ntho ;eword yaka ;eword
ureng ;eword
tlisa ;eword ntho ;eword yaka ;eword litlhare ;eword
litlhare ;eword tlisa ;eword ntho ;eword yaka ;eword
enwa ;eword ha ;eword ana ;eword matla ;eword enwa ;eword
tlisa ;eword ntho ;eword yaka ;eword monna ;eword
litlhare ;eword ake ;eword utlise ;eword ntho ;eword yaka ;eword
tlisa ;eword ntho ;eword yaka ;eword
tlisa ;eword lethopo ;eword lena ;eword laka ;eword
u ;eword leshano ;eword tlisa ;eword
u ;eword leshano ;eword tlisa ;eword lethopo ;eword lena ;eword laka ;eword helang ;eword
litlhare ;eword skana ;eword reqala ;eword
mbutswele ;eword litlhare ;eword
mbutswele ;eword
this ;eword is ;eword a ;eword boy ;eword
