nka ;eword ubehe ;eword mona ;eword tsebo ;eword beha ;eword kwana ;eword nka ;eword ntho ;eword ena ;eword
ke ;eword mang ;eword yaphintseng ;eword
uetsang ;eword wena ;eword uetsang ;eword
tsebo ;eword skanna ;eword hata ;eword emong ;eword hampe ;eword jwale ;eword
umohatelang ;eword jwale ;eword
ke ;eword eng ;eword bo ;eword u ;eword dikhathatso ;eword ke ;eword eng ;eword wena ;eword
tsebo ;eword skanna ;eword nyontsa ;eword hle ;eword untseuetsang ;eword
ke ;eword eng ;eword
ae ;eword neuoe ;eword tsebo ;eword
motlohele ;eword wena ;eword monehe ;eword ntho ;eword ena ;eword yahae ;eword ena ;eword
untseuetsang ;eword tsebo ;eword
tsebo ;eword untseuetsang ;eword
ke ;eword eng ;eword eo ;eword untsengungola ;eword
uingwapa ;eword kae ;eword
ha ;eword ujang ;eword
tsebo ;eword uotla ;eword kae ;eword hona ;eword moo ;eword
moo ;eword uotlang ;eword teng ;eword ke ;eword kae ;eword
seka ;eword itsetlehang ;eword mane ;eword hleng ;eword letladiha ;eword
udinka ;eword kae ;eword dipompong ;eword
mm ;eword
uaetseba ;eword le ;eword wena ;eword
tsebo ;eword uabatla ;eword ka ;eword matsapa ;eword ohle ;eword hoya ;eword kantle ;eword
eng ;eword
mm ;eword nka ;eword ke ;eword ena ;eword
ke ;eword pompong ;eword ke ;eword eng ;eword
hm ;eword
ha ;eword uje ;eword dipampiri ;eword wena ;eword
untseuetsang ;eword
ke ;eword chunkama ;eword ntho ;eword ena ;eword ke ;eword eng ;eword
ae ;eword
jwale ;eword ueetsa ;eword jwang ;eword ha ;eword untseuesuha ;eword tjee ;eword
ke ;eword ding ;eword
e ;eword kae ;eword pompong ;eword
tsebo ;eword untseuhata ;eword ngwana ;eword
untseuetsang ;eword
mm ;eword ska ;eword raha ;eword ngwana ;eword tsebo ;eword
untsuetsang ;eword hleso ;eword
leetsa ;eword jwang ;eword jwale ;eword
eabapala ;eword na ;eword pensele ;eword ee ;eword
he ;eword tlisa ;eword retlobona ;eword
utswa ;eword kae ;eword ka ;eword yona ;eword
hoetswang ;eword
ke ;eword ha ;eword houwa ;eword kae ;eword
ukabeuisa ;eword dintho ;eword tsena ;eword
tsebo ;eword uetsa ;eword jwang ;eword
motlise ;eword
motloele ;eword wena ;eword
tlisa ;eword thupa ;eword ena ;eword yaka ;eword
tloha ;eword mona ;eword udule ;eword fatse ;eword
tswa ;eword
tlisa ;eword keye ;eword hoshapa ;eword ntho ;eword yane ;eword entlhodiyang ;eword
tsoha ;eword udule ;eword fatse ;eword
he ;eword ureng ;eword e ;eword
ae ;eword ha ;eword houwa ;eword kae ;eword
leya ;eword kae ;eword kaofela ;eword
hela ;eword wena ;eword tsebo ;eword
keitse ;eword utle ;eword ho ;eword ngwana ;eword wena ;eword mona ;eword
keitse ;eword utle ;eword ha ;eword ngwana ;eword
tsamaya ;eword uye ;eword kwana ;eword
hleso ;eword hei ;eword wena ;eword dula ;eword fatse ;eword
letlahata ;eword yane ;eword yantsengaituletse ;eword hantle ;eword
tsebo ;eword uatseba ;eword
moo ;eword untseulla ;eword wena ;eword
keitse ;eword otlohele ;eword ngwana ;eword eno ;eword wena ;eword
hleso ;eword seka ;eword thibela ;eword ngwana ;eword ha ;eword atsamaya ;eword wena ;eword hei ;eword
hela ;eword wena ;eword
tsebo ;eword ako ;eword ake ;eword udule ;eword fatse ;eword hle ;eword
tloo ;eword dule ;eword mona ;eword wena ;eword
feta ;eword udule ;eword mona ;eword
ae ;eword tloha ;eword
udihuwa ;eword ke ;eword mang ;eword
untseujang ;eword he ;eword
mm ;eword hei ;eword ngwana ;eword enwa ;eword oaufahla ;eword wena ;eword
neuoe ;eword osarobetse ;eword na ;eword
boroko ;eword bo ;eword jwang ;eword na ;eword
ae ;eword
ae ;eword le ;eword wena ;eword untseuetsang ;eword e ;eword
ke ;eword eng ;eword e ;eword mm ;eword
ae ;eword robala ;eword mme ;eword manyeo ;eword ha ;eword uitse ;eword uarobala ;eword sekaba ;eword rehlopha ;eword
e ;eword tsebo ;eword ake ;eword utlohele ;eword emong ;eword ha ;eword aitse ;eword oarobala ;eword
ae ;eword ae ;eword uamobitsa ;eword wale ;eword ummitsetsa ;eword kae ;eword
tloo ;eword robale ;eword
ae ;eword ketlaushapa ;eword ke ;eword eng ;eword na ;eword
ae ;eword ska ;eword bapalla ;eword mona ;eword tsebo ;eword
ae ;eword ska ;eword beha ;eword dintho ;eword tseno ;eword
tsebo ;eword ore ;eword udibehe ;eword kae ;eword moo ;eword ke ;eword eng ;eword
ke ;eword mang ;eword
oitse ;eword ubehe ;eword yona ;eword ntho ;eword ee ;eword moo ;eword
jwale ;eword ueisa ;eword kae ;eword haeka ;eword uneueisa ;eword kae ;eword
sekanna ;eword itsetleha ;eword mona ;eword wena ;eword
tloha ;eword mono ;eword eya ;eword lekokong ;eword kwana ;eword
uitse ;eword uarobala ;eword wena ;eword
e ;eword untseuetsang ;eword
uikwallang ;eword
ha ;eword uneuetsang ;eword
ere ;eword keutlwe ;eword hantle ;eword
hela ;eword wena ;eword hleso ;eword useufihlile ;eword ka ;eword mokutu ;eword oo ;eword wahao ;eword e ;eword
hleso ;eword uatseba ;eword khale ;eword kere ;eword utswe ;eword mono ;eword
tloha ;eword keotle ;eword lehlanya ;eword lena ;eword
dintho ;eword tsena ;eword dintsedibakwa ;eword ke ;eword wena ;eword tsena ;eword
jwale ;eword unhlodiya ;eword mona ;eword
le ;eword wena ;eword khale ;eword kere ;eword udule ;eword fatse ;eword mona ;eword
he ;eword katla ;eword kateneha ;eword jwale ;eword
khale ;eword kere ;eword udule ;eword fatse ;eword le ;eword wena ;eword
uneuntseuetsang ;eword
nkauotla ;eword le ;eword wena ;eword hona ;eword tjena ;eword
honeng ;eword kelekhalemela ;eword moo ;eword jwale ;eword
ae ;eword neha ;eword ngwana ;eword wena ;eword ullisa ;eword ngwana ;eword wena ;eword
fa ;eword ngwana ;eword
fa ;eword ngwana ;eword ntho ;eword yahae ;eword
tsebo ;eword le ;eword wena ;eword
ebehe ;eword mane ;eword
e ;eword
ha ;eword otlodiha ;eword ngwana ;eword eo ;eword na ;eword
utlamodiha ;eword tsebo ;eword uetsang ;eword jwale ;eword hela ;eword wena ;eword
ha ;eword ale ;eword jwang ;eword ache ;eword ae ;eword
seeta ;eword senesele ;eword siyo ;eword
tsebo ;eword utlamodiha ;eword
motlohele ;eword hle ;eword ha ;eword asabatle ;eword
keausiya ;eword
seeta ;eword see ;eword usesiyile ;eword kae ;eword
tsebo ;eword uya ;eword kae ;eword
tloo ;eword rwale ;eword dieta ;eword
tloo ;eword utlorwala ;eword dieta ;eword
motlohele ;eword hle ;eword
motlohele ;eword
seeta ;eword se ;eword kae ;eword
keitse ;eword ubatle ;eword seeta ;eword sa ;eword ngwana ;eword kwana ;eword
se ;eword kae ;eword
tloo ;eword wena ;eword
tloo ;eword rwale ;eword seeta ;eword
tloha ;eword ubatla ;eword hoetsa ;eword jwang ;eword jwale ;eword moo ;eword
khutlela ;eword kwana ;eword
uya ;eword kae ;eword
utlofeta ;eword le ;eword kae ;eword
ae ;eword tlisa ;eword tlisa ;eword ntho ;eword ena ;eword
thupa ;eword ena ;eword etlalehlaba ;eword wena ;eword
uilobatlang ;eword
ke ;eword eng ;eword jwale ;eword
uotluwe ;eword ke ;eword mang ;eword
tlisa ;eword phafa ;eword ketloshapa ;eword bana ;eword baa ;eword
untseumoqala ;eword tjena ;eword wena ;eword
motlohele ;eword
keamonka ;eword
tsebo ;eword ake ;eword udule ;eword ke ;eword eng ;eword ha ;eword usabatle ;eword hodula ;eword fatse ;eword tjee ;eword
ke ;eword eng ;eword ha ;eword usatsebe ;eword hodula ;eword tjee ;eword wena ;eword
basadi ;eword oasesetsa ;eword kae ;eword jwale ;eword eo ;eword
hela ;eword tloha ;eword basadi ;eword
mme ;eword wahao ;eword
utswa ;eword uya ;eword kae ;eword
monke ;eword ukhutlele ;eword kwano ;eword
oahana ;eword
ae ;eword ha ;eword asabatla ;eword letho ;eword ho ;eword mang ;eword kapa ;eword mang ;eword
ohanne ;eword le ;eword nna ;eword ha ;eword kemonka ;eword
osakhenne ;eword hoo ;eword akhenneng ;eword
obatla ;eword mme ;eword wahae ;eword hoo ;eword ammatlang ;eword
