ketseba ;eword sebare ;eword
opepile ;eword thoto ;eword
keya ;eword ka ;eword kampong ;eword
kealeboha ;eword
kealeboha ;eword hape ;eword
kealeboha ;eword nkhono ;eword waka ;eword
ere ;eword ketswe ;eword he ;eword
retswa ;eword le ;eword mona ;eword
le ;eword mona ;eword pela ;eword kumbakumba ;eword
pela ;eword kumbakumba ;eword
ke ;eword ena ;eword ka ;eword mona ;eword
ka ;eword mona ;eword
mane ;eword
keetsa ;eword hape ;eword
helang ;eword matule ;eword ore ;eword otsoswa ;eword hona ;eword tjee ;eword
nna ;eword keiloipata ;eword
ohana ;eword ha ;eword ketswa ;eword
retswarele ;eword nkhono ;eword waka ;eword reaseba ;eword
keya ;eword ka ;eword tlasa ;eword bethe ;eword
mme ;eword masepenya ;eword le ;eword mme ;eword masethulo ;eword
kentsekere ;eword
ketlafofa ;eword
ere ;eword ketla ;eword
ore ;eword ka ;eword mona ;eword
ke ;eword neuoe ;eword
kere ;eword ke ;eword ntate ;eword mohanwe ;eword
weso ;eword
ntate ;eword lefu ;eword khekhethane ;eword
ntate ;eword lefu ;eword
ore ;eword nkhono ;eword nkhono ;eword
nkhono ;eword nkhono ;eword thupa ;eword yaka ;eword ya ;eword mme ;eword masethu ;eword
nna ;eword keilobesa ;eword poone ;eword yaka ;eword
ketlare ;eword mme ;eword ampesetse ;eword mollo ;eword
e ;eword
reya ;eword ka ;eword labone ;eword
ha ;eword a ;eword yo ;eword ka ;eword mona ;eword
kemofile ;eword
keamosheba ;eword
moshebe ;eword
ee ;eword
oneabatla ;eword kobo ;eword ya ;eword ngwana ;eword wahae ;eword
ontseaepata ;eword ka ;eword monana ;eword
e ;eword
neuoe ;eword keilekamootla ;eword ka ;eword mane ;eword
keilekamotlohela ;eword
rona ;eword rebatla ;eword hoya ;eword kantle ;eword
ke ;eword nna ;eword enwa ;eword
ke ;eword tsebo ;eword
ha ;eword letle ;eword ka ;eword tlung ;eword ke ;eword eng ;eword lona ;eword
nkhono ;eword hoitswe ;eword
helang ;eword
keafofa ;eword
e ;eword
ketlofofa ;eword
