utlwa ;eword sethunya ;eword setlilothunya ;eword
setlilore ;eword qhu ;eword
sethunya ;eword untsuutlwa ;eword
dula ;eword fatse ;eword
litlhare ;eword dula ;eword fatse ;eword
litlhare ;eword mme ;eword masebina ;eword oitse ;eword udule ;eword fatse ;eword mona ;eword
litlhare ;eword usokodisa ;eword ausi ;eword mamello ;eword
litlhare ;eword tsamaya ;eword hodula ;eword fatse ;eword ka ;eword tlung ;eword
hoitswe ;eword udule ;eword fatse ;eword ke ;eword mme ;eword masebina ;eword
otlatla ;eword houshapa ;eword
litlhare ;eword tloo ;eword
a ;eword mobu ;eword
tlisa ;eword kenwe ;eword litlhare ;eword
litlhare ;eword hothwe ;eword utlodula ;eword mona ;eword
litlhare ;eword uya ;eword kae ;eword
litlhare ;eword hontshothwe ;eword uilodula ;eword
uatella ;eword
uatella ;eword he ;eword
le ;eword nna ;eword ketlasoka ;eword
litlhare ;eword tloha ;eword monyako ;eword
ha ;eword reyeng ;eword mantlwantlwaneng ;eword
ae ;eword litlhare ;eword dula ;eword fatse ;eword
ska ;eword ya ;eword mantlwantlwaneng ;eword
eke ;eword litlhare ;eword
ake ;eword litlhare ;eword
ha ;eword se ;eword setulo ;eword ntho ;eword ena ;eword ke ;eword letini ;eword
ke ;eword letini ;eword nnyeo ;eword
ntho ;eword ena ;eword ke ;eword metsi ;eword
useuboela ;eword hape ;eword
etlauotla ;eword hape ;eword
tloha ;eword setulong ;eword mona ;eword
litlhare ;eword eya ;eword mantlwantlwaneng ;eword
litlhare ;eword ha ;eword a ;eword yo ;eword
litlhare ;eword skana ;eword ja ;eword mobu ;eword ona ;eword
litlhare ;eword
uja ;eword mobu ;eword
litlhare ;eword urwetseng ;eword
litlhare ;eword ake ;eword uye ;eword lapeng ;eword
haele ;eword hantle ;eword untseumatha ;eword uya ;eword kae ;eword
ketliloushapa ;eword
mme ;eword litlhare ;eword
litlhare ;eword bona ;eword
mafehloase ;eword o ;eword ka ;eword lerakong ;eword
ke ;eword mobu ;eword
elahle ;eword
uahana ;eword hoja ;eword
uja ;eword mobu ;eword
ke ;eword dikhobe ;eword dintho ;eword tseo ;eword litlhare ;eword
emetsi ;eword eo ;eword
e ;eword jwang ;eword feela ;eword
litlhare ;eword
tloo ;eword nngwathele ;eword litlhare ;eword
tloo ;eword nngwathele ;eword
keuchaketse ;eword hakere ;eword
e ;eword keuchaketse ;eword
utlanngwathela ;eword
oo ;eword keuchaketse ;eword
e ;eword keuchaketse ;eword
nngwathele ;eword
kentsekeja ;eword utsebe ;eword
eya ;eword mme ;eword
beseletsa ;eword ka ;eword patsi ;eword he ;eword
ke ;eword ena ;eword patsi ;eword ena ;eword fatse ;eword mona ;eword
keikomose ;eword
mme ;eword malitlhare ;eword
mme ;eword malitlhare ;eword
mme ;eword malitlhare ;eword nngwathele ;eword
mme ;eword malitlhare ;eword nngwathele ;eword
keuchaketse ;eword
mme ;eword malitlhare ;eword
lebekere ;eword ke ;eword lena ;eword
ako ;eword tselle ;eword batho ;eword batlonwa ;eword jwala ;eword
nngwathele ;eword mme ;eword malitlhare ;eword
mme ;eword malitlhare ;eword ee ;eword
poleiti ;eword ke ;eword ena ;eword
mme ;eword litlhare ;eword koloi ;eword ke ;eword ena ;eword
mme ;eword litlhare ;eword na ;eword keungwathele ;eword
mme ;eword litlhare ;eword
mme ;eword litlhare ;eword beisene ;eword ke ;eword ena ;eword
oo ;eword
bona ;eword setswantso ;eword ke ;eword sena ;eword
e ;eword
saka ;eword
mme ;eword litlhare ;eword emere ;eword ke ;eword ena ;eword
tloha ;eword
mofe ;eword ke ;eword metsi ;eword
motloelle ;eword
dipoto ;eword ke ;eword tsena ;eword
mme ;eword litlhare ;eword tloo ;eword ketloutsella ;eword metsi ;eword
tsentso ;eword kaofela ;eword
keufile ;eword metsi ;eword
ke ;eword papa ;eword
ke ;eword papa ;eword ntho ;eword ee ;eword jwale ;eword phofo ;eword e ;eword kae ;eword
eseng ;eword uye ;eword ha ;eword kotsia ;eword
ha ;eword usoye ;eword ha ;eword kotsia ;eword
keilousidisa ;eword jwale ;eword
reya ;eword lelwaleng ;eword
dieta ;eword tsela ;eword tsenala ;eword uneudireketswe ;eword kae ;eword
uneudireketswe ;eword ke ;eword ausi ;eword makhofane ;eword
jwale ;eword ha ;eword untseuja ;eword mamina ;eword tjee ;eword
pheha ;eword papa ;eword engwe ;eword
phofo ;eword ke ;eword ena ;eword
ke ;eword eno ;eword
lesokwana ;eword ke ;eword lena ;eword
sheba ;eword lesokwana ;eword
nka ;eword lesokwana ;eword ke ;eword lena ;eword
mokotlana ;eword wahao ;eword ke ;eword wane ;eword
utlasela ;eword ka ;eword ona ;eword kwana ;eword
uaebona ;eword
ketlaumula ;eword wena ;eword
tsela ;eword phofo ;eword ha ;eword eabela ;eword
eabela ;eword
usoke ;eword ka ;eword lesokwana ;eword
etsa ;eword lesheleshele ;eword
lahao ;eword la ;eword ngwana ;eword
tsela ;eword phofo ;eword engwe ;eword
tsela ;eword phofo ;eword hape ;eword
thola ;eword litlhare ;eword
ke ;eword kae ;eword
utlarwalang ;eword mme ;eword towe ;eword
ere ;eword keurwese ;eword
keukukise ;eword dipoto ;eword tsee ;eword
ebe ;eword rere ;eword
ke ;eword tsena ;eword dikwaelwana ;eword
o ;eword reyeng ;eword he ;eword
mme ;eword litlhare ;eword dijana ;eword ke ;eword tsena ;eword
ebe ;eword uentse ;eword mokete ;eword
jwale ;eword retlaletsa ;eword
uautlwa ;eword
retlaletsa ;eword
rebine ;eword
tloo ;eword litlhare ;eword
mme ;eword litlhare ;eword dipoto ;eword ke ;eword tsena ;eword
bo ;eword butle ;eword litlhare ;eword ke ;eword tsa ;eword rona ;eword
ke ;eword yaka ;eword mme ;eword towe ;eword
utsebe ;eword metsi ;eword afedile ;eword mme ;eword towe ;eword
tsamaya ;eword hoakha ;eword
be ;eword butleng ;eword kephehe ;eword
kesoke ;eword papa ;eword
metsi ;eword a ;eword kae ;eword ana ;eword
bare ;eword bana ;eword beso ;eword
ngwaneso ;eword
ukha ;eword metsi ;eword
makwenya ;eword mona ;eword reapheha ;eword
reapheha ;eword
dijo ;eword ke ;eword tsena ;eword mme ;eword
ka ;eword moo ;eword ebe ;eword ke ;eword mahe ;eword
kapa ;eword ebe ;eword ke ;eword papa ;eword ekhubedu ;eword
e ;eword khubedu ;eword
ha ;eword hona ;eword metsi ;eword ka ;eword mona ;eword
re ;eword moketeng ;eword mona ;eword hoasebetswa ;eword
retlaja ;eword
ungwathele ;eword baeti ;eword
letsa ;eword kumbakumba ;eword
mme ;eword towe ;eword eseele ;eword mokete ;eword
a ;eword kumbakumba ;eword eseele ;eword mona ;eword
ha ;eword rebine ;eword jwale ;eword
ha ;eword rebine ;eword
eke ;eword reqetile ;eword
rengwathele ;eword
ungwathele ;eword sekotlolong ;eword seseholo ;eword
sena ;eword hobane ;eword re ;eword bangata ;eword
ere ;eword kesefatle ;eword
dibeisene ;eword ke ;eword tsena ;eword mme ;eword
nka ;eword mme ;eword litlhare ;eword
dijo ;eword tsena ;eword hle ;eword mme ;eword redikhabele ;eword
dibutsi ;eword ke ;eword tsena ;eword mme ;eword
eke ;eword
be ;eword butle ;eword holekane ;eword
bomme ;eword retlapheha ;eword
e ;eword
realengwathela ;eword jwale ;eword
holekane ;eword moo ;eword hakere ;eword
tsamaya ;eword uye ;eword sekolong ;eword mane ;eword litlhare ;eword
mobitse ;eword otlomongwathela ;eword le ;eword ena ;eword
retlautlisetsa ;eword dijo ;eword
le ;eword ngwana ;eword emonyenyane ;eword otla ;eword
eyang ;eword ka ;eword sakeng ;eword lona ;eword
tsena ;eword ke ;eword tsa ;eword lona ;eword
tsena ;eword ke ;eword tsa ;eword bashanyana ;eword
tsena ;eword ke ;eword tsa ;eword khekhe ;eword
be ;eword butle ;eword litlhare ;eword
bo ;eword butle ;eword
ha ;eword kesotsele ;eword le ;eword papa ;eword
khaba ;eword ekaba ;eword efeng ;eword mme ;eword litlhare ;eword jwale ;eword
ska ;eword soka ;eword
reseretsotse ;eword
ha ;eword ubone ;eword ha ;eword repakile ;eword tjee ;eword
keatsola ;eword mme ;eword
hona ;eword mono ;eword resentsereditsotse ;eword
resentsereentse ;eword jwalo ;eword
ke ;eword mang ;eword atswadiha ;eword dijo ;eword malitlhare ;eword
ke ;eword mme ;eword enwa ;eword
butle ;eword
ske ;eword etsa ;eword tjena ;eword
khaba ;eword eya ;eword ka ;eword bashanyaneng ;eword
be ;eword butle ;eword mme ;eword litlhare ;eword
ska ;eword inama ;eword khekhe ;eword
jwale ;eword na ;eword lenkelang ;eword ntho ;eword yane ;eword
ae ;eword mme ;eword towe ;eword bo ;eword butle ;eword
dipoto ;eword tsane ;eword disedidutse ;eword hampe ;eword
retlamongwathela ;eword
ae ;eword tsahae ;eword ke ;eword tsena ;eword
tsa ;eword khekhe ;eword retladingwatha ;eword hape ;eword
ha ;eword reje ;eword mme ;eword litlhare ;eword
mme ;eword litlhare ;eword uskabaja ;eword mobu ;eword
ska ;eword oja ;eword
uje ;eword dintho ;eword tsena ;eword feela ;eword tsena ;eword
utsebe ;eword rentsereja ;eword
ha ;eword rentsereetsa ;eword tjee ;eword
ausi ;eword mamello ;eword odiqetile ;eword
udinke ;eword
sheba ;eword ja ;eword hona ;eword he ;eword litlhare ;eword
reqeta ;eword kaofela ;eword jwale ;eword
jwale ;eword letsa ;eword kumbakumba ;eword
tuluntulu ;eword
retlobina ;eword jwale ;eword
ema ;eword mmannyeo ;eword
tholang ;eword he ;eword
ketlalengwathela ;eword
uabona ;eword he ;eword litlhare ;eword
eke ;eword keletsa ;eword mamakhorong ;eword
letsa ;eword ausi ;eword mamello ;eword oseaqetile ;eword jwale ;eword
bo ;eword butle ;eword
a ;eword ke ;eword moroho ;eword ona ;eword ha ;eword osophehuwe ;eword
hakere ;eword retlaopheha ;eword ka ;eword madikotwana ;eword
tsamaya ;eword hobatla ;eword dijo ;eword lona ;eword
ha ;eword mme ;eword masebina ;eword di ;eword teng ;eword
makhupetla ;eword
litlhare ;eword matha ;eword ako ;eword lata ;eword dikhape ;eword hle ;eword monna ;eword
makhupetla ;eword
dijana ;eword ke ;eword tsela ;eword ka ;eword lerakong ;eword
mme ;eword litlhare ;eword dijana ;eword dingata ;eword hahao ;eword mona ;eword
ketloetsang ;eword
uabona ;eword nonyana ;eword edutse ;eword fatse ;eword
kedutse ;eword ka ;eword sakeng ;eword
batho ;eword bala ;eword ba ;eword teng ;eword mme ;eword litlhare ;eword
ha ;eword hona ;eword moriana ;eword ka ;eword mona ;eword
jwale ;eword utlatsela ;eword kae ;eword
eneentseesekame ;eword
na ;eword letlaushanotsa ;eword
ha ;eword se ;eword ngwana ;eword ntho ;eword eno ;eword
ke ;eword ngwana ;eword hle ;eword
ke ;eword motswetse ;eword hakere ;eword
rentsereipapalla ;eword rona ;eword
retlopheha ;eword lesheleshele ;eword hona ;eword tje ;eword
kephehela ;eword motswetse ;eword
bo ;eword butle ;eword motswetse ;eword
uya ;eword ha ;eword kotsia ;eword ule ;eword motswetse ;eword
ha ;eword kesobone ;eword motswetse ;eword yatselang ;eword kantle ;eword
utlampha ;eword phofo ;eword
tswara ;eword mona ;eword
etletsebe ;eword bobongata ;eword
ere ;eword etlaba ;eword ngata ;eword
etlohelle ;eword
etlatlala ;eword kapelenyana ;eword
uabona ;eword
etlotlala ;eword
etlatlala ;eword ntho ;eword ena ;eword
ere ;eword ketsele ;eword
litlhare ;eword jwale ;eword ha ;eword uatle ;eword le ;eword makhapetla ;eword
ere ;eword keukukise ;eword
ketlauroba ;eword ka ;eword pitla ;eword ena ;eword
mme ;eword towe ;eword jwale ;eword rengwathela ;eword batho ;eword
jwale ;eword rengwathela ;eword batho ;eword mme ;eword towe ;eword
rona ;eword reautima ;eword jwale ;eword
ha ;eword rebona ;eword useudutse ;eword mane ;eword
bona ;eword mona ;eword na ;eword
resantsanerephehile ;eword ka ;eword poraema ;eword
kake ;eword ausi ;eword mamello ;eword otlatla ;eword hojella ;eword mona ;eword
ngwathela ;eword ausi ;eword mamello ;eword
eya ;eword
umongwathele ;eword mona ;eword
ore ;eword okhotse ;eword
ngwana ;eword wahao ;eword ha ;eword aesoje ;eword le ;eword yena ;eword
butle ;eword kemongwathele ;eword mona ;eword ngwana ;eword enwa ;eword wahao ;eword
ngwana ;eword wahao ;eword enoa ;eword otloja ;eword tsenyenyane ;eword feela ;eword
tsa ;eword ngwana ;eword wahao ;eword ke ;eword tsena ;eword
motlohele ;eword aitjese ;eword jwale ;eword
uaja ;eword
mme ;eword litlhare ;eword ha ;eword reje ;eword
mme ;eword litlhare ;eword ha ;eword reje ;eword
kelata ;eword kumbakumba ;eword feela ;eword
retlotseba ;eword hobina ;eword
letsa ;eword kumbakumba ;eword
feela ;eword bashanyana ;eword bona ;eword
ausi ;eword mamello ;eword ena ;eword oitse ;eword okhotse ;eword
tsela ;eword ke ;eword tsa ;eword mang ;eword
litlhare ;eword
ubatla ;eword tsahao ;eword ule ;eword mong ;eword
ke ;eword ngwetsi ;eword ya ;eword eng ;eword moo ;eword
hothwe ;eword ngwetsi ;eword ke ;eword moo ;eword dintho ;eword tseno ;eword wena ;eword
mme ;eword keja ;eword moroho ;eword one ;eword feela ;eword
ketlaumula ;eword
keaushapa ;eword
khomo ;eword ke ;eword eng ;eword
kebetsa ;eword ka ;eword ena ;eword
tloo ;eword nke ;eword mme ;eword litlhare ;eword
mme ;eword litlhare ;eword tloo ;eword nke ;eword dijo ;eword
bare ;eword uilonka ;eword dijo ;eword
ha ;eword mme ;eword eo ;eword
kenekeitse ;eword
otloja ;eword
uskanamatha ;eword tjee ;eword
bashanyana ;eword ke ;eword bona ;eword bayang ;eword naheng ;eword eseng ;eword wena ;eword
mme ;eword litlhare ;eword tswara ;eword
moroho ;eword ona ;eword ha ;eword o ;eword
hothwe ;eword na ;eword ujang ;eword
mme ;eword litlhare ;eword ska ;eword tsamaya ;eword ha ;eword u ;eword moshanyana ;eword
tloo ;eword retlopheha ;eword dijo ;eword mona ;eword
mme ;eword enwa ;eword keatsekelang ;eword
kentsekemoshebile ;eword
mme ;eword towe ;eword
a ;eword be ;eword butle ;eword mme ;eword towe ;eword
litlhare ;eword tloo ;eword bapale ;eword le ;eword ngwana ;eword enwa ;eword
ha ;eword reetseng ;eword disale ;eword
litlhare ;eword ere ;eword kepalame ;eword
kesatlonwa ;eword jwala ;eword
ke ;eword jwala ;eword yona ;eword ntho ;eword ee ;eword
lebeledibehe ;eword dikobo ;eword tseo ;eword tsa ;eword rona ;eword
jwale ;eword ke ;eword mang ;eword yaditsetseng ;eword ka ;eword mahlokwa ;eword
ke ;eword mang ;eword yantsengatsola ;eword dijo ;eword tsee ;eword kediphehile ;eword
