utloaparelang ;eword mmete ;eword
skana ;eword laqhwaolla ;eword mona ;eword lona ;eword
uneukhellwa ;eword ke ;eword mang ;eword metsi ;eword aa ;eword
kae ;eword
ke ;eword mang ;eword yanengare ;eword uakhe ;eword pompong ;eword
ke ;eword mang ;eword
skana ;eword nwa ;eword dintho ;eword tsempe ;eword tseno ;eword wena ;eword
neuoe ;eword jwale ;eword uetsang ;eword na ;eword manyeo ;eword
we ;eword neuoe ;eword
uetsang ;eword
ere ;eword kebone ;eword
ee ;eword ee ;eword monehe ;eword ke ;eword ya ;eword hleso ;eword ntho ;eword eno ;eword
monehe ;eword
neuoe ;eword nka ;eword
e ;eword lemojese ;eword
