keje ;eword
kentsekeungwathela ;eword
keungwathela ;eword tseding ;eword
hei ;eword uetsang ;eword
helang ;eword tloha ;eword mona ;eword
litlhare ;eword masebina ;eword ausi ;eword masebina ;eword ausi ;eword masebina ;eword
litlhare ;eword
utlaya ;eword neng ;eword sekolong ;eword
eseele ;eword litlhare ;eword yaentseng ;eword hobohobohobo ;eword
yaentseng ;eword bobobobobo ;eword
ke ;eword tsintsi ;eword
ha ;eword se ;eword tsintsi ;eword
nna ;eword keatseba ;eword
ntate ;eword migaele ;eword le ;eword ausi ;eword masebina ;eword ke ;eword bale ;eword senepeng ;eword
keababona ;eword ke ;eword bana ;eword
nna ;eword nnyeo ;eword keababona ;eword ke ;eword bana ;eword
ausi ;eword masebina ;eword ke ;eword enoa ;eword ntate ;eword mikele ;eword ke ;eword enoa ;eword
ha ;eword uababone ;eword
nna ;eword kebabone ;eword
ebile ;eword hangata ;eword wena ;eword
kebone ;eword ausi ;eword masebina ;eword ke ;eword enwa ;eword senepeng ;eword
senepeng ;eword
ntate ;eword migaele ;eword ke ;eword yane ;eword ka ;eword nqena ;eword
e ;eword e ;eword
ha ;eword etswe ;eword mona ;eword
keaethula ;eword ka ;eword feisi ;eword nna ;eword ena ;eword
wena ;eword ntala ;eword wena ;eword litlhare ;eword
utseba ;eword ha ;eword kekena ;eword ka ;eword lebaleng ;eword
etlakena ;eword ka ;eword tlung ;eword ka ;eword moo ;eword
renereebone ;eword ka ;eword tlung ;eword ka ;eword mona ;eword eja ;eword lefielo ;eword
ha ;eword bona ;eword eseentseeja ;eword lefielo ;eword
ha ;eword ubona ;eword ekene ;eword ele ;eword mono ;eword
ebile ;eword ejele ;eword mono ;eword
mono ;eword lekhaohile ;eword ebileng ;eword
thotobolong ;eword
yarobeha ;eword
maoto ;eword a ;eword yona ;eword
yasala ;eword eitse ;eword
yona ;eword yasala ;eword eitse ;eword
ena ;eword eileyasala ;eword
yona ;eword eileyasala ;eword eitse ;eword
yasala ;eword yona ;eword eitse ;eword
moya ;eword wa ;eword natala ;eword
moya ;eword ole ;eword mongata ;eword kantle ;eword ka ;eword mona ;eword
lefielo ;eword ke ;eword leo ;eword hosane ;eword
moya ;eword ontseoile ;eword
ontseofefotse ;eword
ha ;eword rele ;eword
uabona ;eword tapole ;eword
tapole ;eword ewela ;eword kwana ;eword
beha ;eword senepe ;eword seo ;eword
nthuse ;eword litlhare ;eword
eshebe ;eword
utlahlatsa ;eword wena ;eword
utlahlatsa ;eword untseure ;eword nku ;eword
nna ;eword keikamola ;eword ke ;eword dinku ;eword tseding ;eword
tsengata ;eword
hm ;eword
ke ;eword tsa ;eword ntate ;eword migele ;eword
entseele ;eword yane ;eword
ke ;eword motho ;eword ke ;eword yane ;eword
odutse ;eword setulong ;eword ke ;eword elwa ;eword
ke ;eword ka ;eword nokeng ;eword ka ;eword mona ;eword
hothwe ;eword sekanna ;eword tswara ;eword bethe ;eword tafole ;eword bethe ;eword
litlhare ;eword
utlwa ;eword litlhare ;eword osatseba ;eword hobala ;eword
osatlatseba ;eword
litlhare ;eword ee ;eword khiba ;eword
etsa ;eword tjena ;eword
litlhare ;eword etsa ;eword tjena ;eword
rona ;eword rere ;eword feela ;eword
rona ;eword rephahamisa ;eword
ntlamo ;eword rere ;eword
leaikutlwa ;eword ha ;eword leetsa ;eword tjee ;eword ee ;eword
ha ;eword utsebe ;eword hoetsa ;eword hokhiba ;eword
hoetsa ;eword tjena ;eword feela ;eword
useutlatseba ;eword nnyeo ;eword
ere ;eword
eke ;eword
ere ;eword
uabona ;eword useutlaitse ;eword
ure ;eword renereetiisa ;eword
ha ;eword wena ;eword
uya ;eword kae ;eword
tloo ;eword hoipata ;eword
utloipatela ;eword mang ;eword
unuiloetsang ;eword ka ;eword mora ;eword bethe ;eword
ebile ;eword kenekesatsebe ;eword ka ;eword mollo ;eword
kenekesatsebe ;eword mohlang ;eword wane ;eword houwang ;eword konsertng ;eword
kenekesatsebe ;eword bo ;eword ausi ;eword masebina ;eword na ;eword o ;eword kae ;eword
anthe ;eword ba ;eword habo ;eword lehlohonolo ;eword
ketsamaile ;eword ka ;eword tsela ;eword yane ;eword bomme ;eword misi ;eword
bomme ;eword misi ;eword batsamayang ;eword teng ;eword
batsamaya ;eword ka ;eword yona ;eword
kapota ;eword ka ;eword yona ;eword
wapota ;eword ka ;eword ya ;eword dikoloi ;eword
eke ;eword
eisa ;eword ho ;eword mme ;eword
isa ;eword ho ;eword mme ;eword
hosane ;eword
keujwetse ;eword litlhare ;eword
ore ;eword hosane ;eword
hosane ;eword ke ;eword neng ;eword na ;eword
hoba ;eword hosane ;eword ke ;eword moqebelo ;eword
haka ;eword nnyeo ;eword
hothwe ;eword
kena ;eword
utlabona ;eword ushapuwa ;eword ha ;eword untseure ;eword
bala ;eword ekwetswe ;eword hobapala ;eword
ha ;eword utsebe ;eword hore ;eword ha ;eword keecho ;eword jwalo ;eword
he ;eword utlodietsise ;eword
hei ;eword wena ;eword
hata ;eword moo ;eword
ee ;eword kenka ;eword papa ;eword kaofela ;eword
useusarolla ;eword molala ;eword
thamolla ;eword molala ;eword
sheba ;eword ha ;eword kethamolla ;eword molala ;eword wena ;eword
kere ;eword ha ;eword kethamolla ;eword molala ;eword
kere ;eword nna ;eword
hei ;eword uantonosetsa ;eword
wena ;eword bare ;eword litlhare ;eword uskabawatswara ;eword letombo ;eword lena ;eword
ke ;eword ena ;eword he ;eword litlhare ;eword koloi ;eword yaka ;eword ke ;eword ena ;eword ke ;eword ena ;eword
etlaba ;eword mojahi ;eword
ejahile ;eword
e ;eword ngaka ;eword
ketlabekesukudisa ;eword
dumela ;eword ntate ;eword
eya ;eword ntate ;eword
dumela ;eword ntate ;eword
he ;eword ha ;eword kesobone ;eword koloi ;eword ephethohang ;eword ka ;eword mabomo ;eword
a ;eword bona ;eword koloi ;eword yahao ;eword eatsamaya ;eword
bona ;eword
entseetsamaya ;eword
he ;eword eaehula ;eword
he ;eword eahula ;eword stentekwana ;eword sa ;eword teng ;eword
hei ;eword bare ;eword u ;eword soso ;eword
u ;eword sosososo ;eword
ere ;eword ha ;eword ho ;eword letho ;eword litlhare ;eword
ure ;eword e ;eword bolek ;eword wena ;eword
hm ;eword
ha ;eword utsebe ;eword hoikama ;eword litlhare ;eword
ska ;eword etabola ;eword
uatsamaya ;eword
hele ;eword
e ;eword kholo ;eword
a ;eword mathe ;eword
e ;eword mathe ;eword
litlhare ;eword ha ;eword waekwenya ;eword uetswetse ;eword
