tloo ;eword ketloukonopolla ;eword borikhwe ;eword mmannyeo ;eword
bona ;eword ke ;eword ntlo ;eword
tloo ;eword ketloukonopolla ;eword borikhwe ;eword
utsebe ;eword hotsola ;eword
namane ;eword tloo ;eword retlobona ;eword eno ;eword
ausi ;eword sebina ;eword ke ;eword ding ;eword dintho ;eword tsee ;eword
baetsang ;eword moo ;eword mona ;eword
baetsang ;eword hona ;eword moo ;eword
barata ;eword hobapala ;eword baa ;eword
ausi ;eword sebina ;eword
we ;eword
kelapile ;eword
hela ;eword papa ;eword ha ;eword e ;eword yo ;eword
jwale ;eword wena ;eword ha ;eword uaepheha ;eword ke ;eword eng ;eword
nna ;eword kelapile ;eword
helang ;eword jwale ;eword ha ;eword ulapile ;eword keetseng ;eword
ska ;eword mootla ;eword
seka ;eword otla ;eword ntsa ;eword thaole ;eword ena ;eword ya ;eword batho ;eword fatse ;eword
jwale ;eword sello ;eword uetsisa ;eword ngwana ;eword enwa ;eword ule ;eword moholo ;eword na ;eword
ke ;eword mang ;eword aitseng ;eword ke ;eword abuti ;eword thabelang ;eword
ke ;eword lena ;eword
eke ;eword letlise ;eword kwano ;eword
sello ;eword seka ;eword moisa ;eword kantle ;eword
tloo ;eword kwano ;eword namane ;eword
ketlautla ;eword hobontsa ;eword hore ;eword na ;eword utenne ;eword jwang ;eword ntupen ;eword ena ;eword
esekasotheha ;eword
tloo ;eword ketlautla ;eword hojwentsa ;eword
e ;eword ketenne ;eword jwang ;eword
nna ;eword sello ;eword kenekeuthetsa ;eword
ha ;eword ureng ;eword
hakere ;eword ke ;eword lona ;eword
e ;eword kebone ;eword hore ;eword uarethetsa ;eword
hakere ;eword lekhowa ;eword le ;eword tjena ;eword
wena ;eword ha ;eword u ;eword yo ;eword
ntiea ;eword ureng ;eword
sela ;eword se ;eword kae ;eword
he ;eword wena ;eword namane ;eword papa ;eword e ;eword teng ;eword ka ;eword mokhorong ;eword
ketle ;eword e ;eword kae ;eword
sala ;eword namane ;eword oatla ;eword
le ;eword yona ;eword sala ;eword
ja ;eword wena ;eword likhapa ;eword
keausiela ;eword
keausiela ;eword wena ;eword ngwaneso ;eword
wena ;eword ngwaneso ;eword retlausiela ;eword
