u ;eword ditsila ;eword mmeleng ;eword
eseng ;eword diphahlong ;eword umpauapere ;eword
diphahlo ;eword tsesekono ;eword feela ;eword
e ;eword kebona ;eword jwalo ;eword
eseele ;eword hore ;eword leitlhatswe ;eword mantsiboya ;eword hosane ;eword leye ;eword kliniking ;eword
leetsa ;eword dintho ;eword disele ;eword jwale ;eword
leleka ;eword hoetsa ;eword jwang ;eword jwale ;eword
neuoe ;eword untseuetsang ;eword
uneuehatelang ;eword neuoe ;eword
dula ;eword hantle ;eword wena ;eword
earobeha ;eword jwang ;eword neuoe ;eword
hele ;eword kebone ;eword useuitse ;eword
