hoetswang ;eword jwale ;eword
hoetswang ;eword
hoetswang ;eword jwale ;eword
utlakhora ;eword motsehare ;eword
ake ;eword utswe ;eword
ake ;eword uhlatswe ;eword senyee ;eword pele ;eword sekotlolo ;eword
tadi ;eword e ;eword hokae ;eword
hleso ;eword untseuetsang ;eword
ena ;eword
dula ;eword fatse ;eword
dula ;eword fatse ;eword mane ;eword mmetheng ;eword
dula ;eword fatse ;eword mmetheng ;eword
kwala ;eword ka ;eword mono ;eword hleso ;eword
tsamaya ;eword holefa ;eword hleso ;eword anwe ;eword
ee ;eword
fa ;eword hleso ;eword le ;eword ena ;eword akanwe ;eword
