eya ;eword
eng ;eword
kumbakumba ;eword
ke ;eword ya ;eword mang ;eword
ke ;eword ya ;eword mang ;eword
e ;eword
utsipang ;eword
hana ;eword uneure ;eword u ;eword ngwana ;eword wa ;eword mang ;eword
hana ;eword uneure ;eword u ;eword ngwana ;eword wa ;eword mang ;eword mohlang ;eword mola ;eword
u ;eword ngwana ;eword wa ;eword mang ;eword
e ;eword hlobohang ;eword
e ;eword
bua ;eword haholo ;eword
e ;eword
keetsa ;eword engwe ;eword
ke ;eword ena ;eword
engwe ;eword ke ;eword ena ;eword yahao ;eword
engwe ;eword ke ;eword ena ;eword
e ;eword kae ;eword
ke ;eword ena ;eword
ena ;eword ha ;eword e ;eword yo ;eword
ke ;eword ena ;eword
ke ;eword eng ;eword hlobohang ;eword
engwe ;eword ke ;eword ena ;eword
hlobohang ;eword dintho ;eword tsena ;eword
ke ;eword dintho ;eword tsentle ;eword
tsena ;eword ke ;eword tsejwang ;eword
dintho ;eword tsee ;eword
aa ;eword ke ;eword tsejwang ;eword
unkile ;eword ya ;eword hlobohang ;eword
ke ;eword ya ;eword mang ;eword
butle ;eword keentse ;eword
ubatlang ;eword
dintho ;eword tsentle ;eword
kena ;eword le ;eword engwe ;eword
he ;eword hlobohang ;eword engwe ;eword
utlwa ;eword khofu ;eword
utlwa ;eword khofu ;eword
e ;eword ka ;eword mane ;eword
khomo ;eword ke ;eword yane ;eword
ke ;eword yane ;eword
ke ;eword eng ;eword ntho ;eword ee ;eword
ke ;eword eng ;eword
ere ;eword ke ;eword theipi ;eword entheipileng ;eword
ke ;eword theipi ;eword eutheipileng ;eword
eutheipile ;eword ntho ;eword eo ;eword
eutheipile ;eword
edumedise ;eword
ere ;eword dumela ;eword
ere ;eword uaphela ;eword na ;eword theipi ;eword
cho ;eword haholo ;eword
ere ;eword uaphela ;eword theipi ;eword
yona ;eword ha ;eword ebue ;eword ke ;eword eng ;eword
etlabua ;eword utloutlwa ;eword
ere ;eword na ;eword utholetseng ;eword theipi ;eword
ebotse ;eword
ebotse ;eword hore ;eword na ;eword etholetseng ;eword
ebotse ;eword na ;eword ntho ;eword ena ;eword etholetseng ;eword
ere ;eword utholetseng ;eword nyeo ;eword ha ;eword kebua ;eword le ;eword wena ;eword
pere ;eword
ntho ;eword ee ;eword ke ;eword eng ;eword
hobaneng ;eword
ha ;eword wachaisa ;eword kumbakumba ;eword yane ;eword
ha ;eword wachaisa ;eword
bona ;eword
kechaisa ;eword kumbakumba ;eword ha ;eword
wena ;eword uachaisa ;eword
tsamaya ;eword ketlaumema ;eword
tsechaisang ;eword
ere ;eword e ;eword teng ;eword ka ;eword mona ;eword
ere ;eword e ;eword teng ;eword
ka ;eword sutkeising ;eword
mm ;eword keachaisa ;eword
e ;eword
mmm ;eword eachaisa ;eword
echaisa ;eword kumbakumba ;eword
eachaisa ;eword ehe ;eword
uabona ;eword
e ;eword kae ;eword hlobohang ;eword
ke ;eword ena ;eword
ke ;eword ena ;eword
uabona ;eword he ;eword e ;eword kae ;eword
tlisa ;eword bolo ;eword rebapale ;eword
ekhofola ;eword lejwe ;eword khofu ;eword ena ;eword
ekhofola ;eword lejwe ;eword
e ;eword udumele ;eword
dintho ;eword tsane ;eword ke ;eword tsane ;eword diabidika ;eword
ke ;eword yane ;eword uabona ;eword
eabidika ;eword
ke ;eword mabidi ;eword a ;eword ditsepe ;eword
a ;eword kae ;eword ka ;eword moo ;eword
ha ;eword rekape ;eword
nkapise ;eword
nkapise ;eword wena ;eword
nkapise ;eword
uatseba ;eword
hlobohang ;eword
he ;eword he ;eword nna ;eword keekapile ;eword
dumela ;eword
keaukapisa ;eword
dumela ;eword
hlobohang ;eword
u ;eword ngwana ;eword wa ;eword mang ;eword
u ;eword ngwana ;eword wa ;eword mang ;eword hlobohang ;eword
ere ;eword wa ;eword mme ;eword masempe ;eword
mme ;eword manyili ;eword
e ;eword nyane ;eword
tlisang ;eword ketlobona ;eword
elekana ;eword le ;eword wena ;eword hlobohang ;eword
ha ;eword ele ;eword wena ;eword hlobohang ;eword
ke ;eword eng ;eword hoo ;eword
ke ;eword eng ;eword hoo ;eword
hmmm ;eword pepe ;eword
reilobapala ;eword
eankalamisa ;eword
eankalamisa ;eword
engwe ;eword ke ;eword yane ;eword kwana ;eword
ke ;eword yane ;eword kwana ;eword
hlobohang ;eword uabona ;eword jwale ;eword usukudisa ;eword ausi ;eword mamello ;eword
na ;eword hlobohang ;eword leselejele ;eword tjee ;eword
mm ;eword
mm ;eword
eng ;eword
ntjanyana ;eword ya ;eword mang ;eword
ntjanyana ;eword ya ;eword mang ;eword
hm ;eword
ehana ;eword hoetsa ;eword jwang ;eword
nka ;eword ke ;eword eo ;eword wena ;eword moo ;eword e ;eword teng ;eword
poone ;eword ya ;eword bohobe ;eword
tloo ;eword hoabata ;eword
hlobohang ;eword tloo ;eword
hlobohang ;eword tloo ;eword hle ;eword
e ;eword
ke ;eword katakata ;eword
mololo ;eword kenang ;eword ka ;eword tlung ;eword
ska ;eword ema ;eword monyako ;eword
hlobohang ;eword kena ;eword
m ;eword
tseleng ;eword kae ;eword hlobohang ;eword
tseleng ;eword ya ;eword dikoloi ;eword
eakhofola ;eword
ebone ;eword eakhofola ;eword engwe ;eword
ena ;eword etala ;eword
utlwa ;eword
utlwa ;eword khofu ;eword
utlwa ;eword
engwe ;eword ee ;eword
ditlashebana ;eword
mololo ;eword dula ;eword fatse ;eword
katse ;eword e ;eword kae ;eword
ke ;eword mololo ;eword mang ;eword
mololo ;eword molibeli ;eword
u ;eword ngwana ;eword wa ;eword mang ;eword
ntate ;eword wahao ;eword ke ;eword mang ;eword
rakhadi ;eword wahao ;eword ke ;eword mang ;eword
malome ;eword wahao ;eword ke ;eword mang ;eword
katse ;eword
hoo ;eword ke ;eword eng ;eword
hona ;eword
manto ;eword a ;eword ditsepe ;eword
hoo ;eword ke ;eword eng ;eword
m ;eword
hahao ;eword ka ;eword kwana ;eword
helang ;eword banna ;eword ee ;eword
ke ;eword lahao ;eword lebidi ;eword lee ;eword
utlwa ;eword
utlwa ;eword
utlwa ;eword khofu ;eword
ebile ;eword di ;eword pedi ;eword
katse ;eword
e ;eword di ;eword pedi ;eword
ke ;eword mabidi ;eword a ;eword ditsepe ;eword
e ;eword
e ;eword
thiya ;eword
ereng ;eword
ere ;eword ks ;eword
ere ;eword
onkile ;eword bolo ;eword
unkotla ;eword ka ;eword mokopu ;eword hei ;eword
bapala ;eword
le ;eword dikhofu ;eword
kebapala ;eword le ;eword dikhofu ;eword nna ;eword
dikatakata ;eword
ke ;eword katakata ;eword
hola ;eword ke ;eword eng ;eword
ke ;eword katakata ;eword
ke ;eword dikatakata ;eword
dikatakata ;eword
ke ;eword eng ;eword hola ;eword
nkapise ;eword
nkapise ;eword hlobohang ;eword
litlhare ;eword nkapise ;eword
oo ;eword keaulahlela ;eword
keaulahlela ;eword
tloo ;eword keukapise ;eword
aa ;eword uansola ;eword
wena ;eword tlisa ;eword keukapise ;eword
e ;eword uansola ;eword hantle ;eword
aa ;eword nkapise ;eword he ;eword
nkapise ;eword he ;eword
e ;eword keakapa ;eword
nkapise ;eword
oo ;eword nna ;eword kekapile ;eword
oo ;eword aa ;eword ha ;eword se ;eword yona ;eword
ha ;eword se ;eword yona ;eword
aesola ;eword
e ;eword yena ;eword aesola ;eword
tlisa ;eword bolo ;eword aa ;eword
he ;eword kaesola ;eword
kaesola ;eword hao ;eword
oh ;eword keekapile ;eword
ebile ;eword tloo ;eword nkapise ;eword
tlisa ;eword keukapise ;eword
lahlela ;eword
aa ;eword hopolang ;eword
nkapise ;eword aa ;eword hu ;eword
aa ;eword di ;eword kae ;eword
uabina ;eword
uabina ;eword hlobohang ;eword
eathola ;eword jwale ;eword tjee ;eword
hop ;eword ngwana ;eword moshanyana ;eword
uabina ;eword ngwana ;eword moshanyana ;eword
tlisa ;eword kwano ;eword
tlisa ;eword mochini ;eword ono ;eword waka ;eword
ee ;eword hlobohang ;eword ee ;eword
uya ;eword kae ;eword
uilosesa ;eword kae ;eword na ;eword ngwaneso ;eword
e ;eword
ke ;eword ntho ;eword ebidikang ;eword
keemetse ;eword koloi ;eword entle ;eword ya ;eword metsi ;eword
tloo ;eword utlwe ;eword koloi ;eword ya ;eword metsi ;eword
kwala ;eword lebese ;eword leno ;eword la ;eword batho ;eword
uetsang ;eword
koloi ;eword ya ;eword metsi ;eword
ke ;eword yane ;eword
bona ;eword koloi ;eword ya ;eword metsi ;eword
ke ;eword mabidi ;eword a ;eword ditsepe ;eword
hlobohang ;eword kena ;eword ka ;eword tlung ;eword
hlobohang ;eword motiea ;eword
kena ;eword ka ;eword tlung ;eword
uhanang ;eword
kena ;eword ka ;eword tlung ;eword
uadija ;eword dierekise ;eword tseo ;eword wena ;eword
ketlauotla ;eword
he ;eword
ke ;eword dinawa ;eword
hei ;eword
le ;eword tlasa ;eword bethe ;eword
ka ;eword nqane ;eword
ka ;eword nqane ;eword
mane ;eword
etsa ;eword mabidi ;eword a ;eword ditsepe ;eword
ujang ;eword wena ;eword
ke ;eword erekise ;eword
useutseba ;eword hoephuphura ;eword ka ;eword meno ;eword
uskabatla ;eword houtswa ;eword dierekise ;eword
nkaleotla ;eword ha ;eword lekabalautswa ;eword dierekise ;eword
uu ;eword enngwe ;eword ke ;eword ena ;eword
enngwe ;eword eafihla ;eword
bonang ;eword
aa ;eword
tlosa ;eword mabese ;eword ana ;eword ahao ;eword mona ;eword
uaja ;eword ha ;eword uqeta ;eword utlilobeha ;eword moo ;eword
hei ;eword
ere ;eword kebone ;eword
utlwa ;eword kumbakumba ;eword ealla ;eword
tlosa ;eword dierekise ;eword tsena ;eword tsahao ;eword mona ;eword
keadietsa ;eword lona ;eword leadiqeta ;eword
ketlauotla ;eword
enwa ;eword oqhala ;eword dierekise ;eword
ke ;eword yaka ;eword keatseba ;eword
ke ;eword eng ;eword
khofu ;eword keaetseba ;eword
m ;eword
ketlauotla ;eword
mane ;eword
helang ;eword banna ;eword e ;eword
uaephuphura ;eword
uaephuphura ;eword wena ;eword
uphuphura ;eword dierekise ;eword tsee ;eword
nka ;eword he ;eword
ke ;eword ena ;eword
nka ;eword ena ;eword
ena ;eword
oneareng ;eword
oneareng ;eword motho ;eword
enngwe ;eword ke ;eword ena ;eword
hlobohang ;eword ee ;eword mololo ;eword ontseare ;eword ngwana ;eword enwa ;eword anke ;eword erekise ;eword
hobaneng ;eword
ullela ;eword dierekise ;eword
ullela ;eword dierekise ;eword
ullela ;eword dierekise ;eword
ee ;eword ke ;eword eng ;eword jwale ;eword
ketlauotla ;eword
utlwa ;eword ntselleng ;eword aa ;eword
m ;eword
olla ;eword habo ;eword ntselleng ;eword
ore ;eword a ;eword
ntselleng ;eword
utlwa ;eword oalla ;eword habo ;eword ka ;eword kwana ;eword
olla ;eword habo ;eword
olla ;eword habo ;eword
tseding ;eword ke ;eword tsena ;eword
tseding ;eword ke ;eword tsena ;eword
m ;eword
nka ;eword
uabona ;eword
katsekatse ;eword ee ;eword
nka ;eword
nka ;eword
eiphotla ;eword mahlong ;eword
e ;eword mabidi ;eword a ;eword ditsepe ;eword ke ;eword ane ;eword
khofu ;eword
dikatakata ;eword
hai ;eword keaetlohela ;eword
keaemula ;eword
thiba ;eword ka ;eword nqa ;eword eno ;eword
thiba ;eword
ketlaebolaya ;eword
kharafu ;eword ena ;eword entsehile ;eword
eaqhalana ;eword
aqhalane ;eword mabidi ;eword ana ;eword
le ;eword nna ;eword kearwesa ;eword
tswara ;eword
uabona ;eword
keitse ;eword utsware ;eword
ha ;eword umathe ;eword
ketlilosila ;eword
keausiya ;eword nna ;eword
bona ;eword
bona ;eword dikoloi ;eword ke ;eword tsane ;eword hle ;eword
diahlaha ;eword
diahlanya ;eword dikoloi ;eword
diahlanya ;eword
diahlanya ;eword
bonang ;eword enngwe ;eword
bonang ;eword
diahlanya ;eword
diahlanya ;eword dikoloi ;eword tsena ;eword
helang ;eword banna ;eword
mama ;eword dikoloi ;eword tsa ;eword dikhofu ;eword di ;eword pedi ;eword
i ;eword bona ;eword
enngwe ;eword e ;eword kae ;eword
ha ;eword e ;eword yo ;eword
enngwe ;eword ke ;eword ena ;eword
enngwe ;eword ke ;eword yane ;eword
di ;eword pedi ;eword dikoloi ;eword
diahakana ;eword
diahakana ;eword dikoloi ;eword
diahakana ;eword
dihakane ;eword
diahakana ;eword
dihakane ;eword
dihakane ;eword dikoloi ;eword
diahakana ;eword dikoloi ;eword
ere ;eword ha ;eword utsebe ;eword
dihakane ;eword
khofu ;eword ke ;eword yane ;eword kwana ;eword
ediketse ;eword
e ;eword ka ;eword mabidi ;eword
e ;eword ka ;eword mabidi ;eword a ;eword khofu ;eword
eetsa ;eword ka ;eword mabidi ;eword
lenkilwe ;eword lehlabathe ;eword
lehlabathe ;eword ke ;eword la ;eword bontselleng ;eword
ke ;eword la ;eword bomang ;eword
la ;eword bontselleng ;eword
la ;eword bomakhoali ;eword
la ;eword bomakhoali ;eword lona ;eword ha ;eword le ;eword yo ;eword
ebesitse ;eword
diahana ;eword
ulu ;eword ee ;eword yaka ;eword
keaurwesa ;eword uya ;eword ha ;eword kotsia ;eword
tsamaya ;eword uye ;eword ha ;eword kotsia ;eword kwana ;eword
tsamaya ;eword
etsware ;eword
ntate ;eword keatsamaya ;eword
keya ;eword kotsia ;eword
hlobohang ;eword ichu ;eword
keasila ;eword ka ;eword mona ;eword
keasila ;eword ha ;eword kotsia ;eword kwana ;eword lelwala ;eword lealla ;eword
lelwala ;eword leasila ;eword
lelwala ;eword lealla ;eword
ure ;eword u ;eword lelwala ;eword lealla ;eword
lelwala ;eword lealla ;eword
lealla ;eword ucho ;eword jwalo ;eword
ualeutlwa ;eword
lelwala ;eword lealla ;eword
lealla ;eword
thotha ;eword mobu ;eword
thotha ;eword
habo ;eword moliela ;eword khaba ;eword ke ;eword ena ;eword
ha ;eword remomule ;eword
butle ;eword
ke ;eword ena ;eword etla ;eword katakata ;eword
ere ;eword katakata ;eword wena ;eword
e ;eword dikatakata ;eword
hm ;eword hm ;eword
kae ;eword
bona ;eword kefa ;eword ntho ;eword ena ;eword
ke ;eword ya ;eword mang ;eword
nka ;eword
hase ;eword selepe ;eword ntho ;eword ena ;eword
lahla ;eword ntho ;eword ena ;eword
ha ;eword se ;eword selepe ;eword ntho ;eword ena ;eword
keiketsetsa ;eword ntlo ;eword
he ;eword bona ;eword lebokose ;eword la ;eword rona ;eword ke ;eword lane ;eword
keneha ;eword sakha ;eword ena ;eword keiketsetsa ;eword ntlo ;eword
ntlo ;eword yaka ;eword
hobane ;eword uhana ;eword ka ;eword sakha ;eword yaka ;eword eo ;eword unengumpha ;eword yona ;eword
hakere ;eword wena ;eword uahana ;eword
hakere ;eword
dikeiti ;eword tsaka ;eword tsepedi ;eword
dikeiti ;eword tsaka ;eword tsepedi ;eword
dikeiti ;eword tsaka ;eword tsepedi ;eword
dikeiti ;eword tsaka ;eword tsepedi ;eword mm ;eword
dikeiti ;eword tsaka ;eword tsepedi ;eword chaa ;eword
ke ;eword tsena ;eword
ke ;eword tsena ;eword dikeiti ;eword tsaka ;eword tsepedi ;eword
enngwe ;eword ke ;eword ena ;eword
tsepedi ;eword mmm ;eword
e ;eword
ke ;eword dikeiti ;eword dintho ;eword tsena ;eword
ke ;eword dikeiti ;eword
a ;eword wena ;eword uetsang ;eword dikeiti ;eword tsaka ;eword
ee ;eword wena ;eword
ketlauloma ;eword
ketlaumula ;eword
a ;eword wena ;eword
tlohela ;eword ntho ;eword ena ;eword yahao ;eword wena ;eword
ketlauotla ;eword
utlwa ;eword ke ;eword mabidi ;eword a ;eword ditsepe ;eword
utlwa ;eword
ntho ;eword yaka ;eword wena ;eword hlobohang ;eword
tsepedi ;eword
uabona ;eword
umpha ;eword yona ;eword eno ;eword sakha ;eword yahao ;eword
uipatletse ;eword
keakupetsa ;eword
enkilwe ;eword enkilwe ;eword enkilwe ;eword ke ;eword ntja ;eword
enkilwe ;eword enkilwe ;eword enkilwe ;eword ke ;eword jemina ;eword mpopo ;eword
ke ;eword jemina ;eword mpopo ;eword
uautlwa ;eword
enkilwe ;eword ke ;eword ngwana ;eword wa ;eword bojemina ;eword
ke ;eword ngwana ;eword wa ;eword bojemina ;eword hlobohang ;eword
e ;eword habo ;eword jemina ;eword
a ;eword wena ;eword hlobohang ;eword
a ;eword wena ;eword
a ;eword wena ;eword hlobohang ;eword
ae ;eword keilobolela ;eword nyeo ;eword
ae ;eword keilobolela ;eword
baesekele ;eword
kekhabela ;eword moo ;eword
kekhabela ;eword mobu ;eword
beha ;eword fatse ;eword
beha ;eword fatse ;eword
a ;eword ntselleng ;eword
ee ;eword ntselleng ;eword keammona ;eword
bona ;eword
tsamaya ;eword homochaisa ;eword
tsamaya ;eword
otsamaya ;eword le ;eword wena ;eword
tsamaya ;eword
uammona ;eword ntselleng ;eword
hlobohang ;eword
e ;eword uabona ;eword ntselleng ;eword o ;eword sele ;eword he ;eword
ke ;eword sehole ;eword olla ;eword ke ;eword feela ;eword
uammona ;eword
kemotheole ;eword
kemotheole ;eword hlobohang ;eword
oalla ;eword le ;eword yena ;eword
kemotheole ;eword
kemotheole ;eword hlobohang ;eword
kemotheole ;eword
hlobohang ;eword
hlobohang ;eword we ;eword
he ;eword tlisa ;eword maswai ;eword aka ;eword
ere ;eword ntselleng ;eword atlise ;eword maswai ;eword aka ;eword
koloi ;eword yane ;eword edikela ;eword lentsoete ;eword
bona ;eword hore ;eword nna ;eword kejang ;eword
keja ;eword dinawa ;eword
tseding ;eword ke ;eword tsena ;eword
keja ;eword dinawa ;eword
tseding ;eword ke ;eword tsena ;eword tsaka ;eword
keja ;eword dinawa ;eword
dinawa ;eword ke ;eword tsena ;eword
keitjella ;eword dinawa ;eword nna ;eword
ke ;eword tsena ;eword hlobohang ;eword
keitjella ;eword dinawa ;eword
ke ;eword tsena ;eword
keja ;eword keja ;eword dinawa ;eword
ke ;eword tsena ;eword tse ;eword fatse ;eword
