keahana ;eword
hlobohang ;eword
ketlaupelela ;eword hlobohang ;eword
utlwa ;eword pere ;eword
ka ;eword moo ;eword ungotse ;eword
u ;eword mang ;eword
keaebatla ;eword
hlobohang ;eword tloo ;eword
hlobohang ;eword bona ;eword bolephene ;eword yaka ;eword
keatseba ;eword nna ;eword
e ;eword
keetsa ;eword sekotopana ;eword
ntho ;eword yaka ;eword
e ;eword wena ;eword
hlobohang ;eword ako ;eword mphe ;eword pompong ;eword
ho ;eword monate ;eword
yaka ;eword ke ;eword ena ;eword
hlobohang ;eword ee ;eword nna ;eword yaka ;eword ke ;eword ena ;eword
a ;eword secomba ;eword yona ;eword e ;eword kholo ;eword
nna ;eword yaka ;eword nkare ;eword keentse ;eword mona ;eword
hlobohang ;eword uerobile ;eword
ha ;eword uaeroba ;eword wena ;eword hlobohang ;eword
etlaudiela ;eword hore ;eword
etlaudiela ;eword hore ;eword
he ;eword utlatheolo ;eword ke ;eword mang ;eword
