wena ;eword a ;eword lekekeleyobapallang ;eword kwana ;eword
uneudibehile ;eword kae ;eword
seeta ;eword ke ;eword seeta ;eword nneheletse ;eword dieta ;eword
hakere ;eword neuoe ;eword jwale ;eword utloreka ;eword dikhaba ;eword wena ;eword keitse ;eword
leiloetsang ;eword
neuoe ;eword wena ;eword uya ;eword kae ;eword
ha ;eword dihlatsuwe ;eword
helang ;eword leiloetsa ;eword jwang ;eword koloing ;eword
tsela ;eword metsi ;eword vaskomong ;eword kehlapise ;eword tsantu ;eword
neuoe ;eword
uetse ;eword jwang ;eword ha ;eword uakhela ;eword moo ;eword
neuoe ;eword ee ;eword ketlaushapa ;eword uatseba ;eword untseubitswa ;eword
neuoe ;eword hei ;eword wena ;eword neuoe ;eword
hei ;eword wena ;eword neuoe ;eword uatseba ;eword ubatla ;eword holla ;eword
uadula ;eword kobong ;eword
uentseng ;eword
e ;eword urotile ;eword
urotetseng ;eword
e ;eword tsamaya ;eword uye ;eword mane ;eword mane ;eword
tloo ;eword keneuoe ;eword entseebapalla ;eword mantlwaneng ;eword mola ;eword
ebile ;eword untseuapere ;eword jesi ;eword hantle ;eword
seka ;eword erwala ;eword
epepang ;eword majwe ;eword
ebehe ;eword utswe ;eword
ha ;eword uarola ;eword katiba ;eword ee ;eword ha ;eword ubatle ;eword hoerola ;eword
katiba ;eword ee ;eword e ;eword ditsila ;eword hakalekale ;eword
ele ;eword ha ;eword hosehochesa ;eword jwale ;eword
le ;eword hara ;eword letsatsi ;eword ha ;eword esabewa ;eword
