kobo ;eword ya ;eword ngwanaka ;eword e ;eword kae ;eword mme ;eword towe ;eword
nna ;eword festhaole ;eword yaka ;eword e ;eword kae ;eword
ke ;eword ena ;eword
mang ;eword
u ;eword kae ;eword
na ;eword ngwanaka ;eword o ;eword kae ;eword
m ;eword
e ;eword
ka ;eword litlhare ;eword
ha ;eword nkakeihlatswe ;eword hantle ;eword
habedi ;eword
nna ;eword keatseba ;eword ha ;eword uitlotswa ;eword hothwe ;eword
sesepa ;eword
ke ;eword hore ;eword kekhathetse ;eword
hele ;eword mme ;eword towe ;eword nkemele ;eword
mme ;eword towe ;eword
litlhare ;eword kwala ;eword ngwana ;eword enwa ;eword oatswa ;eword
litlhare ;eword ntsa ;eword ngwana ;eword
motlohele ;eword
etlare ;eword ha ;eword uraha ;eword ngwana ;eword dimpeng ;eword mona ;eword
litlhare ;eword thodisa ;eword ngwana ;eword
he ;eword wena ;eword litlhare ;eword
he ;eword mme ;eword towe ;eword sesepa ;eword sahao ;eword ke ;eword sena ;eword
sesepa ;eword ke ;eword sena ;eword mme ;eword towe ;eword
ere ;eword kebule ;eword litlhare ;eword
helang ;eword litlhare ;eword leabona ;eword udiha ;eword ngwana ;eword
litlhare ;eword
uabitswa ;eword
litlhare ;eword uya ;eword kae ;eword
hoitswe ;eword untsuruwe ;eword
hoitswe ;eword utlodula ;eword ka ;eword mona ;eword
eya ;eword bo ;eword litlhare ;eword
eya ;eword bo ;eword litlhare ;eword hoitswe ;eword utlodula ;eword ka ;eword mona ;eword
ke ;eword mme ;eword wa ;eword bomaelia ;eword
uhatile ;eword ausi ;eword mamello ;eword
ke ;eword ding ;eword dintho ;eword tse ;eword
bona ;eword batho ;eword emong ;eword
ke ;eword enwa ;eword emong ;eword ke ;eword enwa ;eword
eng ;eword
unuefellang ;eword
na ;eword uneuile ;eword sekolong ;eword
honehothweng ;eword
hae ;eword honehothweng ;eword
seka ;eword hlwella ;eword hodima ;eword phofo ;eword mona ;eword
litlhare ;eword ausi ;eword masebina ;eword otlouotla ;eword
papa ;eword heno ;eword ha ;eword e ;eword yo ;eword le ;eword teng ;eword
e ;eword teng ;eword
bona ;eword
samperela ;eword
e ;eword kere ;eword ke ;eword samperela ;eword
nka ;eword uyaubea ;eword ntho ;eword ena ;eword yahao ;eword
wena ;eword utseba ;eword samperela ;eword
se ;eword jwang ;eword
e ;eword kae ;eword ratiyo ;eword
ratiyo ;eword
ke ;eword ya ;eword mang ;eword ratiyo ;eword
ke ;eword ya ;eword mang ;eword
utlaroba ;eword setulo ;eword sena ;eword he ;eword wena ;eword
seka ;eword suthumetsa ;eword setulo ;eword
ntsa ;eword leoto ;eword
kake ;eword litlhare ;eword
wena ;eword litlhare ;eword
litlhare ;eword kake ;eword
untseuetsang ;eword
litlhare ;eword
wena ;eword sebeseya ;eword kae ;eword
setulo ;eword sena ;eword seneseentse ;eword tjee ;eword
ketlauotla ;eword ka ;eword ebabang ;eword eomeng ;eword
ketlauotla ;eword ka ;eword ebohloko ;eword eomeng ;eword
litlhare ;eword ha ;eword kebapale ;eword le ;eword wena ;eword
usebea ;eword hore ;eword seetseng ;eword
usepatela ;eword mang ;eword
litlhare ;eword ee ;eword
bona ;eword
kake ;eword litlhare ;eword hela ;eword wena ;eword
litlhare ;eword uatseba ;eword utlapshatla ;eword dijana ;eword
he ;eword kerata ;eword utlodipshatle ;eword ausi ;eword masebina ;eword otlatla ;eword horaha ;eword
litlhare ;eword tloo ;eword bone ;eword ntate ;eword michael ;eword
abuti ;eword thabelang ;eword ke ;eword enwa ;eword
ke ;eword abuti ;eword thabelang ;eword
litlhare ;eword hela ;eword tloha ;eword moo ;eword
tlisang ;eword lehlaka ;eword lane ;eword retlotselang ;eword litlhare ;eword
ketlautswara ;eword
ketlautswara ;eword ka ;eword dibonong ;eword
ketlautswara ;eword ka ;eword dibonong ;eword ka ;eword kwana ;eword he ;eword
kake ;eword litlhare ;eword seka ;eword rohaka ;eword abuti ;eword sello ;eword
seka ;eword morohaka ;eword mme ;eword
litlhare ;eword bona ;eword
ere ;eword keutlwe ;eword
utlwa ;eword
tswara ;eword ntho ;eword ena ;eword
tloha ;eword utlatswa ;eword kotsi ;eword
uautlwa ;eword
ke ;eword ha ;eword utswile ;eword kotsi ;eword
ketlautempa ;eword
sekolong ;eword honehothweng ;eword litlhare ;eword
hape ;eword hape ;eword hothwe ;eword
tloha ;eword
hothwe ;eword aeme ;eword mang ;eword
i ;eword am ;eword standing ;eword
hothwe ;eword i ;eword am ;eword
kake ;eword tloha ;eword
ntsa ;eword mosi ;eword wa ;eword eng ;eword
ke ;eword phofo ;eword ntho ;eword ena ;eword
ha ;eword hothwe ;eword mosi ;eword
phofo ;eword
hothwe ;eword i ;eword am ;eword a ;eword girl ;eword
uneuphehetsweng ;eword
le ;eword eng ;eword
leilelajang ;eword ha ;eword lefihla ;eword hoseng ;eword
le ;eword eng ;eword
motsehare ;eword lajang ;eword
lebese ;eword la ;eword eng ;eword
bana ;eword ba ;eword sekolo ;eword
tloo ;eword
hothwe ;eword ke ;eword bomang ;eword
kake ;eword seka ;eword itswara ;eword letsa ;eword mono ;eword
hothwe ;eword ke ;eword bomang ;eword
mabitso ;eword a ;eword bona ;eword
rona ;eword reya ;eword bolong ;eword
retlaya ;eword
rekebereya ;eword le ;eword wena ;eword
retlaya ;eword bolong ;eword
retlaya ;eword bolong ;eword kwana ;eword habo ;eword ausi ;eword lieakae ;eword
seka ;eword lla ;eword
untsuetsang ;eword
thola ;eword wena ;eword ngwanana ;eword
uthole ;eword
untseuphetha ;eword
etlanthulela ;eword kwana ;eword
khiba ;eword
tlohang ;eword phofong ;eword mona ;eword
sekolong ;eword lenelerutwa ;eword ke ;eword mang ;eword
ha ;eword umotsebe ;eword na ;eword ke ;eword mme ;eword mang ;eword
ke ;eword mme ;eword mapitso ;eword
ha ;eword se ;eword mme ;eword manyili ;eword
ke ;eword mang ;eword
leaithuta ;eword
leashapuwa ;eword sekolong ;eword
leshapuwa ;eword ka ;eword eng ;eword
ha ;eword leentseng ;eword
ha ;eword leotlile ;eword bana ;eword babang ;eword
le ;eword mamotleleng ;eword
ualla ;eword
wajwetsa ;eword mme ;eword misi ;eword
amoshapa ;eword
kae ;eword
leneleya ;eword kae ;eword hola ;eword ha ;eword leya ;eword ha ;eword ntate ;eword tebele ;eword
leneleiloetsang ;eword
e ;eword leneleiloetsang ;eword
ha ;eword hothwe ;eword lona ;eword ke ;eword sekolo ;eword sa ;eword eng ;eword
ke ;eword lebitso ;eword la ;eword sekolo ;eword sa ;eword lona ;eword hothwe ;eword
ke ;eword mang ;eword
ke ;eword likonyana ;eword
likonyana ;eword primary ;eword
ke ;eword likonyana ;eword eng ;eword
lona ;eword ke ;eword likonyana ;eword low ;eword
ke ;eword likonyana ;eword low ;eword school ;eword
tloha ;eword betheng ;eword moo ;eword
tloha ;eword
tloo ;eword kwano ;eword
nka ;eword
ntho ;eword entle ;eword ke ;eword ena ;eword
utlwa ;eword
ere ;eword keujwetse ;eword
litlhare ;eword ere ;eword low ;eword
lower ;eword
lowest ;eword
enwa ;eword ke ;eword litlhare ;eword
hana ;eword mme ;eword masebina ;eword o ;eword kae ;eword
in ;eword southafrica ;eword
litlhare ;eword untsuetsang ;eword
ere ;eword kebone ;eword litlhare ;eword
kesekeilobona ;eword kantle ;eword
nkadime ;eword kebone ;eword wena ;eword ngwaneso ;eword
kadima ;eword abuti ;eword sello ;eword
e ;eword ke ;eword makhowa ;eword feela ;eword
ausi ;eword sebina ;eword ore ;eword ntate ;eword michael ;eword ke ;eword enwa ;eword hele ;eword
enwa ;eword ke ;eword ausi ;eword masebina ;eword enwa ;eword
ke ;eword ena ;eword enwa ;eword
hei ;eword bo ;eword dimpe ;eword tsa ;eword rona ;eword litlhare ;eword kake ;eword
kake ;eword seka ;eword tebela ;eword ngwana ;eword emong ;eword
litlhare ;eword skana ;eword qala ;eword babang ;eword
nka ;eword ntho ;eword ya ;eword heno ;eword he ;eword
ausi ;eword masebina ;eword otloleotla ;eword
mme ;eword masebina ;eword afihla ;eword
litlhare ;eword tloo ;eword
litlhare ;eword ausi ;eword mamello ;eword
ela ;eword engwe ;eword eka ;eword
litlhare ;eword tloo ;eword ketloujwetsa ;eword
tloo ;eword ketlousebela ;eword
helang ;eword athe ;eword wena ;eword bula ;eword ena ;eword
uetsang ;eword
kebona ;eword
ere ;eword kebone ;eword
ngwana ;eword uantsipa ;eword
hae ;eword tlisa ;eword wena ;eword
ha ;eword se ;eword tsahao ;eword tlisa ;eword
uaeqhala ;eword tswekere ;eword
ditswekere ;eword tseo ;eword
ha ;eword ukatloha ;eword uaqhala ;eword dintho ;eword tseo ;eword
litlhare ;eword ke ;eword dintho ;eword tsahae ;eword antsadikhanna ;eword
ure ;eword ke ;eword katakata ;eword
modimo ;eword engwe ;eword ke ;eword lesotho ;eword national ;eword
esenang ;eword nko ;eword
utlawa ;eword
le ;eword dinko ;eword
untsuetsang ;eword moo ;eword
theoha ;eword
ha ;eword utsebe ;eword hore ;eword feela ;eword
litlhare ;eword tsurua ;eword
ha ;eword utsebe ;eword
tsurua ;eword
ha ;eword utsebe ;eword hore ;eword feela ;eword
wena ;eword ha ;eword utsebe ;eword
koloi ;eword yaka ;eword nna ;eword ke ;eword ya ;eword botlolo ;eword
litlhare ;eword ako ;eword mphe ;eword koloi ;eword engwe ;eword
litlhare ;eword mphe ;eword engwe ;eword
mphe ;eword yane ;eword encha ;eword
uautlwa ;eword
mphe ;eword koloi ;eword yane ;eword entso ;eword
uautlwa ;eword
litlhare ;eword mphe ;eword koloi ;eword e ;eword
mphe ;eword koloi ;eword e ;eword
yona ;eword ena ;eword ee ;eword kenengkeenkile ;eword
ena ;eword
le ;eword nna ;eword yaka ;eword lesotho ;eword
lena ;eword lesenang ;eword nko ;eword
koloi ;eword barepalamisa ;eword dikoloi ;eword tseding ;eword
dikoloi ;eword diaemelana ;eword hakere ;eword
bare ;eword leadibeha ;eword mane ;eword
keababontsa ;eword
keadibeha ;eword mona ;eword
nna ;eword ketlabasheba ;eword
etheohile ;eword
tloo ;eword
hela ;eword ukhanne ;eword
ha ;eword ebewe ;eword hodimo ;eword mona ;eword
ha ;eword se ;eword yaka ;eword
kele ;eword maseru ;eword
bare ;eword ena ;eword le ;eword ntho ;eword ka ;eword hodimo ;eword
o ;eword litlhare ;eword
bare ;eword ena ;eword le ;eword ntho ;eword ka ;eword hodimo ;eword
bare ;eword uthole ;eword
e ;eword ureng ;eword ntate ;eword
litlhare ;eword ena ;eword ha ;eword apalame ;eword
hoba ;eword ena ;eword odieha ;eword hohlwa ;eword
ke ;eword koloi ;eword enang ;eword le ;eword ntho ;eword ka ;eword hodimo ;eword
bare ;eword ena ;eword e ;eword ntho ;eword ka ;eword hodimo ;eword
eya ;eword maseru ;eword jwale ;eword
ntsware ;eword
litlhare ;eword oahana ;eword
hakere ;eword rereka ;eword mose ;eword mane ;eword natala ;eword
ha ;eword reye ;eword natala ;eword
eare ;eword eantsiya ;eword
eafihla ;eword
ha ;eword reye ;eword hae ;eword
le ;eword ha ;eword rele ;eword siyo ;eword
ke ;eword koloi ;eword yaka ;eword ekhannwang ;eword
nkuke ;eword keetse ;eword tjee ;eword
wena ;eword uya ;eword kae ;eword
ae ;eword etsa ;eword dintho ;eword tsa ;eword teng ;eword
litlhare ;eword uabona ;eword yaka ;eword e ;eword jwang ;eword
bona ;eword yaka ;eword
nna ;eword yaka ;eword ha ;eword ena ;eword nko ;eword ke ;eword lesotho ;eword
ha ;eword ketloreka ;eword wena ;eword
ha ;eword ukhanna ;eword koloi ;eword
bare ;eword etlatheoha ;eword ka ;eword sepiti ;eword feela ;eword
nna ;eword yaka ;eword
ntho ;eword ena ;eword ekhaohile ;eword clache ;eword
jwale ;eword ehana ;eword holla ;eword
nna ;eword ketla ;eword ka ;eword koloi ;eword tsetharo ;eword
bare ;eword ke ;eword titimola ;eword
e ;eword sefena ;eword feela ;eword
bare ;eword etloechesa ;eword koloi ;eword yaka ;eword
ke ;eword koloi ;eword e ;eword mona ;eword e ;eword
ena ;eword yaka ;eword uautlwa ;eword
mochini ;eword
uoreke ;eword kelokise ;eword ka ;eword ntho ;eword ena ;eword
litlhare ;eword untsa ;eword ntho ;eword eo ;eword ya ;eword batho ;eword
bare ;eword eya ;eword
litlhare ;eword ha ;eword reye ;eword mane ;eword
ska ;eword ntsiya ;eword
keatla ;eword
yaba ;eword efihla ;eword yadula ;eword mane ;eword
entso ;eword hare ;eword hare ;eword
bare ;eword ekalamisitse ;eword ntho ;eword yane ;eword
e ;eword litlhare ;eword
bare ;eword yafihla ;eword ethula ;eword mane ;eword
ore ;eword osailoreka ;eword koloi ;eword
la ;eword hara ;eword koloi ;eword
nko ;eword ke ;eword ena ;eword
bare ;eword hela ;eword
keatla ;eword
nna ;eword yaka ;eword ke ;eword emona ;eword eputswa ;eword helang ;eword
bonang ;eword yaka ;eword
nka ;eword ntho ;eword yane ;eword
eatsamaya ;eword ka ;eword yona ;eword
he ;eword eaphethoha ;eword
ephethohile ;eword
tla ;eword litlhare ;eword sala ;eword namane ;eword
otla ;eword le ;eword yona ;eword
tsamaya ;eword hobula ;eword ka ;eword mane ;eword
tloo ;eword retloja ;eword
namune ;eword e ;eword yaka ;eword jwale ;eword ke ;eword mang ;eword yaesetseng ;eword
ke ;eword wena ;eword
che ;eword litlhare ;eword unqallang ;eword
ena ;eword eakupetswa ;eword ena ;eword
nna ;eword yaka ;eword eseekupeditswe ;eword ke ;eword lesotho ;eword national ;eword
ena ;eword le ;eword lemati ;eword
lemati ;eword ke ;eword lena ;eword
tloo ;eword khanne ;eword koloi ;eword yahao ;eword
tsamaya ;eword nka ;eword koloi ;eword yahao ;eword
uekhanne ;eword
kekhannela ;eword kantle ;eword
ekhannele ;eword mona ;eword
ha ;eword keqeta ;eword keaekhanna ;eword
keatsamaya ;eword
ke ;eword koloi ;eword ketswa ;eword mane ;eword
keatsamaya ;eword
keya ;eword diqong ;eword
eakhaowa ;eword
akhaowa ;eword
akhaohile ;eword ho ;eword kae ;eword
ha ;eword oakhaowa ;eword hararo ;eword
ntja ;eword yaka ;eword bo ;eword
ke ;eword eng ;eword ee ;eword leebinang ;eword
ubinang ;eword
maoto ;eword a ;eword masone ;eword
ke ;eword koloi ;eword ya ;eword ntate ;eword mathaliroa ;eword
ke ;eword koloi ;eword yahae ;eword
ha ;eword ketsebe ;eword
nna ;eword ena ;eword yaka ;eword ke ;eword ya ;eword ntate ;eword tebele ;eword
nna ;eword ya ;eword ke ;eword ena ;eword
nna ;eword ya ;eword ke ;eword naledi ;eword
nko ;eword ke ;eword ena ;eword
ketloetsa ;eword nko ;eword
nko ;eword ya ;eword yona ;eword ke ;eword ena ;eword
motlohele ;eword aje ;eword bo ;eword
motlohele ;eword aje ;eword
hothwe ;eword uje ;eword
v^eatm^i ;eword
na ;eword uskabare ;eword etlawa ;eword
ketlaebetsetsa ;eword mmete ;eword moo ;eword
bona ;eword ngwana ;eword enwa ;eword
ontsaeja ;eword likhapha ;eword
uammona ;eword ha ;eword aja ;eword
nwa ;eword mo ;eword
kere ;eword ontsaeja ;eword
useumosiya ;eword uautlwa ;eword
e ;eword litlhare ;eword reje ;eword resiele ;eword enyanyane ;eword
ha ;eword se ;eword sono ;eword
ha ;eword ontsaja ;eword tjee ;eword
litlhare ;eword unke ;eword tsengata ;eword
litlhare ;eword dibee ;eword litlhare ;eword
rejeng ;eword
ha ;eword abone ;eword ngwana ;eword
ha ;eword remosiele ;eword
ha ;eword usamosiele ;eword
otlahata ;eword
otlauhata ;eword
ha ;eword umosiela ;eword otlauhata ;eword
ha ;eword umosiele ;eword
litlhare ;eword oqhetsotse ;eword papa ;eword ya ;eword ngwana ;eword
ha ;eword uamosila ;eword
hothwe ;eword uphakise ;eword
hoo ;eword ke ;eword koloi ;eword yaka ;eword eno ;eword ee ;eword uenkileng ;eword
eya ;eword
keilekaelahlela ;eword kantle ;eword
mphe ;eword
mphe ;eword enele ;eword yaka ;eword
keilekaelahla ;eword
ketloetsa ;eword mahlake ;eword
ha ;eword se ;eword metsi ;eword ntho ;eword eno ;eword ke ;eword moriana ;eword
kha ;eword
litlhare ;eword keausiya ;eword keya ;eword maseru ;eword
nna ;eword keisa ;eword morao ;eword
ebehe ;eword ka ;eword mono ;eword
untseusabone ;eword
maseru ;eword ha ;eword se ;eword mono ;eword
maseru ;eword ke ;eword mane ;eword
uya ;eword hahao ;eword
etlakhutla ;eword ka ;eword sepiti ;eword
erobehile ;eword
