e ;eword
tsebo ;eword
keatla ;eword moroa ;eword
tsebo ;eword tsamaya ;eword
lieketseng ;eword bona ;eword le ;eword mona ;eword
che ;eword hleso ;eword che ;eword
ha ;eword kemothusa ;eword
ekaba ;eword retlaepheha ;eword jwang ;eword retletsolele ;eword mme ;eword mamello ;eword
nna ;eword ketlangwathela ;eword mme ;eword mamello ;eword
rona ;eword nna ;eword keaehlatswa ;eword
ketlaepudisa ;eword nna ;eword
etlabe ;eword ebe ;eword ntle ;eword
ebile ;eword ketlaehlatswa ;eword
le ;eword nna ;eword ketlangola ;eword
mme ;eword mamello ;eword ore ;eword rengole ;eword kaofela ;eword
ere ;eword kelebone ;eword
ntho ;eword ellang ;eword ke ;eword ena ;eword
lengolo ;eword
lengolo ;eword la ;eword mme ;eword mamello ;eword le ;eword
ehlile ;eword helang ;eword moroa ;eword tlisa ;eword ntho ;eword ena ;eword yaka ;eword
helang ;eword lieketseng ;eword
ere ;eword kebone ;eword
ae ;eword lona ;eword ketlaleshapa ;eword
moroa ;eword tlisa ;eword ntho ;eword yane ;eword yaka ;eword
tlisa ;eword
kumbakumba ;eword ya ;eword mme ;eword mamello ;eword ella ;eword hanyenyana ;eword
eng ;eword
kumbakumba ;eword
ae ;eword he ;eword tsebo ;eword
tsebo ;eword bona ;eword tjale ;eword
ha ;eword rekhibeng ;eword
kumbakumba ;eword ena ;eword etlautlwa ;eword na ;eword rereng ;eword
tholang ;eword
reutlweng ;eword
ealla ;eword
thola ;eword
ke ;eword ya ;eword mang ;eword ntho ;eword ee ;eword
etlose ;eword mona ;eword
etlose ;eword
ketlamootla ;eword
ebehe ;eword ka ;eword hodima ;eword hae ;eword
ketlamootla ;eword
le ;eword nna ;eword ketlauotla ;eword
ketlaaqhalla ;eword kwana ;eword
le ;eword nna ;eword ketlaaqhalla ;eword kwana ;eword
ya ;eword mang ;eword
yahao ;eword
ae ;eword keahana ;eword helang ;eword ntho ;eword yaka ;eword
tlosa ;eword ntho ;eword ena ;eword yahao ;eword moroa ;eword
ebile ;eword tsebo ;eword etsa ;eword kapele ;eword
ebile ;eword nna ;eword ketlare ;eword mme ;eword amphe ;eword phofo ;eword
tlosa ;eword ntho ;eword ena ;eword yahao ;eword moroa ;eword
lieketseng ;eword nka ;eword ntho ;eword eno ;eword ya ;eword moroa ;eword uebetsetsa ;eword kwana ;eword
tlisa ;eword wena ;eword
ke ;eword hobane ;eword ha ;eword adule ;eword lapeng ;eword tsebo ;eword
ke ;eword hobane ;eword ke ;eword hobane ;eword ha ;eword adule ;eword lapeng ;eword tsebo ;eword tsebo ;eword ke ;eword hobane ;eword odula ;eword habo ;eword
uentse ;eword jwang ;eword moo ;eword tsebo ;eword
akha ;eword boputsweng ;eword moo ;eword
mm ;eword
moo ;eword
untseubona ;eword ke ;eword ditsila ;eword
ke ;eword dithwele ;eword
mona ;eword teng ;eword ke ;eword ha ;eword utseba ;eword ke ;eword eng ;eword
ere ;eword kehladiyele ;eword pitsa ;eword
kabakaetlosa ;eword nna ;eword keiloepudisa ;eword hape ;eword
lieketseng ;eword fokotsa ;eword metsi ;eword ana ;eword rehladiyele ;eword
oile ;eword mesebetsing ;eword yahae ;eword
ae ;eword lona ;eword leatseba ;eword batlaletebela ;eword lona ;eword
holekane ;eword
hobane ;eword mohlang ;eword wane ;eword onealetebele ;eword are ;eword leabua ;eword
qhela ;eword
le ;eword ntseliseng ;eword
ntseliseng ;eword oneale ;eword siyo ;eword hle ;eword u ;eword leshano ;eword
neng ;eword
mohlang ;eword wane ;eword rekhibang ;eword mane ;eword mohla ;eword reebolang ;eword dierekisi ;eword
ntseliseng ;eword oneale ;eword teng ;eword hakere ;eword mme ;eword mamello ;eword
e ;eword feela ;eword oneasakhibe ;eword
sheba ;eword honehokhiba ;eword bontseliseng ;eword reneresakhibe ;eword
honehokhiba ;eword bontseliseng ;eword reneresakhibe ;eword renereebola ;eword
ontseosaphehe ;eword ka ;eword e ;eword
nna ;eword ketlapheha ;eword ka ;eword ena ;eword
haholo ;eword jwale ;eword etsetse ;eword fishole ;eword
etlare ;eword ntate ;eword kentsekere ;eword kentsekephehile ;eword kenekere ;eword kephehe ;eword fishole ;eword
keaqhala ;eword ka ;eword pela ;eword ka ;eword
motho ;eword oqhadile ;eword qhela ;eword yahae ;eword
ae ;eword hle ;eword ke ;eword ya ;eword
oetsang ;eword lieketseng ;eword
orotela ;eword pela ;eword motho ;eword emoholo ;eword
bonang ;eword lieketseng ;eword
oseasesitse ;eword
u ;eword sele ;eword uatseba ;eword
e ;eword
lieketseng ;eword
alala ;eword lieketseng ;eword
nka ;eword wena ;eword upepete ;eword mona ;eword
kepepete ;eword
metsi ;eword ana ;eword ha ;eword abate ;eword
hobatla ;eword motho ;eword oafuthumatse ;eword metsi ;eword ana ;eword abatang ;eword
ae ;eword oseaqetile ;eword hoafuthumatsa ;eword
ketlaafuthumatsa ;eword ha ;eword letsatsi ;eword lena ;eword leitse ;eword qaaqaa ;eword feela ;eword
ha ;eword uitse ;eword a ;eword motso ;eword
useupheha ;eword
seulomme ;eword mona ;eword
seulomme ;eword ere ;eword keubontse ;eword sekotlong ;eword
sebobolane ;eword
resadiotle ;eword
dibobolane ;eword
babang ;eword bare ;eword dibobolane ;eword diajewa ;eword
bomang ;eword
hleso ;eword oneare ;eword ha ;eword dibobolane ;eword diajewa ;eword
u ;eword leshano ;eword
he ;eword hleso ;eword
oya ;eword tlase ;eword
mphe ;eword
ere ;eword kebone ;eword tlisa ;eword
ke ;eword eng ;eword
keahana ;eword
ke ;eword lenkoto ;eword
makotomane ;eword a ;eword kae ;eword
tsebo ;eword ake ;eword umphe ;eword
tloha ;eword
moroa ;eword thola ;eword retlereutlwe ;eword
moroa ;eword thola ;eword retlerebue ;eword
makotomane ;eword
tsebo ;eword uya ;eword kae ;eword
mantlwantlwaneng ;eword
seriti ;eword sahae ;eword na ;eword se ;eword jwang ;eword
lefiso ;eword la ;eword rona ;eword le ;eword kae ;eword
ke ;eword lena ;eword
kenekeetsa ;eword
kenekere ;eword kekha ;eword metsi ;eword
ako ;eword unqhatsetse ;eword
keuqhatsetse ;eword
tsamaya ;eword honqhatsetsa ;eword
tsamaya ;eword honqhatsetsa ;eword ka ;eword nthong ;eword ena ;eword
moroa ;eword ntho ;eword yaka ;eword e ;eword kae ;eword
unqhatsetse ;eword ka ;eword morohong ;eword
eke ;eword eke ;eword wena ;eword
ha ;eword hona ;eword taba ;eword yaka ;eword entseele ;eword ena ;eword
bona ;eword yaka ;eword
useuhana ;eword ka ;eword bolo ;eword ee ;eword yaka ;eword
tsebo ;eword nthuele ;eword
ha ;eword kenahotseba ;eword holentsa ;eword ka ;eword mona ;eword
tsebo ;eword mollo ;eword ola ;eword waka ;eword o ;eword kae ;eword
ho ;eword neuoe ;eword
ola ;eword oneole ;eword lapeng ;eword
tsebo ;eword tlisa ;eword
ukhothole ;eword hoya ;eword tlase ;eword
nka ;eword
le ;eword bonang ;eword otenne ;eword penti ;eword le ;eword nna ;eword
tsebo ;eword kentsekere ;eword umphe ;eword hle ;eword
khale ;eword untena ;eword lieketseng ;eword nka ;eword
che ;eword hleso ;eword
we ;eword lieketseng ;eword
tsebo ;eword
esale ;eword
sheba ;eword mphe ;eword
ke ;eword hona ;eword keetlahadietseng ;eword
kerata ;eword hoetlhadiela ;eword
jwale ;eword ha ;eword unahompha ;eword
nna ;eword kepheha ;eword makwenya ;eword
ke ;eword mang ;eword yaitseng ;eword kebua ;eword le ;eword wena ;eword
ha ;eword se ;eword makwenya ;eword
uneubua ;eword le ;eword mang ;eword
he ;eword wena ;eword moroa ;eword
ae ;eword ha ;eword antseanka ;eword
uekenyetsang ;eword he ;eword
ha ;eword nkakakenya ;eword masiba ;eword keakenya ;eword
ae ;eword untseuetsang ;eword tsenethu ;eword
kentsekeatlosa ;eword masiba ;eword
khanthe ;eword untseuetsang ;eword uskabahlolauetsa ;eword letho ;eword
helang ;eword ntho ;eword ena ;eword
tlosa ;eword leswai ;eword lahao ;eword kenke ;eword ntho ;eword yaka ;eword helang ;eword
kebapala ;eword le ;eword wena ;eword
tlisa ;eword lekotikoti ;eword laka ;eword
mme ;eword hleso ;eword ontseankotla ;eword
u ;eword masepa ;eword
ke ;eword eng ;eword jwale ;eword
ke ;eword kumbakumba ;eword
uabapala ;eword
iphotle ;eword
ke ;eword kumbakumba ;eword
uautlwa ;eword he ;eword ke ;eword eng ;eword
hoetswang ;eword
ae ;eword ae ;eword
pela ;eword ka ;eword ketloiphotla ;eword
mahleso ;eword nna ;eword kepheha ;eword tee ;eword
keitlhatswitse ;eword metsi ;eword ana ;eword aneasabate ;eword
ketlaunyoka ;eword
hleso ;eword mphe ;eword ana ;eword metsi ;eword
kentsekearata ;eword ha ;eword ubone ;eword moo ;eword ha ;eword kesoanwe ;eword le ;eword moo ;eword ha ;eword kesoanwe ;eword
utloitlhatswa ;eword kaofela ;eword
e ;eword
ha ;eword ubone ;eword le ;eword moo ;eword u ;eword khopane ;eword
nna ;eword hleso ;eword
keqetile ;eword jwale ;eword ke ;eword eng ;eword
abuti ;eword unchebile ;eword ha ;eword keetsa ;eword tjena ;eword
hleso ;eword mona ;eword uentse ;eword jwang ;eword
u ;eword khopane ;eword uiketse ;eword tjena ;eword
keiphotlile ;eword ke ;eword motle ;eword
u ;eword leshano ;eword
tloo ;eword keuphotle ;eword tsenethu ;eword
photle ;eword
tloo ;eword keuphotle ;eword tsebo ;eword
tswara ;eword mona ;eword
ae ;eword uetsang ;eword
uskabaenka ;eword
ere ;eword kebone ;eword
abuti ;eword hleso ;eword keaunokela ;eword
keaukolobetsa ;eword
kolobe ;eword
keaukolobetsa ;eword
kolobetsa ;eword
tloo ;eword keukolobetse ;eword tsebo ;eword
ae ;eword keukolobetse ;eword
ae ;eword u ;eword sele ;eword
kekolobetse ;eword
keaphatsa ;eword
keaiphatsa ;eword
tsebo ;eword keaiphatsa ;eword
keaikolobetsa ;eword
mmeahleso ;eword kena ;eword le ;eword pitsana ;eword encha ;eword
hela ;eword
hela ;eword kena ;eword le ;eword katiba ;eword encha ;eword
u ;eword leshano ;eword ketlohlwa ;eword thotobolo ;eword
le ;eword nna ;eword ketlohlwa ;eword keya ;eword haka ;eword kwana ;eword
keafalla ;eword ngwaneso ;eword le ;eword nna ;eword kesekefalla ;eword
esale ;eword ha ;eword kele ;eword kapa ;eword ha ;eword kele ;eword tjena ;eword
ha ;eword kesekebotsa ;eword mme ;eword ntho ;eword engwe ;eword ke ;eword ena ;eword
nna ;eword kenka ;eword khaba ;eword yaka ;eword
oetlose ;eword ngwana ;eword waka ;eword
etlose ;eword ka ;eword letsoho ;eword
ae ;eword ketlaushapa ;eword
etlose ;eword ka ;eword letsoho ;eword
etlose ;eword ka ;eword letsoho ;eword uetse ;eword tjena ;eword
le ;eword nna ;eword keya ;eword mantlwantlwaneng ;eword
ha ;eword e ;eword yo ;eword
ae ;eword ke ;eword yona ;eword etswileng ;eword eno ;eword ya ;eword mme ;eword
e ;eword kae ;eword pentsele ;eword wena ;eword
ke ;eword yahae ;eword
ore ;eword unke ;eword mme ;eword mamello ;eword
keakwala ;eword wena ;eword tsebo ;eword
