neuoe ;eword ujang ;eword jwale ;eword
uejellang ;eword jwale ;eword
wena ;eword neuoe ;eword uneusaya ;eword
leilelafuwang ;eword
neuoe ;eword wena ;eword uneusafuwa ;eword koloi ;eword
neuoe ;eword lenelepalame ;eword eng ;eword
le ;eword mang ;eword
yaletheosa ;eword kae ;eword
ee ;eword
letla ;eword ka ;eword eng ;eword
mohlang ;eword oo ;eword letswang ;eword sakeng ;eword lenelepalame ;eword koloi ;eword ya ;eword mang ;eword
lenelepalame ;eword koloi ;eword ya ;eword mang ;eword
lenelenkile ;eword mofao ;eword wa ;eword eng ;eword
uneufuweng ;eword ke ;eword nkhono ;eword wahao ;eword
tsekae ;eword
are ;eword uye ;eword horekang ;eword ka ;eword yona ;eword
bana ;eword beno ;eword ke ;eword bomang ;eword
badisang ;eword
baauhamela ;eword
la ;eword dipodi ;eword ha ;eword uleje ;eword
wena ;eword ha ;eword ulebatle ;eword
neuoe ;eword ako ;eword tloo ;eword mphe ;eword jesi ;eword yaka ;eword mane ;eword
bo ;eword butle ;eword hobina ;eword
ubina ;eword feela ;eword wena ;eword ha ;eword kere ;eword uskabina ;eword
uetsang ;eword jwale ;eword neuoe ;eword
uatseba ;eword utlahatsela ;eword ha ;eword urobala ;eword
uautlwa ;eword hole ;eword jwang ;eword
dula ;eword hantle ;eword ka ;eword ditono ;eword
uautlwa ;eword hore ;eword moya ;eword oakena ;eword ka ;eword ditonong ;eword
tsoha ;eword udule ;eword fatse ;eword
na ;eword e ;eword ntle ;eword
hana ;eword mme ;eword wahao ;eword ke ;eword mang ;eword jwale ;eword wa ;eword sakeng ;eword
ke ;eword mangwane ;eword wahao ;eword
lebitso ;eword leleng ;eword
leneledula ;eword ntlong ;eword ejwang ;eword
entle ;eword
lenelejang ;eword
mehla ;eword ee ;eword hoseng ;eword
letlaboela ;eword neng ;eword hape ;eword
lehlwa ;eword lena ;eword tjee ;eword
utlasiya ;eword lehlwa ;eword
hele ;eword
nka ;eword lekoko ;eword lena ;eword
udule ;eword fatse ;eword
ke ;eword eng ;eword ha ;eword usatsebe ;eword hodula ;eword hantle ;eword
ketlaushapa ;eword
ha ;eword untseure ;eword urobala ;eword
untseumatha ;eword
oo ;eword lerobala ;eword le ;eword abuti ;eword wahao ;eword
lerobala ;eword hodima ;eword seponehe ;eword
kekeletso ;eword yena ;eword
batho ;eword ha ;eword barobale ;eword bale ;eword babedi ;eword
emong ;eword le ;eword emong ;eword barobala ;eword hodima ;eword sponchi ;eword
keabona ;eword
bohleso ;eword bona ;eword banebaetsa ;eword jwang ;eword
hao ;eword na ;eword neuoe ;eword
ho ;eword jwang ;eword neuoe ;eword ha ;eword uahatsela ;eword
hao ;eword manyeo ;eword ubua ;eword hangata ;eword ke ;eword eng ;eword
dula ;eword fatse ;eword hantle ;eword
utsebe ;eword hoikomosa ;eword hantle ;eword
