uapatile ;eword ka ;eword kumbakumba ;eword ee ;eword
tsamaya ;eword
koloi ;eword yahae ;eword ha ;eword e ;eword yo ;eword
ke ;eword ena ;eword
unkile ;eword leshala ;eword
lekatuwe ;eword
e ;eword
kenkile ;eword senqaqana ;eword
e ;eword otlasemula ;eword le ;eword sona ;eword
hlobohang ;eword botlolo ;eword eetsang ;eword moo ;eword
ae ;eword
ha ;eword se ;eword yahao ;eword ke ;eword ya ;eword rona ;eword
yaka ;eword
ke ;eword tsahao ;eword
engwe ;eword
ache ;eword
eno ;eword
nna ;eword ha ;eword keaehlatswa ;eword koloi ;eword yane ;eword ka ;eword ntho ;eword ee ;eword
nna ;eword keahlatswa ;eword
keahlatswa ;eword ka ;eword ntho ;eword ena ;eword
nna ;eword kenka ;eword dintho ;eword tsena ;eword
nna ;eword keadirwesa ;eword
keahana ;eword
thipa ;eword
dikoloi ;eword ke ;eword tsena ;eword
utlaetsa ;eword koloi ;eword ka ;eword eng ;eword
nna ;eword ketlaetsa ;eword tipara ;eword wena ;eword
wena ;eword
ketsela ;eword mobu ;eword jwale ;eword
kumbakumba ;eword e ;eword kae ;eword
he ;eword tipara ;eword
olomojwetsa ;eword hlobohang ;eword
oo ;eword oitseng ;eword
e ;eword
ulomojwetsa ;eword hlobohang ;eword
ha ;eword se ;eword botlolo ;eword yahao ;eword ena ;eword
keethotse ;eword mane ;eword kwana ;eword
nna ;eword ketlaetsa ;eword tipara ;eword
e ;eword kae ;eword
e ;eword kholo ;eword tipara ;eword
ntate ;eword mololo ;eword ha ;eword a ;eword yo ;eword
oile ;eword natala ;eword kwana ;eword
ntate ;eword mololo ;eword oile ;eword natala ;eword
ntate ;eword hlobohang ;eword oile ;eword natala ;eword wena ;eword
ntate ;eword mololo ;eword oatsamaya ;eword oachaisa ;eword
ke ;eword mang ;eword yankileng ;eword ntselleng ;eword
ntselleng ;eword
nna ;eword ke ;eword tipara ;eword e ;eword tjee ;eword
utlaetsa ;eword tipara ;eword ka ;eword eng ;eword
uaebatla ;eword ntho ;eword eo ;eword
ketlaepshatla ;eword ntate ;eword
nna ;eword yaka ;eword ha ;eword ena ;eword hopshatleha ;eword nna ;eword
ketlaepshatla ;eword
dintho ;eword tsee ;eword ke ;eword ding ;eword
e ;eword
thupa ;eword
ebone ;eword
e ;eword
tloo ;eword kwano ;eword ntselleng ;eword
nna ;eword
haeno ;eword ke ;eword kae ;eword
ke ;eword hakweneng ;eword
e ;eword kae ;eword
ke ;eword ena ;eword
eseebutswitse ;eword
m ;eword
ea ;eword
haeno ;eword ke ;eword kae ;eword
ntate ;eword wahao ;eword ke ;eword ntate ;eword mang ;eword
ke ;eword ntate ;eword nosi ;eword wena ;eword
ke ;eword ntate ;eword wahao ;eword
wena ;eword u ;eword ntate ;eword mang ;eword
tloha ;eword wena ;eword
keelahlile ;eword kwana ;eword
di ;eword pedi ;eword dipoone ;eword
ke ;eword ela ;eword
batheohile ;eword koloi ;eword yaka ;eword
keloedula ;eword
keuchesa ;eword ha ;eword keentseng ;eword
baesekele ;eword uile ;eword kae ;eword
ha ;eword letebele ;eword utlautswa ;eword poone ;eword
tsamaya ;eword
koloi ;eword e ;eword teng ;eword hahao ;eword kwana ;eword
tsamaya ;eword
tsamaya ;eword hona ;eword tjee ;eword
utlareng ;eword
uautlwa ;eword
otlare ;eword unkakase ;eword
ketlaikhannela ;eword
ketlamatha ;eword
utlareng ;eword
mang ;eword
keitseng ;eword
kelomojwetsa ;eword
nna ;eword ketlaukakasa ;eword keuise ;eword
utlamathela ;eword kae ;eword
ketlaukakasa ;eword
ketlaukakasa ;eword le ;eword teng ;eword
ketlaukakasa ;eword le ;eword teng ;eword
utlafihla ;eword ureng ;eword
ebile ;eword le ;eword nna ;eword ketlauthiba ;eword
ketlausaeletsa ;eword ka ;eword spot ;eword
ntja ;eword ya ;eword habo ;eword elisha ;eword ketlaebitsa ;eword
ketlare ;eword thu ;eword thu ;eword
ketlaephunya ;eword
ditlauloma ;eword dintja ;eword tsena ;eword
ketlaemula ;eword
ketlaemula ;eword
ketlaemula ;eword
ketlaemula ;eword ka ;eword lejwe ;eword ntate ;eword
tsamaya ;eword
ere ;eword
nna ;eword maoto ;eword aka ;eword ahlahisa ;eword
lahao ;eword hlobohang ;eword
ketlahlwella ;eword le ;eword wena ;eword betheng ;eword
hlobohang ;eword wena ;eword utsamaye ;eword uye ;eword hobapale ;eword betheng ;eword
hlobohang ;eword tsamaya ;eword
ulomojwetsa ;eword hlobohang ;eword
skabamojwetsa ;eword
utlaeneha ;eword mang ;eword
thipa ;eword ya ;eword mang ;eword
ere ;eword kefete ;eword
uethotse ;eword kae ;eword
ke ;eword thipa ;eword yahao ;eword
ke ;eword thipa ;eword yaka ;eword
uethotse ;eword kae ;eword
ketlauotla ;eword
uya ;eword kae ;eword wena ;eword
utswa ;eword kae ;eword
utswa ;eword kae ;eword
ere ;eword ketswa ;eword ha ;eword mantilatilane ;eword
hlobohang ;eword
utswa ;eword kae ;eword
ha ;eword mantilatilane ;eword
uajang ;eword
bohobe ;eword
uafutswela ;eword ka ;eword eng ;eword
thella ;eword he ;eword
kethelleleng ;eword kele ;eword mofokeng ;eword
cho ;eword hlobohang ;eword
wa ;eword ha ;eword maotwana ;eword finyela ;eword
uthelle ;eword he ;eword hlobohang ;eword
thella ;eword le ;eword wena ;eword
kele ;eword mofokeng ;eword
finyela ;eword
hlobohang ;eword tsamaya ;eword
