ha ;eword awela ;eword mona ;eword
owele ;eword mono ;eword
oneaobona ;eword fatse ;eword mona ;eword
litlhare ;eword uneabone ;eword mollo ;eword
hakere ;eword keofumane ;eword
ngwana ;eword enwa ;eword utlwang ;eword
utlwa ;eword ngwana ;eword enwa ;eword ha ;eword kere ;eword
m ;eword
eya ;eword eya ;eword diathulana ;eword
dieta ;eword tsetsweu ;eword ka ;eword mokhwa ;eword oo ;eword kediratang ;eword
ke ;eword yane ;eword
oare ;eword ausi ;eword mamello ;eword
litlhare ;eword oaepata ;eword
litlhare ;eword ore ;eword aie ;eword
keaenka ;eword
kemohlaba ;eword hloho ;eword ena ;eword
amoshapa ;eword ka ;eword dikobo ;eword tse ;eword
oo ;eword lee ;eword
