matuli ;eword ha ;eword ana ;eword ona ;eword
neuoe ;eword ona ;eword le ;eword amang ;eword
matuli ;eword oneaile ;eword naheng ;eword kwana ;eword
mane ;eword moo ;eword baileng ;eword
bailobidikisa ;eword
bailobidikisa ;eword
ailobidikisa ;eword
ailobidikisa ;eword
e ;eword
ntho ;eword eno ;eword kumbakumba ;eword
helang ;eword ha ;eword usatseba ;eword na ;eword
tjale ;eword eo ;eword ke ;eword ya ;eword mang ;eword
e ;eword
ke ;eword ya ;eword mang ;eword
tsamaya ;eword hoenka ;eword utlonneha ;eword
dijo ;eword tsaka ;eword di ;eword kae ;eword
keiloneha ;eword neuoe ;eword
nna ;eword ketlanka ;eword tsepedi ;eword
nna ;eword keatseba ;eword
nna ;eword keachesa ;eword
diachesa ;eword
pula ;eword ha ;eword ena ;eword tjee ;eword
mme ;eword chee ;eword ketswerwe ;eword ke ;eword boroko ;eword
ichu ;eword
ntho ;eword ena ;eword eatswa ;eword
ha ;eword etswa ;eword molomong ;eword waka ;eword
hm ;eword
e ;eword
eantoma ;eword
mme ;eword hleso ;eword oitse ;eword ha ;eword baya ;eword ka ;eword ntlong ;eword ekholo ;eword bailorobala ;eword
hleso ;eword oitse ;eword ha ;eword banengbatlasiya ;eword neuoe ;eword bamosiyelang ;eword
e ;eword
em ;eword
ha ;eword hona ;eword letho ;eword
ka ;eword mokhorong ;eword
bantsebaja ;eword
m ;eword
nna ;eword kesekeqetile ;eword
mm ;eword
kehlakotse ;eword
m ;eword
kae ;eword mme ;eword
betheng ;eword
kebatla ;eword hoallwa ;eword
kobo ;eword ena ;eword yaka ;eword
keutsole ;eword
e ;eword
mme ;eword hoaparuwa ;eword ka ;eword nqe ;eword
ka ;eword nqe ;eword
ka ;eword nqe ;eword keaparang ;eword ka ;eword teng ;eword
e ;eword mme ;eword
kobo ;eword ya ;eword mme ;eword eachesa ;eword
utlwa ;eword kobo ;eword yahao ;eword
mona ;eword eachesa ;eword
