wa ;eword Lerato ;eword
ke ;eword ngwana ;eword wa ;eword mme ;eword Malerato ;eword
wa ;eword Lerato ;eword
u ;eword ne ;eword u ;eword il ;eword e ;eword kwana ;eword le ;eword Ntselleng ;eword
u ;eword a ;eword e ;eword tseb ;eword a ;eword ke ;eword eng ;eword ntho ;eword ena ;eword
ke ;eword eng ;eword
ee ;eword Hlobohang ;eword skana ;eword ets ;eword a ;eword mo ;eword lora ;eword tjee ;eword
ke ;eword tla ;eword u ;eword shap ;eword a ;eword wena ;eword
ke ;eword tla ;eword batl ;eword a ;eword phafa ;eword kantle ;eword
ke ;eword tla ;eword batl ;eword a ;eword phafa ;eword kantle ;eword
ke ;eword tlo ;eword u ;eword shap ;eword a ;eword
bon ;eword a ;eword e ;eword bod ;eword il ;eword e ;eword ng ;eword
e ;eword bod ;eword il ;eword e ;eword ke ;eword ena ;eword
e ;eword e ;eword bod ;eword il ;eword e ;eword
u ;eword ilo ;eword e ;eword bes ;eword a ;eword
e ;eword bod ;eword il ;eword e ;eword
seka ;eword e ;eword bes ;eword a ;eword e ;eword bod ;eword il ;eword e ;eword
ke ;eword tla ;eword u ;eword f ;eword a ;eword e ;eword ntle ;eword
e ;eword bod ;eword il ;eword e ;eword tjee ;eword
hobaneng ;eword
hobaneng ;eword ha ;eword e ;eword bod ;eword il ;eword e ;eword e ;eword
hobaneng ;eword
u ;eword tlilo ;eword e ;eword bes ;eword a ;eword kae ;eword
mona ;eword ke ;eword kae ;eword
bon ;eword a ;eword e ;eword ngwe ;eword ke ;eword ena ;eword e ;eword bod ;eword il ;eword e ;eword ng ;eword
eng ;eword
u ;eword di ;eword nk ;eword il ;eword e ;eword kae ;eword
kae ;eword
u ;eword ets ;eword a ;eword jwang ;eword
u ;eword a ;eword e ;eword tSwel ;eword a ;eword
u ;eword butswel ;eword a ;eword ng ;eword
skana ;eword bets ;eword ets ;eword a ;eword di ;eword tapole ;eword tsena ;eword tsa ;eword ka ;eword mo ;eword llo ;eword ng ;eword
bon ;eword a ;eword
mang ;eword ke ;eword mang ;eword ya ;eword r ;eword e ;eword ng ;eword ke ;eword pheh ;eword il ;eword e ;eword ng ;eword
mme ;eword Manyili ;eword
o ;eword r ;eword e ;eword na ;eword ke ;eword pheh ;eword il ;eword e ;eword ng ;eword
ke ;eword pheh ;eword il ;eword e ;eword papa ;eword
papa ;eword
le ;eword tapole ;eword
ke ;eword pheh ;eword e ;eword ng ;eword jwale ;eword
u ;eword r ;eword e ;eword ke ;eword pheh ;eword e ;eword ng ;eword
ee ;eword ee ;eword ska ;eword bapal ;eword a ;eword
ka ;eword metsi ;eword ng ;eword ka ;eword mona ;eword ho ;eword a ;eword bat ;eword a ;eword
tsw ;eword a ;eword ka ;eword ifo ;eword ka ;eword mona ;eword
u ;eword batl ;eword a ;eword di ;eword tapole ;eword u ;eword duts ;eword e ;eword ka ;eword ifo ;eword mona ;eword
tswaha ;eword
tl ;eword is ;eword a ;eword kwano ;eword
tl ;eword is ;eword a ;eword torch ;eword
e ;eword a ;eword ches ;eword a ;eword
nk ;eword a ;eword
ee ;eword
u ;eword ets ;eword a ;eword jwang ;eword
wena ;eword u ;eword ets ;eword a ;eword jwang ;eword
u ;eword ets ;eword a ;eword jwang ;eword
tse ;eword di ;eword ng ;eword ke ;eword tsena ;eword ke ;eword di ;eword bes ;eword its ;eword e ;eword
tse ;eword di ;eword ng ;eword ke ;eword di ;eword bes ;eword its ;eword e ;eword
u ;eword a ;eword utlw ;eword a ;eword
o ;eword
u ;eword tlilo ;eword shap ;eword a ;eword nna ;eword
ha ;eword ke ;eword ents ;eword e ;eword jwang ;eword
ke ;eword eng ;eword ntho ;eword ee ;eword
se ;eword wete ;eword
se ;eword tsw ;eword a ;eword kae ;eword se ;eword wete ;eword
di ;eword tapole ;eword tsa ;eword ka ;eword di ;eword nk ;eword il ;eword w ;eword e ;eword ke ;eword mang ;eword ka ;eword mo ;eword ka ;eword paole ;eword ng ;eword
Hlobohang ;eword
tsamay ;eword a ;eword ho ;eword m ;eword patl ;eword el ;eword a ;eword thipa ;eword
ee ;eword eseng ;eword thupa ;eword thipa ;eword
thipa ;eword ke ;eword tlo ;eword khabel ;eword a ;eword mo ;eword roho ;eword
tloo ;eword he ;eword
tloo ;eword we ;eword
e ;eword kae ;eword thipa ;eword
kae ;eword
kae ;eword
kae ;eword
ha ;eword mang ;eword
kwana ;eword ha ;eword Malimaise ;eword
u ;eword y ;eword a ;eword kae ;eword jwale ;eword
u ;eword y ;eword a ;eword kae ;eword
