u ;eword mang ;eword
ke ;eword Ntiea ;eword
ken ;eword a ;eword
Namane ;eword
ke ;eword mang ;eword a ;eword ne ;eword ng ;eword a ;eword tsokots ;eword a ;eword kantle ;eword le ;eword mati ;eword
Namane ;eword u ;eword mang ;eword
Namane ;eword
Namane ;eword
Namane ;eword u ;eword tSab ;eword a ;eword ho ;eword bu ;eword a ;eword
Majoro ;eword
haeba ;eword u ;eword y ;eword a ;eword ka ;eword ntlo ;eword ng ;eword e ;eword nyane ;eword u ;eword jwets ;eword e ;eword ausi ;eword Masebina ;eword Litlhare ;eword o ;eword r ;eword e ;eword ra ;eword se ;eword eta ;eword ho ;eword nna ;eword
ke ;eword tla ;eword r ;eword e ;eword mme ;eword Masebina ;eword Litlhare ;eword o ;eword its ;eword e ;eword ho ;eword Namane ;eword ra ;eword se ;eword eta ;eword
