ere ;eword ke ;eword bon ;eword e ;eword Litlhare ;eword
ere ;eword ke ;eword bon ;eword e ;eword
eya ;eword ere ;eword ke ;eword bon ;eword e ;eword
ere ;eword ke ;eword bon ;eword e ;eword Litlhare ;eword
ere ;eword ke ;eword bon ;eword e ;eword
u ;eword a ;eword e ;eword rob ;eword a ;eword
ao ;eword Litlhare ;eword u ;eword ka ;eword ba ;eword han ;eword a ;eword ha ;eword re ;eword bon ;eword a ;eword
o ;eword kae ;eword ntate ;eword moo ;eword
u ;eword bo ;eword thetsi ;eword ke ;eword mme ;eword mo ;eword tho ;eword enwa ;eword
nna ;eword ke ;eword nna ;eword enwa ;eword Litlhare ;eword
ke ;eword nna ;eword enwa ;eword
Likhapa ;eword ke ;eword enwa ;eword
ke ;eword kae ;eword
wena ;eword Litlhare ;eword
ha ;eword se ;eword ya ;eword hao ;eword
u ;eword le ;eword shano ;eword wena ;eword ha ;eword se ;eword ya ;eword hao ;eword
ke ;eword ntho ;eword ya ;eword ka ;eword eno ;eword
ere ;eword ke ;eword bon ;eword e ;eword
seka ;eword e ;eword kob ;eword a ;eword
re ;eword bon ;eword e ;eword ba ;eword na ;eword
re ;eword tseb ;eword e ;eword ho ;eword ba ;eword is ;eword a ;eword kampo ;eword ng ;eword
Likhapa ;eword ke ;eword enwa ;eword Litlhare ;eword ke ;eword enwa ;eword
Likhapa ;eword
dul ;eword a ;eword
tloo ;eword Litlhare ;eword
re ;eword tla ;eword tl ;eword a ;eword ho ;eword bu ;eword a ;eword
re ;eword tle ;eword re ;eword tseb ;eword e ;eword ho ;eword y ;eword a ;eword kereke ;eword ng ;eword
be ;eword butle ;eword
bo ;eword butleng ;eword Litlhare ;eword ausi ;eword Mamello ;eword a ;eword ngol ;eword e ;eword
di ;eword tabol ;eword e ;eword Litlhare ;eword
di ;eword tabol ;eword e ;eword
e ;eword ska ;eword di ;eword tabol ;eword a ;eword
tloh ;eword ang ;eword
koloi ;eword ela ;eword ha ;eword e ;eword yo ;eword Litlhare ;eword
Litlhare ;eword ake ;eword u ;eword bu ;eword e ;eword
skana ;eword ets ;eword a ;eword tjena ;eword
ausi ;eword Mamello ;eword o ;eword its ;eword e ;eword u ;eword bu ;eword e ;eword
ke ;eword mang ;eword ausi ;eword eo ;eword
Litlhare ;eword
di ;eword phush ;eword il ;eword e ;eword
ke ;eword tsena ;eword di ;eword phushing ;eword
Litlhare ;eword u ;eword a ;eword e ;eword dih ;eword a ;eword
Litlhare ;eword ae ;eword ke ;eword tla ;eword u ;eword otl ;eword a ;eword ha ;eword u ;eword i ;eword tSwer ;eword e ;eword hampe ;eword tjena ;eword
koloi ;eword ena ;eword ebileng ;eword ke ;eword ya ;eword ka ;eword
ehe ;eword le ;eword nna ;eword ke ;eword a ;eword di ;eword bapal ;eword a ;eword Litlhare ;eword
u ;eword a ;eword utlw ;eword a ;eword
tloo ;eword wena ;eword
sal ;eword a ;eword helang ;eword
tloo ;eword ausi ;eword Mamello ;eword ke ;eword enwa ;eword
o ;eword nk ;eword il ;eword e ;eword di ;eword lamune ;eword
ke ;eword tsena ;eword di ;eword ngata ;eword
o ;eword nk ;eword il ;eword e ;eword le ;eword ma ;eword kotomane ;eword
ae ;eword jwale ;eword u ;eword fet ;eword el ;eword a ;eword kae ;eword
ke ;eword tla ;eword u ;eword otl ;eword a ;eword
ke ;eword tla ;eword r ;eword e ;eword u ;eword tsamay ;eword e ;eword le ;eword wena ;eword
ebileng ;eword u ;eword sele ;eword he ;eword
nk ;eword a ;eword
e ;eword ngwe ;eword ke ;eword ena ;eword
tloh ;eword a ;eword mona ;eword hela ;eword
ya ;eword hao ;eword ke ;eword ena ;eword le ;eword wena ;eword
le ;eword wena ;eword u ;eword ntse ;eword u ;eword sele ;eword
le ;eword wena ;eword u ;eword sele ;eword
Litlhare ;eword u ;eword rah ;eword a ;eword ngwana ;eword
che ;eword Litlhare ;eword re ;eword a ;eword tseb ;eword a ;eword
che ;eword Litlhare ;eword
ke ;eword tla ;eword u ;eword mul ;eword a ;eword
Litlhare ;eword ake ;eword u ;eword bon ;eword e ;eword namune ;eword ke ;eword ena ;eword
sheb ;eword a ;eword
Litlhare ;eword hle ;eword ake ;eword u ;eword dul ;eword e ;eword fatse ;eword
u ;eword ntse ;eword u ;eword y ;eword a ;eword kae ;eword
o ;eword tla ;eword tl ;eword a ;eword ho ;eword u ;eword otl ;eword a ;eword mme ;eword Masebina ;eword
bon ;eword ang ;eword na ;eword o ;eword nts ;eword a ;eword
Litlhare ;eword ha ;eword khuku ;eword
ako ;eword tloo ;eword dul ;eword a ;eword fatse ;eword nqha ;eword
Litlhare ;eword ho ;eword th ;eword w ;eword e ;eword u ;eword tlo ;eword nk ;eword a ;eword di ;eword pompong ;eword ke ;eword tsena ;eword
ke ;eword tsena ;eword le ;eword ma ;eword biskis ;eword
ke ;eword tsena ;eword ake ;eword u ;eword bon ;eword e ;eword
ke ;eword tsena ;eword di ;eword tlets ;eword e ;eword
ere ;eword ke ;eword u ;eword f ;eword e ;eword tsona ;eword
ke ;eword u ;eword f ;eword e ;eword
ke ;eword tsane ;eword
nk ;eword a ;eword
nk ;eword a ;eword
Litlhare ;eword ho ;eword th ;eword w ;eword e ;eword u ;eword bu ;eword e ;eword na ;eword ntate ;eword Mikaele ;eword o ;eword kae ;eword
ntate ;eword Mikaele ;eword o ;eword kae ;eword
u ;eword le ;eword shano ;eword
ha ;eword a ;eword yo ;eword
o ;eword il ;eword e ;eword kae ;eword
o ;eword il ;eword e ;eword kampo ;eword ng ;eword
Litlhare ;eword mme ;eword Masebina ;eword o ;eword kae ;eword
o ;eword il ;eword e ;eword kae ;eword
u ;eword le ;eword shano ;eword
dul ;eword a ;eword Litlhare ;eword pele ;eword u ;eword shap ;eword uw ;eword a ;eword
e ;eword wena ;eword u ;eword n ;eword tlwaets ;eword e ;eword hampe ;eword ee ;eword
dul ;eword a ;eword fatSe ;eword Litlhare ;eword
u ;eword a ;eword tseb ;eword a ;eword ausi ;eword Mamello ;eword a ;eword ke ;eword be ;eword a ;eword hlol ;eword a ;eword a ;eword u ;eword f ;eword a ;eword bolo ;eword ya ;eword hae ;eword
le ;eword ma ;eword kotomane ;eword le ;eword ma ;eword kotomane ;eword a ;eword hae ;eword
Litlhare ;eword tloh ;eword a ;eword ke ;eword beh ;eword e ;eword ngwana ;eword enwa ;eword helang ;eword
tloh ;eword a ;eword mona ;eword
Litlhare ;eword ake ;eword u ;eword tloh ;eword e ;eword
e ;eword tla ;eword u ;eword j ;eword a ;eword ntho ;eword ena ;eword
Litlhare ;eword ho ;eword th ;eword w ;eword e ;eword u ;eword tl ;eword e ;eword
u ;eword tlo ;eword nk ;eword a ;eword chelete ;eword ke ;eword ena ;eword
u ;eword lo ;eword rek ;eword a ;eword di ;eword pompong ;eword
teaspoon ;eword
m ;eword ph ;eword e ;eword yona ;eword
tloo ;eword dul ;eword e ;eword fatSe ;eword helang ;eword
Litlhare ;eword ho ;eword th ;eword w ;eword e ;eword u ;eword tlo ;eword nk ;eword a ;eword sente ;eword ena ;eword
u ;eword ilo ;eword rek ;eword a ;eword chukama ;eword
ho ;eword th ;eword w ;eword e ;eword ke ;eword u ;eword neh ;eword e ;eword
nk ;eword a ;eword u ;eword be ;eword u ;eword se ;eword u ;eword rek ;eword a ;eword le ;eword di ;eword lamune ;eword
tloo ;eword n ;eword ngwath ;eword el ;eword e ;eword
di ;eword jo ;eword
e ;eword tloo ;eword n ;eword tSel ;eword l ;eword e ;eword ka ;eword mona ;eword
bon ;eword a ;eword Likhapa ;eword
u ;eword f ;eword uw ;eword a ;eword lamune ;eword wena ;eword Litlhare ;eword
wena ;eword u ;eword ntse ;eword u ;eword kotjom ;eword a ;eword
ke ;eword ena ;eword o ;eword se ;eword a ;eword e ;eword nk ;eword il ;eword e ;eword
o ;eword se ;eword a ;eword e ;eword nk ;eword il ;eword e ;eword ka ;eword di ;eword kobo ;eword ng ;eword
jwale ;eword ha ;eword di ;eword le ;eword mpe ;eword
bon ;eword ang ;eword Litlhare ;eword
seka ;eword otl ;eword a ;eword ngwana ;eword enwa ;eword wa ;eword ba ;eword tho ;eword helang ;eword
ausi ;eword Litlhare ;eword ke ;eword tla ;eword u ;eword f ;eword a ;eword di ;eword tapole ;eword
u ;eword a ;eword utlw ;eword a ;eword
ska ;eword ng ;eword otl ;eword a ;eword
tloo ;eword re ;eword tlo ;eword dul ;eword a ;eword fatSe ;eword
tloo ;eword re ;eword tlo ;eword dul ;eword a ;eword fatSe ;eword
butle ;eword
u ;eword fet ;eword el ;eword a ;eword kae ;eword
u ;eword tla ;eword hat ;eword a ;eword ngwana ;eword
u ;eword tla ;eword bo ;eword re ;eword phiny ;eword ets ;eword a ;eword
u ;eword tonos ;eword its ;eword e ;eword ma ;eword tonosa ;eword
bu ;eword a ;eword pele ;eword
ha ;eword u ;eword ka ;eword bu ;eword a ;eword feela ;eword ke ;eword u ;eword jwets ;eword e ;eword
ha ;eword u ;eword ne ;eword u ;eword shap ;eword uw ;eword a ;eword
ho ;eword tla ;eword ne ;eword ho ;eword th ;eword w ;eword e ;eword
Litlhare ;eword ako ;eword dul ;eword e ;eword fatSe ;eword
seka ;eword ets ;eword a ;eword mo ;eword ferefere ;eword tjena ;eword ya ;eword mpa ;eword e ;eword tenya ;eword enwa ;eword
ke ;eword nnyee ;eword ya ;eword eng ;eword
Litlhare ;eword hantle ;eword u ;eword n ;eword a ;eword le ;eword eng ;eword
Litlhare ;eword ho ;eword th ;eword w ;eword e ;eword u ;eword seke ;eword be ;eword wa ;eword rek ;eword el ;eword w ;eword a ;eword mo ;eword se ;eword
ke ;eword ausi ;eword Mamello ;eword
ho ;eword th ;eword w ;eword e ;eword o ;eword tla ;eword n ;eword thek ;eword el ;eword a ;eword Likhapha ;eword feela ;eword
a ;eword kebe ;eword a ;eword u ;eword rek ;eword el ;eword a ;eword ha ;eword u ;eword sa ;eword bu ;eword e ;eword
utlw ;eword a ;eword Likhapha ;eword ena ;eword o ;eword a ;eword bu ;eword a ;eword
dul ;eword a ;eword fatSe ;eword
o ;eword tla ;eword u ;eword rek ;eword el ;eword a ;eword bolpen ;eword
u ;eword ngol ;eword e ;eword
dul ;eword a ;eword fatSe ;eword
ha ;eword o ;eword sa ;eword dul ;eword e ;eword
ha ;eword o ;eword u ;eword rek ;eword el ;eword a ;eword
u ;eword dul ;eword e ;eword
u ;eword a ;eword utlw ;eword a ;eword
ntho ;eword ee ;eword ke ;eword eng ;eword Litlhare ;eword
Litlhare ;eword khib ;eword a ;eword nnyeo ;eword
min ;eword a ;eword Litlhare ;eword
Litlhare ;eword u ;eword nts ;eword u ;eword ets ;eword a ;eword ng ;eword
ha ;eword u ;eword se ;eword u ;eword bu ;eword e ;eword ho ;eword thus ;eword a ;eword ng ;eword
tSwenyane ;eword ngwanaka ;eword ya ;eword Litlhare ;eword bin ;eword a ;eword
Litlhare ;eword bin ;eword a ;eword
bin ;eword a ;eword ke ;eword utlw ;eword e ;eword
Seeiso ;eword
Litlhare ;eword tloo ;eword re ;eword tlo ;eword bu ;eword a ;eword
ausi ;eword Mamello ;eword o ;eword ilo ;eword le ;eword rek ;eword el ;eword a ;eword di ;eword lamune ;eword
u ;eword tla ;eword bat ;eword a ;eword ngwana ;eword
Litlhare ;eword ausi ;eword Mamello ;eword o ;eword r ;eword e ;eword u ;eword tl ;eword e ;eword
o ;eword its ;eword e ;eword bo ;eword Mamakhoa ;eword ba ;eword ilo ;eword u ;eword rek ;eword el ;eword a ;eword di ;eword lamune ;eword
ba ;eword il ;eword e ;eword hona ;eword tjee ;eword le ;eword Mpinane ;eword
ba ;eword ilo ;eword u ;eword rek ;eword el ;eword a ;eword di ;eword lamune ;eword
le ;eword di ;eword pompong ;eword
kapa ;eword u ;eword rat ;eword a ;eword ma ;eword kwenya ;eword kapa ;eword mo ;eword tombo ;eword
Litlhare ;eword u ;eword sokod ;eword is ;eword a ;eword ausi ;eword Mamello ;eword
he ;eword u ;eword a ;eword sokod ;eword is ;eword a ;eword Litlhare ;eword
Litlhare ;eword u ;eword y ;eword a ;eword kae ;eword
Litlhare ;eword tloo ;eword bu ;eword e ;eword di ;eword lamune ;eword ke ;eword tsena ;eword
Litlhare ;eword mme ;eword Masebina ;eword ke ;eword eo ;eword o ;eword tla ;eword u ;eword mul ;eword a ;eword
e ;eword ha ;eword re ;eword y ;eword eng ;eword he ;eword
haeba ;eword baesekele ;eword bo ;eword teng ;eword
ha ;eword re ;eword y ;eword e ;eword
baesekele ;eword re ;eword bo ;eword rat ;eword a ;eword hampe ;eword rona ;eword
ha ;eword re ;eword y ;eword eng ;eword re ;eword ilo ;eword ets ;eword ang ;eword kalamisa ;eword
ha ;eword re ;eword ilo ;eword ets ;eword ang ;eword tobetsa ;eword
e ;eword ha ;eword re ;eword ilo ;eword ets ;eword ang ;eword tobetsa ;eword
ha ;eword re ;eword y ;eword e ;eword
ha ;eword re ;eword y ;eword e ;eword re ;eword ilo ;eword ets ;eword ang ;eword tobetsa ;eword
ke ;eword y ;eword a ;eword le ;eword wena ;eword kereke ;eword ng ;eword
u ;eword a ;eword utlw ;eword a ;eword
e ;eword ha ;eword re ;eword y ;eword e ;eword re ;eword ilo ;eword ets ;eword ang ;eword tobetsa ;eword
u ;eword be ;eword u ;eword bon ;eword ts ;eword e ;eword ausi ;eword Mamello ;eword ntho ;eword e ;eword ntle ;eword
u ;eword a ;eword utlw ;eword a ;eword
i ;eword thom ;eword e ;eword he ;eword
u ;eword tseb ;eword e ;eword ho ;eword y ;eword a ;eword bon ;eword tS ;eword a ;eword ausi ;eword Mamello ;eword
u ;eword mo ;eword bon ;eword tS ;eword e ;eword
ha ;eword u ;eword ets ;eword uw ;eword a ;eword tobetsa ;eword
u ;eword a ;eword utlw ;eword a ;eword
u ;eword sokod ;eword is ;eword a ;eword ausi ;eword Mamello ;eword
i ;eword thom ;eword e ;eword
kanthe ;eword nyane ;eword u ;eword ne ;eword u ;eword so ;eword i ;eword thom ;eword e ;eword
ee ;eword u ;eword i ;eword thom ;eword e ;eword
ha ;eword u ;eword qet ;eword il ;eword e ;eword
re ;eword y ;eword e ;eword ausi ;eword Mamello ;eword a ;eword ilo ;eword re ;eword lets ;eword ets ;eword a ;eword kumbakumba ;eword
ausi ;eword Mamello ;eword a ;eword ilo ;eword re ;eword lets ;eword ets ;eword a ;eword kumbakumba ;eword
u ;eword a ;eword utlw ;eword a ;eword
e ;eword ke ;eword ya ;eword hao ;eword le ;eword ya ;eword ausi ;eword Mamello ;eword
ha ;eword se ;eword ya ;eword hao ;eword
ke ;eword ya ;eword mang ;eword
ha ;eword u ;eword tseb ;eword e ;eword
ke ;eword ya ;eword ausi ;eword Mamello ;eword he ;eword
u ;eword y ;eword e ;eword mane ;eword
re ;eword tla ;eword u ;eword bola ;eword el ;eword a ;eword di ;eword nonyana ;eword
bo ;eword Ntala ;eword ba ;eword ilo ;eword u ;eword bola ;eword el ;eword a ;eword di ;eword nonyana ;eword
u ;eword a ;eword utlw ;eword a ;eword
ey ;eword a ;eword
ha ;eword u ;eword sa ;eword tsamay ;eword e ;eword feela ;eword le ;eword ausi ;eword Mamello ;eword
ke ;eword u ;eword jwets ;eword e ;eword e ;eword tla ;eword u ;eword lom ;eword a ;eword ntho ;eword ena ;eword
ere ;eword ke ;eword tebel ;eword e ;eword ke ;eword khwalabolokwe ;eword
ke ;eword khwalabolokwe ;eword
e ;eword j ;eword a ;eword ma ;eword kaka ;eword
ha ;eword re ;eword y ;eword eng ;eword Litlhare ;eword
re ;eword y ;eword eng ;eword mane ;eword
bon ;eword a ;eword bo ;eword Mamakhoa ;eword
ke ;eword bao ;eword ba ;eword tl ;eword a ;eword ka ;eword di ;eword namune ;eword
Litlhare ;eword u ;eword a ;eword utlw ;eword a ;eword
Likhapa ;eword o ;eword nk ;eword il ;eword e ;eword pompong ;eword
ke ;eword yane ;eword
ha ;eword re ;eword y ;eword eng ;eword Litlhare ;eword
re ;eword y ;eword e ;eword ho ;eword mme ;eword Masebina ;eword mane ;eword
ke ;eword its ;eword e ;eword mme ;eword Masebina ;eword o ;eword tla ;eword u ;eword f ;eword a ;eword di ;eword pompong ;eword
tsama ;eword is ;eword a ;eword re ;eword tseb ;eword e ;eword ho ;eword tsamay ;eword a ;eword
ntate ;eword Mikaele ;eword o ;eword il ;eword e ;eword kae ;eword
o ;eword il ;eword e ;eword kampo ;eword ng ;eword
o ;eword ilo ;eword u ;eword tl ;eword el ;eword a ;eword le ;eword mo ;eword se ;eword
e ;eword re ;eword tle ;eword re ;eword thab ;eword e ;eword ha ;eword a ;eword u ;eword rek ;eword ets ;eword e ;eword u ;eword a ;eword utlw ;eword a ;eword
e ;eword le ;eword nna ;eword o ;eword its ;eword e ;eword o ;eword ilo ;eword n ;eword thek ;eword el ;eword a ;eword
re ;eword tle ;eword re ;eword ten ;eword e ;eword me ;eword se ;eword e ;eword me ;eword cha ;eword ka ;eword keresemese ;eword
u ;eword a ;eword utlw ;eword a ;eword
u ;eword tla ;eword mo ;eword khankhadis ;eword a ;eword Ntala ;eword
ha ;eword u ;eword sele ;eword
ausi ;eword Mamello ;eword o ;eword a ;eword u ;eword siy ;eword a ;eword
u ;eword a ;eword tsamay ;eword a ;eword
u ;eword y ;eword a ;eword hahabo ;eword ha ;eword hae ;eword
ha ;eword re ;eword y ;eword e ;eword Litlhare ;eword
hakere ;eword u ;eword se ;eword u ;eword qet ;eword il ;eword e ;eword ho ;eword i ;eword thom ;eword a ;eword
e ;eword ha ;eword re ;eword y ;eword e ;eword wena ;eword weso ;eword
u ;eword ngwaneso ;eword u ;eword a ;eword utlw ;eword a ;eword
re ;eword tla ;eword rek ;eword el ;eword w ;eword a ;eword me ;eword se ;eword e ;eword tSwan ;eword a ;eword ng ;eword ka ;eword keresemese ;eword
e ;eword
e ;eword le ;eword jwe ;eword ke ;eword lena ;eword le ;eword le ;eword tSo ;eword
e ;eword le ;eword le ;eword khutswanyane ;eword
le ;eword le ;eword tSo ;eword
oo ;eword ke ;eword a ;eword tl ;eword a ;eword
di ;eword eng ;eword
le ;eword jwe ;eword
ke ;eword la ;eword hao ;eword
le ;eword jwe ;eword
ke ;eword la ;eword hao ;eword re ;eword tseb ;eword e ;eword ho ;eword tla ;eword tl ;eword a ;eword ho ;eword ets ;eword a ;eword tobetsa ;eword
u ;eword a ;eword utlw ;eword a ;eword
e ;eword le ;eword lena ;eword le ;eword le ;eword kholo ;eword ke ;eword la ;eword hao ;eword
u ;eword a ;eword utlw ;eword a ;eword
e ;eword le ;eword le ;eword ng ;eword ke ;eword la ;eword hao ;eword
hono ;eword ke ;eword se ;eword su ;eword
ke ;eword koko ;eword
Litlhare ;eword ha ;eword a ;eword khwaditis ;eword a ;eword
ha ;eword a ;eword khwaditis ;eword a ;eword di ;eword khama ;eword di ;eword ntse ;eword di ;eword le ;eword teng ;eword
se ;eword teng ;eword ka ;eword di ;eword tono ;eword ng ;eword
ausi ;eword Litlhare ;eword ke ;eword tseso ;eword
ke ;eword r ;eword e ;eword se ;eword nepe ;eword sena ;eword sa ;eword rona ;eword le ;eword wena ;eword se ;eword kae ;eword ausi ;eword Mamello ;eword
eya ;eword Litlhare ;eword re ;eword tlo ;eword bu ;eword a ;eword
hobaneng ;eword Likhapha ;eword o ;eword sa ;eword robets ;eword e ;eword
u ;eword a ;eword utlw ;eword a ;eword
e ;eword hobaneng ;eword ntate ;eword Mikaele ;eword o ;eword tla ;eword tl ;eword a ;eword ka ;eword mantaha ;eword
o ;eword tla ;eword tl ;eword a ;eword a ;eword u ;eword rek ;eword ets ;eword a ;eword mo ;eword se ;eword
u ;eword a ;eword utlw ;eword a ;eword
ke ;eword ken ;eword e ;eword pele ;eword
ke ;eword ken ;eword a ;eword le ;eword Litlhare ;eword pele ;eword
ke ;eword ken ;eword a ;eword pele ;eword
ha ;eword re ;eword otl ;eword e ;eword teng ;eword
ha ;eword re ;eword otl ;eword e ;eword
u ;eword chikw ;eword a ;eword
Litlhare ;eword ena ;eword o ;eword a ;eword e ;eword tamoll ;eword a ;eword
ha ;eword ke ;eword a ;eword chikw ;eword a ;eword
eya ;eword bo ;eword u ;eword chikw ;eword e ;eword
u ;eword a ;eword e ;eword hat ;eword a ;eword yaba ;eword u ;eword e ;eword khaol ;eword a ;eword
Litlhare ;eword re ;eword a ;eword u ;eword jwets ;eword a ;eword
jwale ;eword tjena ;eword etlare ;eword ha ;eword re ;eword ets ;eword a ;eword kalamisa ;eword wena ;eword wa ;eword ets ;eword a ;eword tobetsa ;eword
hae ;eword u ;eword batl ;eword a ;eword ng ;eword
Litlhare ;eword haeka ;eword u ;eword a ;eword ll ;eword a ;eword tjee ;eword
u ;eword ll ;eword el ;eword a ;eword ng ;eword
seka ;eword ll ;eword a ;eword
Litlhare ;eword wena ;eword ha ;eword u ;eword ll ;eword a ;eword tjee ;eword
tSwar ;eword a ;eword wena ;eword
tSwar ;eword a ;eword wena ;eword Litlhare ;eword
ha ;eword re ;eword tlo ;eword e ;eword kap ;eword e ;eword
ha ;eword re ;eword kap ;eword e ;eword
kap ;eword a ;eword Litlhare ;eword
ke ;eword ya ;eword hae ;eword wena ;eword
mo ;eword neh ;eword e ;eword Litlhare ;eword ke ;eword ya ;eword Mamakhoa ;eword
Litlhare ;eword sekana ;eword be ;eword a ;eword di ;eword ntho ;eword tsena ;eword
Litlhare ;eword ha ;eword u ;eword sa ;eword
ha ;eword u ;eword bon ;eword a ;eword di ;eword lamune ;eword
ere ;eword ke ;eword u ;eword ebol ;eword el ;eword e ;eword
u ;eword ents ;eword e ;eword mo ;eword thamo ;eword wa ;eword eng ;eword
tl ;eword is ;eword a ;eword ke ;eword u ;eword ebol ;eword el ;eword e ;eword
bin ;eword a ;eword hostel ;eword
bin ;eword a ;eword
ha ;eword u ;eword so ;eword qet ;eword e ;eword
hostel ;eword ke ;eword dul ;eword a ;eword
u ;eword r ;eword e ;eword ba ;eword ba ;eword ng ;eword ba ;eword a ;eword nyal ;eword a ;eword
e ;eword ch ;eword o ;eword
ba ;eword ba ;eword ng ;eword ba ;eword sal ;eword a ;eword
jwale ;eword nna ;eword ke ;eword a ;eword e ;eword momon ;eword a ;eword wena ;eword
er ;eword e ;eword ke ;eword a ;eword momon ;eword a ;eword
Litlhare ;eword tloo ;eword nk ;eword e ;eword ntho ;eword ena ;eword
nk ;eword a ;eword ke ;eword ena ;eword
Litlhare ;eword tloo ;eword bon ;eword e ;eword ntate ;eword Mikaele ;eword ke ;eword enwa ;eword
Litlhare ;eword
ho ;eword th ;eword w ;eword e ;eword u ;eword ilo ;eword bon ;eword a ;eword ntate ;eword Mikaele ;eword
hlah ;eword a ;eword mo ;eword em ;eword a ;eword mona ;eword
u ;eword tla ;eword m ;eword mon ;eword a ;eword
em ;eword a ;eword kwana ;eword
Litlhare ;eword dul ;eword a ;eword fatSe ;eword
Litlhare ;eword dul ;eword a ;eword fatSe ;eword
u ;eword a ;eword hlajw ;eword a ;eword fatse ;eword mona ;eword
dul ;eword a ;eword mona ;eword
Masebina ;eword o ;eword il ;eword e ;eword kae ;eword
o ;eword teng ;eword o ;eword n ;eword a ;eword le ;eword mang ;eword
o ;eword il ;eword e ;eword ma ;eword simo ;eword ng ;eword
u ;eword ilo ;eword rwal ;eword a ;eword
u ;eword skana ;eword sukud ;eword is ;eword a ;eword ausi ;eword Mamello ;eword
u ;eword a ;eword utlw ;eword a ;eword
o ;eword u ;eword f ;eword il ;eword e ;eword di ;eword lamune ;eword tsa ;eword hae ;eword feela ;eword u ;eword se ;eword u ;eword m ;eword maleh ;eword a ;eword
u ;eword dul ;eword e ;eword fatSe ;eword
ke ;eword tla ;eword u ;eword pep ;eword a ;eword
dul ;eword a ;eword fatSe ;eword
ma ;eword oto ;eword a ;eword hao ;eword ha ;eword u ;eword a ;eword hlatsw ;eword e ;eword ke ;eword eng ;eword Litlhare ;eword
e ;eword
u ;eword tla ;eword hlatsw ;eword a ;eword
u ;eword j ;eword a ;eword di ;eword lamune ;eword tse ;eword ma ;eword oto ;eword ng ;eword
bin ;eword a ;eword
m ;eword pin ;eword el ;eword e ;eword hostele ;eword
hostele ;eword
Litlhare ;eword tloo ;eword re ;eword tlo ;eword nk ;eword a ;eword ntho ;eword ena ;eword
hostele ;eword
pompong ;eword le ;eword pere ;eword
e ;eword ncha ;eword
u ;eword dul ;eword e ;eword hantle ;eword
u ;eword a ;eword utlw ;eword a ;eword
ebe ;eword ngwanana ;eword u ;eword a ;eword utlw ;eword a ;eword
eya ;eword
e ;eword dul ;eword a ;eword hantle ;eword jwale ;eword
u ;eword dul ;eword e ;eword hantle ;eword u ;eword be ;eword ngwanana ;eword mo ;eword rwetsana ;eword
bu ;eword a ;eword he ;eword ngwanana ;eword
bin ;eword a ;eword haholo ;eword
ke ;eword utlw ;eword e ;eword Litlhare ;eword
bin ;eword a ;eword haholo ;eword
ke ;eword utlw ;eword e ;eword na ;eword u ;eword nts ;eword u ;eword r ;eword e ;eword ng ;eword
u ;eword r ;eword e ;eword ng ;eword
u ;eword r ;eword e ;eword Litlhare ;eword o ;eword a ;eword tell ;eword a ;eword
butle ;eword ke ;eword u ;eword jwets ;eword e ;eword
er ;eword e ;eword Litlhare ;eword u ;eword a ;eword tell ;eword a ;eword
u ;eword sele ;eword u ;eword y ;eword a ;eword kae ;eword
u ;eword se ;eword u ;eword y ;eword a ;eword kae ;eword
u ;eword y ;eword a ;eword kae ;eword
dul ;eword a ;eword hantle ;eword
u ;eword tlo ;eword be ;eword ngwanana ;eword e ;eword mo ;eword tle ;eword wa ;eword mme ;eword Masebina ;eword
wa ;eword mme ;eword Mmasebina ;eword
a ;eword tla ;eword u ;eword rek ;eword el ;eword e ;eword di ;eword phushing ;eword le ;eword di ;eword buts ;eword
u ;eword a ;eword utlw ;eword a ;eword
le ;eword di ;eword sentlase ;eword
u ;eword be ;eword mo ;eword sadi ;eword wa ;eword ntate ;eword Tlala ;eword
u ;eword a ;eword utlw ;eword a ;eword
etlare ;eword ha ;eword a ;eword fihl ;eword a ;eword mona ;eword u ;eword mo ;eword met ;eword e ;eword
u ;eword a ;eword utlw ;eword a ;eword
e ;eword dul ;eword a ;eword fatSe ;eword he ;eword ausi ;eword
u ;eword tla ;eword dihel ;eword a ;eword ntho ;eword ena ;eword ya ;eword ba ;eword tho ;eword wena ;eword
ke ;eword tla ;eword u ;eword bits ;eword ets ;eword a ;eword Phamokate ;eword
Phamokate ;eword e ;eword hodima ;eword tsela ;eword
u ;eword a ;eword hlodiy ;eword a ;eword
u ;eword tswer ;eword w ;eword e ;eword ke ;eword mo ;eword khokhotwane ;eword
u ;eword tSwer ;eword w ;eword e ;eword ke ;eword se ;eword fuba ;eword
u ;eword le ;eword shano ;eword
ke ;eword eng ;eword
ke ;eword r ;eword e ;eword u ;eword tSwer ;eword w ;eword e ;eword ke ;eword se ;eword fuba ;eword
u ;eword tswer ;eword w ;eword e ;eword ke ;eword mo ;eword khokhotwane ;eword
u ;eword tSwer ;eword w ;eword e ;eword ke ;eword eng ;eword
ets ;eword is ;eword a ;eword se ;eword fofane ;eword
ets ;eword is ;eword a ;eword ntho ;eword ena ;eword e ;eword ka ;eword mona ;eword
e ;eword ch ;eword o ;eword
ha ;eword u ;eword tseb ;eword e ;eword
u ;eword tla ;eword be ;eword u ;eword tseb ;eword e ;eword
u ;eword tla ;eword tseb ;eword a ;eword
Litlhare ;eword ke ;eword u ;eword jwets ;eword e ;eword
u ;eword a ;eword bon ;eword a ;eword ausi ;eword Mamello ;eword a ;eword u ;eword f ;eword il ;eword e ;eword di ;eword lamune ;eword tsa ;eword hae ;eword
u ;eword tlo ;eword ne ;eword u ;eword bu ;eword e ;eword hape ;eword
o ;eword tla ;eword u ;eword rek ;eword el ;eword a ;eword
jwale ;eword o ;eword tla ;eword u ;eword rek ;eword el ;eword a ;eword di ;eword apole ;eword
dul ;eword a ;eword hantle ;eword he ;eword u ;eword bu ;eword e ;eword
u ;eword bu ;eword e ;eword hantle ;eword
u ;eword mo ;eword bots ;eword e ;eword di ;eword taba ;eword
u ;eword a ;eword utlw ;eword a ;eword
e ;eword dul ;eword a ;eword
u ;eword mo ;eword bots ;eword e ;eword na ;eword mme ;eword Masebina ;eword o ;eword kae ;eword
o ;eword ilo ;eword rwall ;eword a ;eword
dul ;eword a ;eword hantle ;eword
u ;eword mo ;eword bots ;eword e ;eword hape ;eword
mo ;eword bots ;eword e ;eword na ;eword ntate ;eword Michael ;eword o ;eword il ;eword e ;eword kae ;eword
mo ;eword bots ;eword e ;eword
u ;eword tlo ;eword utlw ;eword e ;eword
o ;eword tla ;eword u ;eword rek ;eword el ;eword a ;eword di ;eword apole ;eword ha ;eword u ;eword ka ;eword mo ;eword bots ;eword a ;eword
mo ;eword bots ;eword e ;eword
er ;eword e ;eword na ;eword ntate ;eword Mikaele ;eword o ;eword kae ;eword
Litlhare ;eword tloh ;eword a ;eword
butle ;eword
nna ;eword ke ;eword its ;eword e ;eword ke ;eword tla ;eword u ;eword batl ;eword el ;eword a ;eword ngwana ;eword
jwale ;eword u ;eword han ;eword a ;eword ho ;eword dul ;eword a ;eword fatSe ;eword
nna ;eword ke ;eword its ;eword e ;eword ke ;eword tla ;eword u ;eword batl ;eword el ;eword a ;eword ngwana ;eword u ;eword mo ;eword pep ;eword e ;eword
moo ;eword ke ;eword eng ;eword moo ;eword
ke ;eword le ;eword tswele ;eword
le ;eword kae ;eword le ;eword tswele ;eword
ngwana ;eword eo ;eword ke ;eword mang ;eword
ke ;eword le ;eword kotikoti ;eword
u ;eword tla ;eword le ;eword nyan ;eword ts ;eword a ;eword
dul ;eword a ;eword hantle ;eword he ;eword jwale ;eword
u ;eword bon ;eword tS ;eword e ;eword ausi ;eword Mamello ;eword ma ;eword tswele ;eword
mo ;eword bon ;eword tS ;eword e ;eword
ke ;eword ana ;eword
hat ;eword oh ;eword a ;eword Litlhare ;eword
re ;eword tsamay ;eword eng ;eword
ha ;eword re ;eword y ;eword eng ;eword ka ;eword tlung ;eword
u ;eword mo ;eword si ;eword el ;eword a ;eword ng ;eword
tloh ;eword a ;eword Litlhare ;eword ke ;eword al ;eword e ;eword
u ;eword le ;eword shano ;eword
u ;eword skaba ;eword hlodiy ;eword a ;eword he ;eword Litlhare ;eword
u ;eword skaba ;eword hlodiy ;eword a ;eword u ;eword tla ;eword f ;eword uw ;eword a ;eword chelete ;eword
u ;eword kadim ;eword a ;eword koloi ;eword
Litlhare ;eword eo ;eword ya ;eword mo ;eword nyanenyana ;eword
ntho ;eword ee ;eword ke ;eword eng ;eword
ke ;eword le ;eword he ;eword
le ;eword kae ;eword le ;eword he ;eword moo ;eword
bon ;eword a ;eword le ;eword he ;eword
u ;eword le ;eword shano ;eword ha ;eword se ;eword le ;eword le ;eword nyenyane ;eword
tsamay ;eword a ;eword ho ;eword bul ;eword a ;eword
ho ;eword th ;eword w ;eword e ;eword ke ;eword tlo ;eword mo ;eword nk ;eword a ;eword
thol ;eword a ;eword
ma ;eword fura ;eword a ;eword kae ;eword moo ;eword
ha ;eword le ;eword n ;eword a ;eword ma ;eword fura ;eword lee ;eword wena ;eword
lee ;eword ha ;eword le ;eword n ;eword a ;eword ma ;eword fura ;eword
ho ;eword n ;eword a ;eword ng ;eword le ;eword ma ;eword fura ;eword ke ;eword nama ;eword
u ;eword a ;eword teraef ;eword a ;eword
hae ;eword wena ;eword
u ;eword ets ;eword a ;eword ng ;eword
tloo ;eword
ngol ;eword a ;eword ngwe ;eword
ngol ;eword a ;eword two ;eword
eya ;eword ngol ;eword a ;eword
ngwana ;eword enwa ;eword o ;eword batla ;eword a ;eword e ;eword nep ;eword a ;eword
ngol ;eword a ;eword ngwe ;eword he ;eword
wena ;eword u ;eword ngol ;eword a ;eword seven ;eword jwang ;eword na ;eword wena ;eword
ngol ;eword a ;eword teri ;eword
ngol ;eword a ;eword five ;eword
ngol ;eword a ;eword sekese ;eword
ngol ;eword a ;eword sekese ;eword hantle ;eword
u ;eword ngots ;eword e ;eword nine ;eword
eya ;eword u ;eword nep ;eword il ;eword e ;eword
ngol ;eword a ;eword seven ;eword
a ;eword tla ;eword ngol ;eword a ;eword
ngol ;eword a ;eword eiti ;eword
u ;eword lets ;eword a ;eword mo ;eword lodi ;eword
ngol ;eword a ;eword nine ;eword
ae ;eword ska ;eword phetl ;eword a ;eword ka ;eword nqa ;eword e ;eword ngwe ;eword
ngol ;eword a ;eword Litlhare ;eword
mo ;eword ngol ;eword e ;eword
bon ;eword a ;eword ngwana ;eword
ha ;eword a ;eword tseb ;eword e ;eword ho ;eword r ;eword e ;eword ngwana ;eword
mo ;eword ngol ;eword e ;eword
mo ;eword ngol ;eword e ;eword mona ;eword
u ;eword ntse ;eword u ;eword n ;eword tlwael ;eword a ;eword
u ;eword a ;eword tseb ;eword a ;eword
tsw ;eword a ;eword mona ;eword
Litlhare ;eword ska ;eword otl ;eword a ;eword ngwana ;eword e ;eword mo ;eword ng ;eword
le ;eword a ;eword hlodiy ;eword a ;eword
ma ;eword tsoho ;eword a ;eword kae ;eword a ;eword ntate ;eword Migaele ;eword
ke ;eword ona ;eword mo ;eword toa ;eword oo ;eword
u ;eword ne ;eword u ;eword se ;eword u ;eword lebets ;eword e ;eword
ke ;eword ma ;eword ka ;eword ntho ;eword ee ;eword
ma ;eword tsoho ;eword a ;eword tjena ;eword
ke ;eword tla ;eword u ;eword mul ;eword a ;eword wena ;eword ha ;eword ke ;eword ma ;eword nchwathi ;eword
ke ;eword tla ;eword u ;eword mul ;eword a ;eword ra ;eword se ;eword khwadi ;eword
e ;eword ngol ;eword e ;eword
u ;eword ngots ;eword e ;eword le ;eword bokose ;eword
ke ;eword tla ;eword u ;eword otl ;eword a ;eword Litlhare ;eword
u ;eword ne ;eword u ;eword ents ;eword e ;eword hloho ;eword e ;eword tswan ;eword a ;eword ng ;eword le ;eword di ;eword koloi ;eword
o ;eword a ;eword n ;eword tsokod ;eword is ;eword a ;eword
eya ;eword seka ;eword e ;eword tSwar ;eword a ;eword he ;eword
ngol ;eword a ;eword one ;eword ya ;eword hao ;eword mona ;eword
ngol ;eword a ;eword one ;eword e ;eword tswan ;eword a ;eword ng ;eword le ;eword ena ;eword le ;eword ena ;eword
ena ;eword e ;eword its ;eword e ;eword ng ;eword e ;eword ngol ;eword e ;eword
ngol ;eword a ;eword one ;eword ke ;eword ena ;eword
sheb ;eword a ;eword Litlhare ;eword ke ;eword ena ;eword one ;eword
e ;eword ngol ;eword e ;eword e ;eword jwalo ;eword
koloi ;eword e ;eword kae ;eword
e ;eword ntlo ;eword ke ;eword ena ;eword
be ;eword butle ;eword wena ;eword Litlhare ;eword
jwale ;eword Litlhare ;eword u ;eword ntse ;eword u ;eword ets ;eword a ;eword tse ;eword
ngol ;eword a ;eword le ;eword leme ;eword
le ;eword ngol ;eword e ;eword
le ;eword tswan ;eword a ;eword ng ;eword le ;eword lena ;eword
le ;eword ngol ;eword e ;eword
u ;eword batlile ;eword u ;eword le ;eword nep ;eword a ;eword
le ;eword ngol ;eword e ;eword hantle ;eword
ngol ;eword a ;eword meno ;eword
ke ;eword ana ;eword a ;eword ngol ;eword e ;eword
ngol ;eword a ;eword nko ;eword
nko ;eword ya ;eword podi ;eword
ya ;eword podi ;eword
ya ;eword khomo ;eword u ;eword tla ;eword e ;eword ets ;eword a ;eword neng ;eword
nko ;eword ya ;eword podi ;eword
ngol ;eword a ;eword nko ;eword ya ;eword Likhapha ;eword
e ;eword ngol ;eword e ;eword mona ;eword
nko ;eword ya ;eword Likhapha ;eword
ya ;eword Thabo ;eword
ya ;eword Thabo ;eword e ;eword jwang ;eword na ;eword ba ;eword nna ;eword
nam ;eword a ;eword ets ;eword a ;eword tjena ;eword Litlhare ;eword
seka ;eword em ;eword is ;eword a ;eword ma ;eword oto ;eword
eke ;eword u ;eword ets ;eword e ;eword jwale ;eword
efela ;eword u ;eword tla ;eword ba ;eword mo ;eword tle ;eword
mo ;eword tle ;eword
ets ;eword a ;eword jwalo ;eword
bal ;eword a ;eword na ;eword u ;eword its ;eword e ;eword ng ;eword mona ;eword
bal ;eword a ;eword Litlhare ;eword
ae ;eword Litlhare ;eword ska ;eword mo ;eword otl ;eword a ;eword
bal ;eword a ;eword mona ;eword o ;eword its ;eword e ;eword ng ;eword
bal ;eword a ;eword u ;eword ngots ;eword e ;eword ng ;eword
bo ;eword butle ;eword
ke ;eword r ;eword e ;eword kweny ;eword a ;eword
bal ;eword a ;eword haholo ;eword
sekana ;eword sebel ;eword a ;eword
bal ;eword a ;eword haholo ;eword
sekana ;eword sebel ;eword a ;eword
u ;eword tla ;eword w ;eword el ;eword a ;eword
ke ;eword di ;eword taba ;eword tse ;eword kholo ;eword
bon ;eword ang ;eword u ;eword ngots ;eword e ;eword koloi ;eword
ke ;eword ena ;eword
ke ;eword ena ;eword koloi ;eword
ke ;eword ma ;eword senke ;eword
ngol ;eword a ;eword baesekele ;eword
u ;eword ne ;eword u ;eword mo ;eword tsikinyets ;eword a ;eword
u ;eword mo ;eword ets ;eword a ;eword ng ;eword
ngol ;eword a ;eword le ;eword bitso ;eword la ;eword hao ;eword
bo ;eword butle ;eword le ;eword wena ;eword ma ;eword nchwathi ;eword
butle ;eword ke ;eword u ;eword bon ;eword tS ;eword e ;eword
tSwar ;eword a ;eword tjee ;eword
e ;eword tSwar ;eword e ;eword tjee ;eword
u ;eword ngol ;eword e ;eword le ;eword bitso ;eword la ;eword hao ;eword
u ;eword a ;eword utlw ;eword a ;eword
ngol ;eword a ;eword nko ;eword he ;eword
Litlhare ;eword tloo ;eword ke ;eword u ;eword ngol ;eword l ;eword e ;eword la ;eword Likhapha ;eword he ;eword
Likhapha ;eword None ;eword
Litlhare ;eword
e ;eword le ;eword ngol ;eword e ;eword he ;eword
ngol ;eword a ;eword tje ;eword
e ;eword tloo ;eword ke ;eword u ;eword bon ;eword tS ;eword e ;eword
tl ;eword is ;eword a ;eword ke ;eword u ;eword bon ;eword tS ;eword e ;eword
ngol ;eword a ;eword le ;eword bitso ;eword la ;eword ntate ;eword Mikaele ;eword mona ;eword
u ;eword le ;eword shano ;eword
e ;eword tSwar ;eword e ;eword he ;eword
ke ;eword u ;eword bon ;eword tS ;eword e ;eword na ;eword u ;eword le ;eword ngol ;eword e ;eword jwang ;eword
Litlhare ;eword
Litlhare ;eword n ;eword tlohell ;eword e ;eword
ngol ;eword a ;eword he ;eword
o ;eword tlo ;eword ngol ;eword a ;eword ma ;eword nteterwane ;eword a ;eword sa ;eword tlal ;eword a ;eword ng ;eword feela ;eword
eksaese ;eword ena ;eword ese ;eword ebile ;eword e ;eword tlets ;eword e ;eword ma ;eword nteterwane ;eword
Litlhare ;eword
u ;eword tla ;eword r ;eword e ;eword ma ;eword nteterwane ;eword
ha ;eword u ;eword ngol ;eword a ;eword koloi ;eword
u ;eword skana ;eword ets ;eword a ;eword tjena ;eword
ke ;eword bon ;eword a ;eword ma ;eword bidi ;eword ana ;eword a ;eword koloi ;eword
ako ;eword tloel ;eword e ;eword Litlhare ;eword
Litlhare ;eword
ngol ;eword a ;eword
Litlhare ;eword ngol ;eword a ;eword one ;eword
hoo ;eword a ;eword ho ;eword tseb ;eword a ;eword ng ;eword ke ;eword one ;eword
ngol ;eword a ;eword
kae ;eword
u ;eword tsw ;eword il ;eword e ;eword ma ;eword di ;eword
nam ;eword a ;eword jwale ;eword ka ;eword Thabo ;eword he ;eword
u ;eword skaba ;eword thonkh ;eword eh ;eword a ;eword
yes ;eword u ;eword tla ;eword ba ;eword ngwanana ;eword jwale ;eword he ;eword
ngol ;eword a ;eword he ;eword
u ;eword ngol ;eword e ;eword
me ;eword hla ;eword e ;eword u ;eword e ;eword be ;eword a ;eword tjee ;eword
ha ;eword re ;eword sa ;eword tseb ;eword a ;eword na ;eword ho ;eword e ;eword ngol ;eword a ;eword se ;eword jwang ;eword ka ;eword le ;eword baka ;eword la ;eword ngwana ;eword enwa ;eword
ngol ;eword a ;eword
bin ;eword a ;eword
bal ;eword a ;eword mona ;eword na ;eword ho ;eword i ;eword tsw ;eword e ;eword ng ;eword
bal ;eword a ;eword
ke ;eword u ;eword bon ;eword ts ;eword e ;eword la ;eword ausi ;eword Mamello ;eword
u ;eword tlo ;eword le ;eword ngol ;eword e ;eword
u ;eword a ;eword utlw ;eword a ;eword
bo ;eword butle ;eword
ke ;eword u ;eword bon ;eword ts ;eword e ;eword
u ;eword tlo ;eword be ;eword u ;eword se ;eword u ;eword le ;eword ngol ;eword a ;eword
u ;eword a ;eword utlw ;eword a ;eword
le ;eword ngol ;eword e ;eword ke ;eword lena ;eword
ke ;eword lena ;eword moo ;eword ke ;eword le ;eword ngots ;eword e ;eword ng ;eword
ska ;eword ngol ;eword a ;eword mona ;eword
ngol ;eword a ;eword mona ;eword
u ;eword ngol ;eword l ;eword e ;eword ausi ;eword Mamello ;eword
ke ;eword its ;eword e ;eword u ;eword r ;eword e ;eword ma ;eword nchwathi ;eword
u ;eword di ;eword qet ;eword il ;eword e ;eword
u ;eword a ;eword n ;eword qhekell ;eword a ;eword
u ;eword ll ;eword el ;eword a ;eword ng ;eword
Litlhare ;eword e ;eword hlakol ;eword e ;eword
le ;eword mo ;eword rwa ;eword
mo ;eword rwa ;eword
ke ;eword enwa ;eword
ke ;eword yane ;eword
ha ;eword ke ;eword tseb ;eword e ;eword
ets ;eword a ;eword koloi ;eword ke ;eword bon ;eword e ;eword
tloell ;eword a ;eword ka ;eword mona ;eword
tloo ;eword ke ;eword tla ;eword u ;eword ngol ;eword l ;eword a ;eword
le ;eword tsoho ;eword ng ;eword
ke ;eword a ;eword tseb ;eword a ;eword
u ;eword a ;eword o ;eword hat ;eword a ;eword
tl ;eword is ;eword a ;eword ke ;eword bon ;eword e ;eword
Litlhare ;eword u ;eword sele ;eword
eke ;eword Litlhare ;eword
ngol ;eword a ;eword mona ;eword
ke ;eword ena ;eword ya ;eword hao ;eword
Litlhare ;eword
ngol ;eword a ;eword ausi ;eword Mamello ;eword
tl ;eword is ;eword a ;eword ke ;eword u ;eword ngol ;eword e ;eword Litlhare ;eword
u ;eword ngwana ;eword mo ;eword tle ;eword
tloh ;eword a ;eword Litlhare ;eword
Litlhare ;eword ha ;eword u ;eword n ;eword kadim ;eword e ;eword
ya ;eword laeh ;eword a ;eword
e ;eword taboh ;eword il ;eword e ;eword
ke ;eword enwa ;eword
suitcase ;eword
u ;eword e ;eword phunts ;eword e ;eword Litlhare ;eword
utlw ;eword a ;eword ngwana ;eword he ;eword
ntho ;eword eo ;eword e ;eword a ;eword ll ;eword a ;eword
phumol ;eword a ;eword
bon ;eword ang ;eword
le ;eword a ;eword nyoloh ;eword a ;eword le ;eword mane ;eword
ke ;eword lane ;eword
ha ;eword e ;eword nyoloh ;eword a ;eword
Litlhare ;eword ntho ;eword ya ;eword hae ;eword ke ;eword ena ;eword
ke ;eword ena ;eword
bon ;eword e ;eword le ;eword nala ;eword
metsi ;eword a ;eword ma ;eword ngata ;eword
ha ;eword ke ;eword bu ;eword a ;eword le ;eword a ;eword nyoloh ;eword a ;eword
m ;eword ph ;eword e ;eword le ;eword koko ;eword
m ;eword pep ;eword e ;eword
ke ;eword le ;eword pep ;eword e ;eword
ba ;eword ntse ;eword ba ;eword u ;eword qal ;eword a ;eword
ke ;eword ena ;eword he ;eword Litlhare ;eword
ke ;eword tla ;eword u ;eword bits ;eword a ;eword Litlhare ;eword
ha ;eword ke ;eword batl ;eword e ;eword
ha ;eword ke ;eword so ;eword r ;eword e ;eword ke ;eword a ;eword e ;eword batl ;eword a ;eword
nk ;eword a ;eword Litlhare ;eword
Litlhare ;eword n ;eword neh ;eword el ;eword ets ;eword e ;eword di ;eword jo ;eword tseo ;eword tsa ;eword Likhapha ;eword
u ;eword tla ;eword ll ;eword a ;eword hape ;eword
u ;eword nts ;eword u ;eword ets ;eword a ;eword tjena ;eword
tl ;eword is ;eword a ;eword ke ;eword le ;eword bon ;eword ts ;eword e ;eword le ;eword bitso ;eword la ;eword hao ;eword
le ;eword ausi ;eword Mamello ;eword ke ;eword lena ;eword le ;eword ngol ;eword e ;eword
ke ;eword le ;eword ngolo ;eword hona ;eword hona ;eword
u ;eword tla ;eword shap ;eword uw ;eword a ;eword wena ;eword ngwana ;eword towe ;eword
u ;eword a ;eword tseb ;eword a ;eword
butle ;eword ke ;eword le ;eword ngol ;eword e ;eword mona ;eword feela ;eword
ke ;eword ngol ;eword e ;eword Likhapha ;eword
None ;eword ke ;eword ena ;eword
be ;eword butle ;eword Likhapha ;eword
ha ;eword ke ;eword so ;eword qet ;eword e ;eword
ho ;eword its ;eword w ;eword e ;eword ke ;eword ya ;eword mang ;eword bolephene ;eword eo ;eword
bolephene ;eword eo ;eword ya ;eword mme ;eword Masebina ;eword ke ;eword ya ;eword hao ;eword
ha ;eword se ;eword ya ;eword hae ;eword bolephene ;eword ena ;eword
ke ;eword ya ;eword ausi ;eword Mamello ;eword bolephene ;eword ena ;eword
u ;eword le ;eword shano ;eword
Litlhare ;eword
nk ;eword a ;eword ke ;eword bona ;eword
bal ;eword a ;eword na ;eword ke ;eword its ;eword e ;eword ng ;eword
u ;eword le ;eword shano ;eword
ke ;eword its ;eword e ;eword Litlhare ;eword None ;eword Likhapha ;eword None ;eword mme ;eword Masebina ;eword None ;eword
u ;eword le ;eword shano ;eword Litlhare ;eword
Likhapa ;eword Litlhare ;eword ako ;eword bu ;eword e ;eword Matebeleng ;eword
ke ;eword kae ;eword
Sekhutlong ;eword ke ;eword kae ;eword
Chabasemaketse ;eword ke ;eword kae ;eword
se ;eword kolo ;eword ng ;eword ke ;eword kae ;eword
ha ;eword Mojakisane ;eword ke ;eword kae ;eword
Harafolotsane ;eword ke ;eword kae ;eword
ha ;eword Moharamotinyane ;eword ke ;eword ho ;eword kae ;eword
Natala ;eword ke ;eword kae ;eword
hona ;eword le ;eword bote ;eword ng ;eword moo ;eword
Maseru ;eword ke ;eword kae ;eword
hona ;eword di ;eword hlohlolo ;eword ng ;eword moo ;eword
kampo ;eword ng ;eword ke ;eword kae ;eword
kampo ;eword ng ;eword ke ;eword kae ;eword Litlhare ;eword
le ;eword bote ;eword ng ;eword moo ;eword
Ntlholoetsane ;eword ke ;eword kae ;eword
oo ;eword moo ;eword hona ;eword moo ;eword
oo ;eword kantle ;eword moo ;eword
hona ;eword Matebeleng ;eword moo ;eword
tloo ;eword ke ;eword u ;eword bon ;eword ts ;eword e ;eword
Romeng ;eword ke ;eword kae ;eword
di ;eword monate ;eword
Litlhare ;eword u ;eword ngots ;eword e ;eword six ;eword
ke ;eword ena ;eword
efela ;eword u ;eword se ;eword u ;eword le ;eword mo ;eword holo ;eword
u ;eword a ;eword utlw ;eword a ;eword
ho ;eword th ;eword w ;eword e ;eword u ;eword tlo ;eword ngol ;eword a ;eword mme ;eword wa ;eword hao ;eword le ;eword ntate ;eword wa ;eword hao ;eword wena ;eword
u ;eword ngol ;eword e ;eword le ;eword Sello ;eword
tloo ;eword ke ;eword tlo ;eword u ;eword ets ;eword a ;eword koko ;eword
wena ;eword u ;eword se ;eword u ;eword le ;eword koko ;eword
ke ;eword j ;eword a ;eword ba ;eword na ;eword
ke ;eword ilo ;eword mo ;eword pheh ;eword a ;eword
