basadi ;eword a ;eword lona ;eword aile ;eword kae ;eword
ako ;eword lebutleng ;eword
ake ;eword lebeheng ;eword pele ;eword leje ;eword makhapetla ;eword
butleng ;eword
jaang ;eword makhapetla ;eword
useuya ;eword makhapetleng ;eword le ;eword wena ;eword
eya ;eword makhapetleng ;eword
ubeutlawela ;eword wena ;eword
uetsa ;eword dintho ;eword tsahao ;eword hantle ;eword
dibalehila ;eword ditsuonyana ;eword
diusiyile ;eword
tsausiya ;eword
ditsuonyana ;eword disile ;eword tsanatu ;eword
uetsang ;eword
e ;eword uatseba ;eword
etswa ;eword kae ;eword
e ;eword etswa ;eword kae ;eword
se ;eword kae ;eword
se ;eword kae ;eword
kae ;eword
ha ;eword se ;eword yo ;eword
ee ;eword se ;eword kae ;eword
kae ;eword
setlauloma ;eword utlabeubake ;eword
dintho ;eword tsena ;eword tsa ;eword lona ;eword
amang ;eword ke ;eword ana ;eword
ee ;eword thotobolong ;eword
ualahla ;eword moo ;eword
olang ;eword leo ;eword
lahla ;eword thotobolong ;eword eseng ;eword mona ;eword
eke ;eword usenepile ;eword
wena ;eword ntsa ;eword dintho ;eword tsena ;eword
tsamaya ;eword hobeha ;eword kantle ;eword kwana ;eword
tsamaya ;eword hobeha ;eword ka ;eword mane ;eword
ka ;eword hodimo ;eword
ka ;eword setulong ;eword
tsamaya ;eword hobeha ;eword ka ;eword setulong ;eword ka ;eword mane ;eword
ka ;eword mane ;eword ka ;eword hodimo ;eword
ubehile ;eword kae ;eword
kantle ;eword
oh ;eword ubonang ;eword
kehlolwa ;eword hosebetsa ;eword
baatla ;eword
batlilohoja ;eword mona ;eword bashanyana ;eword
bomang ;eword
ha ;eword ketsebe ;eword baile ;eword kae ;eword
ha ;eword ketsebe ;eword baile ;eword kae ;eword
habo ;eword mang ;eword
habo ;eword teboho ;eword
uja ;eword makhapetla ;eword
uaja ;eword
oaathola ;eword
oathola ;eword kae ;eword
le ;eword ena ;eword oaja ;eword
oithuta ;eword hoja ;eword makhapetla ;eword
oithuta ;eword hoja ;eword makhapetla ;eword
atlaukhama ;eword wena ;eword
tloha ;eword nke ;eword kebone ;eword na ;eword eya ;eword kae ;eword
etlaja ;eword ditsuonyana ;eword
