tloo ;eword ke ;eword tlo ;eword u ;eword konop ;eword oll ;eword a ;eword bo ;eword rikhwe ;eword mmannyeo ;eword
bon ;eword a ;eword ke ;eword ntlo ;eword
tloo ;eword ke ;eword tlo ;eword u ;eword konop ;eword oll ;eword a ;eword bo ;eword rikhwe ;eword
u ;eword tseb ;eword e ;eword ho ;eword tsol ;eword a ;eword
Namane ;eword tloo ;eword re ;eword tlo ;eword bon ;eword a ;eword eno ;eword
ausi ;eword Sebina ;eword ke ;eword di ;eword ng ;eword di ;eword ntho ;eword tsee ;eword
ba ;eword ets ;eword a ;eword ng ;eword moo ;eword mona ;eword
ba ;eword ets ;eword a ;eword ng ;eword hona ;eword moo ;eword
ba ;eword rat ;eword a ;eword ho ;eword bapal ;eword a ;eword baa ;eword
ausi ;eword Sebina ;eword
we ;eword
ke ;eword lap ;eword il ;eword e ;eword
hela ;eword papa ;eword ha ;eword e ;eword yo ;eword
jwale ;eword wena ;eword ha ;eword u ;eword a ;eword e ;eword pheh ;eword a ;eword ke ;eword eng ;eword
nna ;eword ke ;eword lap ;eword il ;eword e ;eword
helang ;eword jwale ;eword ha ;eword u ;eword lap ;eword il ;eword e ;eword ke ;eword ets ;eword e ;eword ng ;eword
ska ;eword mo ;eword otl ;eword a ;eword
seka ;eword otl ;eword a ;eword nts ;eword a ;eword thaole ;eword ena ;eword ya ;eword ba ;eword tho ;eword fatse ;eword
jwale ;eword Sello ;eword u ;eword ets ;eword is ;eword a ;eword ngwana ;eword enwa ;eword u ;eword le ;eword mo ;eword holo ;eword na ;eword
ke ;eword mang ;eword a ;eword its ;eword e ;eword ng ;eword ke ;eword abuti ;eword Thabelang ;eword
ke ;eword lena ;eword
eke ;eword le ;eword tl ;eword is ;eword e ;eword kwano ;eword
Sello ;eword seka ;eword mo ;eword is ;eword a ;eword kantle ;eword
tloo ;eword kwano ;eword Namane ;eword
ke ;eword tla ;eword u ;eword tl ;eword a ;eword ho ;eword bon ;eword ts ;eword a ;eword hore ;eword na ;eword u ;eword ten ;eword n ;eword e ;eword jwang ;eword ntupen ;eword ena ;eword
e ;eword seka ;eword soth ;eword eh ;eword a ;eword
tloo ;eword ke ;eword tla ;eword u ;eword tl ;eword a ;eword ho ;eword jwents ;eword a ;eword
e ;eword ke ;eword ten ;eword n ;eword e ;eword jwang ;eword
nna ;eword Sello ;eword ke ;eword ne ;eword ke ;eword u ;eword thets ;eword a ;eword
ha ;eword u ;eword r ;eword e ;eword ng ;eword
hakere ;eword ke ;eword lona ;eword
e ;eword ke ;eword bon ;eword e ;eword hore ;eword u ;eword a ;eword re ;eword thets ;eword a ;eword
hakere ;eword le ;eword khowa ;eword le ;eword tjena ;eword
wena ;eword ha ;eword u ;eword yo ;eword
Ntiea ;eword u ;eword r ;eword e ;eword ng ;eword
sela ;eword se ;eword kae ;eword
he ;eword wena ;eword Namane ;eword papa ;eword e ;eword teng ;eword ka ;eword mo ;eword khoro ;eword ng ;eword
ke ;eword tl ;eword e ;eword e ;eword kae ;eword
sal ;eword a ;eword Namane ;eword o ;eword a ;eword tl ;eword a ;eword
le ;eword yona ;eword sal ;eword a ;eword
j ;eword a ;eword wena ;eword Likhapa ;eword
ke ;eword a ;eword u ;eword si ;eword el ;eword a ;eword
ke ;eword a ;eword u ;eword si ;eword el ;eword a ;eword wena ;eword ngwaneso ;eword
wena ;eword ngwaneso ;eword re ;eword tla ;eword u ;eword si ;eword el ;eword a ;eword
