tafole ;eword ng ;eword mola ;eword
ho ;eword kae ;eword
ho ;eword kae ;eword hoo ;eword
kae ;eword
hola ;eword ke ;eword kae ;eword
mm ;eword ee ;eword khw ;eword a ;eword e ;eword mpe ;eword
e ;eword lahl ;eword e ;eword
e ;eword ets ;eword a ;eword jwang ;eword koloi ;eword ya ;eword metsi ;eword
ke ;eword tla ;eword u ;eword nyok ;eword a ;eword
tloh ;eword a ;eword le ;eword bese ;eword ng ;eword mona ;eword
ke ;eword tla ;eword u ;eword shap ;eword a ;eword
ke ;eword tla ;eword u ;eword nyok ;eword a ;eword
ke ;eword tlo ;eword u ;eword shap ;eword a ;eword Hlobohang ;eword
khofu ;eword e ;eword ma ;eword bidi ;eword a ;eword di ;eword tSepe ;eword
u ;eword a ;eword tseb ;eword a ;eword ke ;eword tla ;eword u ;eword shap ;eword a ;eword ha ;eword u ;eword se ;eword u ;eword le ;eword se ;eword toutu ;eword tjee ;eword Hlobohang ;eword
u ;eword rat ;eword a ;eword di ;eword jo ;eword
di ;eword tla ;eword ba ;eword monate ;eword
ke ;eword tla ;eword u ;eword nyok ;eword a ;eword wena ;eword mo ;eword shanyana ;eword
ke ;eword tla ;eword u ;eword nyok ;eword a ;eword
ee ;eword Hlobohang ;eword hle ;eword
m ;eword ph ;eword e ;eword le ;eword swai ;eword
e ;eword le ;eword tlasa ;eword bethe ;eword
erekise ;eword
u ;eword j ;eword a ;eword ng ;eword
erekise ;eword
u ;eword e ;eword f ;eword il ;eword w ;eword e ;eword ke ;eword mang ;eword
ke ;eword wena ;eword
u ;eword ne ;eword u ;eword e ;eword nk ;eword a ;eword kae ;eword
u ;eword e ;eword f ;eword il ;eword w ;eword e ;eword ke ;eword mang ;eword
u ;eword j ;eword a ;eword ng ;eword
erekise ;eword ya ;eword mang ;eword
ya ;eword hao ;eword
ako ;eword u ;eword ets ;eword e ;eword erekisi ;eword ena ;eword le ;eword tla ;eword qet ;eword a ;eword neng ;eword ho ;eword kheth ;eword a ;eword
e ;eword ha ;eword ke ;eword na ;eword ho ;eword u ;eword otl ;eword a ;eword
ke ;eword mang ;eword ya ;eword tla ;eword em ;eword a ;eword ng ;eword pele ;eword
e ;eword kae ;eword
e ;eword beh ;eword e ;eword
tloo ;eword m ;eword ph ;eword e ;eword yona ;eword
bon ;eword a ;eword katsekatse ;eword e ;eword a ;eword i ;eword photl ;eword a ;eword
tl ;eword is ;eword a ;eword
tl ;eword is ;eword a ;eword jwale ;eword
m ;eword ph ;eword e ;eword
e ;eword ets ;eword a ;eword jwang ;eword
katse ;eword e ;eword a ;eword i ;eword photl ;eword a ;eword
katsekatse ;eword e ;eword a ;eword i ;eword photl ;eword a ;eword
e ;eword ets ;eword a ;eword ng ;eword katse ;eword
ke ;eword eng ;eword
e ;eword i ;eword photl ;eword a ;eword mo ;eword nyako ;eword
katse ;eword e ;eword a ;eword i ;eword photl ;eword a ;eword
