eya ;eword
eng ;eword
kumbakumba ;eword
ke ;eword ya ;eword mang ;eword
ke ;eword ya ;eword mang ;eword
e ;eword
u ;eword tsip ;eword a ;eword ng ;eword
hana ;eword u ;eword ne ;eword u ;eword r ;eword e ;eword u ;eword ngwana ;eword wa ;eword mang ;eword
hana ;eword u ;eword ne ;eword u ;eword r ;eword e ;eword u ;eword ngwana ;eword wa ;eword mang ;eword mo ;eword hla ;eword ng ;eword mola ;eword
u ;eword ngwana ;eword wa ;eword mang ;eword
e ;eword Hlobohang ;eword
e ;eword
bu ;eword a ;eword haholo ;eword
e ;eword
ke ;eword ets ;eword a ;eword e ;eword ngwe ;eword
ke ;eword ena ;eword
e ;eword ngwe ;eword ke ;eword ena ;eword ya ;eword hao ;eword
e ;eword ngwe ;eword ke ;eword ena ;eword
e ;eword kae ;eword
ke ;eword ena ;eword
ena ;eword ha ;eword e ;eword yo ;eword
ke ;eword ena ;eword
ke ;eword eng ;eword Hlobohang ;eword
e ;eword ngwe ;eword ke ;eword ena ;eword
Hlobohang ;eword di ;eword ntho ;eword tsena ;eword
ke ;eword di ;eword ntho ;eword tse ;eword ntle ;eword
tsena ;eword ke ;eword tse ;eword jwang ;eword
di ;eword ntho ;eword tsee ;eword
aa ;eword ke ;eword tse ;eword jwang ;eword
u ;eword nk ;eword il ;eword e ;eword ya ;eword Hlobohang ;eword
ke ;eword ya ;eword mang ;eword
butle ;eword ke ;eword ents ;eword e ;eword
u ;eword batl ;eword a ;eword ng ;eword
di ;eword ntho ;eword tse ;eword ntle ;eword
ke ;eword n ;eword a ;eword le ;eword e ;eword ngwe ;eword
he ;eword Hlobohang ;eword e ;eword ngwe ;eword
utlw ;eword a ;eword khofu ;eword
utlw ;eword a ;eword khofu ;eword
e ;eword ka ;eword mane ;eword
khomo ;eword ke ;eword yane ;eword
ke ;eword yane ;eword
ke ;eword eng ;eword ntho ;eword ee ;eword
ke ;eword eng ;eword
er ;eword e ;eword ke ;eword theipi ;eword e ;eword n ;eword theip ;eword il ;eword e ;eword ng ;eword
ke ;eword theipi ;eword e ;eword u ;eword theip ;eword il ;eword e ;eword ng ;eword
e ;eword u ;eword theip ;eword il ;eword e ;eword ntho ;eword eo ;eword
e ;eword u ;eword theip ;eword il ;eword e ;eword
e ;eword dumed ;eword is ;eword e ;eword
er ;eword e ;eword dumela ;eword
er ;eword e ;eword u ;eword a ;eword phel ;eword a ;eword na ;eword theipi ;eword
ch ;eword o ;eword haholo ;eword
er ;eword e ;eword u ;eword a ;eword phel ;eword a ;eword theipi ;eword
yona ;eword ha ;eword e ;eword bu ;eword e ;eword ke ;eword eng ;eword
e ;eword tla ;eword bu ;eword a ;eword u ;eword tlo ;eword utlw ;eword a ;eword
er ;eword e ;eword na ;eword u ;eword thol ;eword ets ;eword e ;eword ng ;eword theipi ;eword
e ;eword bots ;eword e ;eword
e ;eword bots ;eword e ;eword hore ;eword na ;eword e ;eword thol ;eword ets ;eword e ;eword ng ;eword
e ;eword bots ;eword e ;eword na ;eword ntho ;eword ena ;eword e ;eword thol ;eword ets ;eword e ;eword ng ;eword
er ;eword e ;eword u ;eword thol ;eword ets ;eword e ;eword ng ;eword nyeo ;eword ha ;eword ke ;eword bu ;eword a ;eword le ;eword wena ;eword
pere ;eword
ntho ;eword ee ;eword ke ;eword eng ;eword
hobaneng ;eword
ha ;eword wa ;eword chais ;eword a ;eword kumbakumba ;eword yane ;eword
ha ;eword wa ;eword chais ;eword a ;eword
bon ;eword a ;eword
ke ;eword chais ;eword a ;eword kumbakumba ;eword ha ;eword
wena ;eword u ;eword a ;eword chais ;eword a ;eword
tsamay ;eword a ;eword ke ;eword tla ;eword u ;eword mem ;eword a ;eword
tse ;eword chais ;eword a ;eword ng ;eword
er ;eword e ;eword e ;eword teng ;eword ka ;eword mona ;eword
er ;eword e ;eword e ;eword teng ;eword
ka ;eword sutkeisi ;eword ng ;eword
mm ;eword ke ;eword a ;eword chais ;eword a ;eword
e ;eword
mmm ;eword e ;eword a ;eword chais ;eword a ;eword
e ;eword chais ;eword a ;eword kumbakumba ;eword
e ;eword a ;eword chais ;eword a ;eword ehe ;eword
u ;eword a ;eword bon ;eword a ;eword
e ;eword kae ;eword Hlobohang ;eword
ke ;eword ena ;eword
ke ;eword ena ;eword
u ;eword a ;eword bon ;eword a ;eword he ;eword e ;eword kae ;eword
tl ;eword is ;eword a ;eword bolo ;eword re ;eword bapal ;eword e ;eword
e ;eword khofol ;eword a ;eword le ;eword jwe ;eword khofu ;eword ena ;eword
e ;eword khof ;eword ol ;eword a ;eword le ;eword jwe ;eword
e ;eword u ;eword dumel ;eword e ;eword
di ;eword ntho ;eword tsane ;eword ke ;eword tsane ;eword di ;eword a ;eword bidik ;eword a ;eword
ke ;eword yane ;eword u ;eword a ;eword bon ;eword a ;eword
e ;eword a ;eword bidik ;eword a ;eword
ke ;eword ma ;eword bidi ;eword a ;eword di ;eword tsepe ;eword
a ;eword kae ;eword ka ;eword moo ;eword
ha ;eword re ;eword kap ;eword e ;eword
n ;eword kap ;eword is ;eword e ;eword
n ;eword kap ;eword is ;eword e ;eword wena ;eword
n ;eword kap ;eword is ;eword e ;eword
u ;eword a ;eword tseb ;eword a ;eword
Hlobohang ;eword
he ;eword he ;eword nna ;eword ke ;eword e ;eword kap ;eword il ;eword e ;eword
dumela ;eword
ke ;eword a ;eword u ;eword kap ;eword is ;eword a ;eword
dumela ;eword
Hlobohang ;eword
u ;eword ngwana ;eword wa ;eword mang ;eword
u ;eword ngwana ;eword wa ;eword mang ;eword Hlobohang ;eword
er ;eword e ;eword wa ;eword mme ;eword Masempe ;eword
mme ;eword Manyili ;eword
e ;eword nyane ;eword
tl ;eword is ;eword ang ;eword ke ;eword tlo ;eword bon ;eword a ;eword
e ;eword lekan ;eword a ;eword le ;eword wena ;eword Hlobohang ;eword
ha ;eword e ;eword le ;eword wena ;eword Hlobohang ;eword
ke ;eword eng ;eword hoo ;eword
ke ;eword eng ;eword hoo ;eword
hmmm ;eword pep ;eword e ;eword
re ;eword ilo ;eword bapal ;eword a ;eword
e ;eword a ;eword n ;eword kalam ;eword is ;eword a ;eword
e ;eword a ;eword n ;eword kalam ;eword is ;eword a ;eword
e ;eword ngwe ;eword ke ;eword yane ;eword kwana ;eword
ke ;eword yane ;eword kwana ;eword
Hlobohang ;eword u ;eword a ;eword bon ;eword a ;eword jwale ;eword u ;eword sukud ;eword is ;eword a ;eword ausi ;eword Mamello ;eword
na ;eword Hlobohang ;eword le ;eword se ;eword le ;eword j ;eword el ;eword e ;eword tjee ;eword
mm ;eword
mm ;eword
eng ;eword
ntja ;eword nyana ;eword ya ;eword mang ;eword
ntja ;eword nyana ;eword ya ;eword mang ;eword
hm ;eword
e ;eword han ;eword a ;eword ho ;eword ets ;eword a ;eword jwang ;eword
nk ;eword a ;eword ke ;eword eo ;eword wena ;eword moo ;eword e ;eword teng ;eword
poone ;eword ya ;eword bo ;eword hobe ;eword
tloo ;eword ho ;eword a ;eword bat ;eword a ;eword
Hlobohang ;eword tloo ;eword
Hlobohang ;eword tloo ;eword hle ;eword
e ;eword
ke ;eword katakata ;eword
Mololo ;eword ken ;eword ang ;eword ka ;eword tlung ;eword
ska ;eword em ;eword a ;eword mo ;eword nyako ;eword
Hlobohang ;eword ken ;eword a ;eword
m ;eword
tsele ;eword ng ;eword kae ;eword Hlobohang ;eword
tsele ;eword ng ;eword ya ;eword di ;eword koloi ;eword
e ;eword a ;eword khofol ;eword a ;eword
e ;eword bon ;eword e ;eword e ;eword a ;eword khofol ;eword a ;eword e ;eword ngwe ;eword
ena ;eword e ;eword tala ;eword
utlw ;eword a ;eword
utlw ;eword a ;eword khofu ;eword
utlw ;eword a ;eword
e ;eword ngwe ;eword ee ;eword
di ;eword tla ;eword sheb ;eword an ;eword a ;eword
Mololo ;eword dul ;eword a ;eword fatse ;eword
katse ;eword e ;eword kae ;eword
ke ;eword Mololo ;eword mang ;eword
Mololo ;eword Molibeli ;eword
u ;eword ngwana ;eword wa ;eword mang ;eword
ntate ;eword wa ;eword hao ;eword ke ;eword mang ;eword
rakhadi ;eword wa ;eword hao ;eword ke ;eword mang ;eword
malome ;eword wa ;eword hao ;eword ke ;eword mang ;eword
katse ;eword
hoo ;eword ke ;eword eng ;eword
hona ;eword
ma ;eword nto ;eword a ;eword di ;eword tsepe ;eword
hoo ;eword ke ;eword eng ;eword
m ;eword
hahao ;eword ka ;eword kwana ;eword
helang ;eword banna ;eword ee ;eword
ke ;eword la ;eword hao ;eword le ;eword bidi ;eword lee ;eword
utlw ;eword a ;eword
utlw ;eword a ;eword
utlw ;eword a ;eword khofu ;eword
ebile ;eword di ;eword pedi ;eword
katse ;eword
e ;eword di ;eword pedi ;eword
ke ;eword ma ;eword bidi ;eword a ;eword di ;eword tsepe ;eword
e ;eword
e ;eword
thiya ;eword
e ;eword r ;eword e ;eword ng ;eword
e ;eword r ;eword e ;eword ks ;eword
er ;eword e ;eword
o ;eword nk ;eword il ;eword e ;eword bolo ;eword
u ;eword n ;eword kotl ;eword a ;eword ka ;eword mo ;eword kopu ;eword hei ;eword
bapal ;eword a ;eword
le ;eword di ;eword khofu ;eword
ke ;eword bapal ;eword a ;eword le ;eword di ;eword khofu ;eword nna ;eword
di ;eword katakata ;eword
ke ;eword katakata ;eword
hola ;eword ke ;eword eng ;eword
ke ;eword katakata ;eword
ke ;eword di ;eword katakata ;eword
di ;eword katakata ;eword
ke ;eword eng ;eword hola ;eword
n ;eword kap ;eword is ;eword e ;eword
n ;eword kap ;eword is ;eword e ;eword Hlobohang ;eword
Litlhare ;eword n ;eword kap ;eword is ;eword e ;eword
oo ;eword ke ;eword a ;eword u ;eword lahl ;eword el ;eword a ;eword
ke ;eword a ;eword u ;eword lahl ;eword el ;eword a ;eword
tloo ;eword ke ;eword u ;eword kap ;eword is ;eword e ;eword
aa ;eword u ;eword a ;eword n ;eword sol ;eword a ;eword
wena ;eword tl ;eword is ;eword a ;eword ke ;eword u ;eword kap ;eword is ;eword e ;eword
e ;eword u ;eword a ;eword n ;eword sol ;eword a ;eword hantle ;eword
aa ;eword n ;eword kap ;eword is ;eword e ;eword he ;eword
n ;eword kap ;eword is ;eword e ;eword he ;eword
e ;eword ke ;eword a ;eword kap ;eword a ;eword
n ;eword kap ;eword is ;eword e ;eword
oo ;eword nna ;eword ke ;eword kap ;eword il ;eword e ;eword
oo ;eword aa ;eword ha ;eword se ;eword yona ;eword
ha ;eword se ;eword yona ;eword
a ;eword e ;eword sol ;eword a ;eword
e ;eword yena ;eword a ;eword e ;eword sol ;eword a ;eword
tl ;eword is ;eword a ;eword bolo ;eword aa ;eword
he ;eword ka ;eword e ;eword sol ;eword a ;eword
ka ;eword e ;eword sol ;eword a ;eword hao ;eword
oh ;eword ke ;eword e ;eword kap ;eword il ;eword e ;eword
ebile ;eword tloo ;eword n ;eword kap ;eword is ;eword e ;eword
tl ;eword is ;eword a ;eword ke ;eword u ;eword kap ;eword is ;eword e ;eword
lahl ;eword el ;eword a ;eword
aa ;eword Hopolang ;eword
n ;eword kap ;eword is ;eword e ;eword aa ;eword hu ;eword
aa ;eword di ;eword kae ;eword
u ;eword a ;eword bin ;eword a ;eword
u ;eword a ;eword bin ;eword a ;eword Hlobohang ;eword
e ;eword a ;eword thol ;eword a ;eword jwale ;eword tjee ;eword
hop ;eword ngwana ;eword mo ;eword shanyana ;eword
u ;eword a ;eword bin ;eword a ;eword ngwana ;eword mo ;eword shanyana ;eword
tl ;eword is ;eword a ;eword kwano ;eword
tl ;eword is ;eword a ;eword mo ;eword chini ;eword ono ;eword wa ;eword ka ;eword
ee ;eword Hlobohang ;eword ee ;eword
u ;eword y ;eword a ;eword kae ;eword
u ;eword ilo ;eword ses ;eword a ;eword kae ;eword na ;eword ngwaneso ;eword
e ;eword
ke ;eword ntho ;eword e ;eword bidik ;eword a ;eword ng ;eword
ke ;eword em ;eword ets ;eword e ;eword koloi ;eword e ;eword ntle ;eword ya ;eword metsi ;eword
tloo ;eword utlw ;eword e ;eword koloi ;eword ya ;eword metsi ;eword
kwal ;eword a ;eword le ;eword bese ;eword leno ;eword la ;eword ba ;eword tho ;eword
u ;eword ets ;eword a ;eword ng ;eword
koloi ;eword ya ;eword metsi ;eword
ke ;eword yane ;eword
bon ;eword a ;eword koloi ;eword ya ;eword metsi ;eword
ke ;eword ma ;eword bidi ;eword a ;eword di ;eword tSepe ;eword
Hlobohang ;eword ken ;eword a ;eword ka ;eword tlung ;eword
Hlobohang ;eword Motiea ;eword
ken ;eword a ;eword ka ;eword tlung ;eword
u ;eword han ;eword a ;eword ng ;eword
ken ;eword a ;eword ka ;eword tlung ;eword
u ;eword a ;eword di ;eword j ;eword a ;eword di ;eword erekise ;eword tseo ;eword wena ;eword
ke ;eword tla ;eword u ;eword otl ;eword a ;eword
he ;eword
ke ;eword di ;eword nawa ;eword
hei ;eword
le ;eword tlasa ;eword bethe ;eword
ka ;eword nqane ;eword
ka ;eword nqane ;eword
mane ;eword
ets ;eword a ;eword ma ;eword bidi ;eword a ;eword di ;eword tSepe ;eword
u ;eword j ;eword a ;eword ng ;eword wena ;eword
ke ;eword erekise ;eword
u ;eword se ;eword u ;eword tseb ;eword a ;eword ho ;eword e ;eword phuphur ;eword a ;eword ka ;eword meno ;eword
u ;eword skaba ;eword tl ;eword a ;eword ho ;eword utsw ;eword a ;eword di ;eword erekise ;eword
n ;eword ka ;eword le ;eword otl ;eword a ;eword ha ;eword le ;eword ka ;eword ba ;eword la ;eword utsw ;eword a ;eword di ;eword erekise ;eword
uu ;eword e ;eword n ;eword ngwe ;eword ke ;eword ena ;eword
e ;eword n ;eword ngwe ;eword e ;eword a ;eword fihl ;eword a ;eword
bon ;eword ang ;eword
aa ;eword
tl ;eword os ;eword a ;eword ma ;eword bese ;eword ana ;eword a ;eword hao ;eword mona ;eword
u ;eword a ;eword j ;eword a ;eword ha ;eword u ;eword qet ;eword a ;eword u ;eword tlilo ;eword beh ;eword a ;eword moo ;eword
hei ;eword
ere ;eword ke ;eword bon ;eword e ;eword
utlw ;eword a ;eword kumbakumba ;eword e ;eword a ;eword ll ;eword a ;eword
tl ;eword os ;eword a ;eword di ;eword erekise ;eword tsena ;eword tsa ;eword hao ;eword mona ;eword
ke ;eword a ;eword di ;eword ets ;eword a ;eword lona ;eword le ;eword a ;eword di ;eword qet ;eword a ;eword
ke ;eword tla ;eword u ;eword otl ;eword a ;eword
enwa ;eword o ;eword qhal ;eword a ;eword di ;eword erekise ;eword
ke ;eword ya ;eword ka ;eword ke ;eword a ;eword tseb ;eword a ;eword
ke ;eword eng ;eword
khofu ;eword ke ;eword a ;eword e ;eword tseb ;eword a ;eword
m ;eword
ke ;eword tla ;eword u ;eword otl ;eword a ;eword
mane ;eword
helang ;eword banna ;eword e ;eword
u ;eword a ;eword e ;eword phuphur ;eword a ;eword
u ;eword a ;eword e ;eword phuphur ;eword a ;eword wena ;eword
u ;eword phuphur ;eword a ;eword di ;eword erekise ;eword tsee ;eword
nk ;eword a ;eword he ;eword
ke ;eword ena ;eword
nk ;eword a ;eword ena ;eword
ena ;eword
o ;eword ne ;eword a ;eword r ;eword e ;eword ng ;eword
o ;eword ne ;eword a ;eword r ;eword e ;eword ng ;eword mo ;eword tho ;eword
e ;eword n ;eword ngwe ;eword ke ;eword ena ;eword
Hlobohang ;eword ee ;eword Mololo ;eword o ;eword ntse ;eword a ;eword r ;eword e ;eword ngwana ;eword enwa ;eword a ;eword nk ;eword e ;eword erekise ;eword
hobaneng ;eword
u ;eword ll ;eword el ;eword a ;eword di ;eword erekise ;eword
u ;eword ll ;eword el ;eword a ;eword di ;eword erekise ;eword
u ;eword ll ;eword el ;eword a ;eword di ;eword erekise ;eword
ee ;eword ke ;eword eng ;eword jwale ;eword
ke ;eword tla ;eword u ;eword otl ;eword a ;eword
utlw ;eword a ;eword Ntselleng ;eword aa ;eword
m ;eword
o ;eword ll ;eword a ;eword habo ;eword NtSelleng ;eword
o ;eword r ;eword e ;eword a ;eword
NtSelleng ;eword
utlw ;eword a ;eword o ;eword a ;eword ll ;eword a ;eword habo ;eword ka ;eword kwana ;eword
o ;eword ll ;eword a ;eword habo ;eword
o ;eword ll ;eword a ;eword habo ;eword
tse ;eword di ;eword ng ;eword ke ;eword tsena ;eword
tse ;eword di ;eword ng ;eword ke ;eword tsena ;eword
m ;eword
nk ;eword a ;eword
u ;eword a ;eword bon ;eword a ;eword
katsekatse ;eword ee ;eword
nk ;eword a ;eword
nk ;eword a ;eword
e ;eword i ;eword photl ;eword a ;eword ma ;eword hlo ;eword ng ;eword
e ;eword ma ;eword bidi ;eword a ;eword di ;eword tSepe ;eword ke ;eword ane ;eword
khofu ;eword
di ;eword katakata ;eword
hai ;eword ke ;eword a ;eword e ;eword tlohel ;eword a ;eword
ke ;eword a ;eword e ;eword mul ;eword a ;eword
thib ;eword a ;eword ka ;eword nqa ;eword eno ;eword
thib ;eword a ;eword
ke ;eword tla ;eword e ;eword bolay ;eword a ;eword
kharafu ;eword ena ;eword e ;eword n ;eword tSeh ;eword il ;eword e ;eword
e ;eword a ;eword qhal ;eword an ;eword a ;eword
a ;eword qhal ;eword an ;eword e ;eword ma ;eword bidi ;eword ana ;eword
le ;eword nna ;eword ke ;eword a ;eword rwes ;eword a ;eword
tSwar ;eword a ;eword
u ;eword a ;eword bon ;eword a ;eword
ke ;eword its ;eword e ;eword u ;eword tswar ;eword e ;eword
ha ;eword u ;eword math ;eword e ;eword
ke ;eword tlilo ;eword sil ;eword a ;eword
ke ;eword a ;eword u ;eword siy ;eword a ;eword nna ;eword
bon ;eword a ;eword
bon ;eword a ;eword di ;eword koloi ;eword ke ;eword tsane ;eword hle ;eword
di ;eword a ;eword hlah ;eword a ;eword
di ;eword a ;eword hlany ;eword a ;eword di ;eword koloi ;eword
di ;eword a ;eword hlany ;eword a ;eword
di ;eword a ;eword hlany ;eword a ;eword
bon ;eword ang ;eword e ;eword n ;eword ngwe ;eword
bon ;eword ang ;eword
di ;eword a ;eword hlany ;eword a ;eword
di ;eword a ;eword hlany ;eword a ;eword di ;eword koloi ;eword tsena ;eword
helang ;eword banna ;eword
Mama ;eword di ;eword koloi ;eword tsa ;eword di ;eword khofu ;eword di ;eword pedi ;eword
i ;eword bon ;eword a ;eword
e ;eword n ;eword ngwe ;eword e ;eword kae ;eword
ha ;eword e ;eword yo ;eword
e ;eword n ;eword ngwe ;eword ke ;eword ena ;eword
e ;eword n ;eword ngwe ;eword ke ;eword yane ;eword
di ;eword pedi ;eword di ;eword koloi ;eword
di ;eword a ;eword hak ;eword an ;eword a ;eword
di ;eword a ;eword hak ;eword an ;eword a ;eword di ;eword koloi ;eword
di ;eword a ;eword hak ;eword an ;eword a ;eword
di ;eword hak ;eword an ;eword e ;eword
di ;eword a ;eword hak ;eword an ;eword a ;eword
di ;eword hak ;eword an ;eword e ;eword
di ;eword hak ;eword an ;eword e ;eword di ;eword koloi ;eword
di ;eword a ;eword hak ;eword an ;eword a ;eword di ;eword koloi ;eword
er ;eword e ;eword ha ;eword u ;eword tseb ;eword e ;eword
di ;eword hak ;eword an ;eword e ;eword
khofu ;eword ke ;eword yane ;eword kwana ;eword
e ;eword dikets ;eword e ;eword
e ;eword ka ;eword ma ;eword bidi ;eword
e ;eword ka ;eword ma ;eword bidi ;eword a ;eword khofu ;eword
e ;eword ets ;eword a ;eword ka ;eword ma ;eword bidi ;eword
le ;eword nk ;eword il ;eword w ;eword e ;eword le ;eword hlabathe ;eword
le ;eword hlabathe ;eword ke ;eword la ;eword bo ;eword NtSelleng ;eword
ke ;eword la ;eword bo ;eword mang ;eword
la ;eword bo ;eword NtSelleng ;eword
la ;eword bo ;eword Makhoali ;eword
la ;eword bo ;eword Makhoali ;eword lona ;eword ha ;eword le ;eword yo ;eword
e ;eword bes ;eword its ;eword e ;eword
di ;eword a ;eword han ;eword a ;eword
ulu ;eword ee ;eword ya ;eword ka ;eword
ke ;eword a ;eword u ;eword rwes ;eword a ;eword u ;eword y ;eword a ;eword ha ;eword Kotsia ;eword
tsamay ;eword a ;eword u ;eword y ;eword e ;eword ha ;eword Kotsia ;eword kwana ;eword
tsamay ;eword a ;eword
e ;eword tSwar ;eword e ;eword
ntate ;eword ke ;eword a ;eword tsamay ;eword a ;eword
ke ;eword y ;eword a ;eword Kotsia ;eword
Hlobohang ;eword ichu ;eword
ke ;eword a ;eword sil ;eword a ;eword ka ;eword mona ;eword
ke ;eword a ;eword sil ;eword a ;eword ha ;eword Kotsia ;eword kwana ;eword le ;eword lwala ;eword le ;eword a ;eword ll ;eword a ;eword
le ;eword lwala ;eword le ;eword a ;eword sil ;eword a ;eword
le ;eword lwala ;eword le ;eword a ;eword ll ;eword a ;eword
u ;eword r ;eword e ;eword u ;eword le ;eword lwala ;eword le ;eword a ;eword ll ;eword a ;eword
le ;eword lwala ;eword le ;eword a ;eword ll ;eword a ;eword
le ;eword a ;eword ll ;eword a ;eword u ;eword ch ;eword o ;eword jwalo ;eword
u ;eword a ;eword le ;eword utlw ;eword a ;eword
le ;eword lwala ;eword le ;eword a ;eword ll ;eword a ;eword
le ;eword a ;eword ll ;eword a ;eword
thoth ;eword a ;eword mo ;eword bu ;eword
thoth ;eword a ;eword
habo ;eword Moliela ;eword khaba ;eword ke ;eword ena ;eword
ha ;eword re ;eword mo ;eword mul ;eword e ;eword
butle ;eword
ke ;eword ena ;eword e ;eword tl ;eword a ;eword katakata ;eword
er ;eword e ;eword katakata ;eword wena ;eword
e ;eword di ;eword katakata ;eword
hm ;eword hm ;eword
kae ;eword
bon ;eword a ;eword ke ;eword f ;eword a ;eword ntho ;eword ena ;eword
ke ;eword ya ;eword mang ;eword
nk ;eword a ;eword
hase ;eword se ;eword lepe ;eword ntho ;eword ena ;eword
lahl ;eword a ;eword ntho ;eword ena ;eword
ha ;eword se ;eword se ;eword lepe ;eword ntho ;eword ena ;eword
ke ;eword i ;eword kets ;eword ets ;eword a ;eword ntlo ;eword
he ;eword bon ;eword a ;eword le ;eword bokose ;eword la ;eword rona ;eword ke ;eword lane ;eword
ke ;eword neh ;eword a ;eword sakha ;eword ena ;eword ke ;eword i ;eword kets ;eword ets ;eword a ;eword ntlo ;eword
ntlo ;eword ya ;eword ka ;eword
hobane ;eword u ;eword han ;eword a ;eword ka ;eword sakha ;eword ya ;eword ka ;eword eo ;eword u ;eword ne ;eword ng ;eword u ;eword m ;eword ph ;eword a ;eword yona ;eword
hakere ;eword wena ;eword u ;eword a ;eword han ;eword a ;eword
hakere ;eword
di ;eword keiti ;eword tsa ;eword ka ;eword tse ;eword pedi ;eword
di ;eword keiti ;eword tsa ;eword ka ;eword tse ;eword pedi ;eword
di ;eword keiti ;eword tsa ;eword ka ;eword tse ;eword pedi ;eword
di ;eword keiti ;eword tsa ;eword ka ;eword tse ;eword pedi ;eword mm ;eword
di ;eword keiti ;eword tsa ;eword ka ;eword tse ;eword pedi ;eword chaa ;eword
ke ;eword tsena ;eword
ke ;eword tsena ;eword di ;eword keiti ;eword tsa ;eword ka ;eword tse ;eword pedi ;eword
e ;eword n ;eword ngwe ;eword ke ;eword ena ;eword
tse ;eword pedi ;eword mmm ;eword
e ;eword
ke ;eword di ;eword keiti ;eword di ;eword ntho ;eword tsena ;eword
ke ;eword di ;eword keiti ;eword
a ;eword wena ;eword u ;eword ets ;eword a ;eword ng ;eword di ;eword keiti ;eword tsa ;eword ka ;eword
ee ;eword wena ;eword
ke ;eword tla ;eword u ;eword lom ;eword a ;eword
ke ;eword tla ;eword u ;eword mul ;eword a ;eword
a ;eword wena ;eword
tlohel ;eword a ;eword ntho ;eword ena ;eword ya ;eword hao ;eword wena ;eword
ke ;eword tla ;eword u ;eword otl ;eword a ;eword
utlw ;eword a ;eword ke ;eword ma ;eword bidi ;eword a ;eword di ;eword tsepe ;eword
utlw ;eword a ;eword
ntho ;eword ya ;eword ka ;eword wena ;eword Hlobohang ;eword
tse ;eword pedi ;eword
u ;eword a ;eword bon ;eword a ;eword
u ;eword m ;eword ph ;eword a ;eword yona ;eword eno ;eword sakha ;eword ya ;eword hao ;eword
u ;eword i ;eword patl ;eword ets ;eword e ;eword
ke ;eword a ;eword kupets ;eword a ;eword
e ;eword nk ;eword il ;eword w ;eword e ;eword e ;eword nk ;eword il ;eword w ;eword e ;eword e ;eword nk ;eword il ;eword w ;eword e ;eword ke ;eword ntja ;eword
e ;eword nk ;eword il ;eword w ;eword e ;eword e ;eword nk ;eword il ;eword w ;eword e ;eword e ;eword nk ;eword il ;eword w ;eword e ;eword ke ;eword Jemina ;eword Mpopo ;eword
ke ;eword Jemina ;eword Mpopo ;eword
u ;eword a ;eword utlw ;eword a ;eword
e ;eword nk ;eword il ;eword w ;eword e ;eword ke ;eword ngwana ;eword wa ;eword bo ;eword Jemina ;eword
ke ;eword ngwana ;eword wa ;eword bo ;eword Jemina ;eword Hlobohang ;eword
e ;eword habo ;eword Jemina ;eword
a ;eword wena ;eword Hlobohang ;eword
a ;eword wena ;eword
a ;eword wena ;eword Hlobohang ;eword
ae ;eword ke ;eword ilo ;eword bolel ;eword a ;eword nyeo ;eword
ae ;eword ke ;eword ilo ;eword bolel ;eword a ;eword
baesekele ;eword
ke ;eword khabel ;eword a ;eword moo ;eword
ke ;eword khabel ;eword a ;eword mo ;eword bu ;eword
beh ;eword a ;eword fatSe ;eword
beh ;eword a ;eword fatSe ;eword
a ;eword NtSelleng ;eword
ee ;eword NtSelleng ;eword ke ;eword a ;eword m ;eword mon ;eword a ;eword
bon ;eword a ;eword
tsamay ;eword a ;eword ho ;eword mo ;eword chais ;eword a ;eword
tsamay ;eword a ;eword
o ;eword tsamay ;eword a ;eword le ;eword wena ;eword
tsamay ;eword a ;eword
u ;eword a ;eword m ;eword mon ;eword a ;eword NtSelleng ;eword
Hlobohang ;eword
e ;eword u ;eword a ;eword bon ;eword a ;eword NtSelleng ;eword o ;eword sele ;eword he ;eword
ke ;eword se ;eword hole ;eword o ;eword ll ;eword a ;eword ke ;eword feela ;eword
u ;eword a ;eword m ;eword mon ;eword a ;eword
ke ;eword mo ;eword theol ;eword e ;eword
ke ;eword mo ;eword theol ;eword e ;eword Hlobohang ;eword
o ;eword a ;eword ll ;eword a ;eword le ;eword yena ;eword
ke ;eword mo ;eword theol ;eword e ;eword
ke ;eword mo ;eword theol ;eword e ;eword Hlobohang ;eword
ke ;eword mo ;eword theol ;eword e ;eword
Hlobohang ;eword
Hlobohang ;eword we ;eword
he ;eword tl ;eword is ;eword a ;eword ma ;eword swai ;eword a ;eword ka ;eword
er ;eword e ;eword NtSelleng ;eword a ;eword tl ;eword is ;eword e ;eword ma ;eword swai ;eword a ;eword ka ;eword
koloi ;eword yane ;eword e ;eword dikel ;eword a ;eword Lentsoete ;eword
bon ;eword a ;eword hore ;eword nna ;eword ke ;eword j ;eword a ;eword ng ;eword
ke ;eword j ;eword a ;eword di ;eword nawa ;eword
tse ;eword di ;eword ng ;eword ke ;eword tsena ;eword
ke ;eword j ;eword a ;eword di ;eword nawa ;eword
tse ;eword di ;eword ng ;eword ke ;eword tsena ;eword tsa ;eword ka ;eword
ke ;eword j ;eword a ;eword di ;eword nawa ;eword
di ;eword nawa ;eword ke ;eword tsena ;eword
ke ;eword i ;eword tj ;eword ell ;eword a ;eword di ;eword nawa ;eword nna ;eword
ke ;eword tsena ;eword Hlobohang ;eword
ke ;eword i ;eword tj ;eword ell ;eword a ;eword di ;eword nawa ;eword
ke ;eword tsena ;eword
ke ;eword j ;eword a ;eword ke ;eword j ;eword a ;eword di ;eword nawa ;eword
ke ;eword tsena ;eword tse ;eword fatSe ;eword
