e ;eword
j ;eword a ;eword ka ;eword khaba ;eword he ;eword
e ;eword
di ;eword jo ;eword tsa ;eword ausi ;eword Mamello ;eword di ;eword monate ;eword haholo ;eword
di ;eword wete ;eword tsona ;eword di ;eword kae ;eword
n ;eword jwents ;eword e ;eword di ;eword wete ;eword
e ;eword
di ;eword tapole ;eword
e ;eword di ;eword teng ;eword ke ;eword tsena ;eword ka ;eword nqena ;eword
e ;eword kae ;eword tapole ;eword
e ;eword kae ;eword feela ;eword wena ;eword
wena ;eword ha ;eword u ;eword e ;eword sheb ;eword a ;eword u ;eword bon ;eword a ;eword hore ;eword e ;eword le ;eword kae ;eword
m ;eword pon ;eword ts ;eword e ;eword feela ;eword
e ;eword
o ;eword a ;eword han ;eword a ;eword
e ;eword a ;eword ka ;eword thets ;eword a ;eword moo ;eword
ke ;eword u ;eword f ;eword e ;eword
three ;eword five ;eword
three ;eword five ;eword
e ;eword
papa ;eword e ;eword j ;eword ew ;eword a ;eword ka ;eword ma ;eword fura ;eword
e ;eword nk ;eword e ;eword
m ;eword e ;eword lok ;eword il ;eword e ;eword
tloh ;eword ang ;eword mona ;eword
tloh ;eword ang ;eword pela ;eword ka ;eword mona ;eword
tloh ;eword ang ;eword
tloh ;eword a ;eword
ke ;eword tla ;eword u ;eword nyok ;eword a ;eword
ee ;eword butle ;eword
ae ;eword hle ;eword butle ;eword
ee ;eword hle ;eword
ke ;eword tla ;eword u ;eword nyok ;eword a ;eword wena ;eword
er ;eword e ;eword ke ;eword e ;eword ebol ;eword e ;eword
ee ;eword Hlobohang ;eword butle ;eword
eya ;eword
er ;eword e ;eword ke ;eword a ;eword e ;eword beh ;eword a ;eword ka ;eword tlungng ;eword re ;eword tla ;eword rek ;eword a ;eword ka ;eword yona ;eword
nna ;eword ke ;eword r ;eword e ;eword ke ;eword a ;eword u ;eword sebel ;eword a ;eword wena ;eword u ;eword bu ;eword a ;eword haholo ;eword
