u ;eword a ;eword bon ;eword a ;eword Tsebo ;eword
ena ;eword e ;eword kheth ;eword uw ;eword e ;eword
ke ;eword a ;eword utlw ;eword a ;eword ke ;eword e ;eword khal ;eword l ;eword a ;eword
eka ;eword ekabe ;eword e ;eword tuts ;eword w ;eword e ;eword
khale ;eword hwane ;eword ha ;eword u ;eword ne ;eword u ;eword e ;eword tul ;eword a ;eword
ho ;eword ne ;eword ho ;eword th ;eword w ;eword e ;eword u ;eword qet ;eword a ;eword di ;eword jo ;eword
m ;eword
u ;eword skaba ;eword tl ;eword is ;eword a ;eword ho ;eword ena ;eword ya ;eword ka ;eword
ya ;eword hao ;eword e ;eword kheth ;eword el ;eword a ;eword mona ;eword
u ;eword ska ;eword qhal ;eword a ;eword
u ;eword a ;eword utlw ;eword a ;eword
ho ;eword its ;eword w ;eword e ;eword u ;eword kheth ;eword e ;eword
Tsebo ;eword he ;eword wena ;eword
wena ;eword u ;eword se ;eword u ;eword tsoh ;eword il ;eword e ;eword
le ;eword y ;eword a ;eword ka ;eword la ;eword bo ;eword kae ;eword kliniki ;eword ng ;eword
ka ;eword labone ;eword
le ;eword y ;eword a ;eword ka ;eword la ;eword bo ;eword kae ;eword Tsebo ;eword
le ;eword y ;eword a ;eword ka ;eword la ;eword bo ;eword kae ;eword kliniki ;eword ng ;eword
u ;eword tla ;eword e ;eword tsw ;eword a ;eword se ;eword lemo ;eword ng ;eword se ;eword tl ;eword a ;eword ng ;eword
le ;eword a ;eword bapal ;eword a ;eword
le ;eword bapal ;eword a ;eword ng ;eword
eng ;eword
di ;eword ng ;eword
di ;eword jana ;eword
e ;eword
e ;eword di ;eword jana ;eword
e ;eword le ;eword n ;eword a ;eword le ;eword mang ;eword
le ;eword na ;eword le ;eword mme ;eword Mamello ;eword
o ;eword kae ;eword
o ;eword kae ;eword mme ;eword Mamello ;eword
kae ;eword
kae ;eword
pela ;eword mang ;eword
wena ;eword Keneuoe ;eword u ;eword ets ;eword a ;eword ng ;eword
di ;eword kae ;eword
ke ;eword eng ;eword jwale ;eword
jwale ;eword ke ;eword ka ;eword eng ;eword
u ;eword ets ;eword a ;eword jwang ;eword jwale ;eword
hoo ;eword ke ;eword eng ;eword
u ;eword nk ;eword il ;eword e ;eword ng ;eword
wa ;eword mang ;eword
ke ;eword wa ;eword hao ;eword
mo ;eword neh ;eword e ;eword ena ;eword
mo ;eword neh ;eword e ;eword
kobo ;eword ee ;eword ke ;eword ya ;eword mang ;eword
jwale ;eword u ;eword e ;eword nk ;eword ets ;eword e ;eword ng ;eword
u ;eword r ;eword e ;eword ngwana ;eword ke ;eword wa ;eword mang ;eword
e ;eword mo ;eword neh ;eword e ;eword
neh ;eword a ;eword enwa ;eword
le ;eword ets ;eword a ;eword jwang ;eword
mo ;eword neh ;eword e ;eword
e ;eword tsamay ;eword a ;eword ho ;eword nk ;eword a ;eword kobo ;eword ya ;eword hao ;eword
e ;eword kae ;eword jwale ;eword
e ;eword dul ;eword a ;eword u ;eword le ;eword jwalo ;eword he ;eword
hakere ;eword wena ;eword ya ;eword hao ;eword e ;eword hlats ;eword uw ;eword e ;eword
u ;eword tle ;eword dul ;eword e ;eword u ;eword le ;eword tjee ;eword hakere ;eword
e ;eword jwale ;eword u ;eword batl ;eword a ;eword ho ;eword amoh ;eword a ;eword ba ;eword ba ;eword ng ;eword hobaneng ;eword
e ;eword
u ;eword ilo ;eword robal ;eword a ;eword hona ;eword tjee ;eword
hoseng ;eword hakalekale ;eword
hae ;eword tloh ;eword a ;eword mona ;eword
tloh ;eword a ;eword
tloo ;eword bapal ;eword l ;eword ang ;eword le ;eword koko ;eword ng ;eword mona ;eword
hae ;eword bo ;eword u ;eword y ;eword a ;eword kae ;eword
ekare ;eword u ;eword tla ;eword hat ;eword a ;eword feela ;eword tjenana ;eword
u ;eword ets ;eword a ;eword jwang ;eword
ekare ;eword u ;eword a ;eword bon ;eword a ;eword
ha ;eword u ;eword bon ;eword e ;eword ke ;eword eng ;eword
ke ;eword wa ;eword mang ;eword
u ;eword ne ;eword u ;eword mo ;eword nk ;eword a ;eword kae ;eword
u ;eword mo ;eword nk ;eword il ;eword e ;eword ka ;eword tlung ;eword
ke ;eword eng ;eword
ke ;eword kobo ;eword ya ;eword ngwana ;eword Neuoe ;eword
e ;eword tsw ;eword a ;eword kae ;eword
oh ;eword e ;eword tsw ;eword a ;eword ha ;eword mang ;eword hana ;eword
le ;eword e ;eword f ;eword uw ;eword e ;eword ke ;eword yena ;eword
u ;eword n ;eword a ;eword le ;eword le ;eword qeba ;eword
u ;eword n ;eword a ;eword le ;eword le ;eword qeba ;eword
la ;eword eng ;eword na ;eword basadi ;eword
u ;eword ne ;eword u ;eword tsamay ;eword a ;eword kae ;eword
hei ;eword
u ;eword y ;eword a ;eword kae ;eword
jwale ;eword u ;eword be ;eword u ;eword ets ;eword a ;eword jwang ;eword
wa ;eword be ;eword u ;eword ets ;eword a ;eword ng ;eword
yaba ;eword
jwale ;eword u ;eword ets ;eword a ;eword jwang ;eword
chee ;eword modimo ;eword ka ;eword kalam ;eword a ;eword koloi ;eword
u ;eword ne ;eword u ;eword bolel ;eword w ;eword a ;eword ke ;eword mang ;eword
oo ;eword u ;eword ntse ;eword u ;eword mo ;eword sheb ;eword il ;eword e ;eword
hana ;eword le ;eword ne ;eword le ;eword tlilo ;eword ets ;eword a ;eword ng ;eword mo ;eword tsehare ;eword mola ;eword haka ;eword
la ;eword m ;eword phuman ;eword a ;eword ke ;eword le ;eword kae ;eword jwale ;eword
haka ;eword
ka ;eword le ;eword ngwath ;eword el ;eword a ;eword ng ;eword
oo ;eword
le ;eword tla ;eword n ;eword kel ;eword a ;eword se ;eword dibe ;eword ng ;eword neng ;eword
eseng ;eword kajeno ;eword
le ;eword tsatsi ;eword ng ;eword lee ;eword ha ;eword le ;eword y ;eword e ;eword ke ;eword eng ;eword
ha ;eword a ;eword batl ;eword e ;eword ho ;eword bu ;eword a ;eword
u ;eword ets ;eword a ;eword ng ;eword Tsebo ;eword jwale ;eword
u ;eword nk ;eword il ;eword e ;eword kobo ;eword u ;eword y ;eword a ;eword kae ;eword
hey ;eword wena ;eword
bon ;eword a ;eword
bon ;eword a ;eword di ;eword kobo ;eword ke ;eword tsena ;eword
di ;eword ntse ;eword di ;eword sal ;eword a ;eword morao ;eword
e ;eword u ;eword y ;eword a ;eword kae ;eword
dul ;eword a ;eword mona ;eword
ho ;eword a ;eword bat ;eword a ;eword kantle ;eword
pula ;eword e ;eword a ;eword n ;eword a ;eword
le ;eword skaba ;eword la ;eword atamel ;eword ang ;eword mono ;eword di ;eword ntho ;eword ng ;eword tsa ;eword ba ;eword tho ;eword Tsebo ;eword
e ;eword skaba ;eword la ;eword atamel ;eword a ;eword moo ;eword
skaba ;eword la ;eword ets ;eword a ;eword jwalo ;eword
e ;eword le ;eword ho ;eword kae ;eword
le ;eword ho ;eword kae ;eword
le ;eword le ;eword koko ;eword ng ;eword
e ;eword le ;eword ets ;eword a ;eword ng ;eword
le ;eword a ;eword robal ;eword a ;eword
e ;eword
jwale ;eword le ;eword ne ;eword le ;eword ets ;eword a ;eword ng ;eword
le ;eword ets ;eword a ;eword ng ;eword le ;eword koko ;eword ng ;eword
le ;eword ets ;eword a ;eword ng ;eword le ;eword koko ;eword ng ;eword
oo ;eword le ;eword a ;eword robal ;eword a ;eword
u ;eword ets ;eword a ;eword ng ;eword
ska ;eword nk ;eword a ;eword ntho ;eword eo ;eword hei ;eword
Tsebo ;eword u ;eword ets ;eword a ;eword ng ;eword
u ;eword han ;eword el ;eword a ;eword ng ;eword ka ;eword yona ;eword
u ;eword ets ;eword a ;eword ng ;eword
le ;eword se ;eword le ;eword tseb ;eword a ;eword ho ;eword rwall ;eword a ;eword
oo ;eword u ;eword rwall ;eword e ;eword ng ;eword
ake ;eword
le ;eword eng ;eword
le ;eword bitso ;eword la ;eword yona ;eword ke ;eword mang ;eword patsi ;eword
le ;eword bitso ;eword la ;eword yona ;eword
u ;eword be ;eword u ;eword e ;eword rwall ;eword a ;eword
u ;eword tlilo ;eword e ;eword sebed ;eword is ;eword a ;eword ng ;eword
ake ;eword
a ;eword u ;eword f ;eword e ;eword ng ;eword wena ;eword
ake ;eword
a ;eword le ;eword f ;eword a ;eword
wena ;eword u ;eword y ;eword a ;eword kae ;eword
u ;eword y ;eword a ;eword kae ;eword
u ;eword y ;eword a ;eword kae ;eword jwale ;eword
le ;eword ne ;eword le ;eword il ;eword e ;eword le ;eword le ;eword ba ;eword kae ;eword
e ;eword
le ;eword mang ;eword
ha ;eword le ;eword il ;eword e ;eword noka ;eword ne ;eword ng ;eword le ;eword e ;eword hlwats ;eword e ;eword ng ;eword
tsa ;eword bo ;eword mang ;eword
eng ;eword le ;eword eng ;eword
lona ;eword le ;eword i ;eword tSiy ;eword e ;eword
ha ;eword le ;eword i ;eword tlhatsw ;eword e ;eword
ha ;eword le ;eword qet ;eword a ;eword
u ;eword a ;eword qal ;eword a ;eword jwale ;eword ho ;eword ets ;eword a ;eword me ;eword sebetsi ;eword e ;eword se ;eword n ;eword a ;eword ng ;eword thuso ;eword
er ;eword e ;eword ke ;eword tla ;eword u ;eword rah ;eword a ;eword
u ;eword rah ;eword a ;eword mang ;eword
Matule ;eword u ;eword rah ;eword a ;eword mang ;eword
u ;eword se ;eword u ;eword le ;eword Mampa ;eword jwale ;eword
u ;eword tlo ;eword ets ;eword a ;eword ng ;eword
ee ;eword mo ;eword tlohel ;eword e ;eword
mo ;eword tlohell ;eword e ;eword Tsebo ;eword a ;eword al ;eword l ;eword e ;eword ngwana ;eword
u ;eword ets ;eword a ;eword ng ;eword kobo ;eword ng ;eword ya ;eword hae ;eword
u ;eword ets ;eword a ;eword ng ;eword
e ;eword
u ;eword ets ;eword a ;eword ng ;eword
ee ;eword Tsebo ;eword u ;eword ets ;eword a ;eword ng ;eword
u ;eword han ;eword el ;eword a ;eword ng ;eword ka ;eword kobo ;eword ya ;eword hao ;eword
u ;eword nk ;eword il ;eword e ;eword ng ;eword
tloh ;eword a ;eword mono ;eword
er ;eword e ;eword eno ;eword a ;eword nk ;eword e ;eword kobo ;eword ya ;eword hae ;eword
u ;eword ne ;eword u ;eword r ;eword e ;eword u ;eword tla ;eword nk ;eword a ;eword tse ;eword mpe ;eword hobaneng ;eword
u ;eword y ;eword a ;eword kae ;eword ka ;eword thoto ;eword jwale ;eword
thol ;eword a ;eword Tsebo ;eword hle ;eword
wena ;eword u ;eword ntse ;eword u ;eword thibel ;eword a ;eword enwa ;eword
u ;eword rat ;eword a ;eword hore ;eword ho ;eword tlo ;eword hlah ;eword e ;eword le ;eword ntswe ;eword la ;eword hao ;eword feela ;eword
Matule ;eword u ;eword robets ;eword e ;eword
hela ;eword u ;eword robets ;eword e ;eword
Mohau ;eword ke ;eword enwa ;eword
kantle ;eword o ;eword a ;eword u ;eword bits ;eword a ;eword
Mohau ;eword ke ;eword enwa ;eword kantle ;eword
o ;eword a ;eword u ;eword bits ;eword a ;eword
ke ;eword yane ;eword kantle ;eword a ;eword khann ;eword a ;eword di ;eword ramo ;eword ke ;eword yane ;eword
Mohau ;eword ke ;eword yane ;eword
tsamay ;eword a ;eword ho ;eword mo ;eword bon ;eword a ;eword
e ;eword ke ;eword yane ;eword Mohau ;eword
e ;eword
tsamay ;eword a ;eword ho ;eword bon ;eword a ;eword Mohau ;eword
u ;eword tla ;eword ets ;eword a ;eword ng ;eword
u ;eword ets ;eword a ;eword ng ;eword
u ;eword a ;eword i ;eword pat ;eword a ;eword
u ;eword ska ;eword i ;eword pat ;eword a ;eword kaphoso ;eword
u ;eword tSab ;eword a ;eword ng ;eword
u ;eword han ;eword a ;eword ho ;eword r ;eword e ;eword ng ;eword
ba ;eword u ;eword bits ;eword a ;eword Matule ;eword
u ;eword y ;eword a ;eword lape ;eword ng ;eword
butle ;eword
ke ;eword f ;eword e ;eword ba ;eword na ;eword di ;eword perekisi ;eword
wena ;eword tsamay ;eword a ;eword u ;eword y ;eword e ;eword lape ;eword ng ;eword
tsamay ;eword a ;eword
ke ;eword le ;eword f ;eword e ;eword di ;eword perekisi ;eword lona ;eword
e ;eword ake ;eword u ;eword utlw ;eword e ;eword
u ;eword tsw ;eword a ;eword kae ;eword wena ;eword
hei ;eword wena ;eword u ;eword tsw ;eword a ;eword kae ;eword
u ;eword ne ;eword u ;eword ken ;eword e ;eword ka ;eword kae ;eword
ba ;eword han ;eword a ;eword ng ;eword ho ;eword bapal ;eword a ;eword
ke ;eword tla ;eword ba ;eword tim ;eword a ;eword di ;eword perekisi ;eword
bo ;eword Matule ;eword n ;eword keke ;eword ka ;eword ba ;eword f ;eword a ;eword di ;eword perekisi ;eword
hakere ;eword ba ;eword han ;eword a ;eword
tloo ;eword nk ;eword eng ;eword ba ;eword bapal ;eword a ;eword ng ;eword
ha ;eword le ;eword leboh ;eword e ;eword ke ;eword eng ;eword
ha ;eword le ;eword sa ;eword leboh ;eword a ;eword
u ;eword leboh ;eword il ;eword e ;eword Matule ;eword
e ;eword tl ;eword is ;eword e ;eword
u ;eword ntho ;eword e ;eword jwang ;eword na ;eword
ee ;eword ha ;eword u ;eword hlw ;eword e ;eword mono ;eword
u ;eword fet ;eword e ;eword le ;eword kwana ;eword
tsamay ;eword a ;eword ho ;eword dul ;eword a ;eword mane ;eword le ;eword j ;eword e ;eword di ;eword perekisi ;eword
tsamay ;eword ang ;eword le ;eword y ;eword e ;eword kwana ;eword
le ;eword tsamay ;eword a ;eword le ;eword kae ;eword
m ;eword
bane ;eword ba ;eword tsamay ;eword e ;eword kapele ;eword
tsamay ;eword ang ;eword le ;eword y ;eword e ;eword kwana ;eword le ;eword y ;eword e ;eword ho ;eword tsw ;eword a ;eword kwana ;eword
e ;eword
u ;eword e ;eword rwal ;eword a ;eword u ;eword ets ;eword a ;eword ng ;eword
u ;eword is ;eword a ;eword kae ;eword
le ;eword khots ;eword e ;eword jwale ;eword
u ;eword a ;eword tseb ;eword a ;eword ba ;eword tho ;eword ha ;eword ba ;eword khots ;eword e ;eword
ke ;eword ne ;eword ke ;eword ch ;eword o ;eword jwalo ;eword
