ke ;eword ya ;eword mang ;eword ntho ;eword ee ;eword Mololo ;eword
u ;eword e ;eword kuk ;eword il ;eword e ;eword kae ;eword
e ;eword
u ;eword e ;eword kuk ;eword il ;eword e ;eword kae ;eword
e ;eword feng ;eword
tsamay ;eword a ;eword ho ;eword mo ;eword neh ;eword a ;eword pela ;eword ha ;eword ausi ;eword Malipuo ;eword
tsamay ;eword a ;eword ho ;eword neh ;eword a ;eword ntate ;eword Seema ;eword pela ;eword ha ;eword ausi ;eword Malipuo ;eword
oo ;eword
u ;eword nne ;eword u ;eword bu ;eword e ;eword le ;eword wena ;eword Ntsoaki ;eword
Mololo ;eword ako ;eword tloh ;eword el ;eword e ;eword mo ;eword nyako ;eword hle ;eword
ke ;eword a ;eword han ;eword a ;eword hele ;eword
Mololo ;eword ako ;eword le ;eword tsw ;eword eng ;eword ka ;eword le ;eword ifo ;eword
tsw ;eword a ;eword ka ;eword le ;eword ifo ;eword
