ch ;eword o ;eword ke ;eword utlw ;eword e ;eword
ee ;eword seka ;eword sukud ;eword is ;eword a ;eword ausi ;eword Mamello ;eword
u ;eword n ;eword u ;eword r ;eword e ;eword ng ;eword
ha ;eword u ;eword bin ;eword a ;eword
u ;eword r ;eword e ;eword ng ;eword
papopopi ;eword ke ;eword eng ;eword
u ;eword n ;eword u ;eword r ;eword e ;eword ng ;eword
chek ;eword a ;eword bo ;eword baby ;eword
u ;eword n ;eword u ;eword di ;eword rut ;eword w ;eword a ;eword ke ;eword mang ;eword
a ;eword r ;eword e ;eword dali ;eword se ;eword ponono ;eword
dali ;eword se ;eword ponono ;eword a ;eword r ;eword e ;eword dali ;eword se ;eword kolo ;eword ng ;eword
dali ;eword se ;eword kolo ;eword
dali ;eword se ;eword kolo ;eword ke ;eword eng ;eword
chek ;eword a ;eword bo ;eword tsotsi ;eword
u ;eword its ;eword e ;eword ng ;eword
u ;eword its ;eword e ;eword pharo ;eword
Hlobohang ;eword ae ;eword ee ;eword wena ;eword
ae ;eword er ;eword e ;eword ea ;eword mme ;eword
ke ;eword m ;eword ya ;eword eng ;eword
