moroa ;eword tloha ;eword moo ;eword ngwana ;eword anengadutse ;eword
mafokolodi ;eword ke ;eword ana ;eword moo ;eword unengudutse ;eword
abehe ;eword kwana ;eword wena ;eword tsebo ;eword
moroa ;eword uabitswa ;eword
tsebo ;eword tloha ;eword ka ;eword pela ;eword ka ;eword helang ;eword
tsebo ;eword tloha ;eword ka ;eword pela ;eword ka ;eword
ketlauotla ;eword uabona ;eword
tsamaya ;eword hobitsa ;eword
bitsang ;eword botsebo ;eword
tsamaya ;eword bitsang ;eword botsebo ;eword
lona ;eword le ;eword bomang ;eword
kere ;eword lona ;eword leye ;eword hobitsa ;eword botsebo ;eword
lona ;eword le ;eword bomang ;eword
lineo ;eword tloha ;eword ka ;eword pela ;eword ka ;eword
nna ;eword ketlauotla ;eword
tloha ;eword wena ;eword lineo ;eword
lieketseng ;eword oseantseare ;eword reqoqe ;eword
e ;eword kere ;eword reqoqe ;eword hle ;eword manyeo ;eword tsebo ;eword
tsebo ;eword seka ;eword nraha ;eword
chechella ;eword kwana ;eword hle ;eword
keahana ;eword
ae ;eword tsebo ;eword seka ;eword raha ;eword bana ;eword babang ;eword hle ;eword manyeo ;eword
ketlamoraha ;eword feela ;eword
ebile ;eword batlajwetsa ;eword mme ;eword ha ;eword akankotla ;eword
tsebo ;eword uatseba ;eword ketlauotla ;eword
bantsebaja ;eword letswai ;eword
ke ;eword tsaka ;eword dieta ;eword tsena ;eword ha ;eword se ;eword tsahao ;eword hleso ;eword
ahle ;eword wena ;eword tsebo ;eword dieta ;eword tseno ;eword ke ;eword tsa ;eword neuoe ;eword
ahle ;eword hleso ;eword ke ;eword dieta ;eword tsaka ;eword tseno ;eword tsefasiwang ;eword ka ;eword mono ;eword
ae ;eword hleso ;eword
hana ;eword wena ;eword moshanyana ;eword ka ;eword lamune ;eword eo ;eword yahao ;eword
unngwapelang ;eword
hao ;eword wena ;eword tsebo ;eword ke ;eword eng ;eword ha ;eword u ;eword sele ;eword tjee ;eword
unngwapelang ;eword tsebo ;eword
lineo ;eword useure ;eword ho ;eword bohloko ;eword
ke ;eword mang ;eword yaufileng ;eword
nna ;eword keja ;eword lamune ;eword
mphe ;eword tsebo ;eword
mme ;eword mamello ;eword oitse ;eword otlafa ;eword basaetseng ;eword lerata ;eword
helang ;eword wena ;eword tsebo ;eword tlohela ;eword makotomane ;eword a ;eword ngwana ;eword
uitswere ;eword hampe ;eword wena ;eword hleso ;eword
bonang ;eword masepa ;eword a ;eword dikhoho ;eword ka ;eword tlung ;eword
helang ;eword keja ;eword ka ;eword khaba ;eword ya ;eword tsenethu ;eword
hleso ;eword tlohela ;eword motoho ;eword waka ;eword
tlisang ;eword kebehe ;eword hodimo ;eword lerako ;eword letlacha ;eword
u ;eword leshano ;eword ha ;eword renahocha ;eword
bonang ;eword seeta ;eword sa ;eword tsebo ;eword se ;eword jwang ;eword
le ;eword seseng ;eword sentsesele ;eword jwalo ;eword
tsebo ;eword seseng ;eword kesebone ;eword mane ;eword pela ;eword habo ;eword makaliseng ;eword
ha ;eword reye ;eword hoselata ;eword hle ;eword ausi ;eword ntseliseng ;eword
ure ;eword moroa ;eword amofe ;eword tseding ;eword
mang ;eword
wena ;eword
kecholo ;eword neng ;eword
hakere ;eword ke ;eword bohleso ;eword
ache ;eword ya ;eword sephara ;eword eo ;eword le ;eword ena ;eword
nna ;eword ha ;eword re ;eword sephara ;eword
uautlwa ;eword ho ;eword monate ;eword
eya ;eword
lieketseng ;eword osabona ;eword eka ;eword ke ;eword bosiu ;eword
oseantseare ;eword keatsamaya ;eword
osaetsa ;eword jwang ;eword
oseantseare ;eword keatsamaya ;eword hle ;eword
ketlauotla ;eword hle ;eword wena ;eword moroa ;eword
untsela ;eword ka ;eword ditsila ;eword tsebo ;eword
ahle ;eword hleso ;eword
untlele ;eword hleso ;eword metsi ;eword
keahana ;eword
tloha ;eword lerakong ;eword moroa ;eword
hoitswe ;eword bakhathetseng ;eword batlohe ;eword
ha ;eword reyeng ;eword
moroa ;eword tsamayang ;eword hobane ;eword nna ;eword kesetse ;eword le ;eword ngwana ;eword
uaithatelang ;eword
uaithatelang ;eword sebono ;eword sa ;eword mohlafunya ;eword
moroa ;eword u ;eword nko ;eword entso ;eword
helang ;eword hoitswe ;eword ha ;eword lekhathetse ;eword letsamaye ;eword
ausi ;eword ntseliseng ;eword hakere ;eword meno ;eword a ;eword moroa ;eword abodile ;eword
uabone ;eword
ausi ;eword ntseliseng ;eword untseuhana ;eword ha ;eword kere ;eword meno ;eword a ;eword moroa ;eword abodile ;eword
helang ;eword ubotsa ;eword nna ;eword hobaneng ;eword
hantle ;eword untseuntlwaela ;eword
ketlauotla ;eword tsebo ;eword
tloo ;eword tsebo ;eword
kearekisa ;eword
bontseliseng ;eword
ae ;eword tsa ;eword tsebo ;eword dile ;eword ngata ;eword dikale ;eword tjee ;eword
ere ;eword kebone ;eword tsebo ;eword tsahao ;eword
ere ;eword ausi ;eword ntseliseng ;eword aukhaolele ;eword chunkama ;eword yahae ;eword
hleso ;eword ukhathetse ;eword tsamaya ;eword uye ;eword kantle ;eword jwale ;eword
helang ;eword nkauotla ;eword hona ;eword tjena ;eword
moroa ;eword nkeleng ;eword molakalading ;eword
uautlwa ;eword tsebo ;eword
ausi ;eword ntseliseng ;eword hoja ;eword uneudule ;eword ka ;eword moo ;eword uneuleka ;eword hoo ;eword
tsebo ;eword ontseatsela ;eword mobu ;eword
tsamaya ;eword lieketseng ;eword
tsamaya ;eword uise ;eword sekotlolo ;eword ka ;eword tlung ;eword
