ha ;eword ule ;eword ha ;eword mme ;eword machaka ;eword
litlhare ;eword are ;eword ausi ;eword masebina ;eword u ;eword lethetsi ;eword
litlhare ;eword
hai ;eword utlanseha ;eword wena ;eword
ntlohele ;eword
he ;eword wena ;eword ntlohele ;eword
unketsang ;eword
ha ;eword se ;eword nna ;eword ke ;eword mokotsolane ;eword ona ;eword
mokotsolane ;eword oo ;eword
ke ;eword mme ;eword waka ;eword eo ;eword
mokotsolane ;eword oo ;eword
uya ;eword kae ;eword wena ;eword
moya ;eword moya ;eword ona ;eword otlau ;eword
otlaunka ;eword moya ;eword ona ;eword oulahlela ;eword kwana ;eword
dendenge ;eword
ha ;eword se ;eword sesepa ;eword
ke ;eword mollo ;eword waka ;eword
nna ;eword keaubona ;eword
keaepata ;eword
keaepata ;eword ntho ;eword ena ;eword
uqhadile ;eword mollo ;eword
uqhadile ;eword mollo ;eword
he ;eword uakwala ;eword
uakwala ;eword litlhare ;eword
tlohela ;eword
uhlopha ;eword lemina ;eword
hlwepha ;eword lemina ;eword
e ;eword keahlwepha ;eword
litlhare ;eword
e ;eword lahla ;eword ena ;eword
chee ;eword epate ;eword
sekaba ;eword molata ;eword
kathola ;eword ka ;eword thutswana ;eword
kathola ;eword
bona ;eword
keatsamaya ;eword
kabatsamaya ;eword
keitholla ;eword nna ;eword
keatsamaya ;eword
kentsekeitholla ;eword chee ;eword
kaitholla ;eword
eja ;eword bo ;eword
ha ;eword ha ;eword eaeja ;eword
uasebetsa ;eword litlhare ;eword
uqhala ;eword mollo ;eword
nka ;eword mollo ;eword fiela ;eword
mollo ;eword waka ;eword
ke ;eword mollo ;eword waka ;eword nna ;eword
mphe ;eword mollo ;eword waka ;eword
mokhwebe ;eword nka ;eword ntho ;eword ena ;eword yaka ;eword
mphe ;eword keohlweba ;eword
mphe ;eword
ke ;eword tsaka ;eword dithutswana ;eword tsepedi ;eword
dithutswana ;eword ke ;eword tsena ;eword
ke ;eword mollo ;eword
ujwetsa ;eword motho ;eword a ;eword mola ;eword he ;eword
ntlo ;eword yaka ;eword
heso ;eword kwana ;eword
he ;eword he ;eword ke ;eword tsona ;eword
mphe ;eword kehlwebe ;eword
m ;eword
dijo ;eword tsahao ;eword keadija ;eword wena ;eword
hlweba ;eword wena ;eword
ere ;eword ketloohlweba ;eword
ere ;eword kehlwebe ;eword
ntho ;eword yaka ;eword
keaohlweba ;eword
ure ;eword ke ;eword sele ;eword
ujele ;eword
nka ;eword
aekentse ;eword
tlohela ;eword ntho ;eword yaka ;eword
helang ;eword
ke ;eword eno ;eword
ketlaumula ;eword wena ;eword
six ;eword
ubala ;eword mang ;eword
tloha ;eword
tloha ;eword mona ;eword
sele ;eword
ketlaumula ;eword wena ;eword
u ;eword sele ;eword
hei ;eword wena ;eword
ketlaubolaya ;eword
uapotapota ;eword
ketlaubolaya ;eword bloody ;eword fool ;eword
ketlaumula ;eword
ketlaubolaya ;eword
ketlaubolaya ;eword
ketlaubolaya ;eword
ketlaumula ;eword
ha ;eword kena ;eword letho ;eword
kathola ;eword ka ;eword mollo ;eword waka ;eword litlhare ;eword
nka ;eword mollo ;eword wahao ;eword
ke ;eword ono ;eword
ke ;eword ona ;eword mollo ;eword wahao ;eword
ha ;eword heno ;eword
ha ;eword heno ;eword
mollo ;eword waka ;eword
ke ;eword ena ;eword
ichu ;eword litlhare ;eword
elokile ;eword mona ;eword
nka ;eword ena ;eword yahao ;eword
nka ;eword ntho ;eword ena ;eword
tlisa ;eword ntho ;eword ena ;eword yaka ;eword
ke ;eword yaka ;eword nna ;eword
keahana ;eword
keahana ;eword ka ;eword mona ;eword
litlhare ;eword untseunketsang ;eword
tloha ;eword haeso ;eword mona ;eword
tlisa ;eword ntho ;eword ena ;eword yaka ;eword
uetsang ;eword
litlhare ;eword untseuotlelang ;eword ntho ;eword ee ;eword ya ;eword batho ;eword
mollo ;eword waka ;eword
uanhlaba ;eword
litlhare ;eword uqhadile ;eword mollo ;eword wa ;eword batho ;eword
kathola ;eword ka ;eword mollo ;eword waka ;eword
litlhare ;eword bona ;eword mollo ;eword waka ;eword omongata ;eword
tloo ;eword bone ;eword mollo ;eword waka ;eword
bona ;eword mollo ;eword waka ;eword litlhare ;eword
bona ;eword mollo ;eword waka ;eword
mollo ;eword omongata ;eword ke ;eword ona ;eword
litlhare ;eword bona ;eword mollo ;eword waka ;eword
kethotse ;eword ka ;eword mollo ;eword
keutlwa ;eword tuka ;eword laete ;eword
kethotse ;eword ka ;eword mollo ;eword waka ;eword
ke ;eword mollo ;eword waka ;eword ona ;eword
yane ;eword
kaesenya ;eword mollo ;eword ono ;eword
kaesenya ;eword
reesenya ;eword rena ;eword le ;eword litlhare ;eword
ako ;eword nchape ;eword
ureng ;eword litlhare ;eword
tloo ;eword uja ;eword
tsamaya ;eword uiloja ;eword
tloo ;eword ako ;eword utloja ;eword ja ;eword
utloja ;eword
tloo ;eword
bobola ;eword
tloo ;eword
mollo ;eword otlochesa ;eword dieta ;eword
kachesa ;eword dieta ;eword
ke ;eword waka ;eword
kethonaka ;eword ka ;eword dinawa ;eword
usaya ;eword kae ;eword litlhare ;eword
ure ;eword e ;eword
ure ;eword
ure ;eword khora ;eword jwale ;eword
ure ;eword khora ;eword
m ;eword uakhora ;eword
uakhora ;eword
mphe ;eword kekhore ;eword
keujwetse ;eword litlhare ;eword
m ;eword
leabolela ;eword e ;eword teng ;eword mona ;eword
nka ;eword
nka ;eword
pampiri ;eword ela ;eword bo ;eword ha ;eword eche ;eword
uatseba ;eword yaechesang ;eword
ha ;eword se ;eword nna ;eword yaetseng ;eword
sheba ;eword ena ;eword he ;eword
eng ;eword
keapepa ;eword
ha ;eword keerwetse ;eword
litlhare ;eword ake ;eword untlohele ;eword dieta ;eword
litlhare ;eword ake ;eword untlohele ;eword dieta ;eword
litlhare ;eword tsamaya ;eword hosenka ;eword seeta ;eword saka ;eword
ke ;eword tseno ;eword
sebehe ;eword ka ;eword morao ;eword
ke ;eword sane ;eword pela ;eword kharafu ;eword kwana ;eword
seseng ;eword ebile ;eword ele ;eword see ;eword
litlhare ;eword
litlhare ;eword ure ;eword wakhora ;eword
e ;eword
ke ;eword mohaolwaneng ;eword moo ;eword
nchebe ;eword litlhare ;eword
nchebe ;eword
litlhare ;eword ee ;eword nshebe ;eword
nshebe ;eword
litlhare ;eword ee ;eword nchebe ;eword
nna ;eword keabaleha ;eword
hei ;eword ditswana ;eword le ;eword tsa ;eword ntiea ;eword
tsa ;eword ntiea ;eword ditswana ;eword le ;eword tsa ;eword ntala ;eword
sheba ;eword koloi ;eword ena ;eword
sheba ;eword tipatipanyane ;eword
ebatla ;eword hotipa ;eword
eentse ;eword tsena ;eword
eadula ;eword
uabina ;eword
ekape ;eword
ke ;eword eno ;eword bolo ;eword
ke ;eword yane ;eword ho ;eword mme ;eword ho ;eword mme ;eword
ska ;eword ethiba ;eword
kebekesekeethibile ;eword
litlhare ;eword ntho ;eword yane ;eword keilekaere ;eword
e ;eword kae ;eword
e ;eword kae ;eword bolo ;eword
litlhare ;eword opata ;eword bolo ;eword
e ;eword kae ;eword bolo ;eword litlhare ;eword
serope ;eword
nkapise ;eword
ke ;eword yane ;eword bolo ;eword
bolo ;eword ke ;eword ena ;eword
litlhare ;eword we ;eword akhela ;eword mme ;eword
eakhele ;eword mane ;eword kwana ;eword
betsetse ;eword
kapa ;eword
neha ;eword litlhare ;eword
ha ;eword kesobetse ;eword
namane ;eword oebetsa ;eword le ;eword kae ;eword yena ;eword
fa ;eword namane ;eword litlhare ;eword
ha ;eword reemelle ;eword mona ;eword leboteng ;eword
litlhare ;eword bolo ;eword ke ;eword yane ;eword
litlhare ;eword bolo ;eword ke ;eword eno ;eword
uaebona ;eword
e ;eword
tonki ;eword erata ;eword diwete ;eword
diwete ;eword dirata ;eword tonki ;eword
betsa ;eword
betsa ;eword litlhare ;eword
e ;eword kae ;eword
akhela ;eword jwale ;eword
litlhare ;eword
e ;eword
keiloeqhomisa ;eword feela ;eword kantle ;eword ka ;eword mane ;eword
m ;eword
ehe ;eword
nkapise ;eword
nkapise ;eword mono ;eword
uaebona ;eword
uarobala ;eword
litlhare ;eword nkapise ;eword
keauntsa ;eword
ketlamula ;eword setono ;eword
ke ;eword ena ;eword
mpetsetse ;eword
litlhare ;eword tlisa ;eword bolo ;eword eno ;eword
keekuke ;eword jwale ;eword
ha ;eword se ;eword yahao ;eword
e ;eword
kecholo ;eword hore ;eword utlabeuenke ;eword
bolo ;eword ke ;eword ena ;eword
eiloheletsa ;eword ha ;eword eqoma ;eword
he ;eword litlhare ;eword uepatile ;eword
ke ;eword ena ;eword
ke ;eword ena ;eword keaebona ;eword
hae ;eword wena ;eword
mabopela ;eword oare ;eword ha ;eword aetsa ;eword tipatipanyane ;eword ke ;eword eng ;eword
otla ;eword
ere ;eword ee ;eword
ka ;eword morao ;eword
bolo ;eword nka ;eword
keakhochola ;eword
mpetsetse ;eword
e ;eword
tloo ;eword mabopela ;eword
thusa ;eword mabopela ;eword
moakhele ;eword litlhare ;eword
moakhele ;eword litlhare ;eword
uneusaenke ;eword ke ;eword mang ;eword
kebekesekere ;eword
seka ;eword mula ;eword mankokwane ;eword moo ;eword
keaenka ;eword nna ;eword bolo ;eword ena ;eword
ke ;eword eo ;eword
litlhare ;eword nkakhele ;eword
enke ;eword
etsa ;eword ka ;eword ditsebe ;eword
nka ;eword mona ;eword
m ;eword
e ;eword kae ;eword
ketlonka ;eword
ja ;eword ena ;eword
ja ;eword eno ;eword pele ;eword
bafe ;eword ke ;eword bana ;eword beno ;eword
bafe ;eword
mphe ;eword eno ;eword uenke ;eword ena ;eword
litlhare ;eword uetsang ;eword
keesiyile ;eword
uautlwa ;eword
tlisa ;eword kesehele ;eword ntala ;eword
utlotsebe ;eword hoeja ;eword hantle ;eword
le ;eword monate ;eword
mphe ;eword namune ;eword
mphe ;eword namune ;eword litlhare ;eword
tloha ;eword litlhare ;eword ngwana ;eword
tloha ;eword mme ;eword
ke ;eword lebese ;eword lahao ;eword
ukabewafihla ;eword
nkele ;eword bomme ;eword
ako ;eword boneng ;eword empe ;eword koloi ;eword
litlhare ;eword ke ;eword bone ;eword
nka ;eword ke ;eword tsena ;eword
nka ;eword
udiqete ;eword
ke ;eword tseo ;eword
ja ;eword
e ;eword
ujele ;eword
eja ;eword ule ;eword mong ;eword
