ke ;eword a ;eword han ;eword a ;eword
Hlobohang ;eword
ke ;eword tla ;eword u ;eword pelela ;eword Hlobohang ;eword
utlw ;eword a ;eword pere ;eword
ka ;eword moo ;eword u ;eword ngots ;eword e ;eword
u ;eword mang ;eword
ke ;eword a ;eword e ;eword batl ;eword a ;eword
Hlobohang ;eword tloo ;eword
Hlobohang ;eword bon ;eword a ;eword bolephene ;eword ya ;eword ka ;eword
ke ;eword a ;eword tseb ;eword a ;eword nna ;eword
e ;eword
ke ;eword ets ;eword a ;eword se ;eword kotopa ;eword na ;eword
ntho ;eword ya ;eword ka ;eword
e ;eword wena ;eword
Hlobohang ;eword ako ;eword m ;eword ph ;eword e ;eword pompong ;eword
ho ;eword monate ;eword
ya ;eword ka ;eword ke ;eword ena ;eword
Hlobohang ;eword ee ;eword nna ;eword ya ;eword ka ;eword ke ;eword ena ;eword
a ;eword secomba ;eword yona ;eword e ;eword kholo ;eword
nna ;eword ya ;eword ka ;eword n ;eword ka ;eword r ;eword e ;eword ke ;eword ents ;eword e ;eword mona ;eword
Hlobohang ;eword u ;eword e ;eword rob ;eword il ;eword e ;eword
ha ;eword u ;eword a ;eword e ;eword rob ;eword a ;eword wena ;eword Hlobohang ;eword
e ;eword tla ;eword u ;eword diel ;eword a ;eword hore ;eword
e ;eword tla ;eword u ;eword diel ;eword a ;eword hore ;eword
he ;eword u ;eword tla ;eword theol ;eword o ;eword ke ;eword mang ;eword
