le ;eword masale ;eword
wena ;eword
le ;eword wena ;eword una ;eword le ;eword ona ;eword
a ;eword macha ;eword
umoetsa ;eword jwang ;eword neuoe ;eword
e ;eword neuoe ;eword
neuoe ;eword umoetsa ;eword jwang ;eword
ere ;eword utlaswaba ;eword neuoe ;eword
neuoe ;eword uetsa ;eword jwang ;eword
helang ;eword ke ;eword eng ;eword
ke ;eword eng ;eword neuoe ;eword
e ;eword uentse ;eword jwang ;eword
mang ;eword
uentse ;eword jwang ;eword
kae ;eword ouotlile ;eword kae ;eword
ka ;eword eng ;eword ouotlile ;eword ka ;eword eng ;eword
neuoe ;eword
ukwatetseng ;eword na ;eword manyeo ;eword
ha ;eword wakwata ;eword
ke ;eword mang ;eword yakwatileng ;eword
ke ;eword tsebo ;eword
tsebo ;eword okwatetseng ;eword
mane ;eword ngwanana ;eword
hodima ;eword prima ;eword
m ;eword
eya ;eword
ka ;eword eng ;eword
ka ;eword dithutswana ;eword
oile ;eword masimong ;eword
oilosila ;eword
uneureng ;eword
uneure ;eword ulapile ;eword
ulapetseng ;eword hosena ;eword ntho ;eword ejewang ;eword
ke ;eword hona ;eword mantso ;eword ailosila ;eword
kannete ;eword
ebehe ;eword ka ;eword sekotlolong ;eword
uetsa ;eword jwang ;eword neuoe ;eword
e ;eword holokile ;eword
utlatseba ;eword hoitlhatswa ;eword ka ;eword tsona ;eword mantsiboya ;eword
ketlalephehela ;eword metsi ;eword leitlhatswe ;eword
mantsiboya ;eword letlose ;eword khopane ;eword
ahatohe ;eword thutswana ;eword yahao ;eword
etswa ;eword kae ;eword
etswa ;eword kae ;eword thutswana ;eword
uefuwe ;eword ke ;eword mang ;eword
kannete ;eword
utswa ;eword kae ;eword na ;eword neuoe ;eword
ha ;eword mantilatilane ;eword
wajang ;eword
waja ;eword papa ;eword
wafutswela ;eword ka ;eword eng ;eword
thella ;eword he ;eword
ule ;eword eng ;eword
uthelleleng ;eword ule ;eword eng ;eword
ule ;eword mosiya ;eword
ule ;eword mosiya ;eword molobatsi ;eword
wa ;eword bantsang ;eword dithebe ;eword disennadiemela ;eword mokhwabo ;eword tlung ;eword
tlisa ;eword ngwana ;eword enwa ;eword
untseumoetsang ;eword
motlise ;eword
tlisa ;eword kwano ;eword
busetsa ;eword botlolo ;eword ena ;eword ka ;eword mane ;eword
ubusetse ;eword lebokose ;eword ka ;eword kwana ;eword
utlaeotla ;eword
beha ;eword phafa ;eword ena ;eword ya ;eword ngwana ;eword wena ;eword
ebeeshwe ;eword
kannete ;eword
utlaebolaya ;eword
etlaja ;eword wena ;eword
he ;eword wena ;eword utlaebolaya ;eword
udihwa ;eword ke ;eword eng ;eword
koko ;eword etlaja ;eword mang ;eword
eaja ;eword neuoe ;eword
eya ;eword
utlabaleha ;eword ho ;eword nkhono ;eword
ha ;eword koko ;eword euja ;eword
etlabeeuqetile ;eword
dimoja ;eword
dimoqete ;eword
dimoja ;eword
dimoqete ;eword
o ;eword kae ;eword
dibediujele ;eword
diuqetile ;eword tu ;eword tu ;eword
diuqetile ;eword tu ;eword tu ;eword
diuqetile ;eword
diuitse ;eword tu ;eword
dijele ;eword mang ;eword
diaja ;eword wena ;eword
udibolaya ;eword
ubeudietsa ;eword jwang ;eword
udilahlele ;eword nokeng ;eword
ha ;eword useudibolayile ;eword
oo ;eword
ee ;eword
tloo ;eword mphe ;eword ketlele ;eword
tloo ;eword mphe ;eword ketlele ;eword esenang ;eword le ;eword tee ;eword
eng ;eword
ha ;eword ketsebe ;eword
ketlaushapa ;eword
tsamaya ;eword hosesa ;eword ngwanana ;eword kantle ;eword
e ;eword dikwalla ;eword he ;eword
nka ;eword
utlaotla ;eword ntho ;eword ena ;eword ya ;eword batho ;eword ka ;eword dithupa ;eword tsena ;eword tsahao ;eword
uatseba ;eword ketlaushapa ;eword
mphe ;eword phafa ;eword ena ;eword
keshape ;eword tsebo ;eword
mphe ;eword kwano ;eword
e ;eword ketleshape ;eword dikatse ;eword
e ;eword ketlamoshapa ;eword le ;eword yena ;eword
ska ;eword morwaka ;eword
ska ;eword bapalla ;eword lemating ;eword
etheotswe ;eword ke ;eword tsenethu ;eword
neuoe ;eword bo ;eword butle ;eword
umoselakhe ;eword
umontse ;eword madi ;eword
e ;eword amangata ;eword
amangata ;eword
helang ;eword neuoe ;eword feta ;eword utlonyolla ;eword dintho ;eword tsena ;eword
tsena ;eword le ;eword setelulo ;eword udibusetse ;eword morao ;eword
nka ;eword
tsamaya ;eword hobeha ;eword mohaolwaneng ;eword
m ;eword
ditheole ;eword
ska ;eword mohata ;eword
ha ;eword wamohata ;eword
umohatile ;eword
udiisa ;eword kae ;eword
udikwalle ;eword
kannete ;eword
uakhaleha ;eword
uetsa ;eword jwang ;eword na ;eword
ska ;eword mohatellang ;eword
e ;eword ditsila ;eword ee ;eword
ska ;eword ekoba ;eword
ska ;eword ekoba ;eword wena ;eword
ska ;eword ekoba ;eword neuoe ;eword
ha ;eword uya ;eword kae ;eword
ha ;eword uya ;eword kae ;eword
kannete ;eword efe ;eword
uapalama ;eword bese ;eword efe ;eword
we ;eword banana ;eword
neneng ;eword ha ;eword uya ;eword kae ;eword
neng ;eword
le ;eword mang ;eword
neneng ;eword uneuna ;eword le ;eword mang ;eword
lepalame ;eword koloi ;eword
le ;eword mang ;eword
mangwane ;eword aukukile ;eword
e ;eword
antseareng ;eword feela ;eword
oneaukukile ;eword areng ;eword e ;eword
jwale ;eword mangwane ;eword aukukile ;eword
areng ;eword
antseareng ;eword feela ;eword
antseare ;eword ke ;eword bese ;eword
wena ;eword uneudutse ;eword kae ;eword
leja ;eword le ;eword bohobe ;eword
leja ;eword le ;eword bohobe ;eword
ladija ;eword jwale ;eword neuoe ;eword
le ;eword eng ;eword
leneledifuwa ;eword ke ;eword mang ;eword
mangwane ;eword leneledifuwa ;eword ke ;eword mang ;eword
ale ;eword kae ;eword
otloupalama ;eword
neuoe ;eword ake ;eword umphe ;eword phafa ;eword yane ;eword
tlisa ;eword phafa ;eword ena ;eword yaka ;eword
tlisa ;eword
etlisa ;eword
tsamaya ;eword homoshapa ;eword
tsamaya ;eword hoshapa ;eword tsebo ;eword
ke ;eword a ;eword mang ;eword
leleng ;eword
ke ;eword a ;eword mang ;eword
amang ;eword ale ;eword a ;eword nkhono ;eword
a ;eword mang ;eword
nna ;eword ha ;eword kena ;eword ona ;eword
hm ;eword
ichi ;eword
oetsa ;eword jwang ;eword
mang ;eword
ha ;eword aya ;eword kae ;eword
hakere ;eword utlabeumopepile ;eword
koko ;eword ke ;eword eo ;eword
oarobala ;eword neng ;eword
na ;eword ukilewarobala ;eword
neng ;eword
uiloetsa ;eword jwang ;eword
leye ;eword kae ;eword
uya ;eword kae ;eword wena ;eword
kena ;eword hle ;eword
kenang ;eword hle ;eword ngwana ;eword enwa ;eword atlohe ;eword moyeng ;eword mono ;eword
leautlwang ;eword
ureng ;eword neuoe ;eword
ke ;eword mang ;eword yanengantseacho ;eword jwalo ;eword
ke ;eword mang ;eword yanengantseacho ;eword jwalo ;eword
keitse ;eword leskanalaya ;eword kantle ;eword hle ;eword
ngwana ;eword enwa ;eword oya ;eword moyeng ;eword
tlosa ;eword lefielo ;eword leno ;eword
hm ;eword
