ke ;eword bo ;eword siu ;eword
e ;eword
ke ;eword bo ;eword siu ;eword wena ;eword
e ;eword Hlobohang ;eword
yona ;eword pokotho ;eword ya ;eword bo ;eword rikhwe ;eword boo ;eword
ke ;eword di ;eword phokoto ;eword
le ;eword nna ;eword o ;eword e ;eword tabots ;eword e ;eword
le ;eword nna ;eword ke ;eword e ;eword tabots ;eword e ;eword
le ;eword nna ;eword ke ;eword e ;eword tabots ;eword e ;eword
ke ;eword a ;eword han ;eword a ;eword
u ;eword r ;eword e ;eword ke ;eword di ;eword horo ;eword
bo ;eword bo ;eword tSo ;eword bo ;eword seka ;eword
ee ;eword hle ;eword Hlobohang ;eword
di ;eword horo ;eword ke ;eword mo ;eword si ;eword il ;eword e ;eword kwana ;eword wena ;eword
hahabo ;eword Matieng ;eword
More_Moholo ;eword ke ;eword Matieng ;eword
Hlobohang ;eword u ;eword khaol ;eword a ;eword bo ;eword seka ;eword ba ;eword ba ;eword tho ;eword
wena ;eword wena ;eword Hlobohang ;eword
ka ;eword e ;eword phethol ;eword a ;eword kumbakumba ;eword
Hlobohang ;eword
abuti ;eword wa ;eword hao ;eword ke ;eword mang ;eword
ke ;eword wena ;eword
o ;eword kae ;eword abuti ;eword wa ;eword hao ;eword
o ;eword kae ;eword
se ;eword kolo ;eword ng ;eword ho ;eword th ;eword w ;eword e ;eword ng ;eword se ;eword kolo ;eword ng ;eword
mamel ;eword a ;eword ke ;eword u ;eword jwets ;eword e ;eword ho ;eword th ;eword w ;eword e ;eword ng ;eword se ;eword kolo ;eword ng ;eword
ha ;eword ho ;eword bin ;eword w ;eword a ;eword ho ;eword th ;eword w ;eword e ;eword ng ;eword
ho ;eword th ;eword w ;eword e ;eword tlou ;eword e ;eword n ;eword a ;eword le ;eword eng ;eword
ha ;eword ho ;eword bin ;eword w ;eword a ;eword
ho ;eword th ;eword w ;eword e ;eword tlou ;eword e ;eword n ;eword a ;eword le ;eword eng ;eword
tlou ;eword le ;eword nko ;eword monna ;eword
e ;eword nk ;eword a ;eword le ;eword mo ;eword khoditswane ;eword kaofela ;eword
ho ;eword th ;eword w ;eword e ;eword ng ;eword
m ;eword ho ;eword th ;eword w ;eword e ;eword ng ;eword
u ;eword a ;eword utlw ;eword a ;eword he ;eword
u ;eword a ;eword utlw ;eword a ;eword Mololo ;eword o ;eword tseb ;eword a ;eword ho ;eword fet ;eword a ;eword wena ;eword
ho ;eword th ;eword w ;eword e ;eword ng ;eword
ha ;eword ke ;eword na ;eword u ;eword f ;eword a ;eword kumbakumba ;eword
e ;eword ho ;eword lok ;eword il ;eword e ;eword u ;eword tla ;eword e ;eword nk ;eword a ;eword
bin ;eword a ;eword ke ;eword utlw ;eword e ;eword
e ;eword kumbakumba ;eword eo ;eword
ke ;eword ya ;eword hao ;eword
u ;eword han ;eword a ;eword ho ;eword bin ;eword a ;eword tlou ;eword le ;eword nko ;eword e ;eword telele ;eword
u ;eword tlo ;eword utlw ;eword e ;eword hona ;eword
enwa ;eword o ;eword a ;eword di ;eword tseb ;eword a ;eword enwa ;eword
ho ;eword th ;eword w ;eword e ;eword ng ;eword
a_u_u ;eword
ha ;eword di ;eword u ;eword lekan ;eword e ;eword
Hlobohang ;eword Hlobohang ;eword e ;eword bon ;eword a ;eword
e ;eword ke ;eword bon ;eword e ;eword
habedi ;eword
wena ;eword rol ;eword a ;eword di ;eword eta ;eword tsa ;eword ka ;eword
ke ;eword ngwe ;eword
ke ;eword n ;eword ngwe ;eword ntho ;eword ena ;eword wena ;eword
he ;eword e ;eword nk ;eword uw ;eword e ;eword
e ;eword tla ;eword tsamay ;eword a ;eword haholo ;eword
u ;eword a ;eword utlw ;eword a ;eword haholo ;eword
ke ;eword a ;eword han ;eword a ;eword
mm ;eword
ke ;eword e ;eword mul ;eword a ;eword koloi ;eword eno ;eword
ya ;eword ka ;eword ya ;eword e ;eword thul ;eword a ;eword
e ;eword tla ;eword e ;eword thul ;eword a ;eword
e ;eword math ;eword il ;eword e ;eword he ;eword
ya ;eword math ;eword a ;eword haholo ;eword
ya ;eword e ;eword si ;eword a ;eword hele ;eword
ena ;eword ke ;eword ya ;eword ka ;eword ena ;eword
hele ;eword ya ;eword e ;eword tabol ;eword el ;eword a ;eword hole ;eword ya ;eword Hlobohang ;eword
mm ;eword
ae ;eword hat ;eword a ;eword ka ;eword le ;eword otwana ;eword
Hlobohang ;eword o ;eword e ;eword hat ;eword a ;eword ka ;eword le ;eword oto ;eword
ke ;eword ane ;eword
koloi ;eword ke ;eword yane ;eword
koloi ;eword
koloi ;eword ke ;eword eo ;eword e ;eword tl ;eword a ;eword
koloi ;eword ke ;eword eo ;eword
ha ;eword re ;eword beis ;eword e ;eword
e ;eword tla ;eword si ;eword a ;eword
ho ;eword ho ;eword ho ;eword ke ;eword ya ;eword ka ;eword
e ;eword thijw ;eword a ;eword ke ;eword di ;eword eta ;eword
u ;eword a ;eword bon ;eword a ;eword he ;eword ke ;eword vaskomo ;eword
le ;eword di ;eword eta ;eword tse ;eword
ke ;eword nk ;eword a ;eword ya ;eword ka ;eword nna ;eword
e ;eword ne ;eword e ;eword ets ;eword its ;eword e ;eword mo ;eword kololoko ;eword di ;eword le ;eword kana ;eword di ;eword pedi ;eword
e ;eword ngwe ;eword e ;eword em ;eword a ;eword mona ;eword
ya ;eword ka ;eword e ;eword math ;eword il ;eword e ;eword
ya ;eword ka ;eword ya ;eword r ;eword e ;eword pai ;eword
ha ;eword wena ;eword u ;eword tim ;eword a ;eword ntho ;eword ya ;eword ka ;eword
wena ;eword
le ;eword khan ;eword ts ;eword its ;eword e ;eword ke ;eword ana ;eword
chek ;eword a ;eword bopopodi ;eword
chek ;eword a ;eword mo ;eword koti ;eword
chek ;eword a ;eword phakwe ;eword
eya ;eword phakwe ;eword
ke ;eword its ;eword e ;eword pharo ;eword
chek ;eword a ;eword papa ;eword
chek ;eword a ;eword pharo ;eword pharo ;eword Hlobohang ;eword
phar ;eword a ;eword jese ;eword ena ;eword
e ;eword phar ;eword e ;eword
e ;eword phar ;eword e ;eword
Hlobohang ;eword ena ;eword o ;eword its ;eword e ;eword u ;eword batl ;eword a ;eword ka ;eword le ;eword bese ;eword Hlobohang ;eword
Hlobohang ;eword eba ;eword le ;eword tabots ;eword e ;eword koloi ;eword eno ;eword
tsamay ;eword a ;eword ho ;eword e ;eword nk ;eword a ;eword
m ;eword
khaba ;eword ena ;eword ka ;eword le ;eword bese ;eword
