e ;eword math ;eword a ;eword u ;eword mo ;eword is ;eword ets ;eword e ;eword ngwana ;eword
e ;eword phak ;eword is ;eword a ;eword u ;eword tla ;eword khutl ;eword a ;eword
o ;eword u ;eword qad ;eword il ;eword e ;eword o ;eword ents ;eword e ;eword jwang ;eword
o ;eword u ;eword qad ;eword il ;eword e ;eword o ;eword ents ;eword e ;eword jwang ;eword
yaba ;eword o ;eword ents ;eword a ;eword jwang ;eword
a ;eword be ;eword a ;eword u ;eword qal ;eword a ;eword a ;eword r ;eword e ;eword ng ;eword
e ;eword
o ;eword its ;eword e ;eword ng ;eword
o ;eword its ;eword e ;eword ng ;eword ha ;eword a ;eword u ;eword qal ;eword a ;eword
ke ;eword a ;eword kholw ;eword a ;eword o ;eword tene ;eword a ;eword u ;eword qal ;eword a ;eword ke ;eword ho ;eword seb ;eword a ;eword hona ;eword ho ;eword u ;eword tSwer ;eword e ;eword ng ;eword
ke ;eword tla ;eword u ;eword shap ;eword a ;eword u ;eword a ;eword bon ;eword a ;eword u ;eword ntse ;eword u ;eword ets ;eword a ;eword ng ;eword
ka ;eword hloho ;eword e ;eword se ;eword phara ;eword enwa ;eword
ke ;eword tla ;eword u ;eword rah ;eword a ;eword
Puleng ;eword
ke ;eword a ;eword u ;eword kham ;eword a ;eword
ke ;eword u ;eword rob ;eword a ;eword mo ;eword lala ;eword
bon ;eword a ;eword
tsamay ;eword a ;eword ho ;eword amoh ;eword a ;eword Mololo ;eword di ;eword eta ;eword kwana ;eword
u ;eword i ;eword tSel ;eword ets ;eword e ;eword poleiti ;eword ng ;eword
di ;eword eta ;eword tsena ;eword tsa ;eword ka ;eword Hlobohang ;eword
e ;eword phaham ;eword is ;eword e ;eword
e ;eword le ;eword tla ;eword o ;eword tlohel ;eword a ;eword o ;eword fol ;eword e ;eword
tloh ;eword a ;eword mono ;eword o ;eword tla ;eword fol ;eword a ;eword
sori ;eword
u ;eword tla ;eword re ;eword potlots ;eword a ;eword
mantila ;eword tilane ;eword
bu ;eword a ;eword
utlw ;eword a ;eword
di ;eword y ;eword a ;eword kae ;eword
wa ;eword abuti ;eword Ntoa ;eword
di ;eword naledi ;eword di ;eword ets ;eword a ;eword jwang ;eword
ha ;eword u ;eword il ;eword e ;eword Khauteng ;eword
e ;eword be ;eword kae ;eword
kae ;eword
ho ;eword th ;eword w ;eword e ;eword e ;eword be ;eword kana ;eword
ha ;eword ho ;eword th ;eword w ;eword e ;eword e ;eword be ;eword mona ;eword
ho ;eword qet ;eword a ;eword e ;eword ngwe ;eword
e ;eword
nna ;eword u ;eword tla ;eword n ;eword thek ;eword el ;eword a ;eword ng ;eword ha ;eword u ;eword il ;eword e ;eword Khauteng ;eword e ;eword ntate ;eword
le ;eword eng ;eword hape ;eword
o ;eword
le ;eword di ;eword phahlo ;eword
le ;eword eng ;eword
helicoptara ;eword
ke ;eword tlo ;eword rek ;eword el ;eword w ;eword a ;eword le ;eword helicoptara ;eword
ke ;eword y ;eword e ;eword ma ;eword simo ;eword ng ;eword ka ;eword sona ;eword
ooe ;eword
u ;eword r ;eword e ;eword e ;eword tla ;eword ba ;eword twenty ;eword
tloo ;eword ken ;eword e ;eword mona ;eword re ;eword utlw ;eword e ;eword
e ;eword u ;eword di ;eword rwal ;eword e ;eword kae ;eword
u ;eword hlats ;eword uw ;eword e ;eword ka ;eword hara ;eword ng ;eword
he ;eword efela ;eword u ;eword kotsi ;eword
u ;eword tla ;eword rek ;eword a ;eword thekesi ;eword le ;eword bese ;eword
u ;eword e ;eword ja ;eword is ;eword e ;eword
ha ;eword u ;eword e ;eword ja ;eword is ;eword a ;eword
e ;eword r ;eword e ;eword ng ;eword ha ;eword e ;eword tsamay ;eword a ;eword ha ;eword u ;eword se ;eword u ;eword e ;eword khann ;eword a ;eword
e ;eword hat ;eword w ;eword e ;eword di ;eword kipa ;eword
e ;eword y ;eword e ;eword ka ;eword Natala ;eword
m ;eword
ebe ;eword e ;eword ets ;eword a ;eword jwang ;eword
ka ;eword kae ;eword
ka ;eword hodimo ;eword ka ;eword kae ;eword
u ;eword batl ;eword a ;eword ho ;eword rek ;eword a ;eword khofu ;eword
khofu ;eword makhofola ;eword e ;eword ets ;eword a ;eword ng ;eword jwang ;eword ha ;eword e ;eword tsamay ;eword a ;eword
e ;eword r ;eword e ;eword ng ;eword e ;eword ets ;eword a ;eword jwang ;eword
e ;eword ets ;eword a ;eword foro ;eword
e ;eword ets ;eword a ;eword mo ;eword bu ;eword e ;eword r ;eword e ;eword ng ;eword
eya ;eword ba ;eword
ha ;eword a ;eword ets ;eword a ;eword jwang ;eword ausi ;eword Ntsoaki ;eword
yaba ;eword
yaba ;eword
e ;eword e ;eword tSwan ;eword a ;eword ng ;eword le ;eword ya ;eword mang ;eword
ha ;eword e ;eword tSwan ;eword e ;eword le ;eword ya ;eword hao ;eword Mokate ;eword
le ;eword eng ;eword
e ;eword tSwan ;eword a ;eword le ;eword eng ;eword
Phamokate ;eword
Phamokate ;eword
er ;eword e ;eword Phamokate ;eword
e ;eword kae ;eword
math ;eword a ;eword pele ;eword ho ;eword Mololo ;eword
ke ;eword math ;eword il ;eword e ;eword pele ;eword ho ;eword wena ;eword
o ;eword its ;eword e ;eword u ;eword e ;eword neh ;eword e ;eword mang ;eword
u ;eword e ;eword kents ;eword e ;eword kae ;eword moo ;eword kae ;eword moo ;eword e ;eword e ;eword
e ;eword duts ;eword e ;eword kae ;eword kwae ;eword
feela ;eword mo ;eword si ;eword o ;eword duts ;eword e ;eword kae ;eword moo ;eword kae ;eword
e ;eword batlile ;eword e ;eword ets ;eword a ;eword jwang ;eword na ;eword Mofokeng ;eword
e ;eword batlile ;eword e ;eword u ;eword kham ;eword a ;eword ha ;eword u ;eword ets ;eword a ;eword jwang ;eword
u ;eword ile ;eword wa ;eword ets ;eword a ;eword jwang ;eword
e ;eword ne ;eword e ;eword u ;eword duts ;eword e ;eword kwenyalebele ;eword
ha ;eword u ;eword kwal ;eword a ;eword e ;eword tla ;eword r ;eword e ;eword ng ;eword
u ;eword tla ;eword ets ;eword a ;eword jwang ;eword
le ;eword ets ;eword a ;eword jwang ;eword jwale ;eword ka ;eword bate ;eword ng ;eword ka ;eword moo ;eword
