nk ;eword a ;eword
nk ;eword a ;eword Tsenethu ;eword
Hleso ;eword m ;eword ph ;eword e ;eword pompong ;eword
ha ;eword nkhono ;eword Mathabo ;eword
Tsebo ;eword hakere ;eword u ;eword ile ;eword wa ;eword baleh ;eword a ;eword
bo ;eword siu ;eword wena ;eword u ;eword be ;eword u ;eword se ;eword u ;eword baleh ;eword a ;eword
nkhono ;eword Mathabo ;eword o ;eword its ;eword e ;eword hosasa ;eword feela ;eword re ;eword tla ;eword sil ;eword a ;eword
ke ;eword u ;eword rob ;eword el ;eword e ;eword
tloo ;eword mo ;eword f ;eword e ;eword
ho ;eword nkh ;eword a ;eword di ;eword pompong ;eword
tl ;eword is ;eword a ;eword ke ;eword u ;eword ebol ;eword el ;eword e ;eword
nna ;eword ke ;eword y ;eword a ;eword kantle ;eword
mm ;eword
u ;eword e ;eword siy ;eword il ;eword e ;eword ha ;eword u ;eword y ;eword a ;eword kantle ;eword
tl ;eword is ;eword a ;eword ke ;eword u ;eword ebol ;eword el ;eword e ;eword ntate ;eword
Hleso ;eword u ;eword a ;eword tseb ;eword a ;eword ke ;eword se ;eword ke ;eword tseb ;eword a ;eword ho ;eword bul ;eword a ;eword kantle ;eword ka ;eword mona ;eword
pompong ;eword ya ;eword ka ;eword e ;eword kae ;eword
ke ;eword pompong ;eword ee ;eword
pompong ;eword ya ;eword ka ;eword
pompong ;eword ya ;eword ka ;eword e ;eword kae ;eword
nk ;eword a ;eword
anthe ;eword ke ;eword ena ;eword
bon ;eword a ;eword Tsebo ;eword bon ;eword a ;eword ke ;eword ntse ;eword ke ;eword r ;eword e ;eword
ya ;eword Hleso ;eword ke ;eword chunkama ;eword nkhono ;eword
tsamay ;eword a ;eword ho ;eword lahl ;eword a ;eword chunkama ;eword ena ;eword
le ;eword di ;eword pompong ;eword
ke ;eword di ;eword chunkama ;eword
ke ;eword di ;eword chunkama ;eword
m ;eword ph ;eword e ;eword Hleso ;eword
eng ;eword
m ;eword ph ;eword e ;eword pompong ;eword
e ;eword se ;eword e ;eword le ;eword ngwe ;eword feela ;eword
ke ;eword j ;eword el ;eword e ;eword tse ;eword pedi ;eword e ;eword se ;eword e ;eword le ;eword ngwe ;eword feela ;eword
mm ;eword ae ;eword nk ;eword a ;eword ke ;eword ena ;eword
bon ;eword ang ;eword pompong ;eword ya ;eword ka ;eword
Tsebo ;eword m ;eword ph ;eword e ;eword kwano ;eword
ke ;eword a ;eword han ;eword a ;eword
ke ;eword tla ;eword rek ;eword a ;eword di ;eword apole ;eword wena ;eword Tsebo ;eword
ke ;eword pompong ;eword e ;eword tswan ;eword a ;eword ng ;eword le ;eword ya ;eword ka ;eword ke ;eword ena ;eword
ae ;eword
e ;eword kae ;eword ya ;eword hao ;eword
ka ;eword thol ;eword a ;eword ka ;eword pensele ;eword ka ;eword tlung ;eword ka ;eword mona ;eword
phooa ;eword khathe ;eword ke ;eword le ;eword khapetla ;eword la ;eword la ;eword tsa ;eword
ka ;eword thol ;eword a ;eword ka ;eword pensele ;eword
butle ;eword Tsebo ;eword ke ;eword sa ;eword bon ;eword a ;eword na ;eword e ;eword a ;eword ngol ;eword a ;eword u ;eword a ;eword utlw ;eword a ;eword
wena ;eword Hleso ;eword tl ;eword is ;eword a ;eword
u ;eword be ;eword u ;eword m ;eword ph ;eword e ;eword pompong ;eword
ee ;eword
ya ;eword hao ;eword e ;eword kae ;eword
m ;eword ph ;eword e ;eword pompong ;eword
u ;eword di ;eword is ;eword a ;eword kae ;eword
u ;eword rot ;eword il ;eword e ;eword
wena ;eword u ;eword rot ;eword il ;eword e ;eword
na ;eword u ;eword rot ;eword il ;eword e ;eword
ke ;eword siy ;eword il ;eword e ;eword di ;eword pompong ;eword ka ;eword mona ;eword
Tsebo ;eword ha ;eword ke ;eword sheb ;eword e ;eword
ke ;eword kumbakumba ;eword ka ;eword mona ;eword
ela ;eword
mm ;eword
ke ;eword tape ;eword eo ;eword
mo ;eword f ;eword e ;eword pompong ;eword ya ;eword hae ;eword
ha ;eword e ;eword yo ;eword
ke ;eword saroll ;eword a ;eword chunkama ;eword
ha ;eword re ;eword ets ;eword e ;eword khati ;eword
u ;eword r ;eword e ;eword le ;eword banta ;eword le ;eword le ;eword ng ;eword le ;eword kae ;eword
Tsebo ;eword u ;eword rah ;eword a ;eword ngwana ;eword hela ;eword
Tsebo ;eword u ;eword rah ;eword el ;eword a ;eword ng ;eword ngwana ;eword
Tsebo ;eword u ;eword rah ;eword a ;eword ngwana ;eword
Tsebo ;eword sheb ;eword a ;eword pompong ;eword ya ;eword ka ;eword ka ;eword tlasa ;eword
u ;eword be ;eword u ;eword se ;eword u ;eword r ;eword e ;eword ke ;eword ya ;eword hao ;eword
ke ;eword ena ;eword ke ;eword ya ;eword ka ;eword
e ;eword ntse ;eword e ;eword ngol ;eword a ;eword
Tsebo ;eword
ke ;eword Tsebo ;eword ya ;eword n ;eword thah ;eword a ;eword ng ;eword
Tsebo ;eword u ;eword a ;eword dih ;eword a ;eword
Tsebo ;eword u ;eword hat ;eword il ;eword e ;eword ngwana ;eword Tsebo ;eword
ha ;eword ke ;eword a ;eword mo ;eword hat ;eword a ;eword
mme ;eword Mamello ;eword o ;eword r ;eword e ;eword o ;eword tla ;eword tsamay ;eword a ;eword bo ;eword siu ;eword
ke ;eword hat ;eword uw ;eword e ;eword ke ;eword le ;eword koko ;eword
Hleso ;eword
Tsebo ;eword
he ;eword Hleso ;eword re ;eword tlo ;eword bapal ;eword l ;eword a ;eword ka ;eword mona ;eword
u ;eword robets ;eword e ;eword jwang ;eword
o ;eword robets ;eword e ;eword a ;eword sheb ;eword is ;eword its ;eword e ;eword le ;eword tsoho ;eword kwana ;eword a ;eword le ;eword sheb ;eword is ;eword its ;eword e ;eword kwana ;eword
a ;eword ents ;eword e ;eword tje ;eword
sheb ;eword a ;eword a ;eword le ;eword ents ;eword e ;eword tjena ;eword
ae ;eword Tsebo ;eword
thol ;eword a ;eword Tsebo ;eword re ;eword utlw ;eword e ;eword hore ;eword na ;eword ntho ;eword ena ;eword e ;eword ntse ;eword e ;eword ll ;eword a ;eword
ha ;eword e ;eword ll ;eword e ;eword
thol ;eword a ;eword hle ;eword Tsebo ;eword
ke ;eword a ;eword theoh ;eword a ;eword
ke ;eword u ;eword neh ;eword e ;eword ng ;eword
ha ;eword ke ;eword a ;eword nk ;eword a ;eword le ;eword tho ;eword nna ;eword
