re ;eword tlo ;eword j ;eword a ;eword di ;eword pabi ;eword Hleso ;eword
e ;eword akhel ;eword e ;eword kaofela ;eword
u ;eword y ;eword a ;eword kae ;eword wena ;eword
u ;eword y ;eword a ;eword kae ;eword
le ;eword lwala ;eword lela ;eword la ;eword hao ;eword le ;eword kae ;eword
ha ;eword ke ;eword n ;eword a ;eword le ;eword lwala ;eword
ha ;eword ke ;eword n ;eword a ;eword le ;eword lwala ;eword
Tsebo ;eword ke ;eword a ;eword tl ;eword a ;eword
ke ;eword tlo ;eword u ;eword thus ;eword a ;eword
tloo ;eword he ;eword
u ;eword pep ;eword il ;eword e ;eword ng ;eword na ;eword
Tsebo ;eword u ;eword sil ;eword a ;eword ng ;eword na ;eword
nna ;eword ke ;eword ntate ;eword Hleso ;eword Khothola ;eword kapele ;eword
u ;eword tseb ;eword e ;eword esale ;eword u ;eword r ;eword e ;eword re ;eword ha ;eword mme ;eword Florencia ;eword
ke ;eword ilo ;eword rek ;eword a ;eword
nna ;eword ke ;eword tla ;eword y ;eword a ;eword mane ;eword
ke ;eword yane ;eword
ke ;eword yane ;eword
e ;eword kae ;eword
o ;eword ha ;eword e ;eword yo ;eword
e ;eword tl ;eword os ;eword its ;eword w ;eword e ;eword
mme ;eword mme ;eword o ;eword e ;eword ken ;eword ts ;eword e ;eword ka ;eword tlung ;eword
e ;eword ka ;eword tlung ;eword
ke ;eword yane ;eword hle ;eword ka ;eword tlung ;eword
eya ;eword
e ;eword ka ;eword tlung ;eword
u ;eword tla ;eword e ;eword bon ;eword a ;eword
tl ;eword is ;eword a ;eword
ke ;eword nk ;eword e ;eword ke ;eword sil ;eword e ;eword
ke ;eword u ;eword phomots ;eword e ;eword
ake ;eword u ;eword fokots ;eword e ;eword
ke ;eword tla ;eword e ;eword tSel ;eword a ;eword ka ;eword mona ;eword
poone ;eword ena ;eword e ;eword a ;eword tsw ;eword a ;eword
e ;eword a ;eword beh ;eword w ;eword a ;eword
sal ;eword a ;eword u ;eword j ;eword a ;eword
ke ;eword ilo ;eword di ;eword pheh ;eword a ;eword kwana ;eword ma ;eword ntlwantlwane ;eword ng ;eword di ;eword pabi ;eword tsena ;eword
kwana ;eword ma ;eword ntlwantlwane ;eword ng ;eword
eya ;eword
e ;eword lekan ;eword e ;eword
ha ;eword re ;eword tle ;eword pheh ;eword el ;eword e ;eword lape ;eword ng ;eword mona ;eword
se ;eword nepe ;eword se ;eword kae ;eword
ere ;eword le ;eword nna ;eword nke ;eword ke ;eword sil ;eword e ;eword
bon ;eword a ;eword re ;eword sa ;eword phomots ;eword e ;eword
utlw ;eword a ;eword
Tsebo ;eword utlw ;eword a ;eword ka ;eword mane ;eword
ee ;eword Hleso ;eword
Tsenethu ;eword m ;eword ph ;eword e ;eword di ;eword tapole ;eword
Tsebo ;eword ha ;eword a ;eword m ;eword phomots ;eword e ;eword
Tsebo ;eword ke ;eword mang ;eword ya ;eword u ;eword f ;eword il ;eword e ;eword ng ;eword
ke ;eword nkhono ;eword
o ;eword re ;eword f ;eword il ;eword e ;eword
Tsebo ;eword m ;eword ph ;eword e ;eword
u ;eword thab ;eword il ;eword e ;eword
u ;eword ne ;eword u ;eword se ;eword u ;eword thab ;eword il ;eword e ;eword haholo ;eword mme ;eword
ake ;eword u ;eword r ;eword e ;eword nke ;eword ke ;eword bon ;eword e ;eword di ;eword pabi ;eword tsena ;eword
Tsebo ;eword ere ;eword ke ;eword nk ;eword e ;eword ena ;eword
le ;eword wena ;eword Hleso ;eword
u ;eword ne ;eword u ;eword nk ;eword il ;eword e ;eword tse ;eword pedi ;eword
nna ;eword ke ;eword ne ;eword ke ;eword sa ;eword nk ;eword a ;eword tse ;eword pedi ;eword
nna ;eword ke ;eword nk ;eword il ;eword e ;eword e ;eword le ;eword ngwe ;eword
Tsebo ;eword ha ;eword ke ;eword sa ;eword bapal ;eword a ;eword le ;eword wena ;eword
Tsebo ;eword helele ;eword
ha ;eword ke ;eword r ;eword e ;eword ke ;eword a ;eword u ;eword siy ;eword a ;eword
e ;eword il ;eword e ;eword kwae ;eword ya ;eword ka ;eword
ke ;eword u ;eword sil ;eword el ;eword a ;eword kwae ;eword he ;eword manyeo ;eword
sil ;eword el ;eword a ;eword mona ;eword
tlohel ;eword a ;eword
Tsebo ;eword ha ;eword re ;eword sheb ;eword e ;eword mona ;eword
di ;eword tSintSi ;eword
ahle ;eword
di ;eword ken ;eword e ;eword ka ;eword ma ;eword hlo ;eword ng ;eword
ha ;eword a ;eword tseb ;eword e ;eword le ;eword tho ;eword
ke ;eword ma ;eword hlo ;eword a ;eword se ;eword khowa ;eword
ke ;eword ma ;eword hlo ;eword a ;eword se ;eword khowa ;eword
ke ;eword ma ;eword hlo ;eword a ;eword se ;eword khowa ;eword
ke ;eword ma ;eword hlo ;eword a ;eword se ;eword khowa ;eword ba ;eword tho ;eword we ;eword
hakere ;eword Hleso ;eword
ke ;eword nna ;eword ya ;eword sil ;eword a ;eword ng ;eword poone ;eword
wena ;eword u ;eword sil ;eword a ;eword kwae ;eword
e ;eword
ache ;eword
nna ;eword u ;eword skaba ;eword sil ;eword a ;eword kwae ;eword ya ;eword ka ;eword
m ;eword ph ;eword e ;eword poone ;eword
u ;eword ska ;eword m ;eword ph ;eword a ;eword
m ;eword ph ;eword e ;eword kwae ;eword kapo ;eword m ;eword ph ;eword e ;eword poone ;eword
u ;eword m ;eword ph ;eword a ;eword ng ;eword
ke ;eword u ;eword f ;eword a ;eword poone ;eword
tl ;eword is ;eword a ;eword he ;eword
tl ;eword is ;eword a ;eword ke ;eword i ;eword tSil ;eword el ;eword e ;eword poone ;eword ya ;eword ka ;eword Tsebo ;eword
eke ;eword
hakere ;eword u ;eword its ;eword e ;eword u ;eword m ;eword ph ;eword a ;eword kwae ;eword kapa ;eword u ;eword m ;eword ph ;eword a ;eword
ke ;eword u ;eword f ;eword a ;eword
ee ;eword ke ;eword u ;eword f ;eword a ;eword kwae ;eword
ke ;eword u ;eword f ;eword a ;eword kwae ;eword
ke ;eword a ;eword tsub ;eword a ;eword
hoja ;eword a ;eword ll ;eword a ;eword a ;eword hlats ;eword uw ;eword e ;eword
ebe ;eword kwae ;eword ya ;eword ka ;eword e ;eword kae ;eword ba ;eword nna ;eword
Tsebo ;eword hana ;eword kwae ;eword ya ;eword ka ;eword e ;eword kae ;eword
u ;eword ne ;eword u ;eword e ;eword beh ;eword il ;eword e ;eword mona ;eword
ka ;eword be ;eword ke ;eword e ;eword tl ;eword os ;eword a ;eword
ke ;eword tla ;eword sil ;eword a ;eword poone ;eword
jwale ;eword u ;eword e ;eword beh ;eword il ;eword e ;eword kae ;eword
ha ;eword ke ;eword a ;eword e ;eword
ke ;eword e ;eword beh ;eword il ;eword e ;eword fatSe ;eword
e ;eword kae ;eword
hodima ;eword mo ;eword bu ;eword
ke ;eword a ;eword e ;eword batl ;eword a ;eword
ke ;eword u ;eword f ;eword il ;eword e ;eword eno ;eword ya ;eword ka ;eword he ;eword
u ;eword m ;eword ph ;eword il ;eword e ;eword yona ;eword
e ;eword ke ;eword u ;eword f ;eword il ;eword e ;eword yona ;eword
poone ;eword ela ;eword e ;eword kae ;eword Hleso ;eword
Hleso ;eword poone ;eword ela ;eword e ;eword kae ;eword
ke ;eword ena ;eword
ke ;eword r ;eword e ;eword ena ;eword
e ;eword fed ;eword il ;eword e ;eword
helang ;eword ha ;eword e ;eword a ;eword fel ;eword a ;eword
hei ;eword nna ;eword ke ;eword a ;eword e ;eword batl ;eword a ;eword
Tsebo ;eword ke ;eword r ;eword e ;eword e ;eword fed ;eword il ;eword e ;eword
ke ;eword a ;eword e ;eword batl ;eword a ;eword
Neuoe ;eword o ;eword ile ;eword a ;eword e ;eword nk ;eword a ;eword a ;eword e ;eword akhel ;eword l ;eword a ;eword mane ;eword jarete ;eword ng ;eword mane ;eword
eseng ;eword mona ;eword
ka ;eword nqane ;eword pela ;eword se ;eword fate ;eword sane ;eword sa ;eword heso ;eword se ;eword kwaets ;eword w ;eword e ;eword ng ;eword
se ;eword kwaets ;eword w ;eword e ;eword ng ;eword ka ;eword ntho ;eword ya ;eword pompo ;eword
ka ;eword nqane ;eword
ka ;eword nqeo ;eword
e ;eword
ka ;eword nqee ;eword
e ;eword
ke ;eword seno ;eword
pela ;eword hao ;eword ka ;eword mono ;eword
helang ;eword bon ;eword a ;eword u ;eword le ;eword shano ;eword
ke ;eword tlo ;eword u ;eword otl ;eword a ;eword ka ;eword sona ;eword se ;eword qo ;eword sena ;eword
ke ;eword tlo ;eword u ;eword shap ;eword a ;eword
ichu ;eword hei ;eword
Hleso ;eword u ;eword a ;eword tebel ;eword a ;eword
a ;eword ken ;eword a ;eword
jwale ;eword tSilwana ;eword ya ;eword ka ;eword e ;eword kae ;eword
helang ;eword
jwale ;eword ya ;eword ka ;eword e ;eword kae ;eword
ke ;eword e ;eword koped ;eword its ;eword e ;eword mono ;eword
u ;eword le ;eword thetsi ;eword ke ;eword nna ;eword
u ;eword se ;eword u ;eword qet ;eword il ;eword e ;eword Tsebo ;eword
ee ;eword ke ;eword tlo ;eword sil ;eword a ;eword e ;eword ngwe ;eword
butle ;eword ke ;eword sa ;eword duts ;eword e ;eword
bon ;eword a ;eword
e ;eword n ;eword khaol ;eword a ;eword le ;eword oto ;eword le ;eword le ;eword tSo ;eword
ke ;eword hore ;eword di ;eword ntho ;eword tsane ;eword le ;eword se ;eword le ;eword di ;eword qet ;eword il ;eword e ;eword
di ;eword pabi ;eword
e ;eword bo ;eword di ;eword ntho ;eword tsane ;eword
tsena ;eword di ;eword its ;eword e ;eword
di ;eword its ;eword e ;eword ha ;eword re ;eword ets ;eword a ;eword tjena ;eword
u ;eword ntse ;eword u ;eword bon ;eword a ;eword
u ;eword ne ;eword u ;eword ilo ;eword qhal ;eword a ;eword poone ;eword
ke ;eword y ;eword a ;eword ho ;eword batl ;eword a ;eword
ke ;eword e ;eword ntS ;eword its ;eword e ;eword
tl ;eword is ;eword a ;eword wena ;eword
mang ;eword
Neuoe ;eword
kwae ;eword ya ;eword ka ;eword
le ;eword beh ;eword e ;eword
u ;eword tla ;eword nw ;eword el ;eword a ;eword jwala ;eword ho ;eword lona ;eword
jwale ;eword kumbakumba ;eword e ;eword kae ;eword
ke ;eword ena ;eword
ake ;eword u ;eword tSir ;eword e ;eword ntho ;eword ya ;eword ka ;eword jwale ;eword
Tsebo ;eword u ;eword tSir ;eword a ;eword ntho ;eword ya ;eword ka ;eword jwale ;eword
helang ;eword tloh ;eword a ;eword mona ;eword
ha ;eword u ;eword bon ;eword e ;eword u ;eword hlodiy ;eword a ;eword ntho ;eword ya ;eword mme ;eword Mamello ;eword
dul ;eword a ;eword mona ;eword
u ;eword tla ;eword mamel ;eword a ;eword
ke ;eword eng ;eword
utlw ;eword a ;eword
u ;eword tla ;eword tl ;eword a ;eword ho ;eword tSir ;eword a ;eword
le ;eword sil ;eword a ;eword ng ;eword
Hleso ;eword o ;eword sil ;eword a ;eword kwae ;eword ke ;eword sil ;eword a ;eword di ;eword pabi ;eword
ke ;eword mo ;eword sebetsi ;eword le ;eword moo ;eword
u ;eword ne ;eword u ;eword sa ;eword rat ;eword e ;eword ha ;eword e ;eword le ;eword mo ;eword sebetsi ;eword
u ;eword ne ;eword u ;eword sa ;eword rat ;eword e ;eword ha ;eword re ;eword sebets ;eword a ;eword
u ;eword ne ;eword u ;eword sa ;eword rat ;eword e ;eword ha ;eword re ;eword sil ;eword a ;eword
u ;eword ne ;eword u ;eword sa ;eword rat ;eword e ;eword
Tsebo ;eword bon ;eword ang ;eword
helang ;eword
u ;eword tla ;eword e ;eword tsub ;eword a ;eword e ;eword ntse ;eword e ;eword le ;eword tjee ;eword Hleso ;eword
eya ;eword ngwanana ;eword
nna ;eword ke ;eword batl ;eword a ;eword nke ;eword ke ;eword r ;eword e ;eword snif ;eword snif ;eword
jwale ;eword ke ;eword taba ;eword ya ;eword hao ;eword
a ;eword tlohell ;eword a ;eword
helang ;eword sobane ;eword ya ;eword ka ;eword e ;eword kae ;eword
sobane ;eword ya ;eword ka ;eword e ;eword kae ;eword
ke ;eword ena ;eword
ke ;eword eno ;eword
ntho ;eword e ;eword tSwan ;eword a ;eword ng ;eword le ;eword eno ;eword e ;eword ho ;eword Neuoe ;eword
Neuoe ;eword o ;eword ne ;eword a ;eword ile ;eword a ;eword e ;eword tul ;eword a ;eword
e ;eword
eya ;eword
e ;eword kae ;eword
ke ;eword yane ;eword
eya ;eword
u ;eword ne ;eword u ;eword sa ;eword e ;eword bon ;eword e ;eword
ke ;eword ne ;eword ke ;eword sa ;eword e ;eword bon ;eword e ;eword
Hleso ;eword
Tsebo ;eword u ;eword se ;eword u ;eword qet ;eword il ;eword e ;eword mo ;eword sebetsi ;eword wa ;eword hao ;eword
eya ;eword ke ;eword se ;eword ke ;eword o ;eword qet ;eword il ;eword e ;eword
na ;eword eba ;eword u ;eword se ;eword u ;eword qet ;eword il ;eword e ;eword
ha ;eword ke ;eword so ;eword qet ;eword e ;eword
u ;eword qet ;eword il ;eword e ;eword helang ;eword
u ;eword ka ;eword n ;eword thapol ;eword a ;eword jwale ;eword ha ;eword u ;eword ch ;eword o ;eword jwalo ;eword
Tsebo ;eword ho ;eword th ;eword w ;eword e ;eword le ;eword thol ;eword e ;eword
ichu ;eword
u ;eword a ;eword bon ;eword a ;eword le ;eword se ;eword le ;eword ntse ;eword le ;eword tul ;eword eh ;eword a ;eword
u ;eword a ;eword bon ;eword a ;eword Hleso ;eword
Tsebo ;eword ke ;eword mang ;eword ya ;eword qhad ;eword il ;eword e ;eword ng ;eword kwae ;eword ya ;eword ka ;eword
ha ;eword ke ;eword a ;eword e ;eword qhal ;eword a ;eword
ntho ;eword ya ;eword ka ;eword e ;eword kae ;eword
ke ;eword kutluts ;eword e ;eword le ;eword kotikoti ;eword la ;eword ka ;eword
Hleso ;eword u ;eword kutluts ;eword e ;eword
nna ;eword ke ;eword a ;eword i ;eword kutlul ;eword el ;eword a ;eword
Tsebo ;eword sheb ;eword a ;eword na ;eword ke ;eword duts ;eword e ;eword kae ;eword
Tsebo ;eword ke ;eword a ;eword tl ;eword a ;eword
u ;eword sa ;eword y ;eword a ;eword kae ;eword
ke ;eword a ;eword tl ;eword a ;eword
ke ;eword tlo ;eword i ;eword kets ;eword a ;eword mo ;eword holo ;eword
Tsebo ;eword la ;eword ka ;eword chee ;eword
bo ;eword butle ;eword ke ;eword ntS ;eword e ;eword di ;eword papi ;eword tsa ;eword ka ;eword
ke ;eword sa ;eword ntS ;eword a ;eword di ;eword papi ;eword tsa ;eword ka ;eword
u ;eword tlo ;eword tseb ;eword e ;eword ho ;eword nk ;eword a ;eword lena ;eword
ke ;eword tlo ;eword em ;eword a ;eword
a ;eword ka ;eword a ;eword ma ;eword bedi ;eword
u ;eword qhad ;eword il ;eword e ;eword di ;eword papi ;eword
mm ;eword
ke ;eword di ;eword papi ;eword
u ;eword j ;eword a ;eword di ;eword papi ;eword
mono ;eword Tsebo ;eword ha ;eword re ;eword tlo ;eword bapal ;eword a ;eword
Tsebo ;eword ke ;eword enwa ;eword a ;eword n ;eword pshatl ;eword a ;eword
Tsebo ;eword
ke ;eword a ;eword a ;eword lahl ;eword a ;eword ana ;eword
Tsebo ;eword nk ;eword a ;eword u ;eword beh ;eword e ;eword ka ;eword setlojane ;eword ng ;eword
Tsebo ;eword
e ;eword
nk ;eword a ;eword u ;eword beh ;eword e ;eword ka ;eword setlojane ;eword ng ;eword
butle ;eword
re ;eword a ;eword kutlul ;eword a ;eword le ;eword jwe ;eword ng ;eword
ke ;eword mme ;eword mang ;eword na ;eword ya ;eword e ;eword tseb ;eword a ;eword ng ;eword ya ;eword e ;eword loh ;eword il ;eword e ;eword ng ;eword
ke ;eword mme ;eword mang ;eword
ke ;eword mme ;eword
jwale ;eword ke ;eword a ;eword ??? ;eword ntho ;eword ee ;eword
tl ;eword is ;eword a ;eword kwano ;eword wena ;eword
u ;eword tla ;eword helets ;eword a ;eword
ke ;eword tlo ;eword ets ;eword a ;eword kapi ;eword
kap ;eword is ;eword a ;eword nna ;eword
ka ;eword ntho ;eword ee ;eword
ee ;eword ka ;eword hona ;eword
oo ;eword
ee ;eword ka ;eword hona ;eword
ke ;eword tlo ;eword ets ;eword a ;eword kapi ;eword ka ;eword hwane ;eword
u ;eword a ;eword bon ;eword a ;eword Tsebo ;eword
ke ;eword r ;eword e ;eword re ;eword lahl ;eword e ;eword hona ;eword
ha ;eword ho ;eword lahl ;eword w ;eword e ;eword hona ;eword
re ;eword tlo ;eword ets ;eword a ;eword kapisenda ;eword ka ;eword hono ;eword
ha ;eword re ;eword tlo ;eword ets ;eword a ;eword ka ;eword hona ;eword
nna ;eword ke ;eword tlo ;eword ets ;eword a ;eword le ;eword koloi ;eword ena ;eword
ee ;eword re ;eword skaba ;eword ra ;eword ets ;eword a ;eword jwalo ;eword
le ;eword le ;eword ng ;eword mona ;eword
ke ;eword ilo ;eword ets ;eword a ;eword
ke ;eword ilo ;eword pheh ;eword a ;eword
tloo ;eword re ;eword tlo ;eword ets ;eword a ;eword di ;eword kapi ;eword tse ;eword ntle ;eword
ke ;eword ilo ;eword pheh ;eword a ;eword
Tsebo ;eword u ;eword tla ;eword ets ;eword a ;eword di ;eword kapi ;eword ka ;eword ho ;eword feng ;eword
ke ;eword ilo ;eword pheh ;eword a ;eword
u ;eword tla ;eword ets ;eword a ;eword kapisenda ;eword ka ;eword ho ;eword feng ;eword
ke ;eword ilo ;eword pheh ;eword a ;eword
ka ;eword hoo ;eword
e ;eword
eya ;eword re ;eword hah ;eword e ;eword hona ;eword
re ;eword hah ;eword e ;eword hona ;eword
u ;eword a ;eword bon ;eword a ;eword
u ;eword ka ;eword mpa ;eword wa ;eword ho ;eword beh ;eword a ;eword mona ;eword
ache ;eword
bon ;eword ang ;eword
ache ;eword ngwana ;eword eo ;eword
hela ;eword hoo ;eword re ;eword tlo ;eword ets ;eword a ;eword ng ;eword kapisenda ;eword ka ;eword hona ;eword
ee ;eword re ;eword ets ;eword a ;eword kei ;eword eo ;eword
tl ;eword is ;eword a ;eword kwano ;eword
u ;eword a ;eword bon ;eword a ;eword
ke ;eword sa ;eword ets ;eword a ;eword
ke ;eword sa ;eword ets ;eword a ;eword hona ;eword anthe ;eword
e ;eword u ;eword a ;eword bon ;eword a ;eword
tl ;eword is ;eword a ;eword le ;eword sokwana ;eword lena ;eword ka ;eword fatse ;eword fatse ;eword
lena ;eword ka ;eword tlase ;eword tlase ;eword
beh ;eword a ;eword
Tsebo ;eword
ho ;eword batl ;eword ahal ;eword a ;eword lenana ;eword
ho ;eword batl ;eword ahal ;eword a ;eword lenana ;eword ka ;eword tlase ;eword tlase ;eword
ako ;eword butle ;eword
thol ;eword a ;eword
thol ;eword a ;eword
ha ;eword re ;eword tlo ;eword ets ;eword a ;eword kapisenda ;eword
tl ;eword is ;eword a ;eword
empa ;eword u ;eword hele ;eword dits ;eword e ;eword kei ;eword
he ;eword basadi ;eword
bo ;eword butle ;eword
ke ;eword metsi ;eword a ;eword tlo ;eword pheh ;eword a ;eword
tSwar ;eword a ;eword qome ;eword
u ;eword a ;eword bon ;eword a ;eword
u ;eword a ;eword le ;eword bon ;eword a ;eword lena ;eword
bon ;eword a ;eword
u ;eword a ;eword bon ;eword a ;eword
u ;eword sutumed ;eword its ;eword e ;eword
ichu ;eword Tsebo ;eword
u ;eword a ;eword bon ;eword a ;eword
bon ;eword ang ;eword
ke ;eword eng ;eword
u ;eword le ;eword shano ;eword
le ;eword jwe ;eword la ;eword Tsebo ;eword le ;eword kae ;eword
tloh ;eword a ;eword Tsebo ;eword
m ;eword ph ;eword eng ;eword jwala ;eword re ;eword nw ;eword e ;eword
Tsebo ;eword m ;eword ph ;eword eng ;eword jwala ;eword bo ;eword bo ;eword ng ;eword ha ;eword u ;eword sa ;eword batl ;eword e ;eword hore ;eword re ;eword bolel ;eword e ;eword ntate ;eword
er ;eword e ;eword
tloo ;eword ke ;eword u ;eword bon ;eword tS ;eword e ;eword
ho ;eword sets ;eword e ;eword a ;eword ma ;eword bedi ;eword
ke ;eword Tsebo ;eword
ha ;eword re ;eword ets ;eword e ;eword tjena ;eword
le ;eword le ;eword ng ;eword
lee ;eword le ;eword tsw ;eword a ;eword kae ;eword na ;eword ba ;eword nna ;eword
le ;eword tsw ;eword a ;eword kae ;eword lee ;eword
helang ;eword banna ;eword
ke ;eword le ;eword nk ;eword il ;eword e ;eword mane ;eword
u ;eword tsw ;eword a ;eword kae ;eword
u ;eword tsw ;eword a ;eword kae ;eword wena ;eword
u ;eword tsw ;eword a ;eword kae ;eword
ache ;eword ha ;eword re ;eword tseb ;eword e ;eword hore ;eword na ;eword le ;eword tsw ;eword a ;eword kae ;eword lona ;eword lena ;eword
kapa ;eword le ;eword ne ;eword le ;eword lahl ;eword eh ;eword il ;eword e ;eword kwa ;eword
mm ;eword
m ;eword
m ;eword
ke ;eword kapikapi ;eword
helang ;eword u ;eword e ;eword ets ;eword a ;eword ng ;eword bolo ;eword jwale ;eword
ha ;eword se ;eword kapikapi ;eword
ae ;eword
mm ;eword ke ;eword ets ;eword a ;eword ng ;eword
ke ;eword bon ;eword e ;eword Tsebo ;eword
hoja ;eword u ;eword a ;eword e ;eword sil ;eword a ;eword u ;eword a ;eword bon ;eword a ;eword
ke ;eword le ;eword bidi ;eword le ;eword le ;eword ng ;eword
jwale ;eword u ;eword ne ;eword u ;eword sa ;eword rat ;eword e ;eword
ha ;eword ho ;eword ka ;eword lahl ;eword uw ;eword a ;eword hona ;eword hoo ;eword
ka ;eword i ;eword thol ;eword l ;eword a ;eword
ha ;eword ho ;eword ka ;eword lahl ;eword uw ;eword a ;eword hona ;eword
Tsebo ;eword ke ;eword ile ;eword ka ;eword tswar ;eword a ;eword
u ;eword ets ;eword a ;eword ng ;eword
ke ;eword a ;eword u ;eword shap ;eword a ;eword
kapi ;eword u ;eword ets ;eword a ;eword kapikapi ;eword
u ;eword ets ;eword a ;eword kapi ;eword
kapi ;eword e ;eword a ;eword n ;eword tSiy ;eword a ;eword
u ;eword ets ;eword a ;eword kei ;eword
u ;eword ets ;eword a ;eword kei ;eword
u ;eword a ;eword kap ;eword a ;eword
ke ;eword eng ;eword helang ;eword Tsebo ;eword
bo ;eword Lineo ;eword ba ;eword sa ;eword tla ;eword re ;eword phet ;eword el ;eword a ;eword jwale ;eword
le ;eword a ;eword m ;eword pon ;eword a ;eword ya ;eword i ;eword that ;eword el ;eword a ;eword ng ;eword
ke ;eword nna ;eword
nk ;eword a ;eword
ke ;eword a ;eword i ;eword qhal ;eword a ;eword
ke ;eword a ;eword rwal ;eword a ;eword
he ;eword wena ;eword u ;eword a ;eword fok ;eword a ;eword
fok ;eword a ;eword
se ;eword ipone ;eword se ;eword khan ;eword ts ;eword a ;eword ng ;eword
he ;eword u ;eword a ;eword tseb ;eword a ;eword na ;eword ngwana ;eword wa ;eword ka ;eword
nna ;eword ke ;eword i ;eword kets ;eword ets ;eword a ;eword se ;eword diba ;eword
helang ;eword mme ;eword Mamello ;eword ke ;eword eno ;eword
ke ;eword ntse ;eword ke ;eword m ;eword mon ;eword a ;eword fesetere ;eword ng ;eword ya ;eword heso ;eword
eke ;eword eke ;eword o ;eword ne ;eword a ;eword em ;eword e ;eword
Tsebo ;eword u ;eword tla ;eword nk ;eword a ;eword ena ;eword
ke ;eword nk ;eword e ;eword ena ;eword
ke ;eword mang ;eword ya ;eword hele ;eword dits ;eword e ;eword ng ;eword ntho ;eword ee ;eword
ke ;eword y ;eword a ;eword se ;eword tulo ;eword ng ;eword sa ;eword heso ;eword
Neuoe ;eword ha ;eword a ;eword na ;eword ho ;eword y ;eword a ;eword
ma ;eword thatha ;eword
bon ;eword a ;eword mme ;eword Mamello ;eword ke ;eword yane ;eword
o ;eword kae ;eword
ke ;eword ilo ;eword m ;eword mon ;eword a ;eword hle ;eword
tloh ;eword a ;eword Lineo ;eword
tloh ;eword a ;eword
oo ;eword Tsebo ;eword u ;eword tlo ;eword mo ;eword thul ;eword e ;eword kamabomo ;eword
etlare ;eword ha ;eword a ;eword w ;eword el ;eword a ;eword
a ;eword ll ;eword a ;eword moo ;eword
n ;eword kebe ;eword ka ;eword mo ;eword nyoll ;eword a ;eword
a ;eword mo ;eword thul ;eword e ;eword kamabomo ;eword eng ;eword
a ;eword mo ;eword thul ;eword a ;eword
ha ;eword a ;eword tseb ;eword e ;eword na ;eword u ;eword batl ;eword a ;eword ng ;eword
o ;eword kae ;eword Neuoe ;eword
ke ;eword yane ;eword
ke ;eword tlo ;eword dul ;eword a ;eword mane ;eword ha ;eword u ;eword siy ;eword a ;eword Lieketseng ;eword
he ;eword wena ;eword Lineo ;eword
tsw ;eword a ;eword
tsamay ;eword a ;eword ho ;eword beh ;eword a ;eword pele ;eword
khutl ;eword a ;eword re ;eword mo ;eword tSwar ;eword e ;eword
Lineo ;eword tsamay ;eword a ;eword ho ;eword bon ;eword ts ;eword a ;eword Lieketseng ;eword u ;eword tsw ;eword a ;eword ma ;eword di ;eword
tsamay ;eword a ;eword ho ;eword bon ;eword ts ;eword a ;eword Lieketseng ;eword
Lineo ;eword tloo ;eword
ke ;eword tlo ;eword bon ;eword a ;eword
tloo ;eword kwano ;eword
u ;eword mo ;eword seh ;eword il ;eword e ;eword
e ;eword mo ;eword seh ;eword il ;eword e ;eword
khalase ;eword e ;eword ne ;eword e ;eword le ;eword mona ;eword
bohloko ;eword
u ;eword ne ;eword u ;eword ntse ;eword u ;eword ets ;eword a ;eword ng ;eword
ke ;eword tla ;eword ba ;eword ke ;eword tSwer ;eword w ;eword e ;eword ke ;eword nyooko ;eword
Lineo ;eword u ;eword kebe ;eword wa ;eword hlola ;eword wa ;eword ken ;eword a ;eword ka ;eword mona ;eword
ha ;eword a ;eword yo ;eword ma ;eword di ;eword mona ;eword
tsw ;eword a ;eword Lineo ;eword
ha ;eword a ;eword yo ;eword moo ;eword
Lieketseng ;eword
Tsebo ;eword ke ;eword eng ;eword ka ;eword tsebe ;eword ng ;eword ya ;eword ka ;eword
ke ;eword khalase ;eword
u ;eword le ;eword shano ;eword
helang ;eword Lieketseng ;eword u ;eword y ;eword a ;eword kae ;eword helang ;eword
ha ;eword ho ;eword n ;eword a ;eword mo ;eword ke ;eword eng ;eword
Lieketseng ;eword
er ;eword e ;eword Lieketseng ;eword
helang ;eword ba ;eword tho ;eword ba ;eword mo ;eword dimo ;eword
u ;eword n ;eword tl ;eword el ;eword e ;eword le ;eword tse ;eword pedi ;eword
nna ;eword tse ;eword pedi ;eword ke ;eword tsena ;eword
tse ;eword pedi ;eword
n ;eword neh ;eword el ;eword ets ;eword e ;eword mona ;eword
nk ;eword a ;eword
Lieketseng ;eword di ;eword tharo ;eword feela ;eword
nk ;eword a ;eword ha ;eword ke ;eword batl ;eword e ;eword
le ;eword la ;eword Lineo ;eword
chee ;eword Tsebo ;eword tsa ;eword ka ;eword we ;eword
di ;eword ncha ;eword
ke ;eword maikrefon ;eword
ke ;eword ba ;eword hae ;eword
di ;eword eta ;eword tsa ;eword ka ;eword di ;eword teng ;eword lape ;eword ng ;eword
u ;eword le ;eword shano ;eword Lineo ;eword
u ;eword le ;eword shano ;eword
u ;eword le ;eword shano ;eword
mang ;eword
u ;eword le ;eword shano ;eword
eya ;eword bo ;eword
he ;eword wena ;eword bo ;eword u ;eword le ;eword shano ;eword
nna ;eword mme ;eword o ;eword pheh ;eword il ;eword e ;eword
Tsebo ;eword
u ;eword shap ;eword e ;eword di ;eword ntho ;eword tsa ;eword hao ;eword
Tsebo ;eword ho ;eword th ;eword w ;eword e ;eword u ;eword hah ;eword e ;eword
Tsebo ;eword ho ;eword th ;eword w ;eword e ;eword u ;eword hah ;eword e ;eword
Lieketseng ;eword tloo ;eword m ;eword patl ;eword is ;eword eng ;eword chelete ;eword
ke ;eword yane ;eword tlase ;eword
e ;eword kae ;eword
ke ;eword thots ;eword e ;eword ka ;eword chelete ;eword
tloh ;eword a ;eword Tsebo ;eword
tloh ;eword a ;eword Tsebo ;eword
ha ;eword le ;eword sa ;eword batl ;eword e ;eword ho ;eword qab ;eword an ;eword a ;eword
le ;eword ntate ;eword wa ;eword hao ;eword jwale ;eword
tsietsi ;eword e ;eword so ;eword fel ;eword e ;eword
tloh ;eword a ;eword Tsebo ;eword
ha ;eword u ;eword sa ;eword batl ;eword e ;eword hore ;eword re ;eword qab ;eword an ;eword e ;eword
math ;eword a ;eword Lieketseng ;eword
kotjom ;eword a ;eword
le ;eword ets ;eword e ;eword tjee ;eword
ke ;eword ilo ;eword e ;eword otl ;eword a ;eword
beh ;eword a ;eword kobo ;eword fatSe ;eword
beh ;eword a ;eword kobo ;eword fatSe ;eword ntate ;eword
beh ;eword a ;eword kobo ;eword fatSe ;eword
math ;eword a ;eword e ;eword qet ;eword a ;eword poone ;eword yane ;eword eso ;eword
er ;eword e ;eword tsw ;eword a ;eword
thol ;eword a ;eword
tsw ;eword a ;eword
thol ;eword a ;eword
ntate ;eword wa ;eword koloi ;eword
ntate ;eword koloi ;eword
bu ;eword a ;eword se ;eword khowa ;eword
se ;eword khowa ;eword
Hleso ;eword o ;eword kae ;eword
