ho ;eword ne ;eword ho ;eword ets ;eword w ;eword a ;eword jwang ;eword he ;eword
ken ;eword a ;eword le ;eword ngwana ;eword Tsebo ;eword
u ;eword ne ;eword u ;eword leb ;eword a ;eword kae ;eword jwale ;eword Lieketseng ;eword
ken ;eword a ;eword le ;eword ngwana ;eword Tsebo ;eword
ken ;eword a ;eword
u ;eword batl ;eword a ;eword ho ;eword pep ;eword uw ;eword a ;eword ke ;eword mang ;eword
u ;eword skaba ;eword n ;eword khathats ;eword a ;eword jwale ;eword
o ;eword khutl ;eword il ;eword e ;eword kae ;eword na ;eword ntate ;eword nnyeo ;eword
