Lineo ;eword hei ;eword wena ;eword u ;eword a ;eword n ;eword thwak ;eword a ;eword
Lineo ;eword ke ;eword wena ;eword
jwale ;eword ebe ;eword u ;eword nk ;eword il ;eword e ;eword ng ;eword fatSe ;eword moo ;eword
Tsebo ;eword
Lieketseng ;eword ha ;eword u ;eword tseb ;eword e ;eword ke ;eword fuper ;eword e ;eword ng ;eword ka ;eword moo ;eword
ke ;eword a ;eword tseb ;eword a ;eword
ke ;eword di ;eword pampiri ;eword wena ;eword Tsebo ;eword
ae ;eword hle ;eword ke ;eword di ;eword pompong ;eword
u ;eword a ;eword n ;eword thets ;eword a ;eword
e ;eword its ;eword e ;eword ha ;eword ke ;eword fihl ;eword a ;eword ka ;eword moo ;eword ka ;eword fuman ;eword a ;eword u ;eword se ;eword u ;eword rob ;eword eh ;eword il ;eword e ;eword
ka ;eword r ;eword e ;eword ere ;eword ke ;eword bon ;eword e ;eword ngwanana ;eword
u ;eword le ;eword thetsi ;eword hampe ;eword wena ;eword Tsebo ;eword ke ;eword a ;eword tseb ;eword a ;eword
u ;eword n ;eword thets ;eword a ;eword me ;eword hla ;eword ena ;eword
tsena ;eword tse ;eword pela ;eword poleiti ;eword di ;eword tharo ;eword
le ;eword yane ;eword ya ;eword le ;eword tswai ;eword
le ;eword yane ;eword e ;eword tSets ;eword e ;eword ng ;eword mo ;eword riana ;eword
le ;eword eo ;eword eseng ;eword ya ;eword le ;eword tswai ;eword
eo ;eword e ;eword pela ;eword di ;eword tlhare ;eword u ;eword e ;eword siy ;eword a ;eword kae ;eword
ke ;eword e ;eword bolets ;eword e ;eword le ;eword yona ;eword
halala ;eword tsa ;eword ka ;eword ke ;eword its ;eword e ;eword ke ;eword tsena ;eword
tse ;eword pela ;eword skaftini ;eword le ;eword botlolo ;eword ya ;eword fishoil ;eword
u ;eword ntse ;eword u ;eword r ;eword e ;eword pipipipi ;eword
Hleso ;eword tl ;eword is ;eword a ;eword di ;eword ntho ;eword tsena ;eword tsa ;eword ka ;eword
Hleso ;eword ake ;eword u ;eword tl ;eword is ;eword e ;eword di ;eword ntho ;eword tsena ;eword tsa ;eword ka ;eword
bo ;eword ausi ;eword Teboho ;eword mo ;eword hla ;eword keresemese ;eword ba ;eword ne ;eword ba ;eword j ;eword ell ;eword a ;eword le ;eword bekere ;eword ng ;eword lena ;eword
Ntseliseng ;eword athe ;eword u ;eword a ;eword re ;eword thets ;eword a ;eword
e ;eword ke ;eword tSwer ;eword w ;eword e ;eword ke ;eword ma ;eword hlo ;eword
hee ;eword bon ;eword ang ;eword ka ;eword ha ;eword mme ;eword Lieketseng ;eword ho ;eword jwang ;eword
ho ;eword kub ;eword ell ;eword a ;eword mo ;eword si ;eword
hakere ;eword ho ;eword uw ;eword a ;eword ma ;eword simo ;eword ng ;eword
hona ;eword jwale ;eword tjena ;eword hakere ;eword Hleso ;eword
hakere ;eword ho ;eword ilo ;eword hlahol ;eword w ;eword a ;eword
ke ;eword tla ;eword nk ;eword a ;eword wane ;eword o ;eword mo ;eword nyane ;eword wa ;eword ausi ;eword MantSo ;eword
helang ;eword wena ;eword Tsebo ;eword
Tsebo ;eword
le ;eword wena ;eword Lieketseng ;eword ake ;eword u ;eword tl ;eword os ;eword e ;eword di ;eword kobo ;eword tsena ;eword
