ke ;eword e ;eword is ;eword a ;eword pele ;eword
bon ;eword a ;eword
e ;eword bon ;eword a ;eword hore ;eword ntho ;eword ena ;eword e ;eword jwang ;eword
mme ;eword
ke ;eword oo ;eword
koloi ;eword
u ;eword mo ;eword rut ;eword a ;eword ho ;eword bu ;eword a ;eword empa ;eword a ;eword ntse ;eword a ;eword tseb ;eword a ;eword ho ;eword bu ;eword a ;eword
m ;eword ebile ;eword le ;eword chab ;eword il ;eword e ;eword
ke ;eword di ;eword les ;eword its ;eword e ;eword
ke ;eword tlilo ;eword ses ;eword a ;eword
ke ;eword tlilo ;eword kheth ;eword a ;eword
di ;eword erekise ;eword
he ;eword katse ;eword
e ;eword
ke ;eword ne ;eword ke ;eword bes ;eword e ;eword
