na ;eword u ;eword a ;eword khor ;eword a ;eword
a ;eword ! ;eword  ;eword  ;eword mo ;eword tho ;eword  ;eword  ;eword  ;eword  ;eword  ;eword  ;eword  ;eword a ;eword e ;eword j ;eword a ;eword
m ;eword ebe ;eword ke ;eword u ;eword nk ;eword il ;eword e ;eword
ebe ;eword u ;eword bop ;eword il ;eword e ;eword mo ;eword lonyana ;eword
ebile ;eword u ;eword a ;eword khal ;eword a ;eword
hona ;eword tjee ;eword kaba ;eword ke ;eword a ;eword hlafun ;eword a ;eword
o ;eword se ;eword a ;eword nts ;eword a ;eword r ;eword e ;eword
tloh ;eword a ;eword
nk ;eword a ;eword
ke ;eword tla ;eword u ;eword f ;eword a ;eword mo ;eword roho ;eword
nk ;eword a ;eword he ;eword
nk ;eword a ;eword
papa ;eword
e ;eword ej ;eword a ;eword
tloh ;eword a ;eword
j ;eword a ;eword le ;eword papa ;eword ena ;eword
j ;eword a ;eword
u ;eword ets ;eword a ;eword ng ;eword na ;eword mmannyeo ;eword
ebe ;eword u ;eword tell ;eword a ;eword ho ;eword jwang ;eword
ee ;eword bo ;eword wena ;eword
ee ;eword Litlhare ;eword ee ;eword
seka ;eword n ;eword tlwael ;eword a ;eword hampe ;eword
tloh ;eword a ;eword
ee ;eword Litlhare ;eword ska ;eword ets ;eword a ;eword tjena ;eword
tl ;eword o ;eword kwano ;eword
ke ;eword tlo ;eword u ;eword otl ;eword a ;eword wena ;eword
