Litlhare ;eword le ;eword nna ;eword ya ;eword ka ;eword ke ;eword ena ;eword
tloo ;eword ke ;eword tlo ;eword u ;eword bon ;eword a ;eword
Litlhare ;eword ke ;eword e ;eword beh ;eword il ;eword e ;eword hloho ;eword ng ;eword
u ;eword ngol ;eword a ;eword ng ;eword
ke ;eword r ;eword e ;eword na ;eword u ;eword ngol ;eword a ;eword ng ;eword
ngol ;eword a ;eword seven ;eword
e ;eword ngol ;eword a ;eword seven ;eword
Khekhe ;eword o ;eword kae ;eword
ha ;eword re ;eword y ;eword e ;eword Thabang ;eword
ha ;eword re ;eword y ;eword e ;eword Thabang ;eword Litlhare ;eword
ha ;eword re ;eword y ;eword e ;eword Thabang ;eword
Thabang ;eword ke ;eword kae ;eword
di ;eword ntho ;eword tsa ;eword hao ;eword di ;eword kae ;eword Litlhare ;eword
tloo ;eword ke ;eword tlo ;eword i ;eword pat ;eword a ;eword
tloo ;eword ke ;eword tlo ;eword i ;eword pat ;eword a ;eword
nna ;eword ya ;eword ka ;eword ke ;eword ena ;eword Litlhare ;eword
ke ;eword mang ;eword
ke ;eword mang ;eword ya ;eword u ;eword lelek ;eword is ;eword a ;eword ng ;eword e ;eword
mme ;eword Machaka ;eword o ;eword kae ;eword
e ;eword
mme ;eword Machaka ;eword o ;eword kae ;eword
bon ;eword a ;eword sheb ;eword a ;eword ke ;eword ne ;eword ke ;eword r ;eword e ;eword ke ;eword tla ;eword u ;eword f ;eword a ;eword di ;eword pompong ;eword
ke ;eword a ;eword e ;eword j ;eword a ;eword
Litlhare ;eword baleh ;eword a ;eword theoh ;eword a ;eword ke ;eword tl ;eword a ;eword ho ;eword tla ;eword u ;eword tSos ;eword a ;eword
u ;eword math ;eword e ;eword
u ;eword skaba ;eword ets ;eword a ;eword le ;eword rata ;eword ke ;eword baleh ;eword el ;eword a ;eword kwana ;eword
ha ;eword
Litlhare ;eword ke ;eword ena ;eword
theoh ;eword a ;eword
aa ;eword
o ;eword tla ;eword tl ;eword a ;eword ho ;eword u ;eword shap ;eword a ;eword
Litlhare ;eword ee ;eword
Litlhare ;eword ee ;eword tloo ;eword kwano ;eword
eke ;eword dul ;eword a ;eword dul ;eword a ;eword dul ;eword a ;eword ebe ;eword u ;eword duts ;eword e ;eword dul ;eword a ;eword
mme ;eword Machaka ;eword o ;eword tla ;eword u ;eword tim ;eword a ;eword di ;eword pompong ;eword he ;eword
ebile ;eword di ;eword teng ;eword dul ;eword a ;eword u ;eword a ;eword utlw ;eword a ;eword
ache ;eword Litlhare ;eword tloo ;eword mona ;eword
dul ;eword a ;eword fatSe ;eword u ;eword a ;eword utlw ;eword a ;eword
mme ;eword Machaka ;eword o ;eword tla ;eword u ;eword mul ;eword a ;eword akha ;eword
ke ;eword tla ;eword bits ;eword a ;eword se ;eword thuthuthu ;eword ebile ;eword
n ;eword kotl ;eword e ;eword Litlhare ;eword re ;eword bapal ;eword e ;eword geimi ;eword
baleh ;eword a ;eword Litlhare ;eword ke ;eword tlo ;eword u ;eword batl ;eword a ;eword
nk ;eword a ;eword kap ;eword a ;eword tloo ;eword ke ;eword u ;eword kap ;eword is ;eword e ;eword
Litlhare ;eword u ;eword a ;eword n ;eword qabol ;eword a ;eword bo ;eword ngwanana ;eword
Litlhare ;eword ha ;eword re ;eword bapal ;eword e ;eword geimi ;eword
Litlhare ;eword baleh ;eword a ;eword
mo ;eword otl ;eword e ;eword
tloo ;eword n ;eword kap ;eword is ;eword e ;eword
n ;eword kap ;eword is ;eword e ;eword ke ;eword le ;eword ka ;eword nqena ;eword
n ;eword kap ;eword is ;eword e ;eword
ke ;eword eno ;eword
e ;eword ha ;eword a ;eword e ;eword nk ;eword e ;eword kapa ;eword
u ;eword khathets ;eword e ;eword
u ;eword khathets ;eword e ;eword
u ;eword ska ;eword n ;eword kakhel ;eword a ;eword tsee ;eword tjena ;eword Litlhare ;eword
thul ;eword a ;eword mmannyeo ;eword
mmannyeo ;eword ke ;eword khathets ;eword e ;eword ichu ;eword ichu ;eword
Litlhare ;eword ha ;eword re ;eword bapal ;eword e ;eword geimi ;eword
baleh ;eword a ;eword
ket ;eword a ;eword pele ;eword
ket ;eword a ;eword u ;eword ll ;eword a ;eword
Litlhare ;eword o ;eword jing ;eword w ;eword e ;eword
ket ;eword a ;eword
ke ;eword ket ;eword e ;eword
ache ;eword nk ;eword a ;eword u ;eword ket ;eword e ;eword
wan ;eword
two ;eword
tri ;eword
four ;eword
butle ;eword u ;eword tla ;eword e ;eword lat ;eword a ;eword
Litlhare ;eword
tloo ;eword Litlhare ;eword re ;eword tlo ;eword qhom ;eword is ;eword a ;eword bolo ;eword
er ;eword e ;eword bolo ;eword
u ;eword tla ;eword e ;eword lat ;eword a ;eword
a ;eword
thul ;eword a ;eword ma ;eword bota ;eword
e ;eword akhel ;eword e ;eword
jwale ;eword u ;eword bapal ;eword a ;eword le ;eword eng ;eword
u ;eword bapal ;eword a ;eword le ;eword eng ;eword
ha ;eword re ;eword rah ;eword e ;eword Litlhare ;eword
rah ;eword a ;eword tse ;eword hodimo ;eword
hele ;eword ke ;eword u ;eword kor ;eword il ;eword e ;eword ke ;eword koulu ;eword
ke ;eword koulu ;eword
tl ;eword is ;eword a ;eword ke ;eword tla ;eword u ;eword qet ;eword el ;eword l ;eword a ;eword
u ;eword ska ;eword ba ;eword botswa ;eword Litlhare ;eword tloo ;eword re ;eword tlo ;eword ba ;eword dans ;eword a ;eword
e ;eword tsw ;eword il ;eword e ;eword hele ;eword e ;eword tsw ;eword il ;eword e ;eword
e ;eword tsw ;eword il ;eword e ;eword bolo ;eword ena ;eword
e ;eword ntS ;eword its ;eword w ;eword e ;eword ke ;eword wena ;eword
ket ;eword a ;eword Litlhare ;eword ket ;eword a ;eword wan ;eword
Litlhare ;eword u ;eword se ;eword u ;eword tseb ;eword a ;eword ho ;eword kap ;eword a ;eword
n ;eword kap ;eword is ;eword e ;eword
Litlhare ;eword yena ;eword u ;eword bets ;eword a ;eword hampe ;eword
Litlhare ;eword bolo ;eword e ;eword lahl ;eword il ;eword e ;eword
e ;eword lahl ;eword il ;eword e ;eword
e ;eword lahl ;eword il ;eword e ;eword
e ;eword il ;eword e ;eword le ;eword mola ;eword
u ;eword e ;eword lahl ;eword il ;eword e ;eword
tlase ;eword kwana ;eword
ke ;eword ena ;eword
he ;eword ke ;eword a ;eword han ;eword a ;eword
skanna ;eword
u ;eword tla ;eword be ;eword u ;eword e ;eword lahl ;eword e ;eword u ;eword tle ;eword bon ;eword e ;eword e ;eword tla ;eword y ;eword a ;eword kantle ;eword ka ;eword mane ;eword ka ;eword tlase ;eword ka ;eword mona ;eword
ai ;eword Litlhare ;eword ee ;eword
n ;eword kap ;eword is ;eword e ;eword pele ;eword
Litlhare ;eword u ;eword ska ;eword re ;eword otl ;eword a ;eword mo ;eword lomo ;eword ng ;eword o ;eword a ;eword petsoh ;eword a ;eword
Litlhare ;eword ntho ;eword ee ;eword e ;eword ntSo ;eword ke ;eword eng ;eword
ke ;eword mo ;eword lomo ;eword
yona ;eword ntho ;eword ee ;eword thimola ;eword ee ;eword
u ;eword tle ;eword e ;eword lahl ;eword e ;eword feela ;eword e ;eword tla ;eword y ;eword a ;eword le ;eword mola ;eword
Ntala ;eword o ;eword lahl ;eword il ;eword e ;eword bolo ;eword wena ;eword Litlhare ;eword
ka ;eword tlase ;eword
ke ;eword eno ;eword ka ;eword morao ;eword wena ;eword Litlhare ;eword ke ;eword eno ;eword
ka ;eword morao ;eword Libuseng ;eword
Litlhare ;eword tloo ;eword re ;eword tlo ;eword ket ;eword a ;eword pele ;eword ke ;eword pele ;eword
aa ;eword
bon ;eword ang ;eword ntho ;eword e ;eword tSab ;eword eh ;eword a ;eword ng ;eword ena ;eword
ba ;eword nk ;eword a ;eword di ;eword nawa ;eword mono ;eword
ha ;eword ho ;eword n ;eword a ;eword ache ;eword mona ;eword
em ;eword a ;eword ke ;eword tlo ;eword u ;eword kap ;eword is ;eword a ;eword
mashupushopu ;eword ke ;eword eng ;eword
u ;eword ne ;eword u ;eword n ;eword kotl ;eword a ;eword ha ;eword bohloko ;eword
che ;eword u ;eword n ;eword kap ;eword is ;eword a ;eword hantle ;eword Litlhare ;eword
u ;eword se ;eword u ;eword qad ;eword il ;eword e ;eword hape ;eword
ha ;eword ke ;eword na ;eword ho ;eword hlol ;eword a ;eword ho ;eword u ;eword kap ;eword is ;eword a ;eword
kap ;eword a ;eword Litlhare ;eword
u ;eword ntse ;eword u ;eword hlah ;eword is ;eword a ;eword di ;eword mpa ;eword tjee ;eword
a ;eword
ha ;eword ke ;eword a ;eword nk ;eword e ;eword bolo ;eword Litlhare ;eword
Litlhare ;eword ha ;eword re ;eword kor ;eword e ;eword
re ;eword kor ;eword e ;eword
butle ;eword re ;eword e ;eword beh ;eword a ;eword mona ;eword
eya ;eword eya ;eword bon ;eword a ;eword Litlhare ;eword
ke ;eword e ;eword lahl ;eword e ;eword
em ;eword a ;eword ke ;eword u ;eword kap ;eword is ;eword e ;eword
he ;eword Litlhare ;eword u ;eword a ;eword qhobots ;eword a ;eword
n ;eword kap ;eword is ;eword e ;eword
e ;eword lat ;eword e ;eword
Litlhare ;eword bolo ;eword e ;eword il ;eword e ;eword ka ;eword tlase ;eword
u ;eword e ;eword nk ;eword il ;eword e ;eword
ket ;eword a ;eword
bon ;eword a ;eword Litlhare ;eword
ke ;eword ya ;eword hao ;eword
ket ;eword a ;eword Litlhare ;eword ke ;eword bon ;eword e ;eword
nna ;eword ke ;eword a ;eword e ;eword batl ;eword a ;eword
ke ;eword ya ;eword hao ;eword
Litlhare ;eword n ;eword kap ;eword is ;eword e ;eword
e ;eword ntS ;eword e ;eword
e ;eword nts ;eword e ;eword Litlhare ;eword
e ;eword ntS ;eword e ;eword
e ;eword kae ;eword
e ;eword il ;eword e ;eword kae ;eword
kae ;eword
e ;eword akhel ;eword e ;eword
u ;eword ska ;eword e ;eword akhel ;eword a ;eword hampe ;eword
e ;eword akhel ;eword e ;eword haholo ;eword
ache ;eword Litlhare ;eword ket ;eword a ;eword
Litlhare ;eword u ;eword lahl ;eword il ;eword e ;eword bolo ;eword ya ;eword Mamakhowa ;eword
e ;eword kae ;eword
wena ;eword u ;eword baleh ;eword a ;eword ka ;eword bolo ;eword
e ;eword lahl ;eword e ;eword u ;eword tlo ;eword bon ;eword a ;eword Mamakhowa ;eword o ;eword tla ;eword u ;eword shap ;eword a ;eword
n ;eword kadim ;eword e ;eword n ;eword kadim ;eword e ;eword ke ;eword e ;eword ket ;eword e ;eword
aa ;eword he ;eword tsamay ;eword a ;eword u ;eword ilo ;eword em ;eword a ;eword mane ;eword pela ;eword le ;eword mati ;eword
ets ;eword a ;eword Litlhare ;eword
hlah ;eword a ;eword u ;eword bon ;eword e ;eword moo ;eword e ;eword dikets ;eword e ;eword ng ;eword
e ;eword kae ;eword
ke ;eword ena ;eword
Litlhare ;eword bolo ;eword e ;eword kae ;eword
ke ;eword ena ;eword
Litlhare ;eword yena ;eword o ;eword a ;eword baleh ;eword a ;eword
ket ;eword a ;eword ket ;eword a ;eword pele ;eword ke ;eword tla ;eword u ;eword mul ;eword a ;eword
ket ;eword a ;eword ke ;eword utlw ;eword e ;eword
mo ;eword tlohel ;eword e ;eword wena ;eword Litlhare ;eword o ;eword tla ;eword e ;eword lat ;eword a ;eword ka ;eword tlase ;eword ka ;eword mane ;eword
nna ;eword ke ;eword tlilo ;eword i ;eword tSeh ;eword el ;eword a ;eword skoch ;eword
ke ;eword i ;eword tSeh ;eword el ;eword a ;eword skoch ;eword sa ;eword ka ;eword
ke ;eword bapal ;eword a ;eword le ;eword wena ;eword u ;eword a ;eword utlw ;eword a ;eword
u ;eword ska ;eword ll ;eword a ;eword
ha ;eword n ;eword ka ;eword ba ;eword ka ;eword dis ;eword a ;eword
Litlhare ;eword kob ;eword a ;eword
he ;eword Litlhare ;eword ekare ;eword ke ;eword se ;eword ke ;eword fuman ;eword e ;eword ponto ;eword
ha ;eword re ;eword tlo ;eword ket ;eword e ;eword pele ;eword
ha ;eword re ;eword tlo ;eword ket ;eword e ;eword pele ;eword
eya ;eword ee ;eword ke ;eword se ;eword ka ;eword ket ;eword a ;eword
ha ;eword re ;eword ets ;eword e ;eword tjena ;eword
tloo ;eword tloo ;eword u ;eword ket ;eword e ;eword pele ;eword Litlhare ;eword
ket ;eword a ;eword mono ;eword
bolo ;eword ke ;eword yane ;eword
e ;eword se ;eword e ;eword le ;eword ya ;eword hao ;eword pela ;eword ya ;eword ka ;eword
ha ;eword re ;eword seb ;eword an ;eword a ;eword pele ;eword
ha ;eword re ;eword seb ;eword an ;eword a ;eword
ke ;eword seh ;eword a ;eword ngwana ;eword wa ;eword hao ;eword
hei ;eword ke ;eword ents ;eword e ;eword mo ;eword tho ;eword ya ;eword jwang ;eword
Litlhare ;eword bon ;eword a ;eword ngwana ;eword wa ;eword hao ;eword o ;eword a ;eword qhom ;eword a ;eword
butle ;eword ke ;eword ets ;eword e ;eword wa ;eword ka ;eword
a ;eword ke ;eword wa ;eword hao ;eword enwa ;eword
hei ;eword ngwana ;eword eo ;eword ke ;eword wa ;eword mang ;eword
ntho ;eword ee ;eword e ;eword tlets ;eword e ;eword phofo ;eword
ke ;eword u ;eword ets ;eword ets ;eword e ;eword ngwana ;eword wa ;eword ka ;eword
o ;eword ents ;eword e ;eword ng ;eword Mamakhowa ;eword
ha ;eword se ;eword bolo ;eword eno ;eword haeno ;eword
ke ;eword ya ;eword Mamakhowa ;eword
e ;eword u ;eword tla ;eword e ;eword rek ;eword el ;eword w ;eword a ;eword ha ;eword ntate ;eword Tebele ;eword bolo ;eword
e ;eword ya ;eword hao ;eword
e ;eword re ;eword tla ;eword di ;eword rek ;eword el ;eword w ;eword a ;eword
Litlhare ;eword u ;eword a ;eword robal ;eword a ;eword
u ;eword robal ;eword a ;eword mo ;eword tsehare ;eword eseng ;eword bo ;eword siu ;eword
mo ;eword samo ;eword o ;eword kae ;eword
ka ;eword tlung ;eword
ke ;eword wa ;eword mang ;eword
mme ;eword Masebina ;eword
oo ;eword
o ;eword o ;eword rek ;eword il ;eword e ;eword kae ;eword
ha ;eword Kotsia ;eword
u ;eword a ;eword tseb ;eword a ;eword ha ;eword Kotsia ;eword
ho ;eword ho ;eword tle ;eword
ho ;eword ho ;eword tle ;eword
ho ;eword rek ;eword il ;eword w ;eword e ;eword ng ;eword
o ;eword tla ;eword rek ;eword a ;eword di ;eword eta ;eword tse ;eword ngata ;eword
le ;eword me ;eword se ;eword e ;eword me ;eword ngata ;eword
le ;eword me ;eword se ;eword e ;eword me ;eword ngata ;eword
eya ;eword ka ;eword teranke ;eword ng ;eword
er ;eword e ;eword ka ;eword teranke ;eword ng ;eword
ka ;eword moo ;eword ka ;eword tlung ;eword
le ;eword di ;eword pompong ;eword
tsa ;eword ho ;eword kae ;eword
five ;eword sente ;eword
e ;eword
ya ;eword mang ;eword
siks ;eword ranta ;eword
di ;eword kuskus ;eword
e ;eword chee ;eword ke ;eword a ;eword di ;eword bon ;eword a ;eword di ;eword kuskus ;eword
ke ;eword kuskus ;eword yona ;eword ntho ;eword e ;eword telele ;eword tjee ;eword
di ;eword kuskus ;eword di ;eword kana ;eword
hele ;eword hele ;eword u ;eword le ;eword thetsi ;eword Litlhare ;eword di ;eword tjena ;eword
hei ;eword ha ;eword e ;eword kalo ;eword se ;eword retse ;eword sena ;eword
haka ;eword
tloo ;eword ke ;eword u ;eword bon ;eword tS ;eword e ;eword na ;eword di ;eword kae ;eword
di ;eword kana ;eword
di ;eword kana ;eword di ;eword kuskus ;eword
we ;eword u ;eword se ;eword u ;eword r ;eword e ;eword di ;eword kalo ;eword
empa ;eword di ;eword le ;eword kana ;eword di ;eword kuskus ;eword
di ;eword pompong ;eword di ;eword kae ;eword
di ;eword pompong ;eword di ;eword kae ;eword
di ;eword lamune ;eword di ;eword kae ;eword
di ;eword apole ;eword di ;eword kae ;eword
beh ;eword a ;eword di ;eword apole ;eword Litlhare ;eword
hela ;eword hei ;eword u ;eword a ;eword di ;eword tseb ;eword a ;eword di ;eword apole ;eword Litlhare ;eword
Litlhare ;eword
Litlhare ;eword
se ;eword kotlolo ;eword se ;eword se ;eword kana ;eword
jwale ;eword u ;eword y ;eword a ;eword kae ;eword
u ;eword tlo ;eword nk ;eword a ;eword popodia ;eword
Litlhare ;eword ke ;eword eng ;eword ntho ;eword ee ;eword
Litlhare ;eword ke ;eword eng ;eword
e ;eword
ke ;eword ntho ;eword ya ;eword hao ;eword
u ;eword e ;eword nk ;eword il ;eword e ;eword kae ;eword
bon ;eword a ;eword soka ;eword
ke ;eword soka ;eword sa ;eword mang ;eword see ;eword
ee ;eword ke ;eword sa ;eword ka ;eword
we ;eword
Litlhare ;eword u ;eword a ;eword qabol ;eword a ;eword
ke ;eword bane ;eword
bon ;eword a ;eword
khofu ;eword e ;eword kae ;eword
ke ;eword khofu ;eword
e ;eword sheb ;eword e ;eword bon ;eword a ;eword bon ;eword a ;eword bon ;eword a ;eword
u ;eword a ;eword bon ;eword a ;eword e ;eword phaham ;eword is ;eword its ;eword e ;eword
tlohel ;eword a ;eword
ee ;eword tSwar ;eword a ;eword ena ;eword
tSwar ;eword a ;eword ena ;eword
ee ;eword tlohel ;eword a ;eword ena ;eword tSwar ;eword a ;eword ena ;eword
e ;eword mul ;eword e ;eword
u ;eword e ;eword bon ;eword a ;eword e ;eword a ;eword hlah ;eword a ;eword
bon ;eword a ;eword e ;eword a ;eword w ;eword el ;eword a ;eword
bon ;eword a ;eword e ;eword a ;eword w ;eword el ;eword a ;eword
u ;eword a ;eword bon ;eword a ;eword e ;eword w ;eword ets ;eword e ;eword
ere ;eword ke ;eword e ;eword tSel ;eword e ;eword mo ;eword bu ;eword
e ;eword phaham ;eword e ;eword
ere ;eword ke ;eword e ;eword phaham ;eword is ;eword e ;eword
bon ;eword a ;eword ha ;eword ke ;eword a ;eword e ;eword dihel ;eword e ;eword
bon ;eword a ;eword
bon ;eword a ;eword e ;eword a ;eword han ;eword a ;eword
e ;eword y ;eword a ;eword butle ;eword
ke ;eword khofu ;eword
o ;eword e ;eword qhal ;eword el ;eword a ;eword ng ;eword
bon ;eword a ;eword ke ;eword a ;eword e ;eword tSel ;eword a ;eword he ;eword
ke ;eword e ;eword palam ;eword is ;eword e ;eword
bon ;eword a ;eword Bobo ;eword bon ;eword a ;eword bon ;eword a ;eword
bon ;eword a ;eword ke ;eword e ;eword qhal ;eword e ;eword
e ;eword kae ;eword
e ;eword fat ;eword e ;eword mona ;eword
e ;eword kae ;eword moo ;eword
e ;eword butle ;eword
e ;eword butle ;eword Litlhare ;eword
Litlhare ;eword mme ;eword Machaka ;eword
e ;eword
ke ;eword tla ;eword e ;eword lef ;eword a ;eword sente ;eword ya ;eword hao ;eword
e ;eword kae ;eword
e ;eword batl ;eword e ;eword
ke ;eword kwal ;eword e ;eword
wena ;eword u ;eword e ;eword dih ;eword a ;eword ka ;eword le ;eword tsoho ;eword
butle ;eword ke ;eword tSel ;eword e ;eword
bon ;eword a ;eword Litlhare ;eword
bon ;eword a ;eword
ke ;eword qhal ;eword e ;eword
ke ;eword qhal ;eword e ;eword Litlhare ;eword
er ;eword e ;eword e ;eword
u ;eword mo ;eword is ;eword a ;eword kae ;eword
e ;eword kae ;eword
e ;eword butle ;eword
ha ;eword ke ;eword e ;eword bon ;eword e ;eword
e ;eword butle ;eword
ho ;eword th ;eword w ;eword e ;eword
bon ;eword a ;eword
e ;eword kae ;eword moo ;eword
u ;eword e ;eword lahl ;eword il ;eword e ;eword
ke ;eword ne ;eword ke ;eword e ;eword nk ;eword il ;eword e ;eword
e ;eword batl ;eword e ;eword
e ;eword batl ;eword e ;eword
bon ;eword a ;eword
sheb ;eword a ;eword
Litlhare ;eword u ;eword a ;eword nk ;eword a ;eword mona ;eword
Litlhare ;eword u ;eword a ;eword ee ;eword
e ;eword kae ;eword
Litlhare ;eword ha ;eword re ;eword e ;eword batl ;eword e ;eword mono ;eword
ha ;eword e ;eword yo ;eword
ha ;eword re ;eword e ;eword batl ;eword e ;eword
ska ;eword i ;eword ngway ;eword a ;eword
e ;eword batl ;eword e ;eword
ha ;eword e ;eword yo ;eword mona ;eword
ha ;eword e ;eword yo ;eword
ha ;eword e ;eword sa ;eword le ;eword yo ;eword
jwale ;eword re ;eword ntse ;eword re ;eword phut ;eword oll ;eword a ;eword
nna ;eword ebile ;eword ke ;eword a ;eword e ;eword bon ;eword a ;eword
e ;eword kae ;eword
ke ;eword ena ;eword
Litlhare ;eword batl ;eword a ;eword chelete ;eword
m ;eword ph ;eword e ;eword u ;eword e ;eword nk ;eword il ;eword e ;eword
seka ;eword e ;eword qhal ;eword a ;eword ka ;eword le ;eword tsoho ;eword Litlhare ;eword
re ;eword e ;eword qhal ;eword e ;eword ka ;eword serata ;eword
u ;eword a ;eword e ;eword qhwaoll ;eword a ;eword
e ;eword kebe ;eword ya ;eword qhwaol ;eword eh ;eword a ;eword
Litlhare ;eword ha ;eword re ;eword batl ;eword e ;eword chelete ;eword
ke ;eword di ;eword ntho ;eword tsa ;eword ka ;eword tsena ;eword
helang ;eword Litlhare ;eword
hei ;eword Litlhare ;eword rona ;eword re ;eword nk ;eword il ;eword e ;eword mona ;eword
ke ;eword ena ;eword
ke ;eword hat ;eword il ;eword e ;eword sente ;eword
ke ;eword ena ;eword
Litlhare ;eword bon ;eword a ;eword
ke ;eword tla ;eword u ;eword tSel ;eword a ;eword ka ;eword se ;eword fane ;eword ng ;eword ka ;eword mona ;eword
utlw ;eword a ;eword ha ;eword khofu ;eword e ;eword math ;eword a ;eword
bon ;eword a ;eword se ;eword fofane ;eword feela ;eword
u ;eword r ;eword e ;eword ke ;eword khofu ;eword
tsena ;eword di ;eword hlah ;eword il ;eword e ;eword
e ;eword
Mpho ;eword o ;eword ntse ;eword a ;eword e ;eword nk ;eword il ;eword e ;eword chelete ;eword eno ;eword ya ;eword hao ;eword
he ;eword ke ;eword ena ;eword
chelete ;eword ke ;eword ena ;eword
ke ;eword enana ;eword Litlhare ;eword
hosetele ;eword
hosetele ;eword
nna ;eword ... ;eword mme ;eword Masebina ;eword
Litlhare ;eword ee ;eword
Litlhare ;eword ha ;eword re ;eword bin ;eword eng ;eword ba ;eword sadi ;eword
Metsing ;eword ha ;eword re ;eword bin ;eword e ;eword le ;eword wena ;eword a ;eword a ;eword a ;eword
Litlhare ;eword tloo ;eword nk ;eword e ;eword e ;eword tala ;eword
ke ;eword ena ;eword
u ;eword le ;eword shano ;eword wena ;eword Litlhare ;eword
Litlhare ;eword le ;eword ngol ;eword an ;eword a ;eword ng ;eword hantle ;eword
ba ;eword ngol ;eword a ;eword ng ;eword
ba ;eword chek ;eword a ;eword ng ;eword
Litlhare ;eword o ;eword le ;eword bat ;eword a ;eword
hai ;eword u ;eword a ;eword tseb ;eword a ;eword matitae ;eword
e ;eword ka ;eword mola ;eword
ke ;eword eng ;eword ntho ;eword eo ;eword
ere ;eword ke ;eword bon ;eword e ;eword
u ;eword khopane ;eword
Litlhare ;eword chelete ;eword ke ;eword ena ;eword
le ;eword jwe ;eword leo ;eword ke ;eword mo ;eword nna ;eword wa ;eword hao ;eword
mo ;eword nyan ;eword ts ;eword e ;eword
u ;eword mo ;eword lom ;eword el ;eword a ;eword ng ;eword
Litlhare ;eword u ;eword se ;eword u ;eword khots ;eword e ;eword
u ;eword se ;eword u ;eword lap ;eword il ;eword e ;eword
u ;eword khad ;eword il ;eword e ;eword
Litlhare ;eword ha ;eword re ;eword tlo ;eword bin ;eword a ;eword hostele ;eword
ke ;eword u ;eword tSwar ;eword e ;eword
wena ;eword ha ;eword u ;eword bin ;eword e ;eword hostele ;eword
hostele ;eword
hobane ;eword u ;eword bon ;eword a ;eword abuti ;eword Khoalla ;eword a ;eword j ;eword a ;eword
u ;eword se ;eword u ;eword lap ;eword il ;eword e ;eword hobane ;eword u ;eword khad ;eword il ;eword e ;eword
u ;eword se ;eword khalakhalane ;eword
Litlhare ;eword ke ;eword u ;eword jwents ;eword e ;eword ausi ;eword Mamello ;eword o ;eword tla ;eword u ;eword rek ;eword el ;eword a ;eword ma ;eword kwenya ;eword
ma ;eword kwenya ;eword u ;eword thol ;eword e ;eword u ;eword a ;eword utlw ;eword a ;eword
ha ;eword u ;eword a ;eword kwad ;eword is ;eword a ;eword mo ;eword nyako ;eword mane ;eword
tsamay ;eword a ;eword u ;eword y ;eword e ;eword kwad ;eword is ;eword a ;eword wena ;eword Litlhare ;eword
hakere ;eword maobane ;eword re ;eword ile ;eword ra ;eword j ;eword a ;eword di ;eword apole ;eword
nna ;eword ke ;eword lap ;eword il ;eword e ;eword
mo ;eword neh ;eword e ;eword
eya ;eword le ;eword ba ;eword nana ;eword le ;eword utlw ;eword a ;eword ng ;eword
ba ;eword nana ;eword ba ;eword ka ;eword
le ;eword ba ;eword nana ;eword
u ;eword lap ;eword il ;eword e ;eword
u ;eword lap ;eword il ;eword e ;eword
ka ;eword se ;eword jwang ;eword
Litlhare ;eword ke ;eword se ;eword ka ;eword ilo ;eword mo ;eword ches ;eword a ;eword ka ;eword titonong ;eword
Litlhare ;eword u ;eword a ;eword ten ;eword a ;eword
u ;eword lap ;eword il ;eword e ;eword
be ;eword butle ;eword
re ;eword se ;eword re ;eword tla ;eword tsamay ;eword a ;eword
mme ;eword Machaka ;eword o ;eword ya ;eword u ;eword f ;eword a ;eword papa ;eword
u ;eword a ;eword utlw ;eword a ;eword
bo ;eword butle ;eword Sebina ;eword a ;eword fihl ;eword e ;eword
a ;eword tla ;eword u ;eword ngwath ;eword el ;eword a ;eword
re ;eword tsamay ;eword e ;eword
u ;eword lap ;eword il ;eword e ;eword
hei ;eword ngwana ;eword eo ;eword weso ;eword o ;eword lap ;eword il ;eword e ;eword
re ;eword tsamay ;eword e ;eword
u ;eword lap ;eword il ;eword e ;eword ka ;eword se ;eword se ;eword sweu ;eword
re ;eword siy ;eword e ;eword ausi ;eword Mamello ;eword
re ;eword mo ;eword siy ;eword e ;eword
hobaneng ;eword
arab ;eword a ;eword potso ;eword
arab ;eword a ;eword di ;eword potso ;eword
ke ;eword u ;eword felehets ;eword e ;eword
Litlhare ;eword be ;eword butle ;eword
re ;eword se ;eword re ;eword tla ;eword tsamay ;eword a ;eword
u ;eword ska ;eword ll ;eword a ;eword u ;eword a ;eword utlw ;eword a ;eword
mme ;eword Machaka ;eword o ;eword ilo ;eword u ;eword f ;eword a ;eword di ;eword jo ;eword
u ;eword a ;eword utlw ;eword a ;eword
u ;eword tlo ;eword tseb ;eword e ;eword ho ;eword bu ;eword a ;eword ka ;eword mo ;eword thamo ;eword
u ;eword a ;eword utlw ;eword a ;eword
ntate ;eword wa ;eword hao ;eword ke ;eword mang ;eword
ntate ;eword Migele ;eword
o ;eword tla ;eword u ;eword tl ;eword el ;eword a ;eword le ;eword di ;eword apole ;eword
u ;eword a ;eword utlw ;eword a ;eword
tse ;eword ngata ;eword
u ;eword tim ;eword e ;eword Majoro ;eword
ha ;eword re ;eword y ;eword e ;eword
u ;eword dieh ;eword a ;eword ho ;eword tsamay ;eword a ;eword
re ;eword tsamay ;eword e ;eword
u ;eword a ;eword utlw ;eword a ;eword
u ;eword ilo ;eword j ;eword a ;eword
u ;eword a ;eword utlw ;eword a ;eword
Litlhare ;eword ke ;eword eng ;eword ntho ;eword ee ;eword
