e ;eword
m ;eword
m ;eword
m ;eword
e ;eword
kae ;eword
mme ;eword
e ;eword
m ;eword
mme ;eword utsebe ;eword ntja ;eword yane ;eword ya ;eword botsebo ;eword ealoma ;eword
nna ;eword keaabatla ;eword
e ;eword
ntho ;eword eno ;eword ke ;eword lekhapetla ;eword
ha ;eword a ;eword yo ;eword
mme ;eword lebokose ;eword laka ;eword
erekisi ;eword ke ;eword yane ;eword
ke ;eword yane ;eword
ke ;eword lena ;eword lekhapetla ;eword
ke ;eword lane ;eword
kelenkile ;eword mona ;eword
ketlisa ;eword makhapetla ;eword
tsenetu ;eword utlwa ;eword
tsenetu ;eword
ka ;eword mola ;eword
mme ;eword bona ;eword ngwana ;eword
opaqame ;eword
oakhasa ;eword enwa ;eword
m ;eword
keja ;eword kaofela ;eword
bonang ;eword we ;eword
keja ;eword kaofela ;eword
neuoe ;eword oanthaha ;eword
tsenetu ;eword
ke ;eword eng ;eword
kenkeng ;eword
erekisi ;eword ee ;eword
erekisi ;eword
keatseba ;eword hoebola ;eword
keatseba ;eword hoebola ;eword
nkabakaebola ;eword hantle ;eword
keaopoqa ;eword mose ;eword ona ;eword
kesekeopoqile ;eword
keatsela ;eword ka ;eword mona ;eword
nka ;eword
keilobitsa ;eword neuoe ;eword
otsamaile ;eword
keilokuka ;eword lejwe ;eword
dintho ;eword tsee ;eword ke ;eword ding ;eword
tsenetu ;eword oangwatha ;eword ka ;eword mona ;eword
sebodu ;eword
abatlaamphahla ;eword
mme ;eword bona ;eword tsenetu ;eword
makhapetla ;eword ana ;eword keiloaqhala ;eword
keiloaqhala ;eword
mme ;eword
