kahle ;eword
Mololo ;eword kahle ;eword
Mololo ;eword mo ;eword kalam ;eword e ;eword
kahle ;eword ke ;eword bon ;eword e ;eword kahle ;eword
kahle ;eword ke ;eword mo ;eword beh ;eword e ;eword hantle ;eword
tsoh ;eword a ;eword Mololo ;eword
ako ;eword n ;eword kets ;eword ets ;eword e ;eword tSomo ;eword Mololo ;eword
Mololo ;eword tsip ;eword a ;eword mona ;eword u ;eword a ;eword utlw ;eword a ;eword
he ;eword dumela ;eword mo ;eword rena ;eword
u ;eword a ;eword phel ;eword a ;eword mo ;eword rena ;eword Mololo ;eword
eya ;eword mo ;eword rena ;eword
ets ;eword a ;eword tjena ;eword Mololo ;eword
ae ;eword kahle ;eword Mololo ;eword
mo ;eword tlohel ;eword e ;eword ke ;eword bon ;eword e ;eword na ;eword u ;eword tla ;eword ets ;eword a ;eword jwang ;eword u ;eword a ;eword utlw ;eword a ;eword
o ;eword r ;eword e ;eword u ;eword mo ;eword f ;eword e ;eword ele ;eword e ;eword ngwe ;eword
ntS ;eword a ;eword ele ;eword e ;eword ngwe ;eword u ;eword mo ;eword f ;eword e ;eword
kahle ;eword Mololo ;eword
busets ;eword a ;eword eno ;eword mane ;eword
neh ;eword a ;eword Mololo ;eword
u ;eword a ;eword mo ;eword f ;eword a ;eword
