tSwene ;eword ke ;eword ena ;eword
kobo ;eword ee ;eword e ;eword j ;eword el ;eword e ;eword
ke ;eword e ;eword ntS ;eword e ;eword
e ;eword ken ;eword tS ;eword w ;eword e ;eword ke ;eword mang ;eword
ke ;eword e ;eword ntS ;eword its ;eword e ;eword
ke ;eword ntS ;eword its ;eword e ;eword tSwene ;eword
koko ;eword e ;eword teng ;eword se ;eword hlohlolo ;eword ng ;eword koko ;eword
e ;eword tsw ;eword il ;eword e ;eword le ;eword mane ;eword le ;eword se ;eword hlohlolo ;eword ng ;eword
ako ;eword
la ;eword Hlobohang ;eword
koloi ;eword e ;eword nk ;eword il ;eword e ;eword
e ;eword y ;eword a ;eword kwana ;eword
nna ;eword ke ;eword dih ;eword ets ;eword e ;eword ng ;eword
ke ;eword is ;eword its ;eword e ;eword hodimo ;eword
ha ;eword le ;eword na ;eword ho ;eword fihl ;eword el ;eword a ;eword
ke ;eword is ;eword its ;eword e ;eword hodimo ;eword
ha ;eword le ;eword na ;eword ho ;eword fihl ;eword el ;eword a ;eword mona ;eword
e ;eword fihl ;eword el ;eword e ;eword ke ;eword bon ;eword e ;eword
u ;eword e ;eword f ;eword uw ;eword e ;eword ke ;eword mang ;eword
o ;eword e ;eword nk ;eword il ;eword e ;eword
wena ;eword Hlobohang ;eword
helele ;eword wena ;eword Hlobohang ;eword
Hlobohang ;eword u ;eword e ;eword lahl ;eword il ;eword e ;eword
nna ;eword ke ;eword tla ;eword r ;eword e ;eword le ;eword ne ;eword le ;eword tl ;eword is ;eword a ;eword tse ;eword di ;eword ng ;eword
nna ;eword ke ;eword tla ;eword r ;eword e ;eword di ;eword ne ;eword di ;eword tl ;eword a ;eword le ;eword Hlobohang ;eword
di ;eword tholwana ;eword wena ;eword
nna ;eword ke ;eword tla ;eword r ;eword e ;eword u ;eword lahl ;eword il ;eword e ;eword tsa ;eword ka ;eword
hakere ;eword u ;eword lahl ;eword il ;eword e ;eword tsa ;eword ka ;eword tse ;eword pedi ;eword
u ;eword lahl ;eword il ;eword e ;eword tse ;eword ngata ;eword
u ;eword a ;eword qal ;eword a ;eword ka ;eword e ;eword ngwe ;eword
di ;eword ne ;eword di ;eword le ;eword kae ;eword
e ;eword le ;eword wan ;eword tho ;eword sekese ;eword
u ;eword lahl ;eword il ;eword e ;eword di ;eword perekisi ;eword tsa ;eword ka ;eword
wan ;eword thu ;eword sek ;eword fo ;eword thu ;eword thu ;eword sek ;eword
bon ;eword a ;eword ba ;eword nk ;eword il ;eword e ;eword le ;eword thipa ;eword
e ;eword mo ;eword ng ;eword o ;eword nk ;eword il ;eword e ;eword le ;eword thipa ;eword
e ;eword mo ;eword ng ;eword o ;eword nk ;eword il ;eword e ;eword le ;eword thipa ;eword
ba ;eword nk ;eword il ;eword e ;eword di ;eword ntho ;eword tsa ;eword ma ;eword mati ;eword
a ;eword mo ;eword hlab ;eword a ;eword
ake ;eword u ;eword m ;eword ph ;eword e ;eword ake ;eword u ;eword m ;eword ph ;eword e ;eword tsa ;eword hao ;eword ke ;eword tsena ;eword tse ;eword pedi ;eword
ya ;eword hao ;eword ke ;eword yane ;eword
he ;eword se ;eword se ;eword ng ;eword ke ;eword sane ;eword
tl ;eword is ;eword a ;eword se ;eword se ;eword ng ;eword
hae ;eword tl ;eword is ;eword a ;eword se ;eword se ;eword ng ;eword
haeso ;eword kwa ;eword Matieng ;eword
ho ;eword chek ;eword a ;eword
tsamay ;eword a ;eword ho ;eword lat ;eword a ;eword tseno ;eword tsa ;eword ka ;eword
tsane ;eword
Hlobohang ;eword tsamay ;eword a ;eword ho ;eword rwal ;eword a ;eword tsa ;eword hao ;eword
le ;eword bin ;eword a ;eword hantle ;eword
n ;eword tlohel ;eword e ;eword
ha ;eword re ;eword ken ;eword e ;eword ka ;eword tlung ;eword
ha ;eword le ;eword is ;eword e ;eword
he ;eword ke ;eword mona ;eword
Hlobohang ;eword tsamay ;eword a ;eword ho ;eword lat ;eword a ;eword beisene ;eword ya ;eword hao ;eword
nk ;eword a ;eword seno ;eword sa ;eword ka ;eword ha ;eword u ;eword rat ;eword a ;eword
mm ;eword
u ;eword batl ;eword a ;eword e ;eword ntle ;eword he ;eword
u ;eword tSel ;eword e ;eword
o ;eword a ;eword ches ;eword a ;eword
bon ;eword e ;eword e ;eword ntle ;eword
u ;eword be ;eword u ;eword e ;eword kap ;eword e ;eword
nna ;eword u ;eword tlo ;eword m ;eword pon ;eword e ;eword
nna ;eword ke ;eword ets ;eword a ;eword fariki ;eword
he ;eword bon ;eword a ;eword katse ;eword
ho ;eword chek ;eword a ;eword
le ;eword nna ;eword ke ;eword a ;eword khor ;eword a ;eword
nna ;eword ke ;eword its ;eword e ;eword ke ;eword a ;eword khor ;eword a ;eword
ke ;eword ketane ;eword
nna ;eword ke ;eword a ;eword qet ;eword a ;eword nyeo ;eword
o ;eword fol ;eword e ;eword o ;eword tla ;eword u ;eword ches ;eword a ;eword
o ;eword tla ;eword u ;eword ches ;eword a ;eword
ke ;eword mang ;eword ya ;eword ngwath ;eword il ;eword e ;eword ng ;eword moo ;eword
wena ;eword Hlobohang ;eword u ;eword ngwath ;eword il ;eword e ;eword
nna ;eword ke ;eword batl ;eword a ;eword o ;eword fol ;eword e ;eword
nna ;eword ke ;eword batl ;eword a ;eword o ;eword mo ;eword ches ;eword e ;eword
e ;eword
nna ;eword ke ;eword batl ;eword a ;eword oo ;eword
e ;eword tla ;eword n ;eword tabol ;eword a ;eword
ke ;eword tla ;eword u ;eword ripitl ;eword a ;eword
e ;eword tla ;eword u ;eword ets ;eword a ;eword jwang ;eword
di ;eword pedi ;eword
di ;eword katsekatse ;eword di ;eword pedi ;eword
u ;eword tje ;eword
di ;eword pedi ;eword
ke ;eword a ;eword e ;eword peny ;eword a ;eword
wena ;eword u ;eword em ;eword ets ;eword e ;eword katse ;eword
ke ;eword tlo ;eword bolel ;eword a ;eword
u ;eword e ;eword rah ;eword il ;eword e ;eword ka ;eword se ;eword eta ;eword
nna ;eword ha ;eword ke ;eword a ;eword e ;eword mul ;eword a ;eword eno ;eword
wena ;eword ho ;eword th ;eword w ;eword e ;eword ng ;eword u ;eword katsekatse ;eword
ke ;eword tlo ;eword u ;eword otl ;eword a ;eword ka ;eword phafa ;eword
he ;eword wena ;eword
ke ;eword tla ;eword u ;eword mul ;eword a ;eword
he ;eword ena ;eword e ;eword nyanyane ;eword
a ;eword wena ;eword
hona ;eword ke ;eword di ;eword poleiti ;eword
nna ;eword poleiti ;eword ya ;eword ka ;eword ke ;eword ena ;eword
eno ;eword ke ;eword ya ;eword rona ;eword le ;eword Hlobohang ;eword
ya ;eword hao ;eword ke ;eword yane ;eword
hakere ;eword ya ;eword hao ;eword ke ;eword ela ;eword
ke ;eword r ;eword e ;eword ena ;eword
e ;eword tje ;eword
m ;eword
nna ;eword ke ;eword j ;eword a ;eword ka ;eword khaba ;eword
ho ;eword chek ;eword a ;eword
nna ;eword
u ;eword a ;eword nyafots ;eword a ;eword
ke ;eword mo ;eword nyafots ;eword a ;eword ka ;eword mo ;eword hlafotsa ;eword
u ;eword nk ;eword e ;eword mo ;eword hlafotsa ;eword wa ;eword hao ;eword
nna ;eword ke ;eword metsi ;eword
o ;eword n ;eword kotl ;eword il ;eword e ;eword
bon ;eword a ;eword Hlobohang ;eword
e ;eword phuny ;eword eh ;eword il ;eword e ;eword
nna ;eword ke ;eword bes ;eword a ;eword pele ;eword
le ;eword nna ;eword
di ;eword katsekatse ;eword
ke ;eword a ;eword e ;eword rah ;eword a ;eword ka ;eword se ;eword eta ;eword
ken ;eword a ;eword
jowe ;eword e ;eword a ;eword lom ;eword a ;eword
e ;eword tla ;eword u ;eword lom ;eword a ;eword
Hlobohang ;eword ena ;eword o ;eword ten ;eword a ;eword mo ;eword se ;eword
m ;eword
ka ;eword ma ;eword hetle ;eword ng ;eword
ehe ;eword
ho ;eword ke ;eword mang ;eword ya ;eword phints ;eword e ;eword ng ;eword
kwal ;eword a ;eword
phiny ;eword a ;eword
ho ;eword chek ;eword a ;eword
ke ;eword a ;eword phuny ;eword a ;eword mono ;eword
koo ;eword ka ;eword hlab ;eword a ;eword
nna ;eword ke ;eword ngwana ;eword mo ;eword shanyana ;eword
katse ;eword
ha ;eword u ;eword rat ;eword a ;eword
e ;eword tla ;eword tl ;eword a ;eword
ho ;eword tl ;eword a ;eword mona ;eword
nna ;eword ke ;eword j ;eword a ;eword hantsutsu ;eword
nna ;eword ke ;eword its ;eword e ;eword
u ;eword a ;eword bon ;eword a ;eword
u ;eword ne ;eword u ;eword its ;eword e ;eword
nna ;eword ke ;eword le ;eword nk ;eword il ;eword e ;eword la ;eword ba ;eword na ;eword ba ;eword ka ;eword
jaa ;eword
helang ;eword jaa ;eword
mo ;eword si ;eword o ;eword tl ;eword a ;eword ka ;eword tlung ;eword ka ;eword mona ;eword
q ;eword o ;eword tl ;eword a ;eword ka ;eword tlung ;eword q ;eword
katse ;eword ke ;eword tla ;eword e ;eword mul ;eword a ;eword
le ;eword ntwana ;eword lena ;eword ke ;eword batl ;eword a ;eword haholo ;eword eseng ;eword hanyane ;eword
e ;eword e ;eword j ;eword ow ;eword e ;eword
ke ;eword ena ;eword
ke ;eword mang ;eword ya ;eword qhad ;eword il ;eword e ;eword ng ;eword
ke ;eword eng ;eword ya ;eword qhad ;eword il ;eword e ;eword ng ;eword mo ;eword hlafotsa ;eword wa ;eword ka ;eword
n ;eword jwets ;eword eng ;eword ke ;eword mang ;eword
nna ;eword ke ;eword y ;eword a ;eword ma ;eword tlape ;eword ng ;eword pele ;eword
ke ;eword tswer ;eword w ;eword e ;eword ke ;eword ma ;eword tlapa ;eword
e ;eword haholo ;eword
le ;eword wena ;eword ngwath ;eword a ;eword
ha ;eword re ;eword y ;eword eng ;eword ma ;eword tlape ;eword ng ;eword he ;eword
aa ;eword bana ;eword ba ;eword nk ;eword il ;eword e ;eword
ke ;eword hoba ;eword
ke ;eword nk ;eword il ;eword e ;eword mo ;eword hlafotsa ;eword wa ;eword hao ;eword
eya ;eword
ke ;eword o ;eword bon ;eword e ;eword
mm ;eword
ntho ;eword ena ;eword ke ;eword tlo ;eword e ;eword nk ;eword a ;eword
enwa ;eword o ;eword ngwath ;eword il ;eword e ;eword
nna ;eword ba ;eword ka ;eword ke ;eword bona ;eword Hlobohang ;eword mo ;eword shana ;eword
u ;eword bo ;eword lahl ;eword il ;eword e ;eword
bo ;eword le ;eword ng ;eword di ;eword phahlo ;eword ng ;eword mona ;eword
bo ;eword teng ;eword ka ;eword mona ;eword wena ;eword
Hlobohang ;eword ke ;eword bo ;eword bon ;eword e ;eword ka ;eword mona ;eword
nna ;eword ke ;eword a ;eword hlw ;eword a ;eword
nna ;eword ke ;eword a ;eword hlw ;eword a ;eword ke ;eword r ;eword e ;eword
ha ;eword ke ;eword theoh ;eword a ;eword ke ;eword r ;eword e ;eword
ke ;eword jethem ;eword e ;eword
bon ;eword a ;eword ba ;eword il ;eword e ;eword bana ;eword bana ;eword
re ;eword tla ;eword tloh ;eword a ;eword
n ;eword chap ;eword e ;eword
n ;eword chap ;eword e ;eword
ma ;eword tsoho ;eword a ;eword hao ;eword a ;eword ma ;eword nyane ;eword
a ;eword ka ;eword a ;eword ma ;eword holo ;eword
a ;eword n ;eword shap ;eword e ;eword
ke ;eword sheb ;eword a ;eword kae ;eword
dumela ;eword mo ;eword rena ;eword
e ;eword mo ;eword rena ;eword dumela ;eword mo ;eword rena ;eword
u ;eword phel ;eword a ;eword jwang ;eword mo ;eword rena ;eword
utlw ;eword a ;eword
e ;eword mo ;eword rena ;eword
ke ;eword phel ;eword a ;eword hantle ;eword mo ;eword rena ;eword
jwale ;eword ke ;eword phel ;eword a ;eword hantle ;eword mo ;eword rena ;eword
mo ;eword riri ;eword
eng ;eword
ke ;eword a ;eword u ;eword dihel ;eword a ;eword
ke ;eword a ;eword u ;eword kham ;eword a ;eword
ha ;eword a ;eword na ;eword ho ;eword n ;eword fahl ;eword a ;eword lekhale ;eword
le ;eword khala ;eword
lekhale ;eword ha ;eword a ;eword na ;eword ho ;eword n ;eword fahl ;eword a ;eword lekhale ;eword
katse ;eword
ke ;eword tla ;eword u ;eword potlots ;eword a ;eword haholo ;eword
e ;eword ngwe ;eword ke ;eword ena ;eword
tsip ;eword a ;eword kwae ;eword
tsip ;eword a ;eword kwae ;eword
mantila ;eword tilane ;eword
mantila ;eword tilane ;eword
mantila ;eword tilane ;eword
mantila ;eword tilane ;eword
hoshe ;eword mantila ;eword tilane ;eword
mantila ;eword tilane ;eword
mantila ;eword tilane ;eword
he ;eword ngwana ;eword mo ;eword shanyana ;eword
ngwana ;eword mo ;eword shanyana ;eword ee ;eword
ngwana ;eword mo ;eword shanyana ;eword
nna ;eword ke ;eword khann ;eword a ;eword Potsotso ;eword
nna ;eword ke ;eword khann ;eword a ;eword di ;eword teraka ;eword
ke ;eword tla ;eword e ;eword bets ;eword a ;eword
nna ;eword ke ;eword tla ;eword khann ;eword a ;eword baesekele ;eword
nna ;eword ke ;eword tla ;eword khann ;eword a ;eword baesekele ;eword
nna ;eword ke ;eword tla ;eword mo ;eword rek ;eword el ;eword a ;eword kumbakumba ;eword
nna ;eword ke ;eword tla ;eword mo ;eword rek ;eword el ;eword a ;eword le ;eword ntho ;eword ya ;eword teng ;eword
nna ;eword ke ;eword tla ;eword u ;eword rek ;eword el ;eword a ;eword le ;eword di ;eword capisi ;eword di ;eword capisi ;eword
nna ;eword ke ;eword tla ;eword rek ;eword a ;eword ma ;eword sentlase ;eword
nna ;eword ke ;eword i ;eword thek ;eword el ;eword e ;eword koloi ;eword hee ;eword
nna ;eword ke ;eword tla ;eword rek ;eword a ;eword Naledi ;eword
ke ;eword e ;eword bets ;eword e ;eword
nna ;eword ke ;eword e ;eword bets ;eword e ;eword
he ;eword ba ;eword tho ;eword ba ;eword tho ;eword
ke ;eword r ;eword e ;eword ke ;eword ilo ;eword katakat ;eword a ;eword
e ;eword a ;eword r ;eword e ;eword two ;eword two ;eword
e ;eword n ;eword a ;eword ng ;eword le ;eword teraefa ;eword
le ;eword Spotty ;eword
Spotty ;eword
e ;eword tla ;eword u ;eword lok ;eword is ;eword a ;eword le ;eword hlanya ;eword towe ;eword
u ;eword le ;eword hlanya ;eword wena ;eword
jase ;eword
helang ;eword banna ;eword
bo ;eword rikhwe ;eword
ke ;eword ten ;eword
ches ;eword a ;eword
ere ;eword ke ;eword bon ;eword e ;eword helang ;eword banna ;eword
nna ;eword m ;eword pat ;eword e ;eword
baki ;eword ya ;eword ka ;eword e ;eword teng ;eword
e ;eword th ;eword w ;eword e ;eword e ;eword tala ;eword nyana ;eword baki ;eword
ke ;eword thoto ;eword ntho ;eword ena ;eword e ;eword is ;eword iw ;eword a ;eword ng ;eword Natala ;eword kwana ;eword
e ;eword is ;eword iw ;eword a ;eword Natala ;eword
e ;eword jowe ;eword basadi ;eword e ;eword a ;eword n ;eword hlol ;eword a ;eword
eke ;eword
ha ;eword qoto ;eword nono ;eword
a ;eword Mololo ;eword di ;eword tSeh ;eword uw ;eword a ;eword kantle ;eword
nna ;eword nna ;eword ke ;eword i ;eword theol ;eword el ;eword a ;eword baki ;eword ya ;eword hae ;eword
ke ;eword nna ;eword ke ;eword a ;eword i ;eword theol ;eword el ;eword a ;eword
eya ;eword monna ;eword
wena ;eword u ;eword tlo ;eword robal ;eword ets ;eword a ;eword ka ;eword mona ;eword
