ke ;eword e ;eword nk ;eword il ;eword e ;eword mane ;eword
ha ;eword e ;eword j ;eword ew ;eword e ;eword
o ;eword tsw ;eword a ;eword o ;eword tsw ;eword a ;eword ma ;eword simo ;eword ng ;eword
ke ;eword a ;eword le ;eword batl ;eword a ;eword
e ;eword
mme ;eword
koloi ;eword
ee ;eword o ;eword batl ;eword a ;eword ho ;eword qhekell ;eword a ;eword Mololo ;eword ke ;eword tsotsi ;eword
o ;eword se ;eword a ;eword tseb ;eword a ;eword ho ;eword y ;eword a ;eword khefi ;eword ng ;eword a ;eword le ;eword mo ;eword kale ;eword nyana ;eword
ke ;eword han ;eword a ;eword ho ;eword mo ;eword rwes ;eword a ;eword
ke ;eword han ;eword a ;eword ho ;eword mo ;eword rwes ;eword a ;eword
nna ;eword ha ;eword e ;eword na ;eword ho ;eword n ;eword khohled ;eword is ;eword a ;eword nna ;eword
u ;eword a ;eword mo ;eword dul ;eword a ;eword
abuti ;eword Kabelo ;eword
