di ;eword eta ;eword tse ;eword ntle ;eword ke ;eword tsena ;eword tse ;eword tSweu ;eword
le ;eword tsena ;eword
mo ;eword tabol ;eword el ;eword eng ;eword
mo ;eword tabol ;eword el ;eword eng ;eword Mpinane ;eword
mo ;eword tloel ;eword e ;eword Mpi ;eword
ke ;eword mo ;eword tabol ;eword el ;eword e ;eword
u ;eword a ;eword utlw ;eword a ;eword
mo ;eword tabol ;eword el ;eword e ;eword Mpinane ;eword
tloh ;eword ang ;eword Nthati ;eword
Mafehloase ;eword tloh ;eword a ;eword
mo ;eword tlohel ;eword e ;eword
ho ;eword th ;eword w ;eword e ;eword re ;eword mo ;eword tlohel ;eword e ;eword Ntala ;eword Namame ;eword
butle ;eword le ;eword wena ;eword ma ;eword nchwathi ;eword
hae ;eword wena ;eword Namane ;eword ho ;eword its ;eword w ;eword e ;eword u ;eword sa ;eword n ;eword hlodiy ;eword a ;eword
u ;eword phethol ;eword eh ;eword il ;eword e ;eword
hae ;eword wena ;eword Namane ;eword ake ;eword o ;eword thol ;eword e ;eword
ako ;eword thol ;eword e ;eword wena ;eword ngwana ;eword towe ;eword
koloi ;eword ke ;eword ena ;eword Namane ;eword
u ;eword ets ;eword a ;eword ng ;eword Thabo ;eword
wena ;eword Thabo ;eword Malehloa ;eword
