hakere ;eword Tsebo ;eword o ;eword ile ;eword a ;eword r ;eword e ;eword lona ;eword ke ;eword le ;eword nk ;eword e ;eword
mm ;eword
o ;eword nk ;eword il ;eword e ;eword ng ;eword ntho ;eword ena ;eword ya ;eword mo ;eword se ;eword wena ;eword ke ;eword eng ;eword
wena ;eword ha ;eword u ;eword tseb ;eword e ;eword na ;eword ke ;eword eng ;eword ntho ;eword ee ;eword
ae ;eword hakere ;eword wena ;eword u ;eword hla ;eword u ;eword han ;eword e ;eword
ha ;eword re ;eword u ;eword pep ;eword is ;eword a ;eword u ;eword hla ;eword u ;eword han ;eword e ;eword
e ;eword e ;eword
u ;eword ntse ;eword u ;eword ets ;eword a ;eword ng ;eword
ee ;eword u ;eword ngol ;eword a ;eword kae ;eword jwale ;eword
u ;eword a ;eword tim ;eword a ;eword mang ;eword
hakere ;eword ke ;eword tla ;eword mo ;eword rek ;eword el ;eword a ;eword
Tsebo ;eword ake ;eword u ;eword dul ;eword e ;eword ka ;eword di ;eword tono ;eword fatSe ;eword
ke ;eword pensele ;eword
u ;eword e ;eword is ;eword a ;eword kae ;eword
Tsebo ;eword o ;eword ne ;eword a ;eword le ;eword rek ;eword el ;eword w ;eword a ;eword ke ;eword mang ;eword
Tsebo ;eword u ;eword ets ;eword a ;eword ng ;eword
chech ;eword ell ;eword a ;eword kwana ;eword
ake ;eword u ;eword bon ;eword e ;eword
u ;eword a ;eword bon ;eword a ;eword
Tsebo ;eword u ;eword ets ;eword a ;eword ng ;eword
Tsebo ;eword seka ;eword y ;eword a ;eword ka ;eword mora ;eword hae ;eword hle ;eword
mo ;eword tlohel ;eword e ;eword
tlohel ;eword a ;eword ngwana ;eword
tlohell ;eword a ;eword ngwana ;eword Tsebo ;eword
Tsebo ;eword u ;eword ets ;eword a ;eword ng ;eword ngwana ;eword wena ;eword
Tsebo ;eword
tl ;eword os ;eword a ;eword se ;eword tulo ;eword u ;eword se ;eword bus ;eword ell ;eword ets ;eword e ;eword mane ;eword
eya ;eword seka ;eword se ;eword koqol ;eword a ;eword
tjena ;eword
tjena ;eword se ;eword bus ;eword el ;eword ets ;eword e ;eword mane ;eword
wena ;eword u ;eword tla ;eword thul ;eword a ;eword ngwana ;eword
ke ;eword eng ;eword
tlohel ;eword a ;eword he ;eword
se ;eword tlohel ;eword e ;eword
ere ;eword ke ;eword u ;eword rob ;eword el ;eword e ;eword
u ;eword mo ;eword rob ;eword el ;eword a ;eword ng ;eword
e ;eword le ;eword ya ;eword mang ;eword
u ;eword a ;eword mo ;eword rob ;eword el ;eword a ;eword e ;eword le ;eword ya ;eword mang ;eword
u ;eword y ;eword a ;eword kae ;eword
Tsebo ;eword ken ;eword a ;eword u ;eword y ;eword a ;eword kae ;eword
Tsebo ;eword u ;eword y ;eword a ;eword kae ;eword
tloo ;eword u ;eword bapad ;eword is ;eword e ;eword ngwana ;eword
ke ;eword mang ;eword ya ;eword qet ;eword il ;eword e ;eword ng ;eword pele ;eword
jwale ;eword Tsebo ;eword u ;eword ets ;eword a ;eword jwang ;eword
