ha ;eword u ;eword le ;eword ha ;eword mme ;eword Machaka ;eword
Litlhare ;eword a ;eword r ;eword e ;eword ausi ;eword Masebina ;eword u ;eword le ;eword thetsi ;eword
Litlhare ;eword
hai ;eword u ;eword tla ;eword n ;eword seh ;eword a ;eword wena ;eword
n ;eword tlohel ;eword e ;eword
he ;eword wena ;eword n ;eword tlohel ;eword e ;eword
u ;eword n ;eword kets ;eword a ;eword ng ;eword
ha ;eword se ;eword nna ;eword ke ;eword mo ;eword kotsolane ;eword ona ;eword
mo ;eword kotsolane ;eword oo ;eword
ke ;eword mme ;eword wa ;eword ka ;eword eo ;eword
mo ;eword kotsolane ;eword oo ;eword
u ;eword y ;eword a ;eword kae ;eword wena ;eword
mo ;eword ya ;eword mo ;eword ya ;eword ona ;eword o ;eword tla ;eword u ;eword
o ;eword tla ;eword u ;eword nk ;eword a ;eword mo ;eword ya ;eword ona ;eword o ;eword u ;eword lahl ;eword el ;eword a ;eword kwana ;eword
dendenge ;eword
ha ;eword se ;eword se ;eword sepa ;eword
ke ;eword mo ;eword llo ;eword wa ;eword ka ;eword
nna ;eword ke ;eword a ;eword u ;eword bon ;eword a ;eword
ke ;eword a ;eword e ;eword pat ;eword a ;eword
ke ;eword a ;eword e ;eword pat ;eword a ;eword ntho ;eword ena ;eword
u ;eword qhad ;eword il ;eword e ;eword mo ;eword llo ;eword
u ;eword qhad ;eword il ;eword e ;eword mo ;eword llo ;eword
he ;eword u ;eword a ;eword kwal ;eword a ;eword
u ;eword a ;eword kwal ;eword a ;eword Litlhare ;eword
tlohel ;eword a ;eword
u ;eword hloph ;eword a ;eword le ;eword mina ;eword
hlweph ;eword a ;eword le ;eword mina ;eword
e ;eword ke ;eword a ;eword hlweph ;eword a ;eword
Litlhare ;eword
e ;eword lahl ;eword a ;eword ena ;eword
chee ;eword e ;eword pat ;eword e ;eword
sekaba ;eword mo ;eword lat ;eword a ;eword
ka ;eword thol ;eword a ;eword ka ;eword thutswana ;eword
ka ;eword thol ;eword a ;eword
bon ;eword a ;eword
ke ;eword a ;eword tsamay ;eword a ;eword
ka ;eword ba ;eword tsamay ;eword a ;eword
ke ;eword i ;eword thol ;eword l ;eword a ;eword nna ;eword
ke ;eword a ;eword tsamay ;eword a ;eword
ke ;eword ntse ;eword ke ;eword i ;eword thol ;eword l ;eword a ;eword chee ;eword
ka ;eword i ;eword thol ;eword l ;eword a ;eword
ej ;eword a ;eword bo ;eword
ha ;eword ha ;eword e ;eword a ;eword e ;eword j ;eword a ;eword
u ;eword a ;eword sebets ;eword a ;eword Litlhare ;eword
u ;eword qhal ;eword a ;eword mo ;eword llo ;eword
nk ;eword a ;eword mo ;eword llo ;eword fiel ;eword a ;eword
mo ;eword llo ;eword wa ;eword ka ;eword
ke ;eword mo ;eword llo ;eword wa ;eword ka ;eword nna ;eword
m ;eword ph ;eword e ;eword mo ;eword llo ;eword wa ;eword ka ;eword
Mokhwebe ;eword nk ;eword a ;eword ntho ;eword ena ;eword ya ;eword ka ;eword
m ;eword ph ;eword e ;eword ke ;eword o ;eword hlweb ;eword a ;eword
m ;eword ph ;eword e ;eword
ke ;eword tsa ;eword ka ;eword di ;eword thutswana ;eword tse ;eword pedi ;eword
di ;eword thutswana ;eword ke ;eword tsena ;eword
ke ;eword mo ;eword llo ;eword
u ;eword jwets ;eword a ;eword mo ;eword tho ;eword a ;eword mola ;eword he ;eword
ntlo ;eword ya ;eword ka ;eword
heso ;eword kwana ;eword
he ;eword he ;eword ke ;eword tsona ;eword
m ;eword ph ;eword e ;eword ke ;eword hlweb ;eword e ;eword
m ;eword
di ;eword jo ;eword tsa ;eword hao ;eword ke ;eword a ;eword di ;eword j ;eword a ;eword wena ;eword
hlweb ;eword a ;eword wena ;eword
ere ;eword ke ;eword tlo ;eword o ;eword hlweb ;eword a ;eword
ere ;eword ke ;eword hlweb ;eword e ;eword
ntho ;eword ya ;eword ka ;eword
ke ;eword a ;eword o ;eword hlweb ;eword a ;eword
u ;eword r ;eword e ;eword ke ;eword sele ;eword
u ;eword j ;eword el ;eword e ;eword
nk ;eword a ;eword
a ;eword e ;eword ken ;eword ts ;eword e ;eword
tlohel ;eword a ;eword ntho ;eword ya ;eword ka ;eword
helang ;eword
ke ;eword eno ;eword
ke ;eword tla ;eword u ;eword mul ;eword a ;eword wena ;eword
six ;eword
u ;eword bal ;eword a ;eword mang ;eword
tloh ;eword a ;eword
tloh ;eword a ;eword mona ;eword
sele ;eword
ke ;eword tla ;eword u ;eword mul ;eword a ;eword wena ;eword
u ;eword sele ;eword
hei ;eword wena ;eword
ke ;eword tla ;eword u ;eword bolay ;eword a ;eword
u ;eword a ;eword potapot ;eword a ;eword
ke ;eword tla ;eword u ;eword bolay ;eword a ;eword bloody ;eword fool ;eword
ke ;eword tla ;eword u ;eword mul ;eword a ;eword
ke ;eword tla ;eword u ;eword bolay ;eword a ;eword
ke ;eword tla ;eword u ;eword bolay ;eword a ;eword
ke ;eword tla ;eword u ;eword bolay ;eword a ;eword
ke ;eword tla ;eword u ;eword mul ;eword a ;eword
ha ;eword ke ;eword n ;eword a ;eword le ;eword tho ;eword
ka ;eword thol ;eword a ;eword ka ;eword mo ;eword llo ;eword wa ;eword ka ;eword Litlhare ;eword
nk ;eword a ;eword mo ;eword llo ;eword wa ;eword hao ;eword
ke ;eword ono ;eword
ke ;eword ona ;eword mo ;eword llo ;eword wa ;eword hao ;eword
ha ;eword heno ;eword
ha ;eword heno ;eword
mo ;eword llo ;eword wa ;eword ka ;eword
ke ;eword ena ;eword
ichu ;eword Litlhare ;eword
e ;eword lok ;eword il ;eword e ;eword mona ;eword
nk ;eword a ;eword ena ;eword ya ;eword hao ;eword
nk ;eword a ;eword ntho ;eword ena ;eword
tl ;eword is ;eword a ;eword ntho ;eword ena ;eword ya ;eword ka ;eword
ke ;eword ya ;eword ka ;eword nna ;eword
ke ;eword a ;eword han ;eword a ;eword
ke ;eword a ;eword han ;eword a ;eword ka ;eword mona ;eword
Litlhare ;eword u ;eword ntse ;eword u ;eword n ;eword kets ;eword a ;eword ng ;eword
tloh ;eword a ;eword haeso ;eword mona ;eword
tl ;eword is ;eword a ;eword ntho ;eword ena ;eword ya ;eword ka ;eword
u ;eword ets ;eword a ;eword ng ;eword
Litlhare ;eword u ;eword ntse ;eword u ;eword otl ;eword el ;eword a ;eword ng ;eword ntho ;eword ee ;eword ya ;eword ba ;eword tho ;eword
mo ;eword llo ;eword wa ;eword ka ;eword
u ;eword a ;eword n ;eword hlab ;eword a ;eword
Litlhare ;eword u ;eword qhad ;eword il ;eword e ;eword mo ;eword llo ;eword wa ;eword ba ;eword tho ;eword
ka ;eword thol ;eword a ;eword ka ;eword mo ;eword llo ;eword wa ;eword ka ;eword
Litlhare ;eword bon ;eword a ;eword mo ;eword llo ;eword wa ;eword ka ;eword o ;eword mo ;eword ngata ;eword
tloo ;eword bon ;eword e ;eword mo ;eword llo ;eword wa ;eword ka ;eword
bon ;eword a ;eword mo ;eword llo ;eword wa ;eword ka ;eword Litlhare ;eword
bon ;eword a ;eword mo ;eword llo ;eword wa ;eword ka ;eword
mo ;eword llo ;eword o ;eword mo ;eword ngata ;eword ke ;eword ona ;eword
Litlhare ;eword bon ;eword a ;eword mo ;eword llo ;eword wa ;eword ka ;eword
ke ;eword thots ;eword e ;eword ka ;eword mo ;eword llo ;eword
ke ;eword utlw ;eword a ;eword tuk ;eword a ;eword laete ;eword
ke ;eword thots ;eword e ;eword ka ;eword mo ;eword llo ;eword wa ;eword ka ;eword
ke ;eword mo ;eword llo ;eword wa ;eword ka ;eword ona ;eword
yane ;eword
ka ;eword e ;eword seny ;eword a ;eword mo ;eword llo ;eword ono ;eword
ka ;eword e ;eword seny ;eword a ;eword
re ;eword e ;eword seny ;eword a ;eword re ;eword na ;eword le ;eword Litlhare ;eword
ako ;eword n ;eword chap ;eword e ;eword
u ;eword r ;eword e ;eword ng ;eword Litlhare ;eword
tloo ;eword u ;eword j ;eword a ;eword
tsamay ;eword a ;eword u ;eword ilo ;eword j ;eword a ;eword
tloo ;eword ako ;eword u ;eword tlo ;eword j ;eword a ;eword j ;eword a ;eword
u ;eword tlo ;eword j ;eword a ;eword
tloo ;eword
bobol ;eword a ;eword
tloo ;eword
mo ;eword llo ;eword o ;eword tlo ;eword ches ;eword a ;eword di ;eword eta ;eword
ka ;eword ches ;eword a ;eword di ;eword eta ;eword
ke ;eword wa ;eword ka ;eword
ke ;eword thonak ;eword a ;eword ka ;eword di ;eword nawa ;eword
u ;eword sa ;eword y ;eword a ;eword kae ;eword Litlhare ;eword
u ;eword r ;eword e ;eword e ;eword
u ;eword r ;eword e ;eword
u ;eword r ;eword e ;eword khor ;eword a ;eword jwale ;eword
u ;eword r ;eword e ;eword khor ;eword a ;eword
m ;eword u ;eword a ;eword khor ;eword a ;eword
u ;eword a ;eword khor ;eword a ;eword
m ;eword ph ;eword e ;eword ke ;eword khor ;eword e ;eword
ke ;eword u ;eword jwets ;eword e ;eword Litlhare ;eword
m ;eword
le ;eword a ;eword bolel ;eword a ;eword e ;eword teng ;eword mona ;eword
nk ;eword a ;eword
nk ;eword a ;eword
pampiri ;eword ela ;eword bo ;eword ha ;eword e ;eword ch ;eword e ;eword
u ;eword a ;eword tseb ;eword a ;eword ya ;eword e ;eword ches ;eword a ;eword ng ;eword
ha ;eword se ;eword nna ;eword ya ;eword ets ;eword e ;eword ng ;eword
sheb ;eword a ;eword ena ;eword he ;eword
eng ;eword
ke ;eword a ;eword pep ;eword a ;eword
ha ;eword ke ;eword e ;eword rwets ;eword e ;eword
Litlhare ;eword ake ;eword u ;eword n ;eword tlohel ;eword e ;eword di ;eword eta ;eword
Litlhare ;eword ake ;eword u ;eword n ;eword tlohel ;eword e ;eword di ;eword eta ;eword
Litlhare ;eword tsamay ;eword a ;eword ho ;eword se ;eword nk ;eword a ;eword se ;eword eta ;eword sa ;eword ka ;eword
ke ;eword tseno ;eword
se ;eword beh ;eword e ;eword ka ;eword morao ;eword
ke ;eword sane ;eword pela ;eword kharafu ;eword kwana ;eword
se ;eword se ;eword ng ;eword ebile ;eword e ;eword le ;eword see ;eword
Litlhare ;eword
Litlhare ;eword u ;eword r ;eword e ;eword wa ;eword khor ;eword a ;eword
e ;eword
ke ;eword mo ;eword haolwane ;eword ng ;eword moo ;eword
n ;eword cheb ;eword e ;eword Litlhare ;eword
n ;eword cheb ;eword e ;eword
Litlhare ;eword ee ;eword n ;eword sheb ;eword e ;eword
n ;eword sheb ;eword e ;eword
Litlhare ;eword ee ;eword n ;eword cheb ;eword e ;eword
nna ;eword ke ;eword a ;eword baleh ;eword a ;eword
hei ;eword di ;eword tSwan ;eword a ;eword le ;eword tsa ;eword Ntiea ;eword
tsa ;eword Ntiea ;eword di ;eword tSwan ;eword a ;eword le ;eword tsa ;eword Ntala ;eword
sheb ;eword a ;eword koloi ;eword ena ;eword
sheb ;eword a ;eword tipatipanyane ;eword
e ;eword batl ;eword a ;eword ho ;eword tip ;eword a ;eword
e ;eword ents ;eword e ;eword tsena ;eword
e ;eword a ;eword dul ;eword a ;eword
u ;eword a ;eword bin ;eword a ;eword
e ;eword kap ;eword e ;eword
ke ;eword eno ;eword bolo ;eword
ke ;eword yane ;eword ho ;eword mme ;eword ho ;eword mme ;eword
ska ;eword e ;eword thib ;eword a ;eword
ke ;eword be ;eword ke ;eword se ;eword ke ;eword e ;eword thib ;eword il ;eword e ;eword
Litlhare ;eword ntho ;eword yane ;eword ke ;eword ile ;eword ka ;eword e ;eword r ;eword e ;eword
e ;eword kae ;eword
e ;eword kae ;eword bolo ;eword
Litlhare ;eword o ;eword pat ;eword a ;eword bolo ;eword
e ;eword kae ;eword bolo ;eword Litlhare ;eword
se ;eword rope ;eword
n ;eword kap ;eword is ;eword e ;eword
ke ;eword yane ;eword bolo ;eword
bolo ;eword ke ;eword ena ;eword
Litlhare ;eword we ;eword akhel ;eword a ;eword mme ;eword
e ;eword akhel ;eword e ;eword mane ;eword kwana ;eword
bets ;eword ets ;eword e ;eword
kapa ;eword
neh ;eword a ;eword Litlhare ;eword
ha ;eword ke ;eword so ;eword bets ;eword e ;eword
Namane ;eword o ;eword e ;eword bets ;eword a ;eword le ;eword kae ;eword yena ;eword
f ;eword a ;eword Namane ;eword Litlhare ;eword
ha ;eword re ;eword em ;eword ell ;eword e ;eword mona ;eword le ;eword bote ;eword ng ;eword
Litlhare ;eword bolo ;eword ke ;eword yane ;eword
Litlhare ;eword bolo ;eword ke ;eword eno ;eword
u ;eword a ;eword e ;eword bon ;eword a ;eword
e ;eword
tonki ;eword e ;eword rat ;eword a ;eword di ;eword wete ;eword
di ;eword wete ;eword di ;eword rat ;eword a ;eword tonki ;eword
bets ;eword a ;eword
bets ;eword a ;eword Litlhare ;eword
e ;eword kae ;eword
akhel ;eword a ;eword jwale ;eword
Litlhare ;eword
e ;eword
ke ;eword ilo ;eword e ;eword qhom ;eword is ;eword a ;eword feela ;eword kantle ;eword ka ;eword mane ;eword
m ;eword
ehe ;eword
n ;eword kap ;eword is ;eword e ;eword
n ;eword kap ;eword is ;eword e ;eword mono ;eword
u ;eword a ;eword e ;eword bon ;eword a ;eword
u ;eword a ;eword robal ;eword a ;eword
Litlhare ;eword n ;eword kap ;eword is ;eword e ;eword
ke ;eword a ;eword u ;eword ntS ;eword a ;eword
ke ;eword tla ;eword mul ;eword a ;eword se ;eword tono ;eword
ke ;eword ena ;eword
m ;eword pets ;eword ets ;eword e ;eword
Litlhare ;eword tl ;eword is ;eword a ;eword bolo ;eword eno ;eword
ke ;eword e ;eword kuk ;eword e ;eword jwale ;eword
ha ;eword se ;eword ya ;eword hao ;eword
e ;eword
ke ;eword chol ;eword o ;eword hore ;eword u ;eword tla ;eword be ;eword u ;eword e ;eword nk ;eword e ;eword
bolo ;eword ke ;eword ena ;eword
e ;eword ilo ;eword hele ;eword ts ;eword a ;eword ha ;eword e ;eword qom ;eword a ;eword
he ;eword Litlhare ;eword u ;eword e ;eword pat ;eword il ;eword e ;eword
ke ;eword ena ;eword
ke ;eword ena ;eword ke ;eword a ;eword e ;eword bon ;eword a ;eword
hae ;eword wena ;eword
Mabopela ;eword o ;eword a ;eword r ;eword e ;eword ha ;eword a ;eword ets ;eword a ;eword tipatipanyane ;eword ke ;eword eng ;eword
otl ;eword a ;eword
er ;eword e ;eword ee ;eword
ka ;eword morao ;eword
bolo ;eword nk ;eword a ;eword
ke ;eword a ;eword khochol ;eword a ;eword
m ;eword pets ;eword ets ;eword e ;eword
e ;eword
tloo ;eword Mabopela ;eword
thus ;eword a ;eword Mabopela ;eword
mo ;eword akhel ;eword e ;eword Litlhare ;eword
mo ;eword akhel ;eword e ;eword Litlhare ;eword
u ;eword ne ;eword u ;eword sa ;eword e ;eword nk ;eword e ;eword ke ;eword mang ;eword
ke ;eword be ;eword ke ;eword se ;eword ke ;eword r ;eword e ;eword
seka ;eword mul ;eword a ;eword ma ;eword nkokwane ;eword moo ;eword
ke ;eword a ;eword e ;eword nk ;eword a ;eword nna ;eword bolo ;eword ena ;eword
ke ;eword eo ;eword
Litlhare ;eword n ;eword kakhel ;eword e ;eword
e ;eword nk ;eword e ;eword
ets ;eword a ;eword ka ;eword di ;eword tsebe ;eword
nk ;eword a ;eword mona ;eword
m ;eword
e ;eword kae ;eword
ke ;eword tlo ;eword nk ;eword a ;eword
j ;eword a ;eword ena ;eword
j ;eword a ;eword eno ;eword pele ;eword
ba ;eword f ;eword e ;eword ke ;eword ba ;eword na ;eword beno ;eword
ba ;eword f ;eword e ;eword
m ;eword ph ;eword e ;eword eno ;eword u ;eword e ;eword nk ;eword e ;eword ena ;eword
Litlhare ;eword u ;eword ets ;eword a ;eword ng ;eword
ke ;eword e ;eword siy ;eword il ;eword e ;eword
u ;eword a ;eword utlw ;eword a ;eword
tl ;eword is ;eword a ;eword ke ;eword seh ;eword el ;eword e ;eword Ntala ;eword
u ;eword tlo ;eword tseb ;eword e ;eword ho ;eword e ;eword j ;eword a ;eword hantle ;eword
le ;eword monate ;eword
m ;eword ph ;eword e ;eword namune ;eword
m ;eword ph ;eword e ;eword namune ;eword Litlhare ;eword
tloh ;eword a ;eword Litlhare ;eword ngwana ;eword
tloh ;eword a ;eword mme ;eword
ke ;eword le ;eword bese ;eword la ;eword hao ;eword
u ;eword ka ;eword be ;eword wa ;eword fihl ;eword a ;eword
nk ;eword el ;eword e ;eword bo ;eword mme ;eword
ako ;eword bon ;eword eng ;eword e ;eword mpe ;eword koloi ;eword
Litlhare ;eword ke ;eword bone ;eword
nk ;eword a ;eword ke ;eword tsena ;eword
nk ;eword a ;eword
u ;eword di ;eword qet ;eword e ;eword
ke ;eword tseo ;eword
j ;eword a ;eword
e ;eword
u ;eword j ;eword el ;eword e ;eword
ej ;eword a ;eword u ;eword le ;eword mo ;eword ng ;eword
