hlobohang ;eword unke ;eword sewete ;eword seno ;eword
na ;eword sewete ;eword sena ;eword setlajewa ;eword wena ;eword hlobohang ;eword tjee ;eword
utlaseja ;eword sewete ;eword see ;eword
utlaseja ;eword
hlobohang ;eword utlaseja ;eword sewete ;eword wena ;eword
urwala ;eword dieta ;eword tsee ;eword jwang ;eword
ee ;eword ska ;eword dirwala ;eword
uja ;eword sewete ;eword wena ;eword
tloo ;eword kwano ;eword hlobohang ;eword
e ;eword pere ;eword
tsepedi ;eword
nna ;eword keautlwa ;eword le ;eword enzane ;eword
ake ;eword uetse ;eword le ;eword enzane ;eword
eauloma ;eword
ketladula ;eword mollong ;eword
uautlwa ;eword ausi ;eword ntsoaki ;eword
redula ;eword mollong ;eword
retladula ;eword
ere ;eword ke ;eword ausi ;eword
ere ;eword ke ;eword ausi ;eword
hele ;eword hothwe ;eword ubatla ;eword dijo ;eword hape ;eword
nka ;eword ke ;eword eo ;eword ntho ;eword yahao ;eword
helang ;eword keetsetsa ;eword mololo ;eword
ketlodilokisa ;eword
uaebidikisa ;eword
nna ;eword ketlaetsa ;eword tsethulanang ;eword ka ;eword vaskomo ;eword
jwale ;eword keaetsa ;eword
jwale ;eword uabona ;eword
ke ;eword ha ;eword reetsang ;eword hela ;eword
keeletsitse ;eword
eauchaisa ;eword
bona ;eword leswai ;eword lena ;eword
bona ;eword koloi ;eword yaka ;eword eeme ;eword
bona ;eword koloi ;eword
yaka ;eword eeme ;eword
ke ;eword koloi ;eword yaka ;eword
ha ;eword se ;eword koloi ;eword yahao ;eword ena ;eword
ke ;eword koloi ;eword yaka ;eword ena ;eword
nka ;eword yaka ;eword ke ;eword ena ;eword
ketlautehela ;eword yahao ;eword
keauneha ;eword
ke ;eword eng ;eword wena ;eword
ke ;eword eng ;eword yahao ;eword
ke ;eword ena ;eword
thola ;eword ketlauneha ;eword
etlamolokisa ;eword
etlauthula ;eword
etlauthula ;eword ena ;eword
ya ;eword hao ;eword e ;eword tla ;eword wela ;eword wena ;eword
ere ;eword keepompe ;eword ntate ;eword
kenke ;eword yahao ;eword
umphe ;eword ee ;eword
wena ;eword uefuwe ;eword kae ;eword
uautlwa ;eword
utlaelahla ;eword
uaebona ;eword draiver ;eword yaka ;eword
nka ;eword ke ;eword ena ;eword
nka ;eword
nka ;eword entle ;eword
thola ;eword ketlaurekela ;eword yahao ;eword
uautlwa ;eword
supa ;eword ubatla ;eword efeng ;eword supa ;eword
di ;eword tharo ;eword
ke ;eword tsane ;eword kedientse ;eword
uautlwa ;eword
ke ;eword tsane ;eword
ure ;eword ketlareka ;eword teraefa ;eword yahao ;eword
sheba ;eword
ha ;eword se ;eword draiver ;eword yahao ;eword eno ;eword
nka ;eword phafa ;eword yahao ;eword ke ;eword eo ;eword
nka ;eword draiver ;eword yahao ;eword
wena ;eword hlobohang ;eword keaelahla ;eword ena ;eword yahao ;eword
ha ;eword se ;eword draiver ;eword yahao ;eword
ke ;eword yane ;eword
hlobohang ;eword ke ;eword yane ;eword
hlobohang ;eword ke ;eword yane ;eword
etsa ;eword
ha ;eword e ;eword mokoting ;eword
noha ;eword ke ;eword yane ;eword ka ;eword mokoting ;eword
ke ;eword yane ;eword hlaheha ;eword le ;eword nna ;eword keubone ;eword
bona ;eword hlobohang ;eword ke ;eword yane ;eword u ;eword maaka ;eword
ka ;eword mokoting ;eword
petsana ;eword ere ;eword mee ;eword
ke ;eword yane ;eword ka ;eword mokoting ;eword
hare ;eword
mokoting ;eword
ke ;eword eo ;eword nna ;eword ke ;eword enwa ;eword
ke ;eword yane ;eword ka ;eword mokoting ;eword
keamokenya ;eword ka ;eword tafoleng ;eword ka ;eword tlase ;eword
ka ;eword mokoting ;eword wa ;eword tadi ;eword
ka ;eword mokoting ;eword wa ;eword tadi ;eword
wa ;eword tadi ;eword
hlobohang ;eword ke ;eword eo ;eword ka ;eword mokoting ;eword waka ;eword
ka ;eword mokoting ;eword wa ;eword tadi ;eword
hlobohang ;eword mokoting ;eword ke ;eword wane ;eword
tadi ;eword ekene ;eword ka ;eword mokoting ;eword
mahlong ;eword uipatile ;eword leihlo ;eword
uipatile ;eword leihlo ;eword
hlobohang ;eword ukene ;eword ka ;eword mokoting ;eword
waetsa ;eword nqane ;eword
nkare ;eword hlobohang ;eword ke ;eword yane ;eword ka ;eword tsebeng ;eword
untseutsehang ;eword
haeno ;eword ke ;eword ntlong ;eword
ka ;eword mane ;eword ntlong ;eword
ekholokholo ;eword ntlo ;eword eno ;eword ke ;eword yane ;eword hlobohang ;eword
ntlo ;eword eno ;eword ke ;eword yane ;eword engwe ;eword
hlobohang ;eword tloo ;eword dule ;eword fatse ;eword
uskabare ;eword kobo ;eword ena ;eword ke ;eword yahao ;eword
ke ;eword tsena ;eword uadibona ;eword
ke ;eword tsena ;eword
uadiphokothela ;eword
ere ;eword ke ;eword diphokoto ;eword
hatoha ;eword kobo ;eword yaka ;eword
hatoha ;eword hlobohang ;eword
hatoha ;eword kobo ;eword yahae ;eword
hatoha ;eword kobo ;eword kobo ;eword
hatoha ;eword kobo ;eword
tsamaya ;eword hodula ;eword ka ;eword nqane ;eword ka ;eword kwana ;eword
dulella ;eword
dulella ;eword kwana ;eword
dulella ;eword kwana ;eword
ntsurue ;eword kedule ;eword
ureng ;eword
ke ;eword tse ;eword
ke ;eword tse ;eword
ere ;eword ke ;eword tsena ;eword ke ;eword tsena ;eword diphokoto ;eword
ere ;eword ke ;eword diphokoto ;eword
untsa ;eword dipompong ;eword
untsa ;eword pompong ;eword yahao ;eword ka ;eword moo ;eword
untsa ;eword pompong ;eword yahao ;eword
entse ;eword
ere ;eword ka ;eword phokotong ;eword
e ;eword
hlobohang ;eword ya ;eword thupeng ;eword
ubatla ;eword ya ;eword thupeng ;eword
nna ;eword keintsetsa ;eword yaka ;eword ka ;eword mona ;eword ka ;eword phokotong ;eword
ere ;eword kebone ;eword na ;eword uentsitse ;eword
entse ;eword
kentsa ;eword makwenya ;eword jwale ;eword
kentsa ;eword makwenya ;eword
yaka ;eword
eo ;eword ke ;eword mang ;eword
ere ;eword ke ;eword ausi ;eword ma ;eword
ere ;eword ke ;eword mme ;eword wahao ;eword
ere ;eword a ;eword teng ;eword le ;eword dikuskus ;eword
kethabela ;eword dikuskus ;eword
reilerantsa ;eword le ;eword dipompong ;eword
reilerantsa ;eword le ;eword dipompong ;eword le ;eword dikuskus ;eword
reileraqeta ;eword ntate ;eword wa ;eword chuchu ;eword
ka ;eword phokotong ;eword rediqetile ;eword ka ;eword phokotong ;eword
antsa ;eword le ;eword makutikuti ;eword
keantsa ;eword
ke ;eword ena ;eword eatswa ;eword
dikhomo ;eword diatswa ;eword
keantsa ;eword
keaja ;eword
kentsa ;eword le ;eword ketlele ;eword
kentsa ;eword le ;eword molekane ;eword
hola ;eword uneuntsa ;eword kae ;eword
untsa ;eword hodimo ;eword
kentsa ;eword fanta ;eword
utlwa ;eword
kentsa ;eword le ;eword lebekere ;eword
kekha ;eword metsi ;eword keanwa ;eword
kentsa ;eword le ;eword makwenya ;eword
kentsa ;eword le ;eword lebese ;eword
kentsa ;eword diapole ;eword
ere ;eword otswadireka ;eword
otswadireka ;eword khefing ;eword
rekalama ;eword koloi ;eword ya ;eword mechechane ;eword
ere ;eword u ;eword hopolang ;eword
hopolang ;eword likhomo ;eword
uneusetse ;eword wena ;eword
ha ;eword uutlwe ;eword uneusetse ;eword hae ;eword
uneupanwe ;eword ke ;eword likhomo ;eword
ke ;eword eng ;eword ntho ;eword ee ;eword
kepalama ;eword tekisi ;eword
tekisi ;eword
kepalama ;eword tekisi ;eword
kepalama ;eword tekisi ;eword potsotso ;eword
kepalama ;eword tekisi ;eword
ke ;eword potsotso ;eword
palama ;eword potsotso ;eword
potsotso ;eword
anthe ;eword ana ;eword makutsikutsi ;eword
haeno ;eword ha ;eword hona ;eword bese ;eword
le ;eword makwenya ;eword
ere ;eword le ;eword makwenya ;eword
keaja ;eword le ;eword makwenya ;eword ntate ;eword
keaqeta ;eword
uaantsa ;eword
mabiskutsi ;eword le ;eword dilamune ;eword
hape ;eword le ;eword dinamune ;eword tsengata ;eword
ketlapalama ;eword tenise ;eword
ketlabitsa ;eword tekisi ;eword
tekisi ;eword
kepalama ;eword potsotso ;eword
retlaletsa ;eword kumbakumba ;eword
reka ;eword toche ;eword
etswanang ;eword le ;eword ya ;eword lapeng ;eword
nna ;eword nna ;eword ketle ;eword le ;eword sethuthuthu ;eword
ha ;eword letla ;eword haka ;eword kombing ;eword
thola ;eword ketlaupalamisa ;eword ka ;eword teraefeng ;eword wena ;eword
ke ;eword mang ;eword yatlang ;eword
hape ;eword ukalama ;eword mang ;eword
utlakalama ;eword mang ;eword
ketlakalama ;eword tsepedi ;eword dithuthuthu ;eword ntate ;eword le ;eword dikoloi ;eword
thola ;eword
thola ;eword wena ;eword
hape ;eword retlareka ;eword makwenya ;eword
hape ;eword ketlakalama ;eword sethuthuthu ;eword
seatsamaya ;eword
diabaleha ;eword dithuthuthu ;eword
ha ;eword ubone ;eword saka ;eword seabaleha ;eword
seabaleha ;eword
etlabaleha ;eword
etlabaleha ;eword ka ;eword wena ;eword
ketlanka ;eword kombi ;eword
nna ;eword ketlapalama ;eword tsa ;eword lapeng ;eword
ya ;eword sepoleseng ;eword
wena ;eword utlakalamang ;eword
utlapalama ;eword kombi ;eword
ketlapalama ;eword potsotso ;eword
keatla ;eword le ;eword dibese ;eword tsaka ;eword
utlapalama ;eword ntate ;eword
hlobohang ;eword hlobohang ;eword wena ;eword ka ;eword teraefeng ;eword
kepalama ;eword potsotso ;eword
nna ;eword kepalama ;eword potsotso ;eword
nna ;eword kekalama ;eword ka ;eword teraefeng ;eword kombi ;eword
nna ;eword ketlapalama ;eword kombi ;eword
na ;eword wena ;eword
keilokha ;eword metsi ;eword potsotso ;eword
hape ;eword ketlareka ;eword kumbakumba ;eword
ketla ;eword le ;eword kumbakumba ;eword jwale ;eword
ketlaapara ;eword dikobo ;eword tsencha ;eword
uapere ;eword kobo ;eword yahao ;eword encha ;eword
le ;eword dieta ;eword tsencha ;eword
ketlaurekela ;eword dikhohlopo ;eword
ketlaurekela ;eword tsetswanang ;eword le ;eword tsena ;eword
tsona ;eword tsena ;eword
nna ;eword hlobohang ;eword kemoreketse ;eword tsenyane ;eword
diakena ;eword le ;eword kae ;eword
ere ;eword kebone ;eword tsekholo ;eword
sheba ;eword tsekholo ;eword
ketlaufa ;eword chelete ;eword ntate ;eword
nna ;eword keabina ;eword
ketlapalama ;eword le ;eword potsotso ;eword
kepalama ;eword kombi ;eword
keatsamaya ;eword ka ;eword teraefeng ;eword
ketlamatha ;eword hore ;eword keekhanne ;eword
kefihle ;eword bosiu ;eword
ena ;eword kombi ;eword ketlaekalama ;eword ka ;eword teraefeng ;eword
ketlareka ;eword vaseline ;eword lapeng ;eword
utlareka ;eword potsotso ;eword
nna ;eword kekhanna ;eword potsotso ;eword
nna ;eword kampa ;eword keaesheba ;eword koloi ;eword encha ;eword
tloo ;eword le ;eword disentlase ;eword tsaka ;eword le ;eword dikhohlopo ;eword tsaka ;eword
wena ;eword utlakhanna ;eword ena ;eword
emathang ;eword ena ;eword
e ;eword eamatha ;eword ee ;eword
eamatha ;eword ee ;eword
nka ;eword hlobohang ;eword
athe ;eword waebea ;eword
kumbakumba ;eword
ena ;eword yona ;eword ke ;eword yaka ;eword
kumbakumba ;eword yaka ;eword ethotse ;eword
ha ;eword se ;eword moo ;eword dithotse ;eword kaofela ;eword
hape ;eword di ;eword kae ;eword
ha ;eword di ;eword yo ;eword
nna ;eword yaka ;eword ke ;eword ee ;eword efetileng ;eword
utlafumana ;eword dithotse ;eword kaofela ;eword ha ;eword tsona ;eword
di ;eword kae ;eword
ha ;eword di ;eword yo ;eword
nna ;eword yaka ;eword ke ;eword yane ;eword entseeituletse ;eword
kumbakumba ;eword yaka ;eword
eaithodisa ;eword
keaeletsa ;eword
hlobohang ;eword ake ;eword utlohe ;eword
ha ;eword utsebe ;eword
yahao ;eword ke ;eword ena ;eword kumbakumba ;eword ena ;eword
tloha ;eword kumbakumbeng ;eword yaka ;eword
ha ;eword kenahotla ;eword kumbakumbeng ;eword yahao ;eword mona ;eword
wena ;eword utla ;eword kumbakumbeng ;eword yaka ;eword
yaka ;eword ke ;eword ena ;eword wena ;eword
uacheka ;eword moo ;eword hlobohang ;eword
lebona ;eword koloi ;eword yahae ;eword
uetsang ;eword moo ;eword leboteng ;eword wena ;eword
nna ;eword keiloitulela ;eword fatse ;eword
uautlwa ;eword hlobohang ;eword
nna ;eword encha ;eword
nna ;eword ketladula ;eword mane ;eword
nna ;eword ketladula ;eword mollong ;eword
nna ;eword keapere ;eword kobo ;eword yaka ;eword encha ;eword
utlilohlobola ;eword kobo ;eword
ketlilohlobola ;eword kobo ;eword ena ;eword yaka ;eword
hlobohang ;eword
yaka ;eword hlobohang ;eword
hlobohang ;eword
nka ;eword kobo ;eword ena ;eword
nka ;eword
nka ;eword kobo ;eword ena ;eword
tsamaya ;eword hoebeha ;eword betheng ;eword yahao ;eword
tsamaya ;eword hoebeha ;eword betheng ;eword yahao ;eword
uebehile ;eword abuti ;eword
uebehile ;eword
etlose ;eword betheng ;eword
keadula ;eword
keadula ;eword betheng ;eword yahao ;eword
akhela ;eword jwale ;eword keahlwa ;eword
he ;eword
he ;eword eise ;eword hei ;eword wena ;eword
wena ;eword hlobohang ;eword
ere ;eword betheng ;eword yahao ;eword
uneuile ;eword le ;eword ntho ;eword ee ;eword
ere ;eword le ;eword ntsoaki ;eword
ntsoaki ;eword ha ;eword se ;eword ausi ;eword wahao ;eword
utlaletsa ;eword kumbakumba ;eword ena ;eword yaka ;eword
ere ;eword ya ;eword bomatsibana ;eword
ere ;eword lepalame ;eword mmt ;eword
uneupalame ;eword mmt ;eword
ere ;eword uneupalame ;eword koloi ;eword ya ;eword two ;eword
ere ;eword uneupalame ;eword potsotso ;eword
ere ;eword uapalama ;eword kombi ;eword
ketlaurekela ;eword koloi ;eword encha ;eword
nna ;eword kekhanna ;eword sethuthuthu ;eword
kehata ;eword mariki ;eword
ketlareka ;eword koloi ;eword encha ;eword
ketlareka ;eword koloi ;eword encha ;eword nna ;eword
kapa ;eword dilaete ;eword ke ;eword tsena ;eword
sethuthuthu ;eword sere ;eword te ;eword te ;eword
aka ;eword ketlaanka ;eword ka ;eword mokhorong ;eword
hlobohang ;eword yena ;eword oneapalame ;eword ka ;eword teraefeng ;eword
nna ;eword kekhanna ;eword potsotso ;eword
nna ;eword kereka ;eword mahlo ;eword a ;eword sekhowa ;eword
retlareka ;eword dithunya ;eword
ntsoaki ;eword
ere ;eword le ;eword hlobohang ;eword
hape ;eword nna ;eword ketlareka ;eword
hape ;eword
hape ;eword ketlareka ;eword sethuthuthu ;eword
hape ;eword le ;eword kombi ;eword
nna ;eword ketlareka ;eword kapo ;eword
ere ;eword ueisa ;eword lapeng ;eword
ketlanka ;eword le ;eword ketlele ;eword
retlareka ;eword le ;eword dinamune ;eword ntate ;eword redije ;eword
hape ;eword rerekile ;eword bojwala ;eword
ketlaurekela ;eword thipa ;eword
ha ;eword uashapuwa ;eword ke ;eword eng ;eword
utlatla ;eword le ;eword separleta ;eword seseng ;eword
ee ;eword hlobohang ;eword nwa ;eword seseng ;eword
ketlasekhanna ;eword hore ;eword
ketlaba ;eword ka ;eword deraiveng ;eword
nna ;eword kekhanna ;eword sefofane ;eword
hlobohang ;eword ke ;eword sefofane ;eword
dithuthuthu ;eword di ;eword ngata ;eword maseru ;eword kwana ;eword
lepalama ;eword le ;eword bese ;eword
hlobohang ;eword thunya ;eword
kethunya ;eword saka ;eword sena ;eword
nthule ;eword
nthule ;eword nna ;eword
oamphahla ;eword
uapikitla ;eword
ere ;eword ke ;eword ntsoaki ;eword
ere ;eword ka ;eword mosi ;eword
haka ;eword kombi ;eword
etlaba ;eword le ;eword sethuthuthu ;eword
ha ;eword retle ;eword hoekhanna ;eword ka ;eword ditapole ;eword
tapole ;eword ke ;eword diapole ;eword
diteraefa ;eword tsa ;eword sethuthuthu ;eword le ;eword kombi ;eword
hotla ;eword dipotsotso ;eword
kebatla ;eword horeka ;eword diapole ;eword
hlobohang ;eword nna ;eword kereka ;eword khohlopo ;eword
utlareka ;eword tsenyane ;eword
uautlwa ;eword
uautlwa ;eword hlobohang ;eword
nna ;eword tsekholo ;eword hlobohang ;eword tsenyane ;eword
tsenyane ;eword hlobohang ;eword yena ;eword diamolekana ;eword
ketladirekela ;eword
bona ;eword ke ;eword tsena ;eword ke ;eword tsena ;eword
ubatla ;eword keurodise ;eword
ha ;eword ubatle ;eword ha ;eword kerwala ;eword
ha ;eword ubatle ;eword horwala ;eword
hlobohang ;eword ha ;eword ubatle ;eword horwala ;eword
ere ;eword ke ;eword dulela ;eword mollong ;eword
kebatla ;eword maoto ;eword afuthumale ;eword
ahao ;eword ahatsele ;eword
tlisa ;eword keurodise ;eword
tlisa ;eword maoto ;eword ahao ;eword
keahatsela ;eword nna ;eword
nna ;eword keaikomosa ;eword
maoto ;eword aka ;eword afuthumale ;eword
afuthumale ;eword
nna ;eword kehatsetse ;eword
uya ;eword neng ;eword mollong ;eword
he ;eword leoto ;eword laka ;eword le ;eword metsi ;eword
uneunkotlelang ;eword ka ;eword lejwe ;eword
uneunkotlelang ;eword ka ;eword lejwe ;eword ka ;eword letsohong ;eword
moo ;eword moo ;eword letsohong ;eword lee ;eword uneunkotlelang ;eword
uneunkotlelang ;eword ka ;eword lejwe ;eword
uneunkotlelang ;eword ka ;eword lejwe ;eword leotong ;eword
uneunkotlelang ;eword leotong ;eword
he ;eword hlobohang ;eword
ore ;eword lehlohonolo ;eword
botlolo ;eword yahao ;eword
uetse ;eword tjee ;eword
kebatla ;eword potsotso ;eword fela ;eword
kumbakumba ;eword ha ;eword keebatle ;eword ena ;eword ena ;eword
keaebatla ;eword ena ;eword
keaebatla ;eword
kombi ;eword yona ;eword keaebatla ;eword
nna ;eword ha ;eword keebatle ;eword etlantiehisa ;eword
ha ;eword retutubale ;eword
uhatsetse ;eword
nna ;eword sethuthuthu ;eword ha ;eword kesebatle ;eword
rebatla ;eword le ;eword dipotsotso ;eword
kebatla ;eword potsotso ;eword
wena ;eword ubatla ;eword kombi ;eword
nna ;eword kebatla ;eword sethuthuthu ;eword
nna ;eword kombi ;eword keaebatla ;eword
nna ;eword kenka ;eword thipa ;eword
kepalama ;eword bese ;eword
retlabalehela ;eword beseng ;eword
ya ;eword mang ;eword
nna ;eword ha ;eword kefuthumale ;eword
futhumala ;eword ngwanaka ;eword
seatla ;eword sethuthuthu ;eword
ke ;eword tsane ;eword diabidikiswa ;eword
ke ;eword eng ;eword
ke ;eword kumbakumba ;eword
ere ;eword ke ;eword kumbakumba ;eword
keiketsetsa ;eword koloi ;eword
raha ;eword kebone ;eword
utlaraha ;eword bolo ;eword
erahe ;eword ka ;eword dieta ;eword ah ;eword
ha ;eword se ;eword bolo ;eword yahao ;eword
erahe ;eword
ke ;eword eo ;eword
tloo ;eword rahe ;eword
erahe ;eword
hlobohang ;eword wena ;eword erahe ;eword
erahe ;eword hlobohang ;eword
le ;eword nna ;eword keaurahela ;eword uautlwa ;eword
bolo ;eword ebalehile ;eword
ha ;eword e ;eword yo ;eword
e ;eword kae ;eword
ke ;eword ena ;eword
ke ;eword ya ;eword mang ;eword koloi ;eword
jwale ;eword tjena ;eword kerwala ;eword dieta ;eword
kerwale ;eword
