ke ;eword eng ;eword litlhare ;eword ntho ;eword eo ;eword
kere ;eword yane ;eword e ;eword pela ;eword lejwe ;eword
tloo ;eword bone ;eword lemao ;eword ke ;eword lena ;eword
lemao ;eword la ;eword litlhare ;eword ke ;eword lena ;eword
ere ;eword kebone ;eword
tloo ;eword kwano ;eword
nka ;eword
litlhare ;eword ehlaile ;eword
ehlaile ;eword litlhare ;eword
ehlaile ;eword
o ;eword kae ;eword
ere ;eword kebone ;eword
ha ;eword yahlaha ;eword
ke ;eword ena ;eword
bona ;eword
e ;eword kae ;eword
e ;eword teng ;eword
helang ;eword litlhare ;eword urwetse ;eword washe ;eword
urwetse ;eword washe ;eword
ke ;eword half ;eword past ;eword mang ;eword litlhare ;eword
ke ;eword ya ;eword mang ;eword litlhare ;eword
litlhare ;eword hela ;eword litlhare ;eword we ;eword
ke ;eword ya ;eword mang ;eword
ausi ;eword tselane ;eword omphile ;eword yona ;eword
eng ;eword
ntho ;eword ya ;eword eng ;eword
e ;eword ncha ;eword
eng ;eword
encha ;eword ke ;eword eng ;eword
ha ;eword se ;eword sahao ;eword sepele ;eword sena ;eword
ke ;eword sa ;eword ausi ;eword tlalane ;eword
ha ;eword se ;eword yo ;eword uselahlile ;eword
litlhare ;eword ke ;eword half ;eword past ;eword one ;eword half ;eword past ;eword three ;eword half ;eword past ;eword nine ;eword half ;eword past ;eword four ;eword one ;eword
litlhare ;eword namane ;eword o ;eword kae ;eword
o ;eword teng ;eword kae ;eword
he ;eword litlhare ;eword q ;eword
tsamaya ;eword holahla ;eword kantle ;eword
tsamaya ;eword holelahla ;eword
ke ;eword fotsek ;eword ya ;eword eng ;eword
tsamaya ;eword
tsamaya ;eword ulelahle ;eword
tsamaya ;eword
wena ;eword uaheletsa ;eword
na ;eword ulelahlile ;eword kantle ;eword
utlantena ;eword
mme ;eword sebina ;eword o ;eword kae ;eword
engwe ;eword thupa ;eword
ke ;eword kumbakumba ;eword eare ;eword
ha ;eword reyeng ;eword basadi ;eword
utsehang ;eword litlhare ;eword
utsehang ;eword
dula ;eword fatse ;eword
pere ;eword etsweu ;eword
litlhare ;eword pere ;eword etseu ;eword e ;eword kae ;eword
pere ;eword etsweu ;eword
ngwana ;eword ke ;eword yane ;eword ka ;eword mahlo ;eword amaholo ;eword
keauthetsa ;eword
ke ;eword ngwana ;eword
ke ;eword bana ;eword bahao ;eword
lebitso ;eword lahae ;eword ke ;eword mang ;eword
ke ;eword bana ;eword bahao ;eword bababedi ;eword
ke ;eword manase ;eword
ke ;eword manase ;eword
ke ;eword bana ;eword bahao ;eword bababedi ;eword
he ;eword uareqabola ;eword
una ;eword le ;eword bana ;eword bababedi ;eword
ke ;eword mang ;eword le ;eword mang ;eword
ke ;eword four ;eword five ;eword six ;eword
ere ;eword one ;eword two ;eword three ;eword four ;eword five ;eword six ;eword
adule ;eword moo ;eword hakere ;eword
koloi ;eword ele ;eword empe ;eword empe ;eword ela ;eword litlhare ;eword e ;eword kae ;eword
monyantse ;eword ngwana ;eword wahao ;eword ke ;eword enwa ;eword
elokisa ;eword ditsela ;eword
onyantse ;eword
monyantse ;eword litlhare ;eword
ngwana ;eword enwa ;eword ha ;eword asokhore ;eword
litlhare ;eword tlisa ;eword le ;eword nna ;eword kemonyantse ;eword
nka ;eword umonyantse ;eword
ke ;eword ngwana ;eword wa ;eword wena ;eword seeta ;eword see ;eword
manase ;eword tlisa ;eword kemonyantse ;eword
litlhare ;eword letlaya ;eword kliniking ;eword ka ;eword bana ;eword ba ;eword
ere ;eword kemokobolle ;eword
keamokoba ;eword
nna ;eword keamokobolla ;eword
ha ;eword kemokobe ;eword
ketlasetabola ;eword
ke ;eword eng ;eword
botlauchekola ;eword
etlauloma ;eword monwana ;eword ona ;eword litlhare ;eword
nka ;eword ngwana ;eword enwa ;eword wahao ;eword umonyantse ;eword
otlauchekola ;eword
bona ;eword ketswang ;eword
bona ;eword
lengwapile ;eword
ke ;eword wena ;eword unngwapile ;eword
bona ;eword
keauloma ;eword
ketlabona ;eword hore ;eword na ;eword letsoho ;eword utlalenka ;eword kae ;eword
tlisa ;eword
keahana ;eword
etsware ;eword
ha ;eword keletsware ;eword
litlhare ;eword nneheletse ;eword tsepe ;eword ena ;eword
untsiyelang ;eword
dula ;eword fatse ;eword
ketlaupepisa ;eword litlhare ;eword
tloo ;eword keupepise ;eword
dula ;eword fatse ;eword
tloo ;eword keupepise ;eword
litlhare ;eword leya ;eword kae ;eword
leya ;eword kliniking ;eword
tswang ;eword ka ;eword mona ;eword ka ;eword lerakong ;eword
litlhare ;eword jwale ;eword ngwana ;eword umotheoletseng ;eword
umotheoletseng ;eword
uamodihela ;eword ngwana ;eword eo ;eword
monyantse ;eword litlhare ;eword
ngwana ;eword akhore ;eword
e ;eword monyantse ;eword
umopepe ;eword
aye ;eword kliniking ;eword
ha ;eword ana ;eword koloi ;eword
litlhare ;eword wena ;eword ukanka ;eword ba ;eword kaofela ;eword
nka ;eword wahao ;eword ke ;eword ona ;eword ngwaneso ;eword
litlhare ;eword keupepise ;eword
tloo ;eword keupepise ;eword
ukabawatseba ;eword na ;eword ullelang ;eword
ee ;eword seka ;eword otla ;eword ngwana ;eword batho ;eword
una ;eword le ;eword eng ;eword wena ;eword
kemolahle ;eword
ketlauloma ;eword
tloo ;eword keupate ;eword
tla ;eword kebone ;eword ufahluwe ;eword kae ;eword
keutsware ;eword ka ;eword nko ;eword le ;eword wena ;eword
ke ;eword eo ;eword
litlhare ;eword bona ;eword ntho ;eword ena ;eword ya ;eword maobane ;eword ke ;eword ena ;eword
litlhare ;eword
ake ;eword utswe ;eword mona ;eword
ke ;eword dinta ;eword hlohong ;eword ena ;eword yahao ;eword litlhare ;eword
ke ;eword dinta ;eword tsetenya ;eword
ke ;eword ena ;eword
nka ;eword nta ;eword yahao ;eword ke ;eword eo ;eword litlhare ;eword
nta ;eword yahao ;eword etsweu ;eword
tla ;eword keutselle ;eword nta ;eword le ;eword wena ;eword
nta ;eword yahao ;eword ke ;eword ena ;eword keetsetse ;eword
litlhare ;eword ake ;eword uhlakole ;eword mamina ;eword
litlhare ;eword utlawela ;eword ka ;eword hloho ;eword
litlhare ;eword mphe ;eword ere ;eword kebone ;eword
litlhare ;eword molala ;eword wahao ;eword omonyane ;eword nkaokopa ;eword
helang ;eword basadi ;eword
mantantaka ;eword mantantaka ;eword uamotseba ;eword litlhare ;eword
ke ;eword ngwana ;eword mang ;eword
wa ;eword mang ;eword
wa ;eword mang ;eword
ha ;eword keutlwe ;eword
ausi ;eword wa ;eword mang ;eword
ausi ;eword mamello ;eword
litlhare ;eword
lehlohonolo ;eword
ngwana ;eword wa ;eword ausi ;eword mamello ;eword ke ;eword lehlohonolo ;eword
litlhare ;eword ure ;eword fentenke ;eword ke ;eword ngwana ;eword wa ;eword ausi ;eword mamello ;eword
lenelemmona ;eword kae ;eword litlhare ;eword
fentenke ;eword uneummona ;eword kae ;eword hobane ;eword lehlohonolo ;eword fentenke ;eword
lekhale ;eword la ;eword lehlohonolo ;eword letsie ;eword
litlhare ;eword ere ;eword keutlotse ;eword ka ;eword ntho ;eword etala ;eword
bona ;eword ke ;eword ena ;eword encha ;eword
litlhare ;eword bua ;eword nta ;eword ke ;eword ena ;eword nta ;eword ya ;eword litlhare ;eword
e ;eword thata ;eword
sebina ;eword
o ;eword habo ;eword
ha ;eword mme ;eword masebina ;eword
helele ;eword we ;eword
o ;eword ha ;eword mme ;eword masebina ;eword
helele ;eword we ;eword
otswa ;eword ha ;eword mme ;eword masebina ;eword
mang ;eword
nna ;eword nna ;eword
mme ;eword masebina ;eword
o ;eword kampong ;eword mme ;eword masebina ;eword
kampong ;eword
e ;eword
kampong ;eword kampong ;eword ha ;eword ntate ;eword migele ;eword
kampong ;eword wena ;eword uanthetsa ;eword ontseare ;eword koko ;eword
ha ;eword hona ;eword koko ;eword mona ;eword
koko ;eword edula ;eword le ;eword batho ;eword bosiu ;eword
ha ;eword reulome ;eword
untome ;eword kechele ;eword helang ;eword
litlhare ;eword sekotlo ;eword sahao ;eword se ;eword mokoti ;eword
utswile ;eword madi ;eword
leotong ;eword
leotong ;eword la ;eword phate ;eword
a ;eword wena ;eword uthole ;eword
monase ;eword u ;eword mosehlana ;eword le ;eword litlhare ;eword
litlhare ;eword o ;eword jwang ;eword
litlhare ;eword u ;eword ngwana ;eword mang ;eword
kamotabola ;eword ka ;eword tlelapa ;eword etala ;eword
uautlwa ;eword
litlhare ;eword ha ;eword redumediseng ;eword ka ;eword matsoho ;eword
dumela ;eword
dumela ;eword dumela ;eword dumela ;eword dumela ;eword mokwena ;eword
litlhare ;eword u ;eword mang ;eword
u ;eword mang ;eword
u ;eword mokwena ;eword
mokwena ;eword
u ;eword mokwena ;eword
mokwena ;eword mokwena ;eword ke ;eword eng ;eword ke ;eword eng ;eword ka ;eword lapeng ;eword
mokwena ;eword
dumela ;eword
uphela ;eword jwang ;eword
lephela ;eword jwang ;eword
ntumedise ;eword litlhare ;eword
ntumedise ;eword
ere ;eword dumela ;eword
e ;eword
letsohile ;eword jwang ;eword
letsohile ;eword hantle ;eword
retsohile ;eword yaba ;eword wena ;eword untseurobetse ;eword
utsohile ;eword jwang ;eword
aha ;eword ere ;eword e ;eword
litlhare ;eword
uphela ;eword jwang ;eword
ere ;eword ha ;eword umpone ;eword hore ;eword keaphela ;eword hoba ;eword kentsekeshebile ;eword
ere ;eword ha ;eword umpone ;eword keaphela ;eword kentsekeshebile ;eword kebapala ;eword le ;eword babang ;eword
babang ;eword kebapala ;eword le ;eword babang ;eword
litlhare ;eword ke ;eword diphororo ;eword tsa ;eword mang ;eword
ere ;eword keaphela ;eword
litlhare ;eword ere ;eword kebone ;eword ditlhabela ;eword
litlhare ;eword bona ;eword madi ;eword
madi ;eword ke ;eword ana ;eword
e ;eword madi ;eword
empa ;eword hoitswe ;eword resekeraetsa ;eword lerata ;eword empa ;eword resereleetsa ;eword
sebina ;eword
litlhare ;eword uya ;eword kae ;eword
tibisa ;eword oatsamaya ;eword
sebina ;eword oashobela ;eword
litlhare ;eword tloo ;eword kwano ;eword letloqoqa ;eword tsa ;eword banna ;eword ba ;eword rona ;eword
bana ;eword baa ;eword
monehe ;eword
ke ;eword mang ;eword litlhare ;eword
monase ;eword monehe ;eword
ke ;eword mang ;eword
uetsang ;eword ka ;eword ditlelapa ;eword
dumela ;eword bana ;eword beso ;eword
ere ;eword dumela ;eword bana ;eword
ere ;eword khoho ;eword litlhare ;eword
entso ;eword
keutlohele ;eword wena ;eword
litlhare ;eword umpetsola ;eword molomo ;eword
ntate ;eword migael ;eword ke ;eword eo ;eword otla ;eword le ;eword diapole ;eword
otlahlaha ;eword ka ;eword kampong ;eword ka ;eword mane ;eword
dumela ;eword
lephela ;eword jwang ;eword
ha ;eword letsebe ;eword nna ;eword
keaphela ;eword
ngwana ;eword wahao ;eword o ;eword kae ;eword
oile ;eword kae ;eword
uiloetsang ;eword
e ;eword
oile ;eword kliniking ;eword
kliniking ;eword ha ;eword mme ;eword kolola ;eword
ailofuwa ;eword mabese ;eword
le ;eword fishoil ;eword
le ;eword mohlafotsa ;eword
dumela ;eword litlhare ;eword
ntate ;eword migaele ;eword keujwetse ;eword baitse ;eword ee ;eword namane ;eword
ntate ;eword migaele ;eword oitse ;eword otlatla ;eword alata ;eword ka ;eword pere ;eword
hosane ;eword retsamaye ;eword reye ;eword kampong ;eword
unyorilwe ;eword
ubatlang ;eword
unyorilwe ;eword
uneure ;eword honyorwa ;eword ke ;eword hoetsa ;eword jwang ;eword
litlhare ;eword uskaretena ;eword rese ;eword mose ;eword wahao ;eword mamolalana ;eword
seka ;eword lla ;eword ngwaneso ;eword
litlhare ;eword aahlama ;eword are ;eword otlakena ;eword nta ;eword wena ;eword litlhare ;eword
litlhare ;eword ere ;eword kebale ;eword meno ;eword amakae ;eword
uskantoma ;eword ha ;eword ukopetsa ;eword
wan ;eword ten ;eword eleven ;eword twelf ;eword
litlhare ;eword u ;eword swephetsenta ;eword he ;eword litlhare ;eword
ere ;eword ke ;eword sekhota ;eword
kenka ;eword nta ;eword yane ;eword litlhare ;eword ketloujesa ;eword yona ;eword
uileware ;eword e ;eword e ;eword e ;eword
bala ;eword haholo ;eword hofihlela ;eword ho ;eword ten ;eword
utswa ;eword kae ;eword litlhare ;eword ka ;eword moo ;eword ka ;eword tlung ;eword
fo ;eword siks ;eword
helang ;eword ure ;eword wan ;eword thu ;eword teri ;eword fo ;eword
ha ;eword reetsa ;eword makopokopo ;eword
hei ;eword litlhare ;eword
mme ;eword masebina ;eword o ;eword kae ;eword
o ;eword teng ;eword kae ;eword
oatla ;eword
hosane ;eword
bona ;eword ausi ;eword mamello ;eword orwetse ;eword watch ;eword litlhare ;eword
ke ;eword yane ;eword oerwetse ;eword watch ;eword
orwetse ;eword wache ;eword
litlhare ;eword bona ;eword ausi ;eword mamello ;eword ke ;eword mang ;eword
sheba ;eword kwana ;eword sheba ;eword ausi ;eword mamello ;eword
bona ;eword orwetse ;eword wache ;eword
uaebona ;eword wache ;eword
ke ;eword yane ;eword wache ;eword
wa ;eword ausi ;eword mamello ;eword
e ;eword
utlapenya ;eword leihlo ;eword utlapenya ;eword leihlo ;eword leno ;eword
leetsang ;eword
skotch ;eword
kehlakola ;eword ntho ;eword ena ;eword
ketlahlakola ;eword mona ;eword
ke ;eword tsa ;eword mang ;eword dikobo ;eword tseo ;eword
ke ;eword wa ;eword mang ;eword mokotlana ;eword
e ;eword
e ;eword
e ;eword ke ;eword tsa ;eword mang ;eword
ke ;eword tsa ;eword mang ;eword
ke ;eword tsa ;eword mang ;eword
hlakola ;eword mamina ;eword
a ;eword tlisa ;eword khwele ;eword ena ;eword
tlisa ;eword
ke ;eword eng ;eword hoo ;eword
ke ;eword eng ;eword eo ;eword
ke ;eword ena ;eword litlhare ;eword
ke ;eword ena ;eword
ha ;eword se ;eword ee ;eword
ha ;eword se ;eword yona ;eword ee ;eword
uehatile ;eword
tsamaya ;eword he ;eword
ha ;eword ketsebe ;eword
ena ;eword keehatile ;eword
ena ;eword keehatile ;eword
ha ;eword keaenke ;eword litlhare ;eword
ke ;eword ena ;eword keehatile ;eword
ha ;eword keaenke ;eword feela ;eword keehatile ;eword
ke ;eword ena ;eword litlhare ;eword moo ;eword eipatileng ;eword
hei ;eword keehatile ;eword
halala ;eword
ke ;eword ena ;eword
