Hleso ;eword wena ;eword u ;eword di ;eword tSila ;eword
ska ;eword tSwar ;eword a ;eword di ;eword ntho ;eword tsena ;eword tsa ;eword ba ;eword tho ;eword
eya ;eword
le ;eword a ;eword m ;eword mon ;eword a ;eword Tsebo ;eword jwale ;eword ha ;eword a ;eword i ;eword tlots ;eword its ;eword e ;eword
Tsebo ;eword ha ;eword le ;eword khathets ;eword e ;eword le ;eword tsw ;eword e ;eword le ;eword y ;eword e ;eword kantle ;eword
le ;eword wena ;eword ska ;eword thakhall ;eword a ;eword tjena ;eword
jwalo ;eword ka ;eword haeka ;eword u ;eword khathets ;eword e ;eword tjena ;eword
ntho ;eword ee ;eword ya ;eword ngwana ;eword u ;eword e ;eword is ;eword a ;eword kae ;eword
ntho ;eword ee ;eword ya ;eword ngwana ;eword u ;eword e ;eword is ;eword a ;eword kae ;eword Hleso ;eword
ha ;eword e ;eword bile ;eword e ;eword nk ;eword w ;eword a ;eword ke ;eword wena ;eword le ;eword qhekwana ;eword tjee ;eword ke ;eword eng ;eword
ho ;eword ets ;eword uw ;eword a ;eword jwang ;eword jwale ;eword
a ;eword e ;eword hat ;eword a ;eword jwang ;eword na ;eword Tsebo ;eword
u ;eword a ;eword sebets ;eword a ;eword
jwale ;eword u ;eword khathets ;eword e ;eword
Lineo ;eword u ;eword khathets ;eword e ;eword
Lineo ;eword
Lineo ;eword u ;eword khathets ;eword e ;eword
u ;eword tSwer ;eword w ;eword e ;eword ke ;eword bo ;eword roko ;eword
Tsenethu ;eword ha ;eword a ;eword tjena ;eword hle ;eword mannyeo ;eword
enwa ;eword bo ;eword mo ;eword tswer ;eword e ;eword o ;eword se ;eword a ;eword bile ;eword a ;eword robets ;eword e ;eword
Lineo ;eword ha ;eword wa ;eword r ;eword e ;eword ha ;eword u ;eword a ;eword tSwar ;eword w ;eword a ;eword ke ;eword bo ;eword roko ;eword
ae ;eword jwale ;eword le ;eword ets ;eword a ;eword ng ;eword
u ;eword ets ;eword a ;eword ntho ;eword e ;eword sele ;eword wena ;eword Hleso ;eword
Tsebo ;eword ha ;eword le ;eword khathets ;eword e ;eword le ;eword tsamay ;eword e ;eword le ;eword y ;eword e ;eword kantle ;eword
Tsebo ;eword tsamay ;eword a ;eword u ;eword y ;eword e ;eword kantle ;eword hee ;eword
ke ;eword a ;eword bon ;eword a ;eword u ;eword khathets ;eword e ;eword
