e ;eword
u ;eword ents ;eword e ;eword jwang ;eword
u ;eword r ;eword e ;eword ng ;eword na ;eword ngwanaka ;eword
u ;eword r ;eword e ;eword ng ;eword
e ;eword
u ;eword lap ;eword il ;eword e ;eword
Sebina ;eword ha ;eword a ;eword u ;eword f ;eword a ;eword di ;eword jo ;eword
ha ;eword a ;eword u ;eword f ;eword a ;eword di ;eword jo ;eword
ke ;eword u ;eword ebol ;eword el ;eword e ;eword
dul ;eword a ;eword fatse ;eword
u ;eword r ;eword e ;eword ng ;eword
ke ;eword eng ;eword moo ;eword
ke ;eword kotola ;eword na ;eword
jwale ;eword u ;eword r ;eword e ;eword ng ;eword
ke ;eword kotola ;eword na ;eword
e ;eword jwale ;eword u ;eword r ;eword e ;eword ke ;eword ets ;eword e ;eword jwang ;eword
u ;eword r ;eword e ;eword ng ;eword
ke ;eword ebol ;eword e ;eword
u ;eword r ;eword e ;eword ng ;eword
e ;eword ebol ;eword e ;eword
oo ;eword
e ;eword mpe ;eword kotola ;eword na ;eword ena ;eword
u ;eword e ;eword bon ;eword a ;eword
nk ;eword a ;eword
u ;eword e ;eword qet ;eword il ;eword e ;eword
m ;eword
u ;eword r ;eword e ;eword ke ;eword eng ;eword
