ke ;eword j ;eword e ;eword
ke ;eword ntse ;eword ke ;eword u ;eword ngwath ;eword el ;eword a ;eword
ke ;eword u ;eword ngwath ;eword el ;eword a ;eword tse ;eword di ;eword ng ;eword
hei ;eword u ;eword ets ;eword a ;eword ng ;eword
helang ;eword tloh ;eword a ;eword mona ;eword
Litlhare ;eword Masebina ;eword ausi ;eword Masebina ;eword ausi ;eword Masebina ;eword
Litlhare ;eword
u ;eword tla ;eword y ;eword a ;eword neng ;eword se ;eword kolo ;eword ng ;eword
e ;eword se ;eword e ;eword le ;eword Litlhare ;eword ya ;eword ents ;eword e ;eword ng ;eword hobohobohobo ;eword
ya ;eword ents ;eword e ;eword ng ;eword bobobobobo ;eword
ke ;eword tsintsi ;eword
ha ;eword se ;eword tsintsi ;eword
nna ;eword ke ;eword a ;eword tseb ;eword a ;eword
ntate ;eword Migaele ;eword le ;eword ausi ;eword Masebina ;eword ke ;eword bale ;eword se ;eword nepe ;eword ng ;eword
ke ;eword a ;eword ba ;eword bon ;eword a ;eword ke ;eword bana ;eword
nna ;eword nnyeo ;eword ke ;eword a ;eword ba ;eword bon ;eword a ;eword ke ;eword bana ;eword
ausi ;eword Masebina ;eword ke ;eword enoa ;eword ntate ;eword Mikele ;eword ke ;eword enoa ;eword
ha ;eword u ;eword a ;eword ba ;eword bon ;eword e ;eword
nna ;eword ke ;eword ba ;eword bon ;eword e ;eword
ebile ;eword hangata ;eword wena ;eword
ke ;eword bon ;eword e ;eword ausi ;eword Masebina ;eword ke ;eword enwa ;eword se ;eword nepe ;eword ng ;eword
se ;eword nepe ;eword ng ;eword
ntate ;eword Migaele ;eword ke ;eword yane ;eword ka ;eword nqena ;eword
e ;eword e ;eword
ha ;eword e ;eword tsw ;eword e ;eword mona ;eword
ke ;eword a ;eword e ;eword thul ;eword a ;eword ka ;eword feisi ;eword nna ;eword ena ;eword
wena ;eword Ntala ;eword wena ;eword Litlhare ;eword
u ;eword tseb ;eword a ;eword ha ;eword ke ;eword ken ;eword a ;eword ka ;eword le ;eword bale ;eword ng ;eword
e ;eword tla ;eword ken ;eword a ;eword ka ;eword tlung ;eword ka ;eword moo ;eword
re ;eword ne ;eword re ;eword e ;eword bon ;eword e ;eword ka ;eword tlung ;eword ka ;eword mona ;eword e ;eword j ;eword a ;eword le ;eword fielo ;eword
ha ;eword bon ;eword a ;eword e ;eword se ;eword e ;eword ntse ;eword e ;eword j ;eword a ;eword le ;eword fielo ;eword
ha ;eword u ;eword bon ;eword a ;eword e ;eword ken ;eword e ;eword e ;eword le ;eword mono ;eword
ebile ;eword e ;eword j ;eword el ;eword e ;eword mono ;eword
mono ;eword le ;eword khaoh ;eword il ;eword e ;eword ebileng ;eword
thotobolo ;eword ng ;eword
ya ;eword rob ;eword eh ;eword a ;eword
ma ;eword oto ;eword a ;eword yona ;eword
ya ;eword sal ;eword a ;eword e ;eword its ;eword e ;eword
yona ;eword ya ;eword sal ;eword a ;eword e ;eword its ;eword e ;eword
ena ;eword e ;eword ile ;eword ya ;eword sal ;eword a ;eword
yona ;eword e ;eword ile ;eword ya ;eword sal ;eword a ;eword e ;eword its ;eword e ;eword
ya ;eword sal ;eword a ;eword yona ;eword e ;eword its ;eword e ;eword
mo ;eword ya ;eword wa ;eword Natala ;eword
mo ;eword ya ;eword o ;eword le ;eword mo ;eword ngata ;eword kantle ;eword ka ;eword mona ;eword
le ;eword fielo ;eword ke ;eword leo ;eword hosane ;eword
mo ;eword ya ;eword o ;eword ntse ;eword o ;eword il ;eword e ;eword
o ;eword ntse ;eword o ;eword fefots ;eword e ;eword
ha ;eword re ;eword le ;eword
u ;eword a ;eword bon ;eword a ;eword tapole ;eword
tapole ;eword e ;eword w ;eword el ;eword a ;eword kwana ;eword
beh ;eword a ;eword se ;eword nepe ;eword seo ;eword
n ;eword thus ;eword e ;eword Litlhare ;eword
e ;eword sheb ;eword e ;eword
u ;eword tla ;eword hlats ;eword a ;eword wena ;eword
u ;eword tla ;eword hlats ;eword a ;eword u ;eword ntse ;eword u ;eword r ;eword e ;eword nku ;eword
nna ;eword ke ;eword i ;eword kamol ;eword a ;eword ke ;eword di ;eword nku ;eword tse ;eword di ;eword ng ;eword
tse ;eword ngata ;eword
hm ;eword
ke ;eword tsa ;eword ntate ;eword Migele ;eword
e ;eword ntse ;eword e ;eword le ;eword yane ;eword
ke ;eword mo ;eword tho ;eword ke ;eword yane ;eword
o ;eword duts ;eword e ;eword se ;eword tulo ;eword ng ;eword ke ;eword elwa ;eword
ke ;eword ka ;eword noke ;eword ng ;eword ka ;eword mona ;eword
ho ;eword th ;eword w ;eword e ;eword sekanna ;eword tSwar ;eword a ;eword bethe ;eword tafole ;eword bethe ;eword
Litlhare ;eword
utlw ;eword a ;eword Litlhare ;eword o ;eword sa ;eword tseb ;eword a ;eword ho ;eword bal ;eword a ;eword
o ;eword sa ;eword tla ;eword tseb ;eword a ;eword
Litlhare ;eword ee ;eword khib ;eword a ;eword
ets ;eword a ;eword tjena ;eword
Litlhare ;eword ets ;eword a ;eword tjena ;eword
rona ;eword re ;eword r ;eword e ;eword feela ;eword
rona ;eword re ;eword phaham ;eword is ;eword a ;eword
Ntlamo ;eword re ;eword r ;eword e ;eword
le ;eword a ;eword i ;eword kutlw ;eword a ;eword ha ;eword le ;eword ets ;eword a ;eword tjee ;eword ee ;eword
ha ;eword u ;eword tseb ;eword e ;eword ho ;eword ets ;eword a ;eword ho ;eword khib ;eword a ;eword
ho ;eword ets ;eword a ;eword tjena ;eword feela ;eword
u ;eword se ;eword u ;eword tla ;eword tseb ;eword a ;eword nnyeo ;eword
er ;eword e ;eword
eke ;eword
er ;eword e ;eword
u ;eword a ;eword bon ;eword a ;eword u ;eword se ;eword u ;eword tlaits ;eword e ;eword
u ;eword r ;eword e ;eword re ;eword ne ;eword re ;eword e ;eword ti ;eword is ;eword a ;eword
ha ;eword wena ;eword
u ;eword y ;eword a ;eword kae ;eword
tloo ;eword ho ;eword i ;eword pat ;eword a ;eword
u ;eword tlo ;eword i ;eword pat ;eword el ;eword a ;eword mang ;eword
u ;eword n ;eword u ;eword ilo ;eword ets ;eword a ;eword ng ;eword ka ;eword mora ;eword bethe ;eword
ebile ;eword ke ;eword ne ;eword ke ;eword sa ;eword tseb ;eword e ;eword ka ;eword mo ;eword llo ;eword
ke ;eword ne ;eword ke ;eword sa ;eword tseb ;eword e ;eword mo ;eword hla ;eword ng ;eword wane ;eword ho ;eword uw ;eword a ;eword ng ;eword konsert ;eword ng ;eword
ke ;eword ne ;eword ke ;eword sa ;eword tseb ;eword e ;eword bo ;eword ausi ;eword Masebina ;eword na ;eword o ;eword kae ;eword
anthe ;eword ba ;eword habo ;eword Lehlohonolo ;eword
ke ;eword tsama ;eword il ;eword e ;eword ka ;eword tsela ;eword yane ;eword bo ;eword mme ;eword Misi ;eword
bo ;eword mme ;eword misi ;eword ba ;eword tsamay ;eword a ;eword ng ;eword teng ;eword
ba ;eword tsamay ;eword a ;eword ka ;eword yona ;eword
ka ;eword pot ;eword a ;eword ka ;eword yona ;eword
wa ;eword pot ;eword a ;eword ka ;eword ya ;eword di ;eword koloi ;eword
eke ;eword
e ;eword is ;eword a ;eword ho ;eword mme ;eword
is ;eword a ;eword ho ;eword mme ;eword
hosane ;eword
ke ;eword u ;eword jwets ;eword e ;eword Litlhare ;eword
o ;eword r ;eword e ;eword hosane ;eword
hosane ;eword ke ;eword neng ;eword na ;eword
hoba ;eword hosane ;eword ke ;eword mo ;eword qebelo ;eword
haka ;eword nnyeo ;eword
ho ;eword th ;eword w ;eword e ;eword
ken ;eword a ;eword
u ;eword tla ;eword bon ;eword a ;eword u ;eword shap ;eword uw ;eword a ;eword ha ;eword u ;eword ntse ;eword u ;eword r ;eword e ;eword
bal ;eword a ;eword e ;eword kwets ;eword w ;eword e ;eword ho ;eword bapal ;eword a ;eword
ha ;eword u ;eword tseb ;eword e ;eword hore ;eword ha ;eword ke ;eword e ;eword ch ;eword o ;eword jwalo ;eword
he ;eword u ;eword tlo ;eword di ;eword ets ;eword is ;eword e ;eword
hei ;eword wena ;eword
hat ;eword a ;eword moo ;eword
ee ;eword ke ;eword nk ;eword a ;eword papa ;eword kaofela ;eword
u ;eword se ;eword u ;eword saroll ;eword a ;eword mo ;eword lala ;eword
thamoll ;eword a ;eword mo ;eword lala ;eword
sheb ;eword a ;eword ha ;eword ke ;eword thamoll ;eword a ;eword mo ;eword lala ;eword wena ;eword
ke ;eword r ;eword e ;eword ha ;eword ke ;eword thamoll ;eword a ;eword mo ;eword lala ;eword
ke ;eword r ;eword e ;eword nna ;eword
hei ;eword u ;eword a ;eword n ;eword tonos ;eword ets ;eword a ;eword
wena ;eword ba ;eword r ;eword e ;eword Litlhare ;eword u ;eword skaba ;eword wa ;eword tSwar ;eword a ;eword le ;eword tombo ;eword lena ;eword
ke ;eword ena ;eword he ;eword Litlhare ;eword koloi ;eword ya ;eword ka ;eword ke ;eword ena ;eword ke ;eword ena ;eword
e ;eword tla ;eword ba ;eword mo ;eword jahi ;eword
e ;eword jah ;eword il ;eword e ;eword
e ;eword ngaka ;eword
ke ;eword tla ;eword be ;eword ke ;eword sukud ;eword is ;eword a ;eword
dumela ;eword ntate ;eword
eya ;eword ntate ;eword
dumela ;eword ntate ;eword
he ;eword ha ;eword ke ;eword so ;eword bon ;eword e ;eword koloi ;eword e ;eword pheth ;eword oh ;eword a ;eword ng ;eword ka ;eword mabomo ;eword
a ;eword bon ;eword a ;eword koloi ;eword ya ;eword hao ;eword e ;eword a ;eword tsamay ;eword a ;eword
bon ;eword a ;eword
e ;eword ntse ;eword e ;eword tsamay ;eword a ;eword
he ;eword e ;eword a ;eword e ;eword hul ;eword a ;eword
he ;eword e ;eword a ;eword hul ;eword a ;eword stentekwana ;eword sa ;eword teng ;eword
hei ;eword ba ;eword r ;eword e ;eword u ;eword soso ;eword
u ;eword sosososo ;eword
er ;eword e ;eword ha ;eword ho ;eword le ;eword tho ;eword Litlhare ;eword
u ;eword r ;eword e ;eword e ;eword bolek ;eword wena ;eword
hm ;eword
ha ;eword u ;eword tseb ;eword e ;eword ho ;eword i ;eword kam ;eword a ;eword Litlhare ;eword
ska ;eword e ;eword tabol ;eword a ;eword
u ;eword a ;eword tsamay ;eword a ;eword
hele ;eword
e ;eword kholo ;eword
a ;eword ma ;eword the ;eword
e ;eword ma ;eword the ;eword
Litlhare ;eword ha ;eword wa ;eword e ;eword kweny ;eword a ;eword u ;eword e ;eword tSwets ;eword e ;eword
