sori ;eword koloi ;eword ya ;eword Hlobohang ;eword
koloi ;eword e ;eword kae ;eword
moo ;eword
tanki ;eword
helang ;eword ba ;eword na ;eword ee ;eword
tswar ;eword a ;eword mona ;eword
u ;eword ti ;eword is ;eword e ;eword haholo ;eword
moo ;eword
Hlobohang ;eword ee ;eword
u ;eword nk ;eword a ;eword u ;eword tlo ;eword nk ;eword a ;eword eo ;eword
ke ;eword NtSelleng ;eword
e ;eword
wa ;eword e ;eword phethol ;eword a ;eword koloi ;eword eo ;eword
ma ;eword bidi ;eword ha ;eword a ;eword yo ;eword
e ;eword
eya ;eword mo ;eword rena ;eword
e ;eword mo ;eword rena ;eword
e ;eword mo ;eword rena ;eword
eya ;eword tanki ;eword
eya ;eword mo ;eword rena ;eword
eya ;eword mo ;eword rena ;eword
oo ;eword
mm ;eword
ae ;eword
kaofela ;eword
mm ;eword o ;eword tSel ;eword a ;eword ng ;eword di ;eword konopo ;eword
ee ;eword ke ;eword ena ;eword
ke ;eword tlo ;eword khann ;eword a ;eword ena ;eword ena ;eword
Hlobohang ;eword thote ;eword ng ;eword ke ;eword mona ;eword
thote ;eword ng ;eword ke ;eword mona ;eword
haka ;eword ke ;eword ha ;eword Kotsia ;eword
e ;eword
eya ;eword mo ;eword rena ;eword
eya ;eword mo ;eword rena ;eword
ha ;eword ke ;eword tseb ;eword e ;eword mo ;eword rena ;eword
tlong ;eword
Hlobohang ;eword
tsamay ;eword a ;eword mo ;eword rena ;eword
ae ;eword mo ;eword rena ;eword
eya ;eword mo ;eword rena ;eword
eya ;eword mo ;eword rena ;eword
tsamay ;eword a ;eword
tloh ;eword a ;eword Hlobohang ;eword ntho ;eword ena ;eword e ;eword tla ;eword u ;eword hlab ;eword a ;eword
nna ;eword n ;eword ka ;eword u ;eword otl ;eword a ;eword
ke ;eword a ;eword bon ;eword a ;eword
na ;eword ke ;eword ena ;eword u ;eword mo ;eword tell ;eword a ;eword ng ;eword
nk ;eword a ;eword u ;eword ilo ;eword y ;eword e ;eword
helang ;eword Hlobohang ;eword u ;eword tla ;eword otl ;eword a ;eword ngwana ;eword enwa ;eword wa ;eword ka ;eword
ke ;eword tla ;eword u ;eword nyok ;eword a ;eword
hele ;eword
u ;eword n ;eword qad ;eword il ;eword e ;eword pele ;eword
m ;eword re ;eword thatham ;eword ol ;eword ots ;eword e ;eword tse ;eword kholo ;eword
e ;eword tSel ;eword a ;eword le ;eword hlabathe ;eword
u ;eword ets ;eword e ;eword
hanthe ;eword di ;eword koloi ;eword tsa ;eword hao ;eword di ;eword ngata ;eword khanthe ;eword
m ;eword ph ;eword e ;eword e ;eword ngwe ;eword he ;eword
m ;eword ph ;eword e ;eword e ;eword ngwe ;eword tsa ;eword hao ;eword di ;eword ngata ;eword
hei ;eword wena ;eword oo ;eword
ke ;eword a ;eword mo ;eword jwets ;eword a ;eword
ke ;eword tla ;eword r ;eword e ;eword Hlobohang ;eword o ;eword its ;eword e ;eword o ;eword lap ;eword il ;eword e ;eword
nna ;eword ke ;eword lap ;eword il ;eword e ;eword
tanki ;eword ke ;eword u ;eword f ;eword e ;eword
u ;eword m ;eword ph ;eword e ;eword eo ;eword
m ;eword ph ;eword e ;eword kaofela ;eword
u ;eword m ;eword ph ;eword il ;eword e ;eword kaofela ;eword
e ;eword
tanki ;eword
he ;eword mo ;eword tho ;eword ke ;eword yane ;eword o ;eword a ;eword khann ;eword a ;eword
mo ;eword tho ;eword ke ;eword yane ;eword o ;eword a ;eword khann ;eword a ;eword ya ;eword hae ;eword
ke ;eword ne ;eword ke ;eword tswer ;eword e ;eword
he ;eword mo ;eword tho ;eword yane ;eword o ;eword khann ;eword a ;eword koloi ;eword
mo ;eword tho ;eword ke ;eword yane ;eword o ;eword a ;eword khann ;eword a ;eword ya ;eword hae ;eword
mo ;eword tebel ;eword e ;eword mane ;eword heno ;eword
u ;eword a ;eword utlw ;eword a ;eword Hlobohang ;eword
u ;eword mo ;eword tebel ;eword e ;eword NtSelleng ;eword u ;eword a ;eword utlw ;eword a ;eword
e ;eword
nna ;eword u ;eword tla ;eword n ;eword tebel ;eword a ;eword
e ;eword
ha ;eword re ;eword y ;eword e ;eword ke ;eword u ;eword chak ;eword el ;eword e ;eword NtSelleng ;eword
ehle ;eword ha ;eword se ;eword nna ;eword ehle ;eword
ehle ;eword ke ;eword wena ;eword
u ;eword tlo ;eword bolel ;eword a ;eword
ke ;eword NtSelleng ;eword
er ;eword e ;eword a ;eword le ;eword f ;eword e ;eword papa ;eword ya ;eword hao ;eword
akha ;eword u ;eword tlo ;eword bolel ;eword e ;eword ho ;eword nna ;eword
er ;eword e ;eword a ;eword le ;eword f ;eword e ;eword NtSelleng ;eword
e ;eword lef ;eword e ;eword papa ;eword ya ;eword hae ;eword
e ;eword lef ;eword e ;eword
u ;eword n ;eword cheb ;eword il ;eword e ;eword ng ;eword
ke ;eword tla ;eword u ;eword hlab ;eword a ;eword
e ;eword tla ;eword u ;eword tSel ;eword a ;eword
tSuru ;eword a ;eword ke ;eword bon ;eword e ;eword Hlobohang ;eword
Hlobohang ;eword u ;eword e ;eword f ;eword uw ;eword e ;eword ke ;eword mang ;eword
ke ;eword tla ;eword u ;eword mul ;eword a ;eword wena ;eword
tswekere ;eword e ;eword qhal ;eword an ;eword e ;eword fatSe ;eword e ;eword ngata ;eword ke ;eword ena ;eword
e ;eword pele ;eword e ;eword le ;eword tswai ;eword
mm ;eword
he ;eword le ;eword otl ;eword il ;eword e ;eword mo ;eword tho ;eword ka ;eword le ;eword jwe ;eword
he ;eword ba ;eword ba ;eword bedi ;eword ba ;eword khann ;eword w ;eword a ;eword
eha ;eword ba ;eword khann ;eword w ;eword a ;eword
u ;eword lom ;eword a ;eword
ee ;eword
metsi ;eword ng ;eword ke ;eword ane ;eword
mm ;eword
e ;eword nk ;eword e ;eword kaofela ;eword
e ;eword nk ;eword e ;eword ka ;eword poleiti ;eword nyeo ;eword
nna ;eword ke ;eword ile ;eword ka ;eword r ;eword e ;eword ke ;eword u ;eword tim ;eword a ;eword mo ;eword roho ;eword
u ;eword a ;eword qel ;eword a ;eword he ;eword
qel ;eword a ;eword e ;eword mane ;eword
ke ;eword i ;eword tjell ;eword a ;eword feela ;eword monna ;eword
ke ;eword i ;eword tjell ;eword a ;eword feela ;eword
ke ;eword ena ;eword e ;eword bab ;eword a ;eword ng ;eword ke ;eword ena ;eword
jowe ;eword
u ;eword a ;eword di ;eword soth ;eword a ;eword
u ;eword fapan ;eword ts ;eword e ;eword di ;eword eta ;eword tsena ;eword wena ;eword
u ;eword a ;eword di ;eword fapan ;eword ts ;eword a ;eword
ke ;eword mankorolo ;eword
ke ;eword mankwebela ;eword
ha ;eword re ;eword mo ;eword mul ;eword e ;eword
o ;eword its ;eword e ;eword
ke ;eword a ;eword mo ;eword j ;eword a ;eword
u ;eword a ;eword lom ;eword a ;eword he ;eword
ke ;eword le ;eword nw ;eword el ;eword e ;eword
hae ;eword ke ;eword
