ake ;eword u ;eword bon ;eword e ;eword ngwana ;eword wa ;eword ka ;eword ya ;eword mo ;eword sehla ;eword na ;eword hakalekale ;eword Sebina ;eword kannete ;eword ya ;eword mo ;eword dimo ;eword ha ;eword le ;eword sa ;eword hlatsw ;eword e ;eword ngwana ;eword eo ;eword
oo ;eword
o ;eword r ;eword e ;eword ho ;eword y ;eword a ;eword bona ;eword ba ;eword tswetse ;eword ba ;eword Tlokweng ;eword
m ;eword ph ;eword e ;eword mo ;eword riana ;eword wane ;eword wa ;eword Likhapa ;eword o ;eword botlolo ;eword ng ;eword e ;eword n ;eword ngwe ;eword ke ;eword tlo ;eword tlots ;eword a ;eword ausi ;eword wa ;eword hae ;eword
eya ;eword nnake ;eword
Sebina ;eword m ;eword ph ;eword e ;eword o ;eword mo ;eword ng ;eword o ;eword teng ;eword ka ;eword mono ;eword
eke ;eword
u ;eword a ;eword bon ;eword a ;eword he ;eword jwale ;eword tjena ;eword u ;eword qoq ;eword e ;eword ho ;eword fel ;eword w ;eword a ;eword
u ;eword a ;eword utlw ;eword a ;eword
u ;eword r ;eword e ;eword ng ;eword
u ;eword r ;eword e ;eword ng ;eword
ha ;eword e ;eword se ;eword e ;eword le ;eword wena ;eword a ;eword ilo ;eword e ;eword qholots ;eword a ;eword pele ;eword tl ;eword os ;eword a ;eword kharafu ;eword eo ;eword Libuseng ;eword hara ;eword le ;eword bala ;eword ke ;eword ngots ;eword e ;eword Thabang ;eword local ;eword court ;eword
Sebina ;eword ake ;eword u ;eword sheb ;eword e ;eword ma ;eword bokose ;eword ng ;eword a ;eword ka ;eword tlasa ;eword bethe ;eword ake ;eword u ;eword tl ;eword is ;eword e ;eword buka ;eword e ;eword teng ;eword ya ;eword se ;eword khowa ;eword ba ;eword tlo ;eword phetl ;eword a ;eword
e ;eword
eo ;eword o ;eword ntse ;eword a ;eword ets ;eword a ;eword polopoqo ;eword ya ;eword eng ;eword
hei ;eword bo ;eword
ke ;eword wena ;eword ya ;eword sa ;eword i ;eword tlhatsw ;eword e ;eword ng ;eword
u ;eword tl ;eword e ;eword u ;eword tlo ;eword qoq ;eword a ;eword
lona ;eword le ;eword ets ;eword a ;eword mo ;eword rusu ;eword
lona ;eword
tloo ;eword u ;eword tlo ;eword qal ;eword a ;eword le ;eword Litlhare ;eword
ha ;eword se ;eword ma ;eword he ;eword ke ;eword tamati ;eword
ka ;eword mona ;eword ho ;eword th ;eword w ;eword e ;eword ke ;eword di ;eword tsuo ;eword nyana ;eword
ho ;eword th ;eword w ;eword e ;eword di ;eword tsuo ;eword nyana ;eword di ;eword ka ;eword jarete ;eword ng ;eword
e ;eword
e ;eword
Neo ;eword fall ;eword a ;eword
Neo ;eword tlohell ;eword a ;eword
le ;eword bu ;eword is ;eword e ;eword Litlhare ;eword haholo ;eword
u ;eword skaba ;eword y ;eword a ;eword wena ;eword ngwanaka ;eword
u ;eword a ;eword utlw ;eword a ;eword
e ;eword tla ;eword u ;eword ntS ;eword a ;eword meno ;eword
u ;eword a ;eword utlw ;eword a ;eword
ausi ;eword we ;eword u ;eword skaba ;eword y ;eword a ;eword
u ;eword y ;eword a ;eword kae ;eword
tloo ;eword kwano ;eword
Pateriki ;eword tl ;eword is ;eword a ;eword di ;eword karata ;eword tseno ;eword
re ;eword tlo ;eword bets ;eword a ;eword le ;eword Litlhare ;eword
tl ;eword is ;eword a ;eword di ;eword karata ;eword tseo ;eword Mpinane ;eword
re ;eword tlo ;eword bapal ;eword a ;eword le ;eword Litlhare ;eword
hodima ;eword tafole ;eword
le ;eword ets ;eword a ;eword ng ;eword
ke ;eword r ;eword e ;eword di ;eword ka ;eword moo ;eword hodima ;eword tafole ;eword
fesetere ;eword ng ;eword
ha ;eword di ;eword yo ;eword
di ;eword nk ;eword uw ;eword e ;eword ke ;eword eng ;eword
seka ;eword mo ;eword ll ;eword is ;eword ang ;eword
