mang ;eword
Litlhare ;eword
Manase ;eword theoh ;eword a ;eword
theoh ;eword a ;eword
Manase ;eword u ;eword ll ;eword el ;eword a ;eword ng ;eword
hantle ;eword ntle ;eword u ;eword ll ;eword el ;eword a ;eword ng ;eword
ke ;eword tla ;eword u ;eword diel ;eword a ;eword
ha ;eword ke ;eword na ;eword ho ;eword u ;eword diel ;eword a ;eword
ausi ;eword Tselane ;eword
e ;eword o ;eword le ;eword lahl ;eword il ;eword e ;eword ka ;eword mora ;eword le ;eword rako ;eword
o ;eword a ;eword r ;eword e ;eword o ;eword ents ;eword e ;eword ntlo ;eword e ;eword ncha ;eword
o ;eword tla ;eword ets ;eword a ;eword hape ;eword
mo ;eword si ;eword
mo ;eword si ;eword wa ;eword eng ;eword
ke ;eword wa ;eword mo ;eword llo ;eword
Thabo ;eword sekana ;eword feres ;eword a ;eword ka ;eword hare ;eword
wa ;eword Namane ;eword n ;eword ka ;eword o ;eword kop ;eword a ;eword
ha ;eword e ;eword y ;eword e ;eword mona ;eword
hana ;eword ntate ;eword Makapu ;eword o ;eword r ;eword e ;eword ntja ;eword ee ;eword ke ;eword mang ;eword
Fentenke ;eword
o ;eword r ;eword e ;eword ausi ;eword Mamello ;eword
nta ;eword ke ;eword ena ;eword Mpinane ;eword
he ;eword ba ;eword mo ;eword phoq ;eword a ;eword
Libuseng ;eword er ;eword e ;eword dumelang ;eword ho ;eword Litlhare ;eword
Libuseng ;eword Libuseng ;eword er ;eword e ;eword ee ;eword le ;eword nna ;eword ke ;eword a ;eword phel ;eword a ;eword hoba ;eword ke ;eword ntse ;eword ke ;eword tsamay ;eword a ;eword
Namane ;eword u ;eword tla ;eword be ;eword u ;eword ches ;eword a ;eword ngwana ;eword enwa ;eword
