Masebina ;eword re ;eword j ;eword el ;eword e ;eword
re ;eword j ;eword e ;eword le ;eword Litlhare ;eword
sheb ;eword a ;eword ausi ;eword Masebina ;eword moo ;eword e ;eword j ;eword el ;eword e ;eword ng ;eword
bon ;eword a ;eword
ke ;eword moo ;eword
e ;eword j ;eword el ;eword e ;eword
he ;eword ha ;eword a ;eword j ;eword e ;eword le ;eword papa ;eword
jwale ;eword ha ;eword a ;eword j ;eword e ;eword le ;eword papa ;eword enwa ;eword
Litlhare ;eword ha ;eword a ;eword tseb ;eword e ;eword hore ;eword na ;eword tafole ;eword ena ;eword e ;eword rek ;eword il ;eword w ;eword e ;eword neng ;eword ena ;eword
nna ;eword ke ;eword a ;eword tseb ;eword a ;eword khale ;eword khale ;eword
nna ;eword ke ;eword a ;eword tseb ;eword a ;eword e ;eword ne ;eword e ;eword fe ;eword e ;eword fok ;eword uw ;eword e ;eword ke ;eword mo ;eword ya ;eword
yaba ;eword ya ;eword rob ;eword eh ;eword a ;eword
ausi ;eword Masebina ;eword
hakere ;eword tafole ;eword e ;eword ne ;eword e ;eword em ;eword e ;eword moo ;eword
ke ;eword a ;eword mo ;eword hlw ;eword es ;eword a ;eword
ke ;eword mo ;eword tswar ;eword a ;eword ka ;eword le ;eword tsoho ;eword le ;eword le ;eword le ;eword ng ;eword
ke ;eword a ;eword mo ;eword nyoll ;eword a ;eword
ka ;eword mo ;eword jwets ;eword a ;eword
o ;eword r ;eword e ;eword yena ;eword o ;eword y ;eword a ;eword ha ;eword ho ;eword ausi ;eword Masebina ;eword
ngwana ;eword enwa ;eword o ;eword rots ;eword e ;eword di ;eword eta ;eword kamabomo ;eword Litlhare ;eword
