ha ;eword a ;eword khor ;eword a ;eword jwale ;eword o ;eword a ;eword qhal ;eword a ;eword
tsuru ;eword a ;eword
tsuru ;eword a ;eword mme ;eword
e ;eword
e ;eword kalekale ;eword mo ;eword nna ;eword
bo ;eword Hlobohang ;eword ba ;eword tswa ;eword kak ;eword a ;eword
mm ;eword mang ;eword
ke ;eword ena ;eword
e ;eword lahl ;eword il ;eword w ;eword e ;eword tjee ;eword
e ;eword kae ;eword ntho ;eword ela ;eword
o ;eword ll ;eword el ;eword a ;eword tsunuku ;eword
se ;eword boko ;eword ke ;eword sena ;eword
e ;eword ke ;eword mo ;eword neh ;eword a ;eword ka ;eword thipa ;eword
abuti ;eword Kabelo ;eword
di ;eword lekan ;eword e ;eword mme ;eword Manyili ;eword
