o ;eword
oneabatla ;eword ena ;eword
makwenya ;eword
ka ;eword phokotong ;eword
eya ;eword
ke ;eword ausi ;eword ma ;eword
e ;eword ka ;eword diphokotong ;eword
ka ;eword phokotong ;eword yaka ;eword
eya ;eword
habo ;eword rona ;eword
habo ;eword rona ;eword matatiela ;eword
habo ;eword rona ;eword ha ;eword matatiela ;eword
bisikiti ;eword
le ;eword dipompong ;eword
le ;eword makwenya ;eword le ;eword mabese ;eword
di ;eword teng ;eword
dinamune ;eword
ketlatla ;eword
ketlatla ;eword le ;eword tsona ;eword
le ;eword diperekisi ;eword
eya ;eword
eya ;eword
e ;eword
eya ;eword
etswanang ;eword le ;eword ya ;eword lapeng ;eword
eya ;eword
yahao ;eword
hlobohang ;eword
e ;eword
e ;eword
hlobohang ;eword yena ;eword ketlamopalamisa ;eword
hlobohang ;eword yena ;eword otlapalama ;eword potsotso ;eword
keamofahla ;eword
eile ;eword habo ;eword yona ;eword kwana ;eword
separleta ;eword
hopolang ;eword autswa ;eword diperekisi ;eword
hopolang ;eword hlobohang ;eword khethang ;eword likhomo ;eword
ore ;eword ha ;eword abatle ;eword kerwala ;eword hlobohang ;eword
mona ;eword kobong ;eword
bolo ;eword ya ;eword hopolang ;eword
retliloraha ;eword bolo ;eword
oaraha ;eword
