helang ;eword Litlhare ;eword o ;eword nts ;eword a ;eword ets ;eword a ;eword ng ;eword
e ;eword
hona ;eword ke ;eword eng ;eword
ke ;eword le ;eword bese ;eword
tSwel ;eword a ;eword Litlhare ;eword
min ;eword a ;eword Litlhare ;eword
che ;eword le ;eword nna ;eword
e ;eword tla ;eword bu ;eword a ;eword neng ;eword
ngwana ;eword eo ;eword ba ;eword na ;eword beso ;eword
bon ;eword ang ;eword enwa ;eword hle ;eword
ngwana ;eword enwa ;eword o ;eword bat ;eword a ;eword ausi ;eword Mamello ;eword
