le ;eword kwenya ;eword
o ;eword a ;eword m ;eword ph ;eword a ;eword le ;eword kokomete ;eword
nna ;eword n ;eword ka ;eword fihl ;eword a ;eword ha ;eword ntate ;eword Tebele ;eword
ke ;eword tl ;eword il ;eword e ;eword le ;eword chelete ;eword ya ;eword ka ;eword
ebileng ;eword
e ;eword mang ;eword
di ;eword tharo ;eword di ;eword chelete ;eword
ke ;eword a ;eword kholw ;eword a ;eword ke ;eword soka ;eword
ke ;eword ntate ;eword Kolefane ;eword
ha ;eword ke ;eword rat ;eword e ;eword nna ;eword
le ;eword mo ;eword hla ;eword ng ;eword wane ;eword n ;eword kebe ;eword ka ;eword y ;eword a ;eword
mo ;eword hla ;eword e ;eword le ;eword ng ;eword keresemese ;eword n ;eword kebe ;eword n ;eword ka ;eword y ;eword a ;eword
ebile ;eword ha ;eword e ;eword le ;eword keresemese ;eword n ;eword kebe ;eword n ;eword ka ;eword y ;eword a ;eword
di ;eword eta ;eword tsa ;eword ka ;eword ke ;eword di ;eword rots ;eword e ;eword
ke ;eword tsane ;eword moo ;eword ke ;eword di ;eword les ;eword el ;eword ets ;eword e ;eword ng ;eword
nna ;eword ke ;eword ets ;eword e ;eword mona ;eword
o ;eword hodimo ;eword kwana ;eword
ka ;eword thol ;eword a ;eword ka ;eword chelete ;eword
le ;eword hlwa ;eword le ;eword se ;eword le ;eword ntse ;eword le ;eword n ;eword a ;eword
ha ;eword le ;eword n ;eword e ;eword
ntate ;eword Makapukapu ;eword o ;eword r ;eword e ;eword Litlhare ;eword ke ;eword tentenki ;eword
o ;eword r ;eword e ;eword Litlhare ;eword ke ;eword tentenki ;eword
tentenki ;eword
helang ;eword ngwana ;eword eo ;eword o ;eword tSwar ;eword a ;eword saese ;eword ya ;eword ka ;eword
hakere ;eword o ;eword ne ;eword a ;eword ilo ;eword qhal ;eword a ;eword le ;eword khapetla ;eword
ebileng ;eword le ;eword tsatsi ;eword le ;eword chab ;eword il ;eword e ;eword kantle ;eword ka ;eword kwana ;eword
danki ;eword mme ;eword
ke ;eword y ;eword a ;eword kantle ;eword
ke ;eword a ;eword kwal ;eword a ;eword
ke ;eword u ;eword jwets ;eword a ;eword ausi ;eword Masebina ;eword
se ;eword kotlolo ;eword se ;eword se ;eword holo ;eword
se ;eword na ;eword se ;eword se ;eword holo ;eword se ;eword lekan ;eword e ;eword
ngwana ;eword enwa ;eword o ;eword tla ;eword r ;eword e ;eword polopoqo ;eword
nna ;eword ke ;eword tla ;eword y ;eword a ;eword Natala ;eword hole ;eword kwana ;eword
he ;eword ngwana ;eword enwa ;eword o ;eword e ;eword phuny ;eword a ;eword ka ;eword thipa ;eword
ke ;eword bon ;eword a ;eword metsi ;eword a ;eword tla ;eword fefoh ;eword a ;eword mona ;eword
e ;eword ngwe ;eword
o ;eword a ;eword ka ;eword
ma ;eword kwenya ;eword a ;eword ka ;eword mpe ;eword ng ;eword ya ;eword ka ;eword
mo ;eword tho ;eword o ;eword tla ;eword re ;eword thuny ;eword a ;eword
hodima ;eword tafole ;eword
mo ;eword tho ;eword ke ;eword eo ;eword hodima ;eword tafole ;eword
e ;eword a ;eword w ;eword el ;eword a ;eword
m ;eword ph ;eword e ;eword mme ;eword
m ;eword ph ;eword e ;eword
ke ;eword ya ;eword ka ;eword
ya ;eword ka ;eword
mme ;eword
ntho ;eword ee ;eword
e ;eword
