nka ;eword neuoe ;eword
erekisi ;eword ke ;eword ena ;eword
neuoe ;eword keankile ;eword
ha ;eword hona ;eword seboko ;eword wena ;eword neuoe ;eword
ha ;eword hona ;eword seboko ;eword
bona ;eword ha ;eword se ;eword yo ;eword
nka ;eword ha ;eword se ;eword yo ;eword
neuoe ;eword le ;eword wena ;eword ngwatha ;eword
neuoe ;eword keukukela ;eword kantle ;eword
diboko ;eword seboko ;eword
keatswela ;eword neuoe ;eword
neuoe ;eword
ha ;eword se ;eword yo ;eword
neuoe ;eword uabona ;eword
hoqetuwe ;eword hoebola ;eword
neuoe ;eword ha ;eword reole ;eword
ha ;eword reole ;eword le ;eword ane ;eword
neuoe ;eword amang ;eword ke ;eword ana ;eword ka ;eword mora ;eword hao ;eword
neuoe ;eword ha ;eword utsebe ;eword amang ;eword
neuoe ;eword
neuoe ;eword ha ;eword reye ;eword
neuoe ;eword
tloo ;eword
phakisa ;eword
thotobolong ;eword
bohleso ;eword baile ;eword kae ;eword
motseng ;eword
