u ;eword a ;eword di ;eword qet ;eword a ;eword
u ;eword a ;eword e ;eword j ;eword a ;eword Hlobohang ;eword
hape ;eword le ;eword nna ;eword
u ;eword le ;eword shano ;eword
er ;eword e ;eword ke ;eword lena ;eword
Hlobohang ;eword u ;eword ets ;eword a ;eword ng ;eword
u ;eword e ;eword lahl ;eword il ;eword e ;eword wena ;eword
tl ;eword is ;eword a ;eword mo ;eword kopu ;eword ona ;eword
ha ;eword se ;eword mo ;eword kopu ;eword o ;eword tsw ;eword a ;eword ng ;eword ma ;eword simo ;eword ng ;eword
ke ;eword batl ;eword a ;eword poone ;eword ke ;eword tlo ;eword e ;eword bes ;eword a ;eword
ke ;eword batl ;eword a ;eword poone ;eword ke ;eword tlo ;eword e ;eword bes ;eword a ;eword ausi ;eword Ntsoaki ;eword
ke ;eword a ;eword e ;eword nk ;eword a ;eword poone ;eword ke ;eword tlo ;eword e ;eword bes ;eword a ;eword
ke ;eword tla ;eword nk ;eword a ;eword ka ;eword ma ;eword tla ;eword a ;eword hao ;eword
kwal ;eword a ;eword le ;eword mati ;eword
ho ;eword th ;eword w ;eword e ;eword e ;eword kwal ;eword a ;eword le ;eword mati ;eword koloi ;eword
ee ;eword u ;eword a ;eword tabol ;eword a ;eword u ;eword tabol ;eword a ;eword le ;eword mati ;eword la ;eword koloi ;eword
ke ;eword ka ;eword mona ;eword u ;eword chobel ;eword a ;eword ng ;eword ke ;eword ka ;eword mona ;eword
e ;eword le ;eword mati ;eword
le ;eword mati ;eword le ;eword kwal ;eword l ;eword w ;eword a ;eword ka ;eword nqane ;eword
ho ;eword th ;eword w ;eword e ;eword ho ;eword kwal ;eword l ;eword w ;eword a ;eword le ;eword le ;eword ng ;eword ka ;eword mona ;eword
e ;eword notlets ;eword w ;eword e ;eword le ;eword kwad ;eword il ;eword w ;eword e ;eword ng ;eword
e ;eword le ;eword kwad ;eword il ;eword w ;eword e ;eword le ;eword mati ;eword
le ;eword bul ;eword eh ;eword il ;eword e ;eword Hlobohang ;eword le ;eword kwal ;eword e ;eword
bo ;eword butle ;eword u ;eword a ;eword e ;eword rob ;eword a ;eword ntho ;eword ena ;eword
ha ;eword u ;eword tseb ;eword e ;eword ho ;eword kwal ;eword a ;eword le ;eword mati ;eword
u ;eword le ;eword kwal ;eword e ;eword tjena ;eword ho ;eword mo ;eword tho ;eword re ;eword tla ;eword m ;eword maleh ;eword a ;eword
re ;eword tla ;eword m ;eword mul ;eword el ;eword a ;eword tjena ;eword
jwale ;eword ba ;eword kwal ;eword a ;eword
jwale ;eword bo ;eword hle ;eword ba ;eword kwal ;eword a ;eword
bon ;eword a ;eword ntho ;eword ena ;eword e ;eword its ;eword e ;eword
ache ;eword ke ;eword bon ;eword a ;eword ntho ;eword ena ;eword feela ;eword
bon ;eword a ;eword ma ;eword bidi ;eword ale ;eword
bon ;eword a ;eword ma ;eword bidi ;eword a ;eword di ;eword tSepe ;eword
ma ;eword bidi ;eword a ;eword di ;eword tSepe ;eword
e ;eword fed ;eword il ;eword e ;eword
e ;eword ho ;eword kae ;eword
hat ;eword oh ;eword a ;eword
u ;eword nw ;eword a ;eword le ;eword sheleshele ;eword wena ;eword
ke ;eword le ;eword sheleshele ;eword wena ;eword
he ;eword wena ;eword Hlobohang ;eword
u ;eword nw ;eword a ;eword le ;eword sheleshele ;eword wena ;eword
u ;eword nw ;eword a ;eword ng ;eword
u ;eword nw ;eword a ;eword le ;eword sheleshele ;eword
e ;eword Hlobohang ;eword
ke ;eword u ;eword apes ;eword e ;eword
er ;eword e ;eword ka ;eword le ;eword bese ;eword
e ;eword nk ;eword e ;eword
ke ;eword nk ;eword a ;eword koloi ;eword ya ;eword ka ;eword ya ;eword motokara ;eword
ke ;eword koloi ;eword ya ;eword ka ;eword ena ;eword ha ;eword se ;eword le ;eword bokose ;eword
ets ;eword a ;eword koloi ;eword e ;eword nk ;eword il ;eword e ;eword
ke ;eword lok ;eword is ;eword a ;eword koloi ;eword ena ;eword
ke ;eword lok ;eword is ;eword a ;eword koloi ;eword ya ;eword hao ;eword
ya ;eword mona ;eword e ;eword a ;eword rek ;eword is ;eword w ;eword a ;eword ke ;eword tla ;eword e ;eword rek ;eword a ;eword
u ;eword ne ;eword u ;eword le ;eword beh ;eword il ;eword e ;eword kae ;eword
ha ;eword le ;eword yo ;eword
ha ;eword le ;eword yo ;eword le ;eword bokose ;eword la ;eword hao ;eword mona ;eword
ke ;eword la ;eword hao ;eword le ;eword bokose ;eword lee ;eword
ke ;eword ilo ;eword le ;eword pat ;eword a ;eword ka ;eword mona ;eword
le ;eword kae ;eword
e ;eword n ;eword ngwe ;eword e ;eword pshatl ;eword eh ;eword il ;eword e ;eword
ke ;eword ilo ;eword ken ;eword y ;eword a ;eword tsa ;eword ka ;eword mona ;eword wena ;eword
hle ;eword butle ;eword
e ;eword w ;eword ets ;eword e ;eword
o ;eword ch ;eword el ;eword e ;eword
katakata ;eword e ;eword nk ;eword il ;eword e ;eword koloi ;eword e ;eword n ;eword ngwe ;eword
ke ;eword lena ;eword la ;eword ka ;eword le ;eword a ;eword tsamay ;eword a ;eword le ;eword y ;eword a ;eword Natala ;eword
u ;eword mang ;eword wena ;eword
u ;eword mang ;eword
ke ;eword mang ;eword elwa ;eword
elwa ;eword ena ;eword ke ;eword mang ;eword
bon ;eword a ;eword ke ;eword yane ;eword
mo ;eword tho ;eword ke ;eword yane ;eword
mo ;eword tho ;eword ke ;eword yane ;eword Hlobohang ;eword
bon ;eword a ;eword mo ;eword tho ;eword ke ;eword yane ;eword
bon ;eword a ;eword mo ;eword tho ;eword
ke ;eword mo ;eword tho ;eword
ke ;eword mo ;eword tho ;eword
ke ;eword abuti ;eword Mohapi ;eword
abuti ;eword mang ;eword
abuti ;eword Mohale ;eword
abuti ;eword Mohale ;eword wena ;eword
abuti ;eword Mohale ;eword
abuti ;eword Mohale ;eword
abuti ;eword Mohale ;eword
e ;eword
abuti ;eword Mohale ;eword
e ;eword
wena ;eword u ;eword mang ;eword
u ;eword mang ;eword
Mololo ;eword Motiea ;eword
u ;eword Mololo ;eword Motiea ;eword
u ;eword Hlobohang ;eword Motiea ;eword
u ;eword Hlobohang ;eword Motiea ;eword
ho ;eword th ;eword w ;eword e ;eword e ;eword nk ;eword a ;eword di ;eword konkwane ;eword
ntlo ;eword e ;eword ngwe ;eword e ;eword a ;eword kuk ;eword a ;eword di ;eword konkwane ;eword
ntlo ;eword e ;eword n ;eword ngwe ;eword e ;eword nk ;eword il ;eword e ;eword di ;eword konkwane ;eword
ho ;eword th ;eword w ;eword e ;eword e ;eword n ;eword ngwe ;eword e ;eword is ;eword a ;eword ba ;eword na ;eword kliniki ;eword ng ;eword ha ;eword ba ;eword ken ;eword a ;eword ka ;eword mane ;eword
ke ;eword se ;eword ke ;eword il ;eword e ;eword kliniki ;eword ng ;eword jwale ;eword
ke ;eword ten ;eword tS ;eword a ;eword ba ;eword na ;eword
bo ;eword siu ;eword ba ;eword ken ;eword a ;eword ka ;eword
e ;eword
ke ;eword eng ;eword ntho ;eword ee ;eword
ke ;eword ntho ;eword ya ;eword kumbakumba ;eword
e ;eword tla ;eword bu ;eword a ;eword jwalo ;eword ka ;eword wena ;eword ntho ;eword ee ;eword
e ;eword tla ;eword bu ;eword a ;eword jwalo ;eword ka ;eword wena ;eword
e ;eword bu ;eword a ;eword jwalo ;eword ka ;eword wena ;eword
e ;eword nk ;eword il ;eword e ;eword ba ;eword na ;eword
utlw ;eword a ;eword ba ;eword na ;eword ba ;eword y ;eword a ;eword kliniki ;eword ng ;eword
bon ;eword a ;eword ba ;eword a ;eword tsamay ;eword a ;eword
ba ;eword a ;eword tsamay ;eword a ;eword ba ;eword y ;eword a ;eword kliniki ;eword ng ;eword kwana ;eword
e ;eword bof ;eword il ;eword e ;eword mo ;eword bu ;eword
ke ;eword qhal ;eword a ;eword mo ;eword bu ;eword
e ;eword tsamay ;eword a ;eword kliniki ;eword ng ;eword koloi ;eword ya ;eword ka ;eword
ke ;eword is ;eword a ;eword ba ;eword na ;eword kliniki ;eword ng ;eword
nk ;eword a ;eword wena ;eword
a ;eword wena ;eword
aa ;eword wena ;eword
nna ;eword ba ;eword na ;eword ba ;eword ka ;eword ke ;eword ba ;eword tSets ;eword e ;eword ka ;eword le ;eword bokose ;eword ng ;eword ba ;eword na ;eword ba ;eword ka ;eword
ke ;eword bana ;eword
ke ;eword bana ;eword u ;eword a ;eword ba ;eword bon ;eword a ;eword
tl ;eword is ;eword a ;eword ba ;eword na ;eword kliniki ;eword ng ;eword ke ;eword bana ;eword
ke ;eword ba ;eword is ;eword a ;eword kliniki ;eword ng ;eword ba ;eword na ;eword bana ;eword
ke ;eword pep ;eword il ;eword e ;eword ngwana ;eword
wena ;eword u ;eword r ;eword e ;eword ba ;eword pep ;eword w ;eword e ;eword
ka ;eword le ;eword bokose ;eword ng ;eword
ba ;eword na ;eword ba ;eword a ;eword math ;eword a ;eword ba ;eword il ;eword e ;eword kliniki ;eword ng ;eword
ba ;eword na ;eword ba ;eword se ;eword ba ;eword fihl ;eword il ;eword e ;eword kliniki ;eword ng ;eword jwale ;eword
ba ;eword math ;eword a ;eword ba ;eword y ;eword a ;eword kliniki ;eword ng ;eword
di ;eword a ;eword bab ;eword a ;eword
ba ;eword tho ;eword ba ;eword a ;eword tsamay ;eword a ;eword
e ;eword ho ;eword th ;eword w ;eword e ;eword ba ;eword tl ;eword os ;eword w ;eword a ;eword ka ;eword tlung ;eword
ba ;eword a ;eword math ;eword a ;eword
ti ;eword ba ;eword a ;eword math ;eword a ;eword
ke ;eword ba ;eword na ;eword ba ;eword hao ;eword ba ;eword y ;eword a ;eword kliniki ;eword ng ;eword
ho ;eword uw ;eword a ;eword kliniki ;eword ng ;eword
kliniki ;eword
pep ;eword a ;eword ntho ;eword eno ;eword ntho ;eword ena ;eword e ;eword pep ;eword il ;eword e ;eword yane ;eword e ;eword a ;eword tsamay ;eword a ;eword
di ;eword konkwane ;eword ha ;eword di ;eword kopan ;eword e ;eword mona ;eword
ho ;eword th ;eword w ;eword e ;eword di ;eword koloi ;eword di ;eword pep ;eword il ;eword e ;eword ba ;eword na ;eword ba ;eword rona ;eword
hei ;eword u ;eword tsw ;eword a ;eword kae ;eword ngwana ;eword towe ;eword
ha ;eword di ;eword kopan ;eword e ;eword mona ;eword ha ;eword di ;eword kopan ;eword e ;eword
e ;eword sheb ;eword il ;eword e ;eword kwana ;eword
ke ;eword koloi ;eword ya ;eword mang ;eword
nk ;eword a ;eword wena ;eword nk ;eword a ;eword
ha ;eword di ;eword kopan ;eword e ;eword mona ;eword di ;eword a ;eword kopan ;eword a ;eword
ba ;eword kae ;eword ba ;eword y ;eword a ;eword ng ;eword kliniki ;eword ng ;eword ba ;eword theoh ;eword a ;eword ntate ;eword ba ;eword math ;eword a ;eword
ba ;eword tho ;eword bana ;eword ba ;eword a ;eword math ;eword a ;eword
jowe ;eword ba ;eword tho ;eword ba ;eword a ;eword math ;eword a ;eword ba ;eword y ;eword a ;eword kliniki ;eword ng ;eword ntate ;eword
ba ;eword fihl ;eword a ;eword kliniki ;eword ng ;eword ba ;eword a ;eword math ;eword a ;eword
ba ;eword fihl ;eword a ;eword jwale ;eword
ba ;eword fihl ;eword a ;eword
ho ;eword th ;eword w ;eword e ;eword kliniki ;eword ng ;eword ke ;eword mane ;eword
ho ;eword th ;eword w ;eword e ;eword kliniki ;eword ng ;eword ke ;eword mona ;eword
kliniki ;eword ke ;eword mona ;eword wena ;eword
ba ;eword fihl ;eword a ;eword kliniki ;eword ng ;eword ba ;eword na ;eword ba ;eword ka ;eword ntate ;eword
ba ;eword robal ;eword a ;eword
o ;eword a ;eword robal ;eword a ;eword e ;eword mo ;eword nyane ;eword
ba ;eword robal ;eword a ;eword
ho ;eword th ;eword w ;eword e ;eword ngwana ;eword e ;eword mo ;eword nyane ;eword o ;eword a ;eword robal ;eword a ;eword
ho ;eword th ;eword w ;eword e ;eword ngwana ;eword e ;eword mo ;eword nyane ;eword o ;eword hatsets ;eword e ;eword ngwana ;eword e ;eword mo ;eword nyane ;eword o ;eword hatsets ;eword e ;eword
ho ;eword th ;eword w ;eword e ;eword ngwana ;eword e ;eword mo ;eword nyane ;eword o ;eword ken ;eword a ;eword ka ;eword mo ;eword koti ;eword ng ;eword
u ;eword a ;eword ba ;eword hat ;eword a ;eword ba ;eword na ;eword ba ;eword ka ;eword
hele ;eword di ;eword ntho ;eword tse ;eword kae ;eword
he ;eword ngwana ;eword e ;eword mo ;eword ng ;eword o ;eword a ;eword kak ;eword a ;eword
ke ;eword tlilo ;eword bon ;eword a ;eword ngwana ;eword
ke ;eword tlilo ;eword bon ;eword a ;eword ngwana ;eword ausi ;eword Ntsoaki ;eword
ke ;eword tlilo ;eword bon ;eword a ;eword
ke ;eword tlilo ;eword bon ;eword a ;eword tse ;eword nyane ;eword
tse ;eword nyane ;eword
eya ;eword
nna ;eword ke ;eword batl ;eword a ;eword poone ;eword e ;eword ntsutsubete ;eword
ke ;eword a ;eword batl ;eword a ;eword
e ;eword nyane ;eword nyane ;eword nyane ;eword
m ;eword ph ;eword e ;eword he ;eword
ke ;eword ken ;eword y ;eword a ;eword di ;eword ntho ;eword ka ;eword koloi ;eword e ;eword sosopiri ;eword
o ;eword
o ;eword Hlobohang ;eword
o ;eword
ee ;eword
tl ;eword is ;eword a ;eword
u ;eword ets ;eword a ;eword ng ;eword
n ;eword rwes ;eword e ;eword
le ;eword tsoh ;eword il ;eword e ;eword jwang ;eword
jwale ;eword m ;eword mutlanyana ;eword o ;eword ne ;eword o ;eword tSwer ;eword e ;eword tau ;eword mo ;eword holo ;eword ka ;eword mo ;eword hatla ;eword
er ;eword e ;eword m ;eword mutlanyana ;eword o ;eword tSwar ;eword e ;eword tau ;eword mo ;eword holo ;eword ka ;eword mo ;eword hatla ;eword
e ;eword ch ;eword o ;eword jwalo ;eword
mo ;eword hatla ;eword
e ;eword ch ;eword o ;eword jwalo ;eword m ;eword mutlanyana ;eword o ;eword tSwer ;eword e ;eword tau ;eword mo ;eword holo ;eword
ka ;eword mo ;eword hatla ;eword
u ;eword tsub ;eword a ;eword kwae ;eword wena ;eword
ke ;eword ena ;eword
ch ;eword oo ;eword
er ;eword e ;eword barenere ;eword
barenere ;eword
er ;eword e ;eword barenere ;eword
barenere ;eword
barenere ;eword
ha ;eword ke ;eword r ;eword e ;eword u ;eword ets ;eword e ;eword tSomo ;eword wena ;eword u ;eword r ;eword e ;eword barenere ;eword
e ;eword hlah ;eword il ;eword e ;eword kantle ;eword
ke ;eword e ;eword teh ;eword il ;eword e ;eword ntho ;eword ya ;eword hao ;eword
ke ;eword e ;eword teh ;eword il ;eword e ;eword
eo ;eword ke ;eword mang ;eword
m ;eword
ka ;eword eng ;eword
ka ;eword eng ;eword
e ;eword thatha ;eword u ;eword kekebe ;eword wa ;eword e ;eword j ;eword a ;eword ntho ;eword ee ;eword
ke ;eword a ;eword e ;eword ti ;eword is ;eword a ;eword
nna ;eword ke ;eword bo ;eword tenn ;eword e ;eword ke ;eword bane ;eword
n ;eword khothol ;eword el ;eword e ;eword poone ;eword
m ;eword ph ;eword e ;eword ena ;eword
ke ;eword hobane ;eword u ;eword ile ;eword wa ;eword n ;eword dihel ;eword a ;eword
nk ;eword a ;eword ke ;eword dihel ;eword a ;eword ya ;eword ka ;eword
ke ;eword a ;eword e ;eword diel ;eword a ;eword
ake ;eword u ;eword dihel ;eword e ;eword poone ;eword ya ;eword hao ;eword
u ;eword a ;eword utlw ;eword a ;eword
u ;eword a ;eword utlw ;eword a ;eword na ;eword
Hlobohang ;eword
u ;eword a ;eword n ;eword tsip ;eword a ;eword
u ;eword a ;eword n ;eword tSab ;eword a ;eword
hai ;eword
hai ;eword
hai ;eword
ke ;eword e ;eword thu ;eword a ;eword ka ;eword mona ;eword
ba ;eword u ;eword f ;eword a ;eword poone ;eword ke ;eword yane ;eword
ke ;eword sena ;eword ke ;eword sena ;eword
ke ;eword tla ;eword se ;eword mul ;eword el ;eword a ;eword kwana ;eword
a ;eword
nk ;eword a ;eword ke ;eword tsena ;eword
ka ;eword nqane ;eword
er ;eword e ;eword tloh ;eword a ;eword mona ;eword
ke ;eword a ;eword se ;eword bolay ;eword a ;eword
Mololo ;eword o ;eword se ;eword bola ;eword il ;eword e ;eword
e ;eword ch ;eword o ;eword hantle ;eword
jahang ;eword le ;eword le ;eword ba ;eword bedi ;eword ke ;eword ena ;eword
e ;eword a ;eword ches ;eword a ;eword u ;eword tla ;eword ch ;eword a ;eword
er ;eword e ;eword ke ;eword poone ;eword
er ;eword e ;eword ke ;eword ena ;eword
e ;eword a ;eword mo ;eword kuk ;eword a ;eword
ha ;eword e ;eword mo ;eword lom ;eword e ;eword he ;eword
