mme ;eword Machaka ;eword mo ;eword llo ;eword o ;eword kae ;eword
e ;eword kae ;eword soka ;eword
o ;eword kae ;eword Ntala ;eword
Ntala ;eword
mme ;eword
mme ;eword
ke ;eword hona ;eword ke ;eword bes ;eword its ;eword e ;eword ng ;eword
Namane ;eword o ;eword il ;eword e ;eword kae ;eword
Litlhare ;eword o ;eword kae ;eword
o ;eword tsama ;eword il ;eword e ;eword
ha ;eword o ;eword yo ;eword
e ;eword o ;eword il ;eword e ;eword kantle ;eword kaofela ;eword
o ;eword il ;eword e ;eword kaofela ;eword
wena ;eword ha ;eword u ;eword j ;eword e ;eword ke ;eword eng ;eword
o ;eword r ;eword e ;eword di ;eword erekise ;eword
ee ;eword wena ;eword
ngwana ;eword enwa ;eword o ;eword a ;eword ten ;eword a ;eword
