habo ;eword mme ;eword wa ;eword ka ;eword ke ;eword Natala ;eword
he ;eword le ;eword be ;eword le ;eword lap ;eword il ;eword e ;eword na ;eword
ere ;eword ke ;eword fet ;eword e ;eword
u ;eword bop ;eword il ;eword e ;eword bo ;eword Hlobohang ;eword
tSel ;eword a ;eword
chelete ;eword ela ;eword u ;eword ne ;eword u ;eword e ;eword f ;eword uw ;eword e ;eword kae ;eword
e ;eword wena ;eword
e ;eword Hlobohang ;eword
chelete ;eword ela ;eword u ;eword ne ;eword u ;eword e ;eword f ;eword uw ;eword e ;eword kae ;eword
e ;eword
Hlobohang ;eword
oo ;eword u ;eword a ;eword se ;eword nk ;eword a ;eword
