ke ;eword eng ;eword Litlhare ;eword ntho ;eword eo ;eword
ke ;eword r ;eword e ;eword yane ;eword e ;eword pela ;eword le ;eword jwe ;eword
tloo ;eword bon ;eword e ;eword le ;eword mao ;eword ke ;eword lena ;eword
le ;eword mao ;eword la ;eword Litlhare ;eword ke ;eword lena ;eword
ere ;eword ke ;eword bon ;eword e ;eword
tloo ;eword kwano ;eword
nk ;eword a ;eword
Litlhare ;eword e ;eword hla ;eword il ;eword e ;eword
e ;eword hla ;eword il ;eword e ;eword Litlhare ;eword
e ;eword hla ;eword il ;eword e ;eword
o ;eword kae ;eword
ere ;eword ke ;eword bon ;eword e ;eword
ha ;eword ya ;eword hlah ;eword a ;eword
ke ;eword ena ;eword
bon ;eword a ;eword
e ;eword kae ;eword
e ;eword teng ;eword
helang ;eword Litlhare ;eword u ;eword rwets ;eword e ;eword washe ;eword
u ;eword rwets ;eword e ;eword washe ;eword
ke ;eword half ;eword past ;eword mang ;eword Litlhare ;eword
ke ;eword ya ;eword mang ;eword Litlhare ;eword
Litlhare ;eword hela ;eword Litlhare ;eword we ;eword
ke ;eword ya ;eword mang ;eword
ausi ;eword Tselane ;eword o ;eword m ;eword ph ;eword il ;eword e ;eword yona ;eword
eng ;eword
ntho ;eword ya ;eword eng ;eword
e ;eword ncha ;eword
eng ;eword
e ;eword ncha ;eword ke ;eword eng ;eword
ha ;eword se ;eword sa ;eword hao ;eword se ;eword pele ;eword sena ;eword
ke ;eword sa ;eword ausi ;eword Tlalane ;eword
ha ;eword se ;eword yo ;eword u ;eword se ;eword lahl ;eword il ;eword e ;eword
Litlhare ;eword ke ;eword half ;eword past ;eword one ;eword half ;eword past ;eword three ;eword half ;eword past ;eword nine ;eword half ;eword past ;eword four ;eword one ;eword
Litlhare ;eword Namane ;eword o ;eword kae ;eword
o ;eword teng ;eword kae ;eword
he ;eword Litlhare ;eword q ;eword
tsamay ;eword a ;eword ho ;eword lahl ;eword a ;eword kantle ;eword
tsamay ;eword a ;eword ho ;eword le ;eword lahl ;eword a ;eword
ke ;eword fotsek ;eword ya ;eword eng ;eword
tsamay ;eword a ;eword
tsamay ;eword a ;eword u ;eword le ;eword lahl ;eword e ;eword
tsamay ;eword a ;eword
wena ;eword u ;eword a ;eword helets ;eword a ;eword
na ;eword u ;eword le ;eword lahl ;eword il ;eword e ;eword kantle ;eword
u ;eword tla ;eword n ;eword ten ;eword a ;eword
mme ;eword Sebina ;eword o ;eword kae ;eword
e ;eword ngwe ;eword thupa ;eword
ke ;eword kumbakumba ;eword e ;eword a ;eword r ;eword e ;eword
ha ;eword re ;eword y ;eword eng ;eword basadi ;eword
u ;eword tSeh ;eword a ;eword ng ;eword Litlhare ;eword
u ;eword tSeh ;eword a ;eword ng ;eword
dul ;eword a ;eword fatse ;eword
pere ;eword e ;eword tSweu ;eword
Litlhare ;eword pere ;eword e ;eword tSeu ;eword e ;eword kae ;eword
pere ;eword e ;eword tSweu ;eword
ngwana ;eword ke ;eword yane ;eword ka ;eword ma ;eword hlo ;eword a ;eword ma ;eword holo ;eword
ke ;eword a ;eword u ;eword thets ;eword a ;eword
ke ;eword ngwana ;eword
ke ;eword ba ;eword na ;eword ba ;eword hao ;eword
le ;eword bitso ;eword la ;eword hae ;eword ke ;eword mang ;eword
ke ;eword ba ;eword na ;eword ba ;eword hao ;eword ba ;eword ba ;eword bedi ;eword
ke ;eword Manase ;eword
ke ;eword Manase ;eword
ke ;eword ba ;eword na ;eword ba ;eword hao ;eword ba ;eword ba ;eword bedi ;eword
he ;eword u ;eword a ;eword re ;eword qabol ;eword a ;eword
u ;eword n ;eword a ;eword le ;eword ba ;eword na ;eword ba ;eword ba ;eword bedi ;eword
ke ;eword mang ;eword le ;eword mang ;eword
ke ;eword four ;eword five ;eword six ;eword
er ;eword e ;eword one ;eword two ;eword three ;eword four ;eword five ;eword six ;eword
a ;eword dul ;eword e ;eword moo ;eword hakere ;eword
koloi ;eword ele ;eword e ;eword mpe ;eword e ;eword mpe ;eword ela ;eword Litlhare ;eword e ;eword kae ;eword
mo ;eword nyants ;eword e ;eword ngwana ;eword wa ;eword hao ;eword ke ;eword enwa ;eword
e ;eword lok ;eword is ;eword a ;eword di ;eword tsela ;eword
o ;eword nyan ;eword ts ;eword e ;eword
mo ;eword nyan ;eword ts ;eword e ;eword Litlhare ;eword
ngwana ;eword enwa ;eword ha ;eword a ;eword so ;eword khor ;eword e ;eword
Litlhare ;eword tl ;eword is ;eword a ;eword le ;eword nna ;eword ke ;eword mo ;eword nyan ;eword ts ;eword e ;eword
nk ;eword a ;eword u ;eword mo ;eword nyan ;eword ts ;eword e ;eword
ke ;eword ngwana ;eword wa ;eword wena ;eword se ;eword eta ;eword see ;eword
Manase ;eword tl ;eword is ;eword a ;eword ke ;eword mo ;eword nyan ;eword ts ;eword e ;eword
Litlhare ;eword le ;eword tla ;eword y ;eword a ;eword kliniki ;eword ng ;eword ka ;eword ba ;eword na ;eword ba ;eword
ere ;eword ke ;eword mo ;eword kob ;eword oll ;eword e ;eword
ke ;eword a ;eword mo ;eword kob ;eword a ;eword
nna ;eword ke ;eword a ;eword mo ;eword kob ;eword oll ;eword a ;eword
ha ;eword ke ;eword mo ;eword kob ;eword e ;eword
ke ;eword tla ;eword se ;eword tabol ;eword a ;eword
ke ;eword eng ;eword
bo ;eword tla ;eword u ;eword chekola ;eword
e ;eword tla ;eword u ;eword lom ;eword a ;eword mo ;eword nwana ;eword ona ;eword Litlhare ;eword
nk ;eword a ;eword ngwana ;eword enwa ;eword wa ;eword hao ;eword u ;eword mo ;eword nyan ;eword ts ;eword e ;eword
o ;eword tla ;eword u ;eword chekola ;eword
bona ;eword ke ;eword tsw ;eword a ;eword ng ;eword
bon ;eword a ;eword
le ;eword ngwap ;eword il ;eword e ;eword
ke ;eword wena ;eword u ;eword n ;eword ngwap ;eword il ;eword e ;eword
bon ;eword a ;eword
ke ;eword a ;eword u ;eword lom ;eword a ;eword
ke ;eword tla ;eword bon ;eword a ;eword hore ;eword na ;eword le ;eword tsoho ;eword u ;eword tla ;eword le ;eword nk ;eword a ;eword kae ;eword
tl ;eword is ;eword a ;eword
ke ;eword a ;eword han ;eword a ;eword
e ;eword tswar ;eword e ;eword
ha ;eword ke ;eword le ;eword tswar ;eword e ;eword
Litlhare ;eword n ;eword neh ;eword el ;eword ets ;eword e ;eword tsepe ;eword ena ;eword
u ;eword n ;eword tsiy ;eword el ;eword a ;eword ng ;eword
dul ;eword a ;eword fatse ;eword
ke ;eword tla ;eword u ;eword pep ;eword is ;eword a ;eword Litlhare ;eword
tloo ;eword ... ;eword ke ;eword u ;eword pep ;eword is ;eword e ;eword
dul ;eword a ;eword fatse ;eword
tloo ;eword ke ;eword u ;eword pep ;eword is ;eword e ;eword
Litlhare ;eword le ;eword y ;eword a ;eword kae ;eword
le ;eword y ;eword a ;eword kliniki ;eword ng ;eword
tsw ;eword ang ;eword ka ;eword mona ;eword ka ;eword le ;eword rako ;eword ng ;eword
Litlhare ;eword jwale ;eword ngwana ;eword u ;eword mo ;eword theol ;eword ets ;eword e ;eword ng ;eword
u ;eword mo ;eword theol ;eword ets ;eword e ;eword ng ;eword
u ;eword a ;eword mo ;eword dihel ;eword a ;eword ngwana ;eword eo ;eword
mo ;eword nyan ;eword ts ;eword e ;eword Litlhare ;eword
ngwana ;eword a ;eword khor ;eword e ;eword
e ;eword mo ;eword nyan ;eword ts ;eword e ;eword
u ;eword mo ;eword pep ;eword e ;eword
a ;eword y ;eword e ;eword kliniki ;eword ng ;eword
ha ;eword a ;eword n ;eword a ;eword koloi ;eword
Litlhare ;eword wena ;eword u ;eword ka ;eword nk ;eword a ;eword ba ;eword kaofela ;eword
nk ;eword a ;eword wa ;eword hao ;eword ke ;eword ona ;eword ngwaneso ;eword
Litlhare ;eword ke ;eword u ;eword pep ;eword is ;eword e ;eword
tloo ;eword ke ;eword u ;eword pep ;eword is ;eword e ;eword
u ;eword ka ;eword ba ;eword wa ;eword tseb ;eword a ;eword na ;eword u ;eword ll ;eword el ;eword a ;eword ng ;eword
ee ;eword seka ;eword otl ;eword a ;eword ngwana ;eword ba ;eword tho ;eword
u ;eword n ;eword a ;eword le ;eword eng ;eword wena ;eword
ke ;eword mo ;eword lahl ;eword e ;eword
ke ;eword tla ;eword u ;eword lom ;eword a ;eword
tloo ;eword ke ;eword u ;eword pat ;eword e ;eword
tl ;eword a ;eword ke ;eword bon ;eword e ;eword u ;eword fahl ;eword uw ;eword e ;eword kae ;eword
ke ;eword u ;eword tSwar ;eword e ;eword ka ;eword nko ;eword le ;eword wena ;eword
ke ;eword eo ;eword
Litlhare ;eword bon ;eword a ;eword ntho ;eword ena ;eword ya ;eword maobane ;eword ke ;eword ena ;eword
Litlhare ;eword
ake ;eword u ;eword tsw ;eword e ;eword mona ;eword
ke ;eword di ;eword nta ;eword hloho ;eword ng ;eword ena ;eword ya ;eword hao ;eword Litlhare ;eword
ke ;eword di ;eword nta ;eword tse ;eword tenya ;eword
ke ;eword ena ;eword
nk ;eword a ;eword nta ;eword ya ;eword hao ;eword ke ;eword eo ;eword Litlhare ;eword
nta ;eword ya ;eword hao ;eword e ;eword tSweu ;eword
tl ;eword a ;eword ke ;eword u ;eword tSel ;eword l ;eword e ;eword nta ;eword le ;eword wena ;eword
nta ;eword ya ;eword hao ;eword ke ;eword ena ;eword ke ;eword e ;eword tSets ;eword e ;eword
Litlhare ;eword ake ;eword u ;eword hlakol ;eword e ;eword ma ;eword mina ;eword
Litlhare ;eword u ;eword tla ;eword w ;eword el ;eword a ;eword ka ;eword hloho ;eword
Litlhare ;eword m ;eword ph ;eword e ;eword ere ;eword ke ;eword bon ;eword e ;eword
Litlhare ;eword mo ;eword lala ;eword wa ;eword hao ;eword o ;eword mo ;eword nyane ;eword n ;eword ka ;eword o ;eword kop ;eword a ;eword
helang ;eword basadi ;eword
Mantantaka ;eword Mantantaka ;eword u ;eword a ;eword mo ;eword tseb ;eword a ;eword Litlhare ;eword
ke ;eword ngwana ;eword mang ;eword
wa ;eword mang ;eword
wa ;eword mang ;eword
ha ;eword ke ;eword utlw ;eword e ;eword
ausi ;eword wa ;eword mang ;eword
ausi ;eword Mamello ;eword
Litlhare ;eword
Lehlohonolo ;eword
ngwana ;eword wa ;eword ausi ;eword Mamello ;eword ke ;eword Lehlohonolo ;eword
Litlhare ;eword u ;eword r ;eword e ;eword Fentenke ;eword ke ;eword ngwana ;eword wa ;eword ausi ;eword Mamello ;eword
le ;eword ne ;eword le ;eword m ;eword mon ;eword a ;eword kae ;eword Litlhare ;eword
Fentenke ;eword u ;eword ne ;eword u ;eword m ;eword mon ;eword a ;eword kae ;eword hobane ;eword Lehlohonolo ;eword Fentenke ;eword
lekhale ;eword la ;eword Lehlohonolo ;eword Letsie ;eword
Litlhare ;eword ere ;eword ke ;eword u ;eword tlots ;eword e ;eword ka ;eword ntho ;eword e ;eword tala ;eword
bon ;eword a ;eword ke ;eword ena ;eword e ;eword ncha ;eword
Litlhare ;eword bu ;eword a ;eword nta ;eword ke ;eword ena ;eword nta ;eword ya ;eword Litlhare ;eword
e ;eword thata ;eword
Sebina ;eword
o ;eword habo ;eword
ha ;eword mme ;eword Masebina ;eword
helele ;eword we ;eword
o ;eword ha ;eword mme ;eword Masebina ;eword
helele ;eword we ;eword
o ;eword tsw ;eword a ;eword ha ;eword mme ;eword Masebina ;eword
mang ;eword
nna ;eword nna ;eword
mme ;eword Masebina ;eword
o ;eword kampo ;eword ng ;eword mme ;eword Masebina ;eword
kampo ;eword ng ;eword
e ;eword
kampo ;eword ng ;eword kampo ;eword ng ;eword ha ;eword ntate ;eword Migele ;eword
kampo ;eword ng ;eword wena ;eword u ;eword a ;eword n ;eword thets ;eword a ;eword o ;eword ntse ;eword a ;eword r ;eword e ;eword koko ;eword
ha ;eword ho ;eword n ;eword a ;eword koko ;eword mona ;eword
koko ;eword e ;eword dul ;eword a ;eword le ;eword ba ;eword tho ;eword bo ;eword siu ;eword
ha ;eword re ;eword u ;eword lom ;eword e ;eword
u ;eword n ;eword tom ;eword e ;eword ke ;eword ch ;eword el ;eword e ;eword helang ;eword
Litlhare ;eword se ;eword kotlo ;eword sa ;eword hao ;eword se ;eword mo ;eword koti ;eword
u ;eword tsw ;eword il ;eword e ;eword ma ;eword di ;eword
le ;eword oto ;eword ng ;eword
le ;eword oto ;eword ng ;eword la ;eword phate ;eword
a ;eword wena ;eword u ;eword thol ;eword e ;eword
Monase ;eword u ;eword mo ;eword sehlana ;eword le ;eword Litlhare ;eword
Litlhare ;eword o ;eword jwang ;eword
Litlhare ;eword u ;eword ngwana ;eword mang ;eword
ka ;eword mo ;eword tabol ;eword a ;eword ka ;eword tlelapa ;eword e ;eword tala ;eword
u ;eword a ;eword utlw ;eword a ;eword
Litlhare ;eword ha ;eword re ;eword dumed ;eword is ;eword eng ;eword ka ;eword ma ;eword tsoho ;eword
dumela ;eword
dumela ;eword dumela ;eword dumela ;eword dumela ;eword mo ;eword kwena ;eword
Litlhare ;eword u ;eword mang ;eword
u ;eword mang ;eword
u ;eword mo ;eword kwena ;eword
mo ;eword kwena ;eword
u ;eword mo ;eword kwena ;eword
mo ;eword kwena ;eword mo ;eword kwena ;eword ke ;eword eng ;eword ke ;eword eng ;eword ka ;eword lape ;eword ng ;eword
mo ;eword kwena ;eword
dumela ;eword
u ;eword phel ;eword a ;eword jwang ;eword
le ;eword phel ;eword a ;eword jwang ;eword
n ;eword tumed ;eword is ;eword e ;eword Litlhare ;eword
n ;eword tumed ;eword is ;eword e ;eword
er ;eword e ;eword dumela ;eword
e ;eword
le ;eword tsoh ;eword il ;eword e ;eword jwang ;eword
le ;eword tsoh ;eword il ;eword e ;eword hantle ;eword
re ;eword tsoh ;eword il ;eword e ;eword yaba ;eword wena ;eword u ;eword ntse ;eword u ;eword robets ;eword e ;eword
u ;eword tsoh ;eword il ;eword e ;eword jwang ;eword
aha ;eword er ;eword e ;eword e ;eword
Litlhare ;eword
u ;eword phel ;eword a ;eword jwang ;eword
er ;eword e ;eword ha ;eword u ;eword m ;eword pon ;eword e ;eword hore ;eword ke ;eword a ;eword phel ;eword a ;eword hoba ;eword ke ;eword ntse ;eword ke ;eword sheb ;eword il ;eword e ;eword
er ;eword e ;eword ha ;eword u ;eword m ;eword pon ;eword e ;eword ke ;eword a ;eword phel ;eword a ;eword ke ;eword ntse ;eword ke ;eword sheb ;eword il ;eword e ;eword ke ;eword bapal ;eword a ;eword le ;eword ba ;eword ba ;eword ng ;eword
ba ;eword ba ;eword ng ;eword ke ;eword bapal ;eword a ;eword le ;eword ba ;eword ba ;eword ng ;eword
Litlhare ;eword ke ;eword di ;eword phororo ;eword tsa ;eword mang ;eword
er ;eword e ;eword ke ;eword a ;eword phel ;eword a ;eword
Litlhare ;eword ere ;eword ke ;eword bon ;eword e ;eword di ;eword tlhabela ;eword
Litlhare ;eword bon ;eword a ;eword ma ;eword di ;eword
ma ;eword di ;eword ke ;eword ana ;eword
e ;eword ma ;eword di ;eword
empa ;eword ho ;eword its ;eword w ;eword e ;eword re ;eword seke ;eword ra ;eword ets ;eword a ;eword le ;eword rata ;eword empa ;eword re ;eword se ;eword re ;eword le ;eword ets ;eword a ;eword
Sebina ;eword
Litlhare ;eword u ;eword y ;eword a ;eword kae ;eword
Tibisa ;eword o ;eword a ;eword tsamay ;eword a ;eword
Sebina ;eword o ;eword a ;eword shobel ;eword a ;eword
Litlhare ;eword tloo ;eword kwano ;eword le ;eword tlo ;eword qoq ;eword a ;eword tsa ;eword ba ;eword nna ;eword ba ;eword rona ;eword
ba ;eword na ;eword baa ;eword
mo ;eword neh ;eword e ;eword
ke ;eword mang ;eword Litlhare ;eword
Monase ;eword mo ;eword neh ;eword e ;eword
ke ;eword mang ;eword
u ;eword ets ;eword a ;eword ng ;eword ka ;eword di ;eword tlelapa ;eword
dumela ;eword ba ;eword na ;eword beso ;eword
er ;eword e ;eword dumela ;eword ba ;eword na ;eword
er ;eword e ;eword khoho ;eword Litlhare ;eword
e ;eword ntSo ;eword
ke ;eword u ;eword tlohel ;eword e ;eword wena ;eword
Litlhare ;eword u ;eword m ;eword petsol ;eword a ;eword mo ;eword lomo ;eword
ntate ;eword Migael ;eword ke ;eword eo ;eword o ;eword tl ;eword a ;eword le ;eword di ;eword apole ;eword
o ;eword tla ;eword hlah ;eword a ;eword ka ;eword kampo ;eword ng ;eword ka ;eword mane ;eword
dumela ;eword
le ;eword phel ;eword a ;eword jwang ;eword
ha ;eword le ;eword tseb ;eword e ;eword nna ;eword
ke ;eword a ;eword phel ;eword a ;eword
ngwana ;eword wa ;eword hao ;eword o ;eword kae ;eword
o ;eword il ;eword e ;eword kae ;eword
u ;eword ilo ;eword ets ;eword a ;eword ng ;eword
e ;eword
o ;eword il ;eword e ;eword kliniki ;eword ng ;eword
kliniki ;eword ng ;eword ha ;eword mme ;eword Kolola ;eword
a ;eword ilo ;eword f ;eword uw ;eword a ;eword ma ;eword bese ;eword
le ;eword fishoil ;eword
le ;eword mo ;eword hlafotsa ;eword
dumela ;eword Litlhare ;eword
ntate ;eword Migaele ;eword ke ;eword u ;eword jwets ;eword e ;eword ba ;eword its ;eword e ;eword ee ;eword Namane ;eword
ntate ;eword Migaele ;eword o ;eword its ;eword e ;eword o ;eword tla ;eword tl ;eword a ;eword a ;eword lat ;eword a ;eword ka ;eword pere ;eword
hosane ;eword re ;eword tsamay ;eword e ;eword re ;eword y ;eword e ;eword kampo ;eword ng ;eword
u ;eword nyorilw ;eword e ;eword
u ;eword batl ;eword a ;eword ng ;eword
u ;eword nyorilw ;eword e ;eword
u ;eword ne ;eword u ;eword r ;eword e ;eword ho ;eword nyorw ;eword a ;eword ke ;eword ho ;eword ets ;eword a ;eword jwang ;eword
Litlhare ;eword u ;eword ska ;eword re ;eword ten ;eword a ;eword re ;eword se ;eword mo ;eword se ;eword wa ;eword hao ;eword Mamolalana ;eword
seka ;eword ll ;eword a ;eword ngwaneso ;eword
Litlhare ;eword a ;eword ahlam ;eword a ;eword a ;eword r ;eword e ;eword o ;eword tla ;eword ken ;eword a ;eword nta ;eword wena ;eword Litlhare ;eword
Litlhare ;eword ere ;eword ke ;eword bal ;eword e ;eword meno ;eword a ;eword ma ;eword kae ;eword
u ;eword ska ;eword n ;eword tom ;eword a ;eword ha ;eword u ;eword kopets ;eword a ;eword
wan ;eword ... ;eword ten ;eword eleven ;eword twelf ;eword
Litlhare ;eword u ;eword swephetsenta ;eword he ;eword Litlhare ;eword
er ;eword e ;eword ke ;eword SeKhota ;eword
ke ;eword nk ;eword a ;eword nta ;eword yane ;eword Litlhare ;eword ke ;eword tlo ;eword u ;eword j ;eword es ;eword a ;eword yona ;eword
u ;eword ile ;eword wa ;eword r ;eword e ;eword e ;eword e ;eword e ;eword
bal ;eword a ;eword haholo ;eword ho ;eword fihl ;eword el ;eword a ;eword ho ;eword ten ;eword
u ;eword tsw ;eword a ;eword kae ;eword Litlhare ;eword ka ;eword moo ;eword ka ;eword tlung ;eword
fo ;eword siks ;eword
helang ;eword u ;eword r ;eword e ;eword wan ;eword thu ;eword teri ;eword fo ;eword
ha ;eword re ;eword ets ;eword a ;eword ma ;eword kopokopo ;eword
hei ;eword Litlhare ;eword
mme ;eword Masebina ;eword o ;eword kae ;eword
o ;eword teng ;eword kae ;eword
o ;eword a ;eword tl ;eword a ;eword
hosane ;eword
bon ;eword a ;eword ausi ;eword Mamello ;eword o ;eword rwets ;eword e ;eword watch ;eword Litlhare ;eword
ke ;eword yane ;eword o ;eword e ;eword rwets ;eword e ;eword watch ;eword
o ;eword rwets ;eword e ;eword wache ;eword
Litlhare ;eword bon ;eword a ;eword ausi ;eword Mamello ;eword ke ;eword mang ;eword
sheb ;eword a ;eword kwana ;eword sheb ;eword a ;eword ausi ;eword Mamello ;eword
bon ;eword a ;eword o ;eword rwets ;eword e ;eword wache ;eword
u ;eword a ;eword e ;eword bon ;eword a ;eword wache ;eword
ke ;eword yane ;eword wache ;eword
wa ;eword ausi ;eword Mamello ;eword
e ;eword
u ;eword tla ;eword peny ;eword a ;eword le ;eword ihlo ;eword u ;eword tla ;eword peny ;eword a ;eword le ;eword ihlo ;eword leno ;eword
le ;eword ets ;eword a ;eword ng ;eword
skotch ;eword
ke ;eword hlakol ;eword a ;eword ntho ;eword ena ;eword
ke ;eword tla ;eword hlakol ;eword a ;eword mona ;eword
ke ;eword tsa ;eword mang ;eword di ;eword kobo ;eword tseo ;eword
ke ;eword wa ;eword mang ;eword mo ;eword kotla ;eword na ;eword
e ;eword
e ;eword
e ;eword ke ;eword tsa ;eword mang ;eword
ke ;eword tsa ;eword mang ;eword
ke ;eword tsa ;eword mang ;eword
hlakol ;eword a ;eword ma ;eword mina ;eword
a ;eword tl ;eword is ;eword a ;eword khwele ;eword ena ;eword
tl ;eword is ;eword a ;eword
ke ;eword eng ;eword hoo ;eword
ke ;eword eng ;eword eo ;eword
ke ;eword ena ;eword Litlhare ;eword
ke ;eword ena ;eword
ha ;eword se ;eword ee ;eword
ha ;eword se ;eword yona ;eword ee ;eword
u ;eword e ;eword hat ;eword il ;eword e ;eword
tsamay ;eword a ;eword he ;eword
ha ;eword ke ;eword tseb ;eword e ;eword
ena ;eword ke ;eword e ;eword hat ;eword il ;eword e ;eword
ena ;eword ke ;eword e ;eword hat ;eword il ;eword e ;eword
ha ;eword ke ;eword a ;eword e ;eword nk ;eword e ;eword Litlhare ;eword
ke ;eword ena ;eword ke ;eword e ;eword hat ;eword il ;eword e ;eword
ha ;eword ke ;eword a ;eword e ;eword nk ;eword e ;eword feela ;eword ke ;eword e ;eword hat ;eword il ;eword e ;eword
ke ;eword ena ;eword Litlhare ;eword moo ;eword e ;eword i ;eword pat ;eword il ;eword e ;eword ng ;eword
hei ;eword ke ;eword e ;eword hat ;eword il ;eword e ;eword
halala ;eword
ke ;eword ena ;eword
