Tsebo ;eword tl ;eword os ;eword a ;eword di ;eword ntho ;eword tsena ;eword
hona ;eword ke ;eword eng ;eword hona ;eword
ha ;eword u ;eword bon ;eword e ;eword
ke ;eword ratiyo ;eword
ke ;eword ratiyo ;eword
u ;eword a ;eword ho ;eword bon ;eword a ;eword
mm ;eword ho ;eword ho ;eword ng ;eword ka ;eword nqane ;eword
e ;eword kae ;eword
ke ;eword yane ;eword
tl ;eword is ;eword a ;eword ke ;eword tlo ;eword bon ;eword a ;eword tse ;eword di ;eword ng ;eword
tse ;eword di ;eword ng ;eword di ;eword kae ;eword ka ;eword nqe ;eword
e ;eword ngwe ;eword
e ;eword ngwe ;eword ke ;eword yane ;eword
ke ;eword ena ;eword ka ;eword nqena ;eword
helang ;eword
u ;eword se ;eword u ;eword le ;eword kapele ;eword
le ;eword fas ;eword oll ;eword e ;eword
ke ;eword nna ;eword ya ;eword le ;eword tlam ;eword a ;eword ng ;eword
u ;eword le ;eword shano ;eword khathe ;eword
ha ;eword u ;eword a ;eword le ;eword tlam ;eword a ;eword
ae ;eword ha ;eword u ;eword le ;eword siyo ;eword ke ;eword ile ;eword ka ;eword le ;eword tlam ;eword a ;eword
sheb ;eword ang ;eword
Hleso ;eword tloo ;eword bon ;eword e ;eword kumbakumba ;eword e ;eword ntle ;eword hakana ;eword
bon ;eword a ;eword ka ;eword mona ;eword ke ;eword ma ;eword shala ;eword a ;eword ba ;eword tho ;eword
sheb ;eword ang ;eword
khanthe ;eword mme ;eword Mamello ;eword ha ;eword a ;eword u ;eword f ;eword a ;eword
bon ;eword a ;eword hleng ;eword
e ;eword jwale ;eword ke ;eword ets ;eword e ;eword
ho ;eword ho ;eword ng ;eword ke ;eword hona ;eword
ha ;eword re ;eword a ;eword bu ;eword a ;eword
o ;eword tsw ;eword il ;eword e ;eword ma ;eword di ;eword halala ;eword
ake ;eword u ;eword bon ;eword ts ;eword e ;eword mme ;eword Mamello ;eword hle ;eword Hleso ;eword
ere ;eword ke ;eword bon ;eword e ;eword
ke ;eword r ;eword e ;eword ka ;eword ntho ;eword
ha ;eword ke ;eword a ;eword tsw ;eword a ;eword kotsi ;eword
hana ;eword ke ;eword ile ;eword ka ;eword pot ;eword a ;eword le ;eword kae ;eword ha ;eword ke ;eword tl ;eword a ;eword ka ;eword moo ;eword
u ;eword ile ;eword wa ;eword pot ;eword a ;eword le ;eword mane ;eword
mme ;eword le ;eword nna ;eword le ;eword fielo ;eword le ;eword kae ;eword
Hleso ;eword le ;eword fielo ;eword le ;eword kae ;eword halala ;eword
le ;eword fielo ;eword ke ;eword lane ;eword
nna ;eword n ;eword ka ;eword baleh ;eword el ;eword a ;eword ho ;eword mme ;eword wa ;eword ka ;eword
nk ;eword a ;eword mme ;eword Matsebo ;eword
nna ;eword ke ;eword a ;eword di ;eword ntS ;eword a ;eword di ;eword jana ;eword tsena ;eword
ke ;eword di ;eword ntS ;eword ets ;eword a ;eword kantle ;eword
nna ;eword ke ;eword ile ;eword ka ;eword le ;eword j ;eword a ;eword
seka ;eword fiel ;eword a ;eword ka ;eword mona ;eword
di ;eword beh ;eword e ;eword mo ;eword tseo ;eword ka ;eword haka ;eword jwale ;eword
ekaba ;eword di ;eword tsw ;eword a ;eword kae ;eword jwale ;eword
ha ;eword ke ;eword tseb ;eword e ;eword
di ;eword ngata ;eword
di ;eword hlano ;eword sheb ;eword a ;eword na ;eword di ;eword kae ;eword
di ;eword di ;eword kae ;eword di ;eword hlano ;eword
o ;eword di ;eword pedi ;eword di ;eword ntho ;eword tseno ;eword
butle ;eword ke ;eword u ;eword bon ;eword tS ;eword e ;eword
ska ;eword n ;eword cheb ;eword a ;eword wena ;eword Tsebo ;eword
Hleso ;eword di ;eword otl ;eword e ;eword ka ;eword mo ;eword lamu ;eword ona ;eword
di ;eword ngwath ;eword e ;eword
di ;eword tla ;eword qhom ;eword el ;eword a ;eword ho ;eword nna ;eword
koloi ;eword ke ;eword eo ;eword haa ;eword
Hleso ;eword ake ;eword u ;eword bon ;eword e ;eword na ;eword ke ;eword ntS ;eword its ;eword e ;eword kae ;eword
ke ;eword hobane ;eword ha ;eword wa ;eword ntS ;eword ets ;eword a ;eword mona ;eword
nna ;eword ke ;eword tla ;eword r ;eword e ;eword
Hleso ;eword ke ;eword e ;eword qet ;eword il ;eword e ;eword
Tsebo ;eword u ;eword ntS ;eword ed ;eword is ;eword e ;eword di ;eword jana ;eword ke ;eword eng ;eword
hakere ;eword ke ;eword ne ;eword ke ;eword sheb ;eword a ;eword di ;eword thithiboya ;eword
athe ;eword haka ;eword ho ;eword n ;eword a ;eword le ;eword le ;eword lwala ;eword
u ;eword tulatul ;eword a ;eword mme ;eword Mahleso ;eword
ke ;eword tsw ;eword a ;eword mo ;eword sebetsi ;eword ng ;eword wa ;eword ka ;eword
le ;eword lwala ;eword lena ;eword ke ;eword le ;eword beh ;eword a ;eword kantle ;eword
nna ;eword ke ;eword nw ;eword a ;eword metsi ;eword
ke ;eword tlilo ;eword bal ;eword a ;eword khathaluka ;eword
ere ;eword ke ;eword tlo ;eword bon ;eword a ;eword
ere ;eword ke ;eword tlo ;eword bon ;eword a ;eword mme ;eword Matsebo ;eword
ke ;eword tsamay ;eword a ;eword ke ;eword ntse ;eword ke ;eword e ;eword bal ;eword a ;eword khathaluka ;eword
tl ;eword is ;eword a ;eword ke ;eword tlo ;eword bon ;eword a ;eword hle ;eword Tsebo ;eword
u ;eword a ;eword han ;eword a ;eword Tsebo ;eword
hakere ;eword ke ;eword pot ;eword a ;eword le ;eword moo ;eword khathaluka ;eword
tl ;eword is ;eword a ;eword ke ;eword tlo ;eword bon ;eword a ;eword wena ;eword ke ;eword mo ;eword se ;eword
hana ;eword mme ;eword Mahleso ;eword ngwana ;eword wa ;eword ka ;eword ke ;eword m ;eword meh ;eword il ;eword e ;eword kae ;eword
ebile ;eword Teboho ;eword ke ;eword enwa ;eword
Hleso ;eword u ;eword rwak ;eword a ;eword ausi ;eword Teboho ;eword
u ;eword rwak ;eword a ;eword ka ;eword mo ;eword tse ;eword ng ;eword
nna ;eword ke ;eword r ;eword e ;eword kannete ;eword wa ;eword mo ;eword dimo ;eword kobo ;eword ya ;eword ngwana ;eword wa ;eword ka ;eword
ke ;eword tlo ;eword i ;eword tlam ;eword a ;eword hohang ;eword
mm ;eword ausi ;eword Matsebo ;eword
ke ;eword tlo ;eword hlek ;eword is ;eword a ;eword hantle ;eword ka ;eword mona ;eword ka ;eword haka ;eword
hakere ;eword Hleso ;eword ngwana ;eword eo ;eword ke ;eword wa ;eword ka ;eword feela ;eword u ;eword m ;eword ph ;eword il ;eword e ;eword
e ;eword
ha ;eword wa ;eword kadim ;eword e ;eword le ;eword ho ;eword n ;eword kadim ;eword a ;eword
ke ;eword u ;eword kadim ;eword m ;eword e ;eword le ;eword ho ;eword u ;eword kadim ;eword a ;eword
u ;eword robats ;eword a ;eword ngwana ;eword wa ;eword hao ;eword
a ;eword mo ;eword tl ;eword is ;eword e ;eword he ;eword
hakere ;eword u ;eword n ;eword kadim ;eword m ;eword e ;eword yena ;eword
ba ;eword r ;eword e ;eword cheri ;eword ya ;eword ka ;eword n ;eword ngol ;eword l ;eword a ;eword
u ;eword le ;eword shano ;eword ba ;eword ntse ;eword ba ;eword r ;eword e ;eword pulolo ;eword
jonna ;eword ngwana ;eword wa ;eword ka ;eword a ;eword thell ;eword a ;eword
u ;eword laeh ;eword il ;eword e ;eword
mo ;eword se ;eword oo ;eword wa ;eword hae ;eword
ke ;eword hore ;eword NtSeliseng ;eword o ;eword khwehl ;eword is ;eword its ;eword e ;eword mo ;eword se ;eword wa ;eword ngwana ;eword enwa ;eword
ha ;eword re ;eword its ;eword e ;eword
cheri ;eword ya ;eword ka ;eword ngol ;eword l ;eword a ;eword Neuoe ;eword
che ;eword u ;eword a ;eword tseb ;eword a ;eword ke ;eword Neuoe ;eword
ke ;eword wena ;eword
ke ;eword wena ;eword ebile ;eword
mo ;eword tl ;eword is ;eword e ;eword
ke ;eword a ;eword mo ;eword that ;eword a ;eword
u ;eword tla ;eword mo ;eword that ;eword a ;eword le ;eword ha ;eword a ;eword le ;eword tje ;eword
mm ;eword bo ;eword ke ;eword m ;eword matl ;eword a ;eword le ;eword ha ;eword a ;eword that ;eword uw ;eword e ;eword
Tsebo ;eword ke ;eword r ;eword e ;eword u ;eword tl ;eword is ;eword e ;eword ngwana ;eword wa ;eword ka ;eword
ha ;eword u ;eword a ;eword i ;eword tSwar ;eword a ;eword hampe ;eword
hakere ;eword Hleso ;eword ngwana ;eword eo ;eword o ;eword ne ;eword a ;eword se ;eword a ;eword ntse ;eword a ;eword le ;eword tje ;eword
ha ;eword ke ;eword m ;eword mon ;eword a ;eword o ;eword ne ;eword a ;eword se ;eword a ;eword ntse ;eword a ;eword le ;eword tjena ;eword
u ;eword le ;eword thetsi ;eword
nna ;eword ke ;eword m ;eword mon ;eword e ;eword a ;eword se ;eword a ;eword ntse ;eword a ;eword le ;eword jwalo ;eword ka ;eword mona ;eword ka ;eword mo ;eword se ;eword ng ;eword
o ;eword ne ;eword a ;eword se ;eword a ;eword ntse ;eword a ;eword le ;eword jwalo ;eword
Matsebo ;eword o ;eword ne ;eword a ;eword se ;eword a ;eword ntse ;eword a ;eword le ;eword jwalo ;eword hakere ;eword
e ;eword
Matsebo ;eword ee ;eword
e ;eword
hakere ;eword Hleso ;eword ho ;eword ne ;eword ho ;eword ents ;eword uw ;eword e ;eword tjee ;eword
ho ;eword its ;eword e ;eword
kobo ;eword ela ;eword ya ;eword ngwana ;eword e ;eword kae ;eword Neuoe ;eword
ke ;eword ena ;eword ka ;eword di ;eword tsebe ;eword ng ;eword tsa ;eword ka ;eword
Hleso ;eword kobo ;eword ela ;eword ya ;eword ngwana ;eword e ;eword kae ;eword
ke ;eword ena ;eword
u ;eword a ;eword e ;eword lahl ;eword a ;eword
re ;eword tlo ;eword mo ;eword is ;eword a ;eword neng ;eword
u ;eword tla ;eword mo ;eword is ;eword a ;eword neng ;eword
u ;eword tla ;eword mo ;eword is ;eword a ;eword neng ;eword ka ;eword kliniki ;eword ng ;eword
nk ;eword a ;eword ngwana ;eword wa ;eword hao ;eword he ;eword mme ;eword Mahleso ;eword
m ;eword meh ;eword e ;eword ka ;eword tlung ;eword ka ;eword mona ;eword
ke ;eword its ;eword e ;eword ke ;eword u ;eword f ;eword il ;eword e ;eword helang ;eword
aa ;eword
n ;eword kadim ;eword e ;eword ma ;eword hlo ;eword honeng ;eword u ;eword a ;eword rwets ;eword e ;eword
n ;eword kadim ;eword e ;eword ma ;eword hlo ;eword
butle ;eword ke ;eword sa ;eword rwal ;eword a ;eword
ke ;eword sa ;eword y ;eword a ;eword Maseru ;eword
ae ;eword tloo ;eword ke ;eword u ;eword jwents ;eword e ;eword hore ;eword na ;eword u ;eword ets ;eword e ;eword jwang ;eword
Hleso ;eword jwale ;eword u ;eword futswel ;eword l ;eword a ;eword mang ;eword
ke ;eword its ;eword e ;eword a ;eword re ;eword ngwath ;eword el ;eword e ;eword
n ;eword kadim ;eword e ;eword ma ;eword hlo ;eword he ;eword Hleso ;eword
ke ;eword tla ;eword u ;eword kadim ;eword a ;eword wena ;eword
ha ;eword se ;eword nna ;eword
ke ;eword wena ;eword
ke ;eword wena ;eword bo ;eword
ke ;eword mang ;eword ha ;eword ese ;eword wena ;eword
ke ;eword tla ;eword u ;eword tetek ;eword a ;eword
nna ;eword ha ;eword ke ;eword u ;eword otl ;eword a ;eword
nk ;eword a ;eword ke ;eword u ;eword kadim ;eword e ;eword ma ;eword hlo ;eword ana ;eword u ;eword a ;eword rwal ;eword e ;eword
ere ;eword ke ;eword re ;eword bon ;eword e ;eword na ;eword ho ;eword th ;eword w ;eword e ;eword hakere ;eword
tloo ;eword ke ;eword u ;eword rwes ;eword e ;eword tjena ;eword rona ;eword ba ;eword ba ;eword ng ;eword
ke ;eword a ;eword NtSeliseng ;eword ma ;eword hlo ;eword ana ;eword
ebile ;eword n ;eword keke ;eword ka ;eword u ;eword kadim ;eword a ;eword
u ;eword sele ;eword
u ;eword its ;eword e ;eword ke ;eword sele ;eword
nna ;eword ha ;eword ke ;eword r ;eword e ;eword wena ;eword
ha ;eword ke ;eword r ;eword e ;eword ha ;eword ke ;eword r ;eword e ;eword wena ;eword
u ;eword se ;eword u ;eword r ;eword e ;eword ke ;eword r ;eword e ;eword wena ;eword
nk ;eword a ;eword mme ;eword Matsebo ;eword
a ;eword ha ;eword u ;eword batl ;eword e ;eword
helang ;eword
ha ;eword e ;eword yo ;eword
ba ;eword ne ;eword ba ;eword ntse ;eword ba ;eword kob ;eword a ;eword ma ;eword hlo ;eword a ;eword hao ;eword
a ;eword sa ;eword han ;eword a ;eword ho ;eword ken ;eword a ;eword
cheri ;eword ya ;eword ka ;eword n ;eword ngol ;eword l ;eword a ;eword
o ;eword u ;eword nts ;eword its ;eword w ;eword e ;eword di ;eword jana ;eword tsa ;eword hao ;eword
ya ;eword ka ;eword ke ;eword ena ;eword ke ;eword tlo ;eword bes ;eword a ;eword
Matsebo ;eword u ;eword a ;eword i ;eword komos ;eword a ;eword
le ;eword fielo ;eword le ;eword le ;eword sesane ;eword
ke ;eword wena ;eword hakere ;eword
mm ;eword
ke ;eword wena ;eword Ntseliseng ;eword le ;eword Tsebo ;eword
ke ;eword tla ;eword be ;eword ke ;eword il ;eword e ;eword lape ;eword ng ;eword
u ;eword tla ;eword be ;eword u ;eword le ;eword lape ;eword ng ;eword
mm ;eword
o ;eword tla ;eword u ;eword lat ;eword a ;eword hona ;eword heno ;eword mono ;eword
ken ;eword a ;eword ka ;eword tlung ;eword ka ;eword mona ;eword
ke ;eword tlo ;eword pheh ;eword a ;eword mona ;eword pitse ;eword ng ;eword ya ;eword ka ;eword
Tsebo ;eword u ;eword tla ;eword ny ;eword el ;eword a ;eword
tl ;eword is ;eword a ;eword
u ;eword i ;eword tSwer ;eword e ;eword hampe ;eword
u ;eword e ;eword nw ;eword el ;eword e ;eword
ke ;eword ilo ;eword jwets ;eword a ;eword Ntseliseng ;eword wena ;eword Tsebo ;eword
ke ;eword ilo ;eword i ;eword tul ;eword el ;eword a ;eword le ;eword mme ;eword Mamello ;eword
e ;eword feng ;eword
o ;eword r ;eword e ;eword ena ;eword
eya ;eword
u ;eword tla ;eword i ;eword komos ;eword a ;eword
u ;eword phak ;eword is ;eword e ;eword ngwanana ;eword u ;eword tlo ;eword m ;eword ph ;eword a ;eword
Tsebo ;eword ake ;eword u ;eword n ;eword kadim ;eword e ;eword ma ;eword hlo ;eword
u ;eword i ;eword tSep ;eword ets ;eword e ;eword ng ;eword
ma ;eword hlo ;eword ana ;eword ke ;eword a ;eword ka ;eword ke ;eword ile ;eword ka ;eword r ;eword e ;eword ke ;eword a ;eword kadimm ;eword e ;eword NtSeliseng ;eword
a ;eword ne ;eword a ;eword le ;eword lape ;eword ng ;eword ka ;eword
u ;eword le ;eword shano ;eword ke ;eword a ;eword NtSeliseng ;eword
ebile ;eword NtSeliseng ;eword ma ;eword hlo ;eword ana ;eword a ;eword ne ;eword a ;eword a ;eword nk ;eword il ;eword e ;eword ka ;eword se ;eword kupu ;eword sane ;eword
ka ;eword ntho ;eword ena ;eword ya ;eword se ;eword kupu ;eword ena ;eword ka ;eword a ;eword tabol ;eword a ;eword
pompo ;eword ng ;eword
wena ;eword Tsebo ;eword ha ;eword u ;eword r ;eword e ;eword u ;eword tla ;eword i ;eword komos ;eword a ;eword
ha ;eword wa ;eword r ;eword e ;eword u ;eword tla ;eword i ;eword komos ;eword a ;eword
le ;eword nna ;eword ke ;eword ntse ;eword ke ;eword u ;eword bon ;eword a ;eword
ake ;eword u ;eword r ;eword e ;eword nk ;eword e ;eword ke ;eword bon ;eword e ;eword
e ;eword teng ;eword hodimo ;eword mane ;eword
ka ;eword ntho ;eword ena ;eword ka ;eword ntho ;eword eno ;eword
u ;eword ntse ;eword u ;eword m ;eword pon ;eword a ;eword
ke ;eword bon ;eword a ;eword le ;eword ihlo ;eword la ;eword hao ;eword ha ;eword le ;eword m ;eword pon ;eword a ;eword
ha ;eword u ;eword le ;eword bon ;eword e ;eword
mm ;eword ke ;eword a ;eword le ;eword bon ;eword a ;eword
hele ;eword ke ;eword bon ;eword e ;eword ha ;eword le ;eword chab ;eword a ;eword le ;eword ihlo ;eword leno ;eword
bon ;eword a ;eword le ;eword a ;eword chab ;eword a ;eword
ke ;eword tsw ;eword il ;eword e ;eword kotsi ;eword Hleso ;eword
ke ;eword tsw ;eword il ;eword e ;eword nama ;eword ena ;eword
u ;eword n ;eword tl ;eword el ;eword e ;eword le ;eword se ;eword bete ;eword seo ;eword sa ;eword nyamakhama ;eword
u ;eword n ;eword tl ;eword el ;eword e ;eword le ;eword se ;eword bete ;eword seo ;eword sa ;eword nyamakhama ;eword
ba ;eword o ;eword sents ;eword e ;eword
ba ;eword u ;eword lay ;eword il ;eword e ;eword
ke ;eword ona ;eword ka ;eword mona ;eword
ka ;eword mo ;eword tse ;eword ng ;eword ka ;eword mona ;eword
ka ;eword ma ;eword ntlwantlwane ;eword ng ;eword ka ;eword mona ;eword
haeke ;eword ke ;eword me ;eword la ;eword ya ;eword ka ;eword eo ;eword
ha ;eword u ;eword tseb ;eword e ;eword mo ;eword la ;eword wa ;eword ka ;eword ke ;eword ona ;eword
ke ;eword ona ;eword mo ;eword la ;eword oo ;eword ke ;eword r ;eword e ;eword ng ;eword ke ;eword wa ;eword ka ;eword
ha ;eword u ;eword tseb ;eword e ;eword mo ;eword la ;eword oo ;eword
ke ;eword r ;eword e ;eword ke ;eword ona ;eword wa ;eword ka ;eword
ha ;eword o ;eword yo ;eword Hleso ;eword
ke ;eword i ;eword pat ;eword a ;eword haka ;eword Hleso ;eword
ke ;eword dul ;eword a ;eword ke ;eword r ;eword e ;eword
Hleso ;eword sheb ;eword a ;eword ke ;eword ken ;eword e ;eword ka ;eword hahao ;eword
sheb ;eword a ;eword Hleso ;eword
n ;eword cheb ;eword e ;eword ke ;eword duts ;eword e ;eword ka ;eword hahao ;eword
ke ;eword o ;eword hele ;eword dits ;eword e ;eword
hele ;eword Malauwa ;eword
chak ;eword a ;eword
ke ;eword wa ;eword NtSeliseng ;eword
ekaba ;eword ke ;eword tla ;eword lok ;eword is ;eword a ;eword kae ;eword hape ;eword
ke ;eword bon ;eword a ;eword le ;eword tsatsi ;eword lena ;eword lee ;eword
Tsebo ;eword tsamay ;eword a ;eword ho ;eword mo ;eword thib ;eword a ;eword Tsebo ;eword
Tsebo ;eword bul ;eword el ;eword a ;eword ngwana ;eword
he ;eword tlohel ;eword a ;eword ngwana ;eword enwa ;eword
Tsebo ;eword ke ;eword tla ;eword ntS ;eword a ;eword jwang ;eword
tloh ;eword a ;eword Tsebo ;eword
mme ;eword Hleso ;eword o ;eword re ;eword f ;eword il ;eword e ;eword o ;eword mo ;eword nyane ;eword
o ;eword nk ;eword il ;eword e ;eword o ;eword mo ;eword ngata ;eword
ae ;eword hle ;eword ha ;eword ho ;eword n ;eword a ;eword mo ;eword toho ;eword mona ;eword
Tsebo ;eword skanna ;eword otl ;eword a ;eword sospane ;eword ena ;eword
Hleso ;eword se ;eword eta ;eword sa ;eword ka ;eword se ;eword se ;eword ng ;eword se ;eword tSwan ;eword a ;eword ng ;eword le ;eword sena ;eword ke ;eword a ;eword se ;eword batl ;eword a ;eword
se ;eword batl ;eword e ;eword ke ;eword tla ;eword u ;eword batl ;eword is ;eword a ;eword
ke ;eword tla ;eword u ;eword shap ;eword a ;eword
Tsebo ;eword ke ;eword tla ;eword u ;eword rah ;eword a ;eword
ke ;eword mang ;eword Tsebo ;eword
hlatsw ;eword ang ;eword ma ;eword bekere ;eword ano ;eword
Tsebo ;eword tsamay ;eword a ;eword ho ;eword nk ;eword a ;eword
ke ;eword tsamay ;eword a ;eword moo ;eword ho ;eword dits ;eword w ;eword e ;eword ng ;eword
ke ;eword eng ;eword
Tsebo ;eword ke ;eword tla ;eword u ;eword otl ;eword a ;eword
u ;eword tla ;eword shap ;eword uw ;eword a ;eword ke ;eword nna ;eword
ke ;eword hore ;eword Hleso ;eword Neuoe ;eword o ;eword tlats ;eword its ;eword e ;eword metsi ;eword ana ;eword ka ;eword le ;eword bekere ;eword ng ;eword
a ;eword ntse ;eword a ;eword qhal ;eword an ;eword a ;eword mona ;eword
u ;eword le ;eword thetsi ;eword ke ;eword Tsenethu ;eword ya ;eword qhad ;eword il ;eword e ;eword ng ;eword
a ;eword ne ;eword a ;eword le ;eword ka ;eword mono ;eword
Neuoe ;eword a ;eword ile ;eword a ;eword mo ;eword neh ;eword a ;eword
Tsenethu ;eword a ;eword a ;eword qhal ;eword a ;eword
wena ;eword Hleso ;eword
Tsebo ;eword u ;eword i ;eword tSeny ;eword a ;eword ma ;eword khala ;eword
wena ;eword Hleso ;eword
ke ;eword ents ;eword e ;eword ng ;eword
ke ;eword a ;eword han ;eword a ;eword
mme ;eword helang ;eword Hleso ;eword ebile ;eword u ;eword j ;eword el ;eword e ;eword
alala ;eword Hleso ;eword
Tsebo ;eword u ;eword bapal ;eword a ;eword ka ;eword le ;eword fielo ;eword la ;eword ba ;eword tho ;eword lee ;eword ka ;eword tlung ;eword
tl ;eword is ;eword a ;eword la ;eword lephethu ;eword
