le ;eword ne ;eword le ;eword ilo ;eword ets ;eword a ;eword ng ;eword
di ;eword kae ;eword jwale ;eword
khale ;eword di ;eword teng ;eword
ee ;eword u ;eword ets ;eword a ;eword jwang ;eword ngwana ;eword jwale ;eword
ngwana ;eword u ;eword mo ;eword ets ;eword a ;eword jwang ;eword
u ;eword mo ;eword tsikiny ;eword ets ;eword a ;eword ng ;eword na ;eword
ae ;eword
e ;eword u ;eword mo ;eword tsikiny ;eword ets ;eword a ;eword ng ;eword
hobaneng ;eword ha ;eword u ;eword rat ;eword e ;eword
ke ;eword tla ;eword u ;eword nyok ;eword a ;eword
nna ;eword ke ;eword a ;eword kholw ;eword a ;eword u ;eword r ;eword e ;eword ke ;eword thaka ;eword ya ;eword hao ;eword
ee ;eword Hlobohang ;eword hele ;eword
ke ;eword tla ;eword u ;eword shap ;eword a ;eword wena ;eword
ke ;eword mang ;eword ya ;eword u ;eword bits ;eword a ;eword ng ;eword
ke ;eword ntate ;eword wa ;eword hao ;eword
ke ;eword ntate ;eword wa ;eword hao ;eword ke ;eword mang ;eword
ke ;eword ntate ;eword mang ;eword
bon ;eword a ;eword u ;eword ntS ;eword its ;eword e ;eword ma ;eword di ;eword
bon ;eword a ;eword
ke ;eword ilo ;eword jwets ;eword a ;eword abuti ;eword Maketse ;eword
ke ;eword ilo ;eword mo ;eword jwets ;eword a ;eword
ke ;eword ntate ;eword wa ;eword ka ;eword
ke ;eword ntate ;eword wa ;eword ka ;eword
ntate ;eword Maketse ;eword wa ;eword ka ;eword
ke ;eword wa ;eword hao ;eword
a ;eword ha ;eword ke ;eword a ;eword se ;eword khaol ;eword a ;eword
ha ;eword ke ;eword se ;eword khaol ;eword a ;eword
ke ;eword se ;eword khaots ;eword e ;eword neneng ;eword
u ;eword tla ;eword ka ;eword wa ;eword n ;eword thets ;eword a ;eword
Hlobohang ;eword o ;eword nk ;eword il ;eword e ;eword papa ;eword
ke ;eword tlo ;eword le ;eword pheh ;eword el ;eword a ;eword mo ;eword hlafotsa ;eword
u ;eword a ;eword tseb ;eword a ;eword
le ;eword y ;eword a ;eword kae ;eword
khutl ;eword el ;eword ang ;eword lape ;eword ng ;eword kwana ;eword
Hlobohang ;eword ho ;eword th ;eword w ;eword e ;eword khwalabolokwe ;eword eseng ;eword khobolekwe ;eword
u ;eword mo ;eword jwets ;eword e ;eword hore ;eword ho ;eword its ;eword w ;eword e ;eword ng ;eword
mo ;eword bon ;eword tS ;eword e ;eword
tsamay ;eword a ;eword u ;eword jwets ;eword a ;eword ausi ;eword Mamello ;eword hore ;eword ho ;eword its ;eword w ;eword e ;eword ng ;eword mono ;eword
mo ;eword jwets ;eword e ;eword hore ;eword na ;eword ho ;eword its ;eword w ;eword e ;eword ng ;eword
e ;eword mo ;eword bon ;eword tS ;eword e ;eword
mo ;eword jwets ;eword e ;eword hore ;eword ke ;eword ho ;eword kae ;eword
e ;eword
u ;eword mo ;eword thakati ;eword wena ;eword
tloh ;eword ang ;eword kantle ;eword
u ;eword rwets ;eword e ;eword di ;eword eta ;eword tsa ;eword mang ;eword na ;eword
u ;eword tsw ;eword a ;eword kae ;eword u ;eword j ;eword el ;eword e ;eword ng ;eword
ke ;eword eng ;eword
ke ;eword eng ;eword ntho ;eword ee ;eword
ee ;eword meno ;eword ee ;eword
ke ;eword eng ;eword
ke ;eword eng ;eword ntho ;eword ee ;eword e ;eword tSwan ;eword a ;eword le ;eword eng ;eword
e ;eword tSwan ;eword a ;eword le ;eword eng ;eword ntho ;eword ee ;eword
u ;eword tSwan ;eword a ;eword le ;eword tSwene ;eword
na ;eword ebe ;eword ke ;eword tSwene ;eword ntho ;eword ee ;eword
u ;eword tSwan ;eword a ;eword le ;eword tSwene ;eword
ao ;eword
u ;eword tSwan ;eword a ;eword le ;eword ntho ;eword eo ;eword
e ;eword
ke ;eword eng ;eword ntho ;eword eo ;eword
ke ;eword mankorolo ;eword
tSwene ;eword e ;eword kholo ;eword
u ;eword a ;eword mo ;eword tseb ;eword a ;eword mankorolo ;eword
tSwene ;eword e ;eword kholo ;eword
bon ;eword a ;eword mona ;eword ho ;eword its ;eword w ;eword e ;eword ng ;eword
monkey ;eword
e ;eword ke ;eword r ;eword e ;eword mona ;eword ho ;eword its ;eword w ;eword e ;eword ng ;eword
butle ;eword
mona ;eword ho ;eword its ;eword w ;eword e ;eword monkey ;eword
e ;eword bal ;eword a ;eword monkey ;eword
monkey ;eword
tsamay ;eword a ;eword ho ;eword jwets ;eword a ;eword ausi ;eword Mamello ;eword hore ;eword ho ;eword its ;eword w ;eword e ;eword ng ;eword mono ;eword
e ;eword ho ;eword its ;eword w ;eword e ;eword ng ;eword
ke ;eword its ;eword e ;eword ke ;eword eng ;eword
ke ;eword its ;eword e ;eword ke ;eword monkey ;eword
ke ;eword a ;eword r ;eword e ;eword ke ;eword eng ;eword
ke ;eword its ;eword e ;eword ke ;eword eng ;eword ntate ;eword
ke ;eword its ;eword e ;eword ke ;eword monkey ;eword
eseng ;eword ka ;eword mora ;eword se ;eword kolo ;eword
mankorolo ;eword
tSwene ;eword e ;eword kholo ;eword
ke ;eword its ;eword e ;eword ke ;eword monkey ;eword
ke ;eword u ;eword pheh ;eword ets ;eword e ;eword mo ;eword hlafotsa ;eword
ke ;eword tla ;eword tl ;eword a ;eword ho ;eword u ;eword ngwath ;eword el ;eword a ;eword
ya ;eword mme ;eword MatSeliso ;eword
