utlw ;eword a ;eword se ;eword thunya ;eword se ;eword tlilo ;eword thuny ;eword a ;eword
se ;eword tlilo ;eword r ;eword e ;eword qhu ;eword
se ;eword thunya ;eword u ;eword nts ;eword u ;eword utlw ;eword a ;eword
dul ;eword a ;eword fatSe ;eword
Litlhare ;eword dul ;eword a ;eword fatSe ;eword
Litlhare ;eword mme ;eword Masebina ;eword o ;eword its ;eword e ;eword u ;eword dul ;eword e ;eword fatSe ;eword mona ;eword
Litlhare ;eword u ;eword sokod ;eword is ;eword a ;eword ausi ;eword Mamello ;eword
Litlhare ;eword tsamay ;eword a ;eword ho ;eword dul ;eword a ;eword fatSe ;eword ka ;eword tlung ;eword
ho ;eword its ;eword w ;eword e ;eword u ;eword dul ;eword e ;eword fatSe ;eword ke ;eword mme ;eword Masebina ;eword
o ;eword tla ;eword tl ;eword a ;eword ho ;eword u ;eword shap ;eword a ;eword
Litlhare ;eword tloo ;eword
a ;eword mo ;eword bu ;eword
tl ;eword is ;eword a ;eword ke ;eword nw ;eword e ;eword Litlhare ;eword
Litlhare ;eword ho ;eword th ;eword w ;eword e ;eword u ;eword tlo ;eword dul ;eword a ;eword mona ;eword
Litlhare ;eword u ;eword y ;eword a ;eword kae ;eword
Litlhare ;eword ho ;eword nts ;eword ho ;eword th ;eword w ;eword e ;eword u ;eword ilo ;eword dul ;eword a ;eword
u ;eword a ;eword tell ;eword a ;eword
u ;eword a ;eword tell ;eword a ;eword he ;eword
le ;eword nna ;eword ke ;eword tla ;eword sok ;eword a ;eword
Litlhare ;eword tloh ;eword a ;eword mo ;eword nyako ;eword
ha ;eword re ;eword y ;eword eng ;eword ma ;eword ntlwantlwane ;eword ng ;eword
ae ;eword Litlhare ;eword dul ;eword a ;eword fatSe ;eword
ska ;eword y ;eword a ;eword ma ;eword ntlwantlwane ;eword ng ;eword
eke ;eword Litlhare ;eword
ake ;eword Litlhare ;eword
ha ;eword se ;eword se ;eword tulo ;eword ntho ;eword ena ;eword ke ;eword le ;eword tini ;eword
ke ;eword le ;eword tini ;eword nnyeo ;eword
ntho ;eword ena ;eword ke ;eword metsi ;eword
u ;eword se ;eword u ;eword bo ;eword el ;eword a ;eword hape ;eword
e ;eword tla ;eword u ;eword otl ;eword a ;eword hape ;eword
tloh ;eword a ;eword se ;eword tulo ;eword ng ;eword mona ;eword
Litlhare ;eword ey ;eword a ;eword ma ;eword ntlwantlwane ;eword ng ;eword
Litlhare ;eword ha ;eword a ;eword yo ;eword
Litlhare ;eword skana ;eword j ;eword a ;eword mo ;eword bu ;eword ona ;eword
Litlhare ;eword
u ;eword j ;eword a ;eword mo ;eword bu ;eword
Litlhare ;eword u ;eword rwets ;eword e ;eword ng ;eword
Litlhare ;eword ake ;eword u ;eword y ;eword e ;eword lape ;eword ng ;eword
haele ;eword hantle ;eword u ;eword ntse ;eword u ;eword math ;eword a ;eword u ;eword y ;eword a ;eword kae ;eword
ke ;eword tlilo ;eword u ;eword shap ;eword a ;eword
mme ;eword Litlhare ;eword
Litlhare ;eword bon ;eword a ;eword
Mafehloase ;eword o ;eword ka ;eword le ;eword rako ;eword ng ;eword
ke ;eword mo ;eword bu ;eword
e ;eword lahl ;eword e ;eword
u ;eword a ;eword han ;eword a ;eword ho ;eword j ;eword a ;eword
u ;eword j ;eword a ;eword mo ;eword bu ;eword
ke ;eword di ;eword khobe ;eword di ;eword ntho ;eword tseo ;eword Litlhare ;eword
e ;eword metsi ;eword eo ;eword
e ;eword jwang ;eword feela ;eword
Litlhare ;eword
tloo ;eword n ;eword ngwath ;eword el ;eword e ;eword Litlhare ;eword
tloo ;eword n ;eword ngwath ;eword el ;eword e ;eword
ke ;eword u ;eword chak ;eword ets ;eword e ;eword hakere ;eword
e ;eword ke ;eword u ;eword chak ;eword ets ;eword e ;eword
u ;eword tla ;eword n ;eword ngwath ;eword el ;eword a ;eword
oo ;eword ke ;eword u ;eword chak ;eword ets ;eword e ;eword
e ;eword ke ;eword u ;eword chak ;eword ets ;eword e ;eword
n ;eword ngwath ;eword el ;eword e ;eword
ke ;eword ntse ;eword ke ;eword j ;eword a ;eword u ;eword tseb ;eword e ;eword
eya ;eword mme ;eword
bes ;eword el ;eword ets ;eword a ;eword ka ;eword patsi ;eword he ;eword
ke ;eword ena ;eword patsi ;eword ena ;eword fatSe ;eword mona ;eword
ke ;eword i ;eword komos ;eword e ;eword
mme ;eword Malitlhare ;eword
mme ;eword Malitlhare ;eword
mme ;eword Malitlhare ;eword n ;eword ngwath ;eword el ;eword e ;eword
mme ;eword Malitlhare ;eword n ;eword ngwath ;eword el ;eword e ;eword
ke ;eword u ;eword chak ;eword ets ;eword e ;eword
mme ;eword Malitlhare ;eword
le ;eword bekere ;eword ke ;eword lena ;eword
ako ;eword tSel ;eword l ;eword e ;eword ba ;eword tho ;eword ba ;eword tlo ;eword nw ;eword a ;eword jwala ;eword
n ;eword ngwath ;eword el ;eword e ;eword mme ;eword Malitlhare ;eword
mme ;eword Malitlhare ;eword ee ;eword
poleiti ;eword ke ;eword ena ;eword
mme ;eword Litlhare ;eword koloi ;eword ke ;eword ena ;eword
mme ;eword Litlhare ;eword na ;eword ke ;eword u ;eword ngwath ;eword el ;eword e ;eword
mme ;eword Litlhare ;eword
mme ;eword Litlhare ;eword beisene ;eword ke ;eword ena ;eword
oo ;eword
bona ;eword se ;eword tswantso ;eword ke ;eword sena ;eword
e ;eword
sa ;eword ka ;eword
mme ;eword Litlhare ;eword emere ;eword ke ;eword ena ;eword
tloh ;eword a ;eword
mo ;eword f ;eword e ;eword ke ;eword metsi ;eword
mo ;eword tloell ;eword e ;eword
di ;eword poto ;eword ke ;eword tsena ;eword
mme ;eword Litlhare ;eword tloo ;eword ke ;eword tlo ;eword u ;eword tSel ;eword l ;eword a ;eword metsi ;eword
tse ;eword ntSo ;eword kaofela ;eword
ke ;eword u ;eword f ;eword il ;eword e ;eword metsi ;eword
ke ;eword papa ;eword
ke ;eword papa ;eword ntho ;eword ee ;eword jwale ;eword phofo ;eword e ;eword kae ;eword
eseng ;eword u ;eword y ;eword e ;eword ha ;eword Kotsia ;eword
ha ;eword u ;eword so ;eword y ;eword e ;eword ha ;eword Kotsia ;eword
ke ;eword ilo ;eword u ;eword sid ;eword is ;eword a ;eword jwale ;eword
re ;eword y ;eword a ;eword le ;eword lwale ;eword ng ;eword
di ;eword eta ;eword tsela ;eword tse ;eword nala ;eword u ;eword ne ;eword u ;eword di ;eword rek ;eword ets ;eword w ;eword e ;eword kae ;eword
u ;eword ne ;eword u ;eword di ;eword rek ;eword ets ;eword w ;eword e ;eword ke ;eword ausi ;eword Makhofane ;eword
jwale ;eword ha ;eword u ;eword ntse ;eword u ;eword j ;eword a ;eword ma ;eword mina ;eword tjee ;eword
pheh ;eword a ;eword papa ;eword e ;eword ngwe ;eword
phofo ;eword ke ;eword ena ;eword
ke ;eword eno ;eword
le ;eword sokwana ;eword ke ;eword lena ;eword
sheb ;eword a ;eword le ;eword sokwana ;eword
nk ;eword a ;eword le ;eword sokwana ;eword ke ;eword lena ;eword
mo ;eword kotla ;eword na ;eword wa ;eword hao ;eword ke ;eword wane ;eword
u ;eword tla ;eword sel ;eword a ;eword ka ;eword ona ;eword kwana ;eword
u ;eword a ;eword e ;eword bon ;eword a ;eword
ke ;eword tla ;eword u ;eword mul ;eword a ;eword wena ;eword
tSel ;eword a ;eword phofo ;eword ha ;eword e ;eword a ;eword bel ;eword a ;eword
e ;eword a ;eword bel ;eword a ;eword
u ;eword sok ;eword e ;eword ka ;eword le ;eword sokwana ;eword
ets ;eword a ;eword le ;eword sheleshele ;eword
la ;eword hao ;eword la ;eword ngwana ;eword
tSel ;eword a ;eword phofo ;eword e ;eword ngwe ;eword
tSel ;eword a ;eword phofo ;eword hape ;eword
thol ;eword a ;eword Litlhare ;eword
ke ;eword kae ;eword
u ;eword tla ;eword rwal ;eword a ;eword ng ;eword mme ;eword towe ;eword
ere ;eword ke ;eword u ;eword rwes ;eword e ;eword
ke ;eword u ;eword kuk ;eword is ;eword e ;eword di ;eword poto ;eword tsee ;eword
ebe ;eword re ;eword r ;eword e ;eword
ke ;eword tsena ;eword di ;eword kwaelwana ;eword
o ;eword re ;eword y ;eword eng ;eword he ;eword
mme ;eword Litlhare ;eword di ;eword jana ;eword ke ;eword tsena ;eword
ebe ;eword u ;eword ents ;eword e ;eword mo ;eword kete ;eword
jwale ;eword re ;eword tla ;eword lets ;eword a ;eword
u ;eword a ;eword utlw ;eword a ;eword
re ;eword tla ;eword lets ;eword a ;eword
re ;eword bin ;eword e ;eword
tloo ;eword Litlhare ;eword
mme ;eword Litlhare ;eword di ;eword poto ;eword ke ;eword tsena ;eword
bo ;eword butle ;eword Litlhare ;eword ke ;eword tsa ;eword rona ;eword
ke ;eword ya ;eword ka ;eword mme ;eword towe ;eword
u ;eword tseb ;eword e ;eword metsi ;eword a ;eword fed ;eword il ;eword e ;eword mme ;eword towe ;eword
tsamay ;eword a ;eword ho ;eword a ;eword kh ;eword a ;eword
be ;eword butleng ;eword ke ;eword pheh ;eword e ;eword
ke ;eword sok ;eword e ;eword papa ;eword
metsi ;eword a ;eword kae ;eword ana ;eword
ba ;eword r ;eword e ;eword ba ;eword na ;eword beso ;eword
ngwaneso ;eword
u ;eword kh ;eword a ;eword metsi ;eword
ma ;eword kwenya ;eword mona ;eword re ;eword a ;eword pheh ;eword a ;eword
re ;eword a ;eword pheh ;eword a ;eword
di ;eword jo ;eword ke ;eword tsena ;eword mme ;eword
ka ;eword moo ;eword ebe ;eword ke ;eword ma ;eword he ;eword
kapa ;eword ebe ;eword ke ;eword papa ;eword e ;eword khubedu ;eword
e ;eword khubedu ;eword
ha ;eword ho ;eword n ;eword a ;eword metsi ;eword ka ;eword mona ;eword
re ;eword mo ;eword kete ;eword ng ;eword mona ;eword ho ;eword a ;eword sebets ;eword w ;eword a ;eword
re ;eword tla ;eword j ;eword a ;eword
u ;eword ngwath ;eword el ;eword e ;eword ba ;eword eti ;eword
lets ;eword a ;eword kumbakumba ;eword
mme ;eword towe ;eword e ;eword se ;eword e ;eword le ;eword mo ;eword kete ;eword
a ;eword kumbakumba ;eword e ;eword se ;eword e ;eword le ;eword mona ;eword
ha ;eword re ;eword bin ;eword e ;eword jwale ;eword
ha ;eword re ;eword bin ;eword e ;eword
eke ;eword re ;eword qet ;eword il ;eword e ;eword
re ;eword ngwath ;eword el ;eword e ;eword
u ;eword ngwath ;eword el ;eword e ;eword se ;eword kotlolo ;eword ng ;eword se ;eword se ;eword holo ;eword
sena ;eword hobane ;eword re ;eword ba ;eword ngata ;eword
ere ;eword ke ;eword sefatle ;eword
di ;eword beisene ;eword ke ;eword tsena ;eword mme ;eword
nk ;eword a ;eword mme ;eword Litlhare ;eword
di ;eword jo ;eword tsena ;eword hle ;eword mme ;eword re ;eword di ;eword khabel ;eword e ;eword
di ;eword butsi ;eword ke ;eword tsena ;eword mme ;eword
eke ;eword
be ;eword butle ;eword ho ;eword lekan ;eword e ;eword
bo ;eword mme ;eword re ;eword tla ;eword pheh ;eword a ;eword
e ;eword
re ;eword a ;eword le ;eword ngwath ;eword el ;eword a ;eword jwale ;eword
ho ;eword lekan ;eword e ;eword moo ;eword hakere ;eword
tsamay ;eword a ;eword u ;eword y ;eword e ;eword se ;eword kolo ;eword ng ;eword mane ;eword Litlhare ;eword
mo ;eword bits ;eword e ;eword o ;eword tlo ;eword mo ;eword ngwath ;eword el ;eword a ;eword le ;eword ena ;eword
re ;eword tla ;eword u ;eword tl ;eword is ;eword ets ;eword a ;eword di ;eword jo ;eword
le ;eword ngwana ;eword e ;eword mo ;eword nyenyane ;eword o ;eword tla ;eword
ey ;eword ang ;eword ka ;eword sake ;eword ng ;eword lona ;eword
tsena ;eword ke ;eword tsa ;eword lona ;eword
tsena ;eword ke ;eword tsa ;eword ba ;eword shanyana ;eword
tsena ;eword ke ;eword tsa ;eword Khekhe ;eword
be ;eword butle ;eword Litlhare ;eword
bo ;eword butle ;eword
ha ;eword ke ;eword so ;eword tSel ;eword e ;eword le ;eword papa ;eword
khaba ;eword ekaba ;eword e ;eword feng ;eword mme ;eword Litlhare ;eword jwale ;eword
ska ;eword sok ;eword a ;eword
re ;eword se ;eword re ;eword tSots ;eword e ;eword
ha ;eword u ;eword bon ;eword e ;eword ha ;eword re ;eword pak ;eword il ;eword e ;eword tjee ;eword
ke ;eword a ;eword tsol ;eword a ;eword mme ;eword
hona ;eword mono ;eword re ;eword se ;eword ntse ;eword re ;eword di ;eword tsots ;eword e ;eword
re ;eword se ;eword ntse ;eword re ;eword ents ;eword e ;eword jwalo ;eword
ke ;eword mang ;eword a ;eword tswa ;eword dih ;eword a ;eword di ;eword jo ;eword Malitlhare ;eword
ke ;eword mme ;eword enwa ;eword
butle ;eword
ske ;eword ets ;eword a ;eword tjena ;eword
khaba ;eword e ;eword y ;eword a ;eword ka ;eword ba ;eword shanyane ;eword ng ;eword
be ;eword butle ;eword mme ;eword Litlhare ;eword
ska ;eword inam ;eword a ;eword Khekhe ;eword
jwale ;eword na ;eword le ;eword nk ;eword el ;eword a ;eword ng ;eword ntho ;eword yane ;eword
ae ;eword mme ;eword towe ;eword bo ;eword butle ;eword
di ;eword poto ;eword tsane ;eword di ;eword se ;eword di ;eword duts ;eword e ;eword hampe ;eword
re ;eword tla ;eword mo ;eword ngwath ;eword el ;eword a ;eword
ae ;eword tsa ;eword hae ;eword ke ;eword tsena ;eword
tsa ;eword Khekhe ;eword re ;eword tla ;eword di ;eword ngwath ;eword a ;eword hape ;eword
ha ;eword re ;eword j ;eword e ;eword mme ;eword Litlhare ;eword
mme ;eword Litlhare ;eword u ;eword skaba ;eword j ;eword a ;eword mo ;eword bu ;eword
ska ;eword o ;eword j ;eword a ;eword
u ;eword j ;eword e ;eword di ;eword ntho ;eword tsena ;eword feela ;eword tsena ;eword
u ;eword tseb ;eword e ;eword re ;eword ntse ;eword re ;eword j ;eword a ;eword
ha ;eword re ;eword ntse ;eword re ;eword ets ;eword a ;eword tjee ;eword
ausi ;eword Mamello ;eword o ;eword di ;eword qet ;eword il ;eword e ;eword
u ;eword di ;eword nk ;eword e ;eword
sheb ;eword a ;eword j ;eword a ;eword hona ;eword he ;eword Litlhare ;eword
re ;eword qet ;eword a ;eword kaofela ;eword jwale ;eword
jwale ;eword lets ;eword a ;eword kumbakumba ;eword
tuluntulu ;eword
re ;eword tlo ;eword bin ;eword a ;eword jwale ;eword
em ;eword a ;eword mmannyeo ;eword
thol ;eword ang ;eword he ;eword
ke ;eword tla ;eword le ;eword ngwath ;eword el ;eword a ;eword
u ;eword a ;eword bon ;eword a ;eword he ;eword Litlhare ;eword
eke ;eword ke ;eword lets ;eword a ;eword mamakhorong ;eword
lets ;eword a ;eword ausi ;eword Mamello ;eword o ;eword se ;eword a ;eword qet ;eword il ;eword e ;eword jwale ;eword
bo ;eword butle ;eword
a ;eword ke ;eword mo ;eword roho ;eword ona ;eword ha ;eword o ;eword so ;eword pheh ;eword uw ;eword e ;eword
hakere ;eword re ;eword tla ;eword o ;eword pheh ;eword a ;eword ka ;eword madikotwana ;eword
tsamay ;eword a ;eword ho ;eword batl ;eword a ;eword di ;eword jo ;eword lona ;eword
ha ;eword mme ;eword Masebina ;eword di ;eword teng ;eword
ma ;eword khupetla ;eword
Litlhare ;eword math ;eword a ;eword ako ;eword lat ;eword a ;eword di ;eword khape ;eword hle ;eword monna ;eword
ma ;eword khupetla ;eword
di ;eword jana ;eword ke ;eword tsela ;eword ka ;eword le ;eword rako ;eword ng ;eword
mme ;eword Litlhare ;eword di ;eword jana ;eword di ;eword ngata ;eword hahao ;eword mona ;eword
ke ;eword tlo ;eword ets ;eword a ;eword ng ;eword
u ;eword a ;eword bon ;eword a ;eword nonyana ;eword e ;eword duts ;eword e ;eword fatSe ;eword
ke ;eword duts ;eword e ;eword ka ;eword sake ;eword ng ;eword
ba ;eword tho ;eword bala ;eword ba ;eword teng ;eword mme ;eword Litlhare ;eword
ha ;eword ho ;eword n ;eword a ;eword mo ;eword riana ;eword ka ;eword mona ;eword
jwale ;eword u ;eword tla ;eword tSel ;eword a ;eword kae ;eword
e ;eword ne ;eword e ;eword ntse ;eword e ;eword sekam ;eword e ;eword
na ;eword le ;eword tla ;eword u ;eword shanots ;eword a ;eword
ha ;eword se ;eword ngwana ;eword ntho ;eword eno ;eword
ke ;eword ngwana ;eword hle ;eword
ke ;eword mo ;eword tswetse ;eword hakere ;eword
re ;eword ntse ;eword re ;eword i ;eword papal ;eword l ;eword a ;eword rona ;eword
re ;eword tlo ;eword pheh ;eword a ;eword le ;eword sheleshele ;eword hona ;eword tje ;eword
ke ;eword pheh ;eword el ;eword a ;eword mo ;eword tswetse ;eword
bo ;eword butle ;eword mo ;eword tswetse ;eword
u ;eword y ;eword a ;eword ha ;eword Kotsia ;eword u ;eword le ;eword mo ;eword tswetse ;eword
ha ;eword ke ;eword so ;eword bon ;eword e ;eword mo ;eword tswetse ;eword ya ;eword tsel ;eword a ;eword ng ;eword kantle ;eword
u ;eword tla ;eword m ;eword ph ;eword a ;eword phofo ;eword
tSwar ;eword a ;eword mona ;eword
e ;eword tle ;eword tseb ;eword e ;eword bo ;eword bo ;eword ngata ;eword
er ;eword e ;eword e ;eword tla ;eword ba ;eword ngata ;eword
e ;eword tlohell ;eword e ;eword
e ;eword tla ;eword tlal ;eword a ;eword kapele ;eword nyana ;eword
u ;eword a ;eword bon ;eword a ;eword
e ;eword tlo ;eword tlal ;eword a ;eword
e ;eword tla ;eword tlal ;eword a ;eword ntho ;eword ena ;eword
ere ;eword ke ;eword tsel ;eword e ;eword
Litlhare ;eword jwale ;eword ha ;eword u ;eword a ;eword tl ;eword e ;eword le ;eword ma ;eword khapetla ;eword
ere ;eword ke ;eword u ;eword kuk ;eword is ;eword e ;eword
ke ;eword tla ;eword u ;eword rob ;eword a ;eword ka ;eword pitla ;eword ena ;eword
mme ;eword towe ;eword jwale ;eword re ;eword ngwath ;eword el ;eword a ;eword ba ;eword tho ;eword
jwale ;eword re ;eword ngwath ;eword el ;eword a ;eword ba ;eword tho ;eword mme ;eword towe ;eword
rona ;eword re ;eword a ;eword u ;eword tim ;eword a ;eword jwale ;eword
ha ;eword re ;eword bon ;eword a ;eword u ;eword se ;eword u ;eword duts ;eword e ;eword mane ;eword
bon ;eword a ;eword mona ;eword na ;eword
re ;eword sa ;eword ntsane ;eword re ;eword pheh ;eword il ;eword e ;eword ka ;eword poraema ;eword
kake ;eword ausi ;eword Mamello ;eword o ;eword tla ;eword tl ;eword a ;eword ho ;eword j ;eword ell ;eword a ;eword mona ;eword
ngwath ;eword el ;eword a ;eword ausi ;eword Mamello ;eword
eya ;eword
u ;eword mo ;eword ngwath ;eword el ;eword e ;eword mona ;eword
o ;eword r ;eword e ;eword o ;eword khots ;eword e ;eword
ngwana ;eword wa ;eword hao ;eword ha ;eword a ;eword eso ;eword j ;eword e ;eword le ;eword yena ;eword
butle ;eword ke ;eword mo ;eword ngwath ;eword el ;eword e ;eword mona ;eword ngwana ;eword enwa ;eword wa ;eword hao ;eword
ngwana ;eword wa ;eword hao ;eword enoa ;eword o ;eword tlo ;eword j ;eword a ;eword tse ;eword nyenyane ;eword feela ;eword
tsa ;eword ngwana ;eword wa ;eword hao ;eword ke ;eword tsena ;eword
mo ;eword tlohel ;eword e ;eword a ;eword i ;eword tj ;eword es ;eword e ;eword jwale ;eword
u ;eword a ;eword j ;eword a ;eword
mme ;eword Litlhare ;eword ha ;eword re ;eword j ;eword e ;eword
mme ;eword Litlhare ;eword ha ;eword re ;eword j ;eword e ;eword
ke ;eword lat ;eword a ;eword kumbakumba ;eword feela ;eword
re ;eword tlo ;eword tseb ;eword a ;eword ho ;eword bin ;eword a ;eword
lets ;eword a ;eword kumbakumba ;eword
feela ;eword ba ;eword shanyana ;eword bona ;eword
ausi ;eword Mamello ;eword ena ;eword o ;eword its ;eword e ;eword o ;eword khots ;eword e ;eword
tsela ;eword ke ;eword tsa ;eword mang ;eword
Litlhare ;eword
u ;eword batl ;eword a ;eword tsa ;eword hao ;eword u ;eword le ;eword mo ;eword ng ;eword
ke ;eword ngwetsi ;eword ya ;eword eng ;eword moo ;eword
ho ;eword th ;eword w ;eword e ;eword ngwetsi ;eword ke ;eword moo ;eword di ;eword ntho ;eword tseno ;eword wena ;eword
mme ;eword ke ;eword j ;eword a ;eword mo ;eword roho ;eword one ;eword feela ;eword
ke ;eword tla ;eword u ;eword mul ;eword a ;eword
ke ;eword a ;eword u ;eword shap ;eword a ;eword
khomo ;eword ke ;eword eng ;eword
ke ;eword bets ;eword a ;eword ka ;eword ena ;eword
tloo ;eword nk ;eword e ;eword mme ;eword Litlhare ;eword
mme ;eword Litlhare ;eword tloo ;eword nk ;eword e ;eword di ;eword jo ;eword
ba ;eword r ;eword e ;eword u ;eword ilo ;eword nk ;eword a ;eword di ;eword jo ;eword
ha ;eword mme ;eword eo ;eword
ke ;eword ne ;eword ke ;eword its ;eword e ;eword
o ;eword tlo ;eword j ;eword a ;eword
u ;eword skana ;eword math ;eword a ;eword tjee ;eword
ba ;eword shanyana ;eword ke ;eword bona ;eword ba ;eword y ;eword a ;eword ng ;eword nahe ;eword ng ;eword eseng ;eword wena ;eword
mme ;eword Litlhare ;eword tSwar ;eword a ;eword
mo ;eword roho ;eword ona ;eword ha ;eword o ;eword
ho ;eword th ;eword w ;eword e ;eword na ;eword u ;eword j ;eword a ;eword ng ;eword
mme ;eword Litlhare ;eword ska ;eword tsamay ;eword a ;eword ha ;eword u ;eword mo ;eword shanyana ;eword
tloo ;eword re ;eword tlo ;eword pheh ;eword a ;eword di ;eword jo ;eword mona ;eword
mme ;eword enwa ;eword ke ;eword a ;eword tsek ;eword el ;eword a ;eword ng ;eword
ke ;eword ntse ;eword ke ;eword mo ;eword sheb ;eword il ;eword e ;eword
mme ;eword towe ;eword
a ;eword be ;eword butle ;eword mme ;eword towe ;eword
Litlhare ;eword tloo ;eword bapal ;eword e ;eword le ;eword ngwana ;eword enwa ;eword
ha ;eword re ;eword ets ;eword eng ;eword di ;eword sale ;eword
Litlhare ;eword ere ;eword ke ;eword palam ;eword e ;eword
ke ;eword sa ;eword tlo ;eword nw ;eword a ;eword jwala ;eword
ke ;eword jwala ;eword yona ;eword ntho ;eword ee ;eword
le ;eword be ;eword le ;eword di ;eword beh ;eword e ;eword di ;eword kobo ;eword tseo ;eword tsa ;eword rona ;eword
jwale ;eword ke ;eword mang ;eword ya ;eword di ;eword tSets ;eword e ;eword ng ;eword ka ;eword ma ;eword hlokwa ;eword
ke ;eword mang ;eword ya ;eword ntse ;eword ng ;eword a ;eword tSol ;eword a ;eword di ;eword jo ;eword tsee ;eword ke ;eword di ;eword pheh ;eword il ;eword e ;eword
