a ;eword le ;eword nk ;eword e ;eword a ;eword ets ;eword e ;eword jwang ;eword
nk ;eword a ;eword ma ;eword he ;eword ana ;eword a ;eword di ;eword khoho ;eword u ;eword a ;eword is ;eword e ;eword kwana ;eword
u ;eword ntse ;eword u ;eword kobakob ;eword a ;eword u ;eword ets ;eword a ;eword ng ;eword ha ;eword ke ;eword u ;eword rom ;eword a ;eword helang ;eword
nk ;eword a ;eword se ;eword kotlolo ;eword u ;eword a ;eword a ;eword beh ;eword e ;eword
di ;eword khoho ;eword tsena ;eword di ;eword batl ;eword a ;eword ho ;eword f ;eword uw ;eword a ;eword di ;eword ntho ;eword tsena ;eword
u ;eword a ;eword nk ;eword il ;eword e ;eword kaofela ;eword
e ;eword
u ;eword ntse ;eword u ;eword ets ;eword a ;eword ng ;eword
ae ;eword skanna ;eword ets ;eword a ;eword jwalo ;eword
u ;eword mo ;eword tSeh ;eword a ;eword le ;eword eng ;eword
di ;eword pompong ;eword tseo ;eword
j ;eword a ;eword di ;eword pompong ;eword tsena ;eword
ha ;eword u ;eword mo ;eword thu ;eword ell ;eword e ;eword
seke ;eword la ;eword mo ;eword ll ;eword is ;eword ang ;eword helang ;eword
mme ;eword Mamello ;eword yena ;eword ha ;eword a ;eword mo ;eword f ;eword a ;eword pompong ;eword
le ;eword mao ;eword la ;eword hae ;eword le ;eword kae ;eword
Tsebo ;eword Tsebo ;eword u ;eword sebets ;eword a ;eword ng ;eword ka ;eword tlung ;eword ka ;eword moo ;eword Tsebo ;eword
u ;eword ets ;eword a ;eword ng ;eword
tsamay ;eword a ;eword le ;eword y ;eword e ;eword ho ;eword dul ;eword a ;eword mane ;eword
tsamay ;eword ang ;eword
Tsebo ;eword ke ;eword ne ;eword ke ;eword its ;eword e ;eword le ;eword y ;eword e ;eword
ets ;eword a ;eword kapele ;eword u ;eword tsw ;eword e ;eword ka ;eword mona ;eword ngwana ;eword enwa ;eword o ;eword a ;eword ken ;eword a ;eword
ae ;eword kannete ;eword tsamay ;eword a ;eword ho ;eword beh ;eword a ;eword mane ;eword
Tsebo ;eword o ;eword ntse ;eword a ;eword ets ;eword a ;eword ng ;eword ee ;eword Tsebo ;eword
nyany ;eword a ;eword
ae ;eword han ;eword a ;eword
le ;eword ntse ;eword le ;eword ets ;eword a ;eword ng ;eword le ;eword ka ;eword bapal ;eword a ;eword hantle ;eword
u ;eword y ;eword a ;eword kae ;eword jwale ;eword Tsebo ;eword
jwale ;eword u ;eword sa ;eword di ;eword eta ;eword
u ;eword j ;eword a ;eword ng ;eword
eo ;eword u ;eword e ;eword nk ;eword a ;eword ng ;eword kae ;eword
ke ;eword mang ;eword
beh ;eword a ;eword di ;eword eta ;eword tsena ;eword ka ;eword tlung ;eword
di ;eword pompong ;eword tsona ;eword u ;eword a ;eword di ;eword rat ;eword a ;eword feela ;eword u ;eword a ;eword baleh ;eword a ;eword
ae ;eword mo ;eword hwelehets ;eword a ;eword Neuoe ;eword
nk ;eword a ;eword Tsebo ;eword
u ;eword kae ;eword le ;eword ho ;eword kae ;eword lona ;eword
le ;eword ne ;eword le ;eword ilo ;eword ets ;eword a ;eword ng ;eword jwale ;eword
ha ;eword ho ;eword thuso ;eword ya ;eword ho ;eword le ;eword f ;eword a ;eword hoba ;eword ha ;eword a ;eword qet ;eword a ;eword ho ;eword le ;eword f ;eword a ;eword le ;eword tla ;eword tsamay ;eword a ;eword
che ;eword ngwana ;eword mo ;eword dimo ;eword kannete ;eword ke ;eword tla ;eword u ;eword shap ;eword a ;eword ha ;eword bohloko ;eword
e ;eword ets ;eword e ;eword
e ;eword tl ;eword is ;eword e ;eword
e ;eword hlobol ;eword e ;eword kobo ;eword
e ;eword
u ;eword a ;eword tseb ;eword a ;eword ho ;eword e ;eword qhwaoll ;eword a ;eword e ;eword
ha ;eword a ;eword r ;eword e ;eword le ;eword tsamay ;eword e ;eword o ;eword r ;eword e ;eword ha ;eword le ;eword tsamay ;eword a ;eword o ;eword tla ;eword le ;eword f ;eword a ;eword
tloo ;eword m ;eword ph ;eword e ;eword se ;eword kotlolo ;eword sena ;eword see ;eword ka ;eword hodimo ;eword sena ;eword
ke ;eword r ;eword e ;eword u ;eword m ;eword ph ;eword e ;eword se ;eword kotlolo ;eword see ;eword ka ;eword hodimo ;eword seno ;eword seno ;eword
sona ;eword see ;eword u ;eword ne ;eword u ;eword r ;eword e ;eword se ;eword metsi ;eword hona ;eword tjee ;eword
ha ;eword ho ;eword n ;eword a ;eword bolo ;eword wena ;eword ka ;eword mono ;eword
le ;eword mao ;eword le ;eword kae ;eword
ke ;eword tla ;eword u ;eword phoq ;eword a ;eword
