ha ;eword u ;eword bon ;eword a ;eword di ;eword butsw ;eword its ;eword e ;eword haka ;eword
u ;eword tla ;eword m ;eword ph ;eword a ;eword neng ;eword wena ;eword
hoseng ;eword
ke ;eword tlo ;eword nk ;eword a ;eword koloi ;eword yane ;eword hey ;eword hey ;eword
ke ;eword tla ;eword ets ;eword a ;eword cholo ;eword
hele ;eword ke ;eword r ;eword e ;eword
ha ;eword mme ;eword Mapoloko ;eword
m ;eword
sef ;eword a ;eword
ke ;eword nna ;eword ya ;eword tla ;eword sef ;eword a ;eword ng ;eword
ya ;eword tla ;eword
m ;eword
ebile ;eword u ;eword sheb ;eword a ;eword mme ;eword u ;eword tseb ;eword e ;eword
Nkeletseng ;eword o ;eword fet ;eword w ;eword a ;eword ke ;eword nna ;eword ke ;eword ke ;eword ebol ;eword a ;eword eiye ;eword hantle ;eword
m ;eword
mme ;eword u ;eword a ;eword bon ;eword a ;eword u ;eword so ;eword tlilo ;eword qet ;eword a ;eword
mme ;eword hakere ;eword u ;eword tla ;eword se ;eword f ;eword a ;eword
u ;eword tla ;eword tsamay ;eword a ;eword
mme ;eword hape ;eword ke ;eword nna ;eword ya ;eword tla ;eword sil ;eword a ;eword ng ;eword
mme ;eword sheb ;eword a ;eword ntho ;eword yane ;eword
ke ;eword e ;eword lahl ;eword e ;eword
e ;eword di ;eword ntho ;eword tsela ;eword di ;eword kae ;eword
tsela ;eword re ;eword ne ;eword re ;eword di ;eword j ;eword a ;eword
mme ;eword a ;eword ne ;eword a ;eword re ;eword f ;eword il ;eword e ;eword tsa ;eword tsela ;eword
u ;eword tl ;eword il ;eword e ;eword ng ;eword le ;eword tsona ;eword hona ;eword tjee ;eword
ha ;eword di ;eword yo ;eword
ka ;eword ntho ;eword ee ;eword
