e ;eword nyenyane ;eword
u ;eword ile ;eword wa ;eword theol ;eword w ;eword a ;eword
wa ;eword ets ;eword w ;eword a ;eword jwang ;eword
Litlhare ;eword he ;eword wena ;eword
Litlhare ;eword tloo ;eword nk ;eword e ;eword bolo ;eword ena ;eword
tloo ;eword nk ;eword e ;eword bolo ;eword
tl ;eword is ;eword a ;eword ke ;eword u ;eword shap ;eword e ;eword
tloo ;eword kwano ;eword ere ;eword le ;eword tl ;eword e ;eword ka ;eword tlung ;eword
ha ;eword re ;eword y ;eword e ;eword ka ;eword tlung ;eword
ha ;eword re ;eword y ;eword e ;eword
ken ;eword a ;eword ka ;eword tlung ;eword
ken ;eword a ;eword
ke ;eword tla ;eword u ;eword shap ;eword a ;eword
ke ;eword tla ;eword u ;eword otl ;eword a ;eword
helang ;eword u ;eword sele ;eword
na ;eword di ;eword kae ;eword
ke ;eword tse ;eword
tl ;eword is ;eword a ;eword bolo ;eword ya ;eword ka ;eword jwale ;eword
ke ;eword beh ;eword e ;eword di ;eword eta ;eword tsa ;eword hao ;eword mme ;eword
Litlhare ;eword ke ;eword di ;eword bon ;eword e ;eword mme ;eword di ;eword ntle ;eword
ke ;eword bon ;eword e ;eword
Litlhare ;eword
mme ;eword nk ;eword a ;eword mme ;eword
er ;eword e ;eword nna ;eword ke ;eword bon ;eword e ;eword
ha ;eword ke ;eword bon ;eword e ;eword
ke ;eword bon ;eword e ;eword ngwanana ;eword
jwale ;eword re ;eword tla ;eword di ;eword bon ;eword a ;eword jwang ;eword di ;eword eta ;eword tse ;eword
ke ;eword nk ;eword a ;eword bolo ;eword ebileng ;eword
er ;eword e ;eword ke ;eword bon ;eword e ;eword di ;eword eta ;eword mme ;eword
si ;eword si ;eword di ;eword ncha ;eword
er ;eword e ;eword ke ;eword bon ;eword e ;eword
ako ;eword u ;eword j ;eword a ;eword ng ;eword
nk ;eword a ;eword nk ;eword a ;eword ke ;eword eo ;eword
e ;eword e ;eword il ;eword e ;eword
tsamay ;eword a ;eword ho ;eword e ;eword lat ;eword a ;eword
seka ;eword n ;eword khat ;eword a ;eword
er ;eword e ;eword a ;eword tl ;eword e ;eword ka ;eword tlung ;eword
ey ;eword a ;eword ka ;eword tlung ;eword
ee ;eword u ;eword tloh ;eword e ;eword
tloo ;eword tloo ;eword we ;eword Litlhare ;eword tloo ;eword u ;eword otl ;eword a ;eword
tsamay ;eword a ;eword ka ;eword tlung ;eword
tsamay ;eword a ;eword
hlwaya ;eword
u ;eword sele ;eword
ke ;eword a ;eword e ;eword lahl ;eword a ;eword
nk ;eword a ;eword ke ;eword ena ;eword
tsamay ;eword a ;eword
tsamay ;eword a ;eword ho ;eword bon ;eword a ;eword na ;eword di ;eword eta ;eword di ;eword kae ;eword
tsamay ;eword a ;eword
e ;eword tsamay ;eword a ;eword
u ;eword e ;eword nk ;eword il ;eword e ;eword
le ;eword eng ;eword na ;eword
jwale ;eword u ;eword bapal ;eword a ;eword ka ;eword tlung ;eword
Litlhare ;eword
Litlhare ;eword u ;eword ents ;eword ets ;eword a ;eword ng ;eword
ke ;eword tlo ;eword hlats ;eword uw ;eword a ;eword
tloo ;eword ke ;eword tlo ;eword a ;eword beh ;eword a ;eword ka ;eword mona ;eword
di ;eword teng ;eword ka ;eword mora ;eword le ;eword mati ;eword
ka ;eword mane ;eword
ka ;eword moo ;eword
tl ;eword is ;eword a ;eword
e ;eword
tl ;eword is ;eword a ;eword ke ;eword i ;eword cheb ;eword el ;eword e ;eword
tl ;eword is ;eword a ;eword
Litlhare ;eword ke ;eword tla ;eword u ;eword mul ;eword a ;eword
Litlhare ;eword u ;eword skaba ;eword hul ;eword a ;eword hape ;eword
skaba ;eword e ;eword hul ;eword a ;eword
u ;eword a ;eword utlw ;eword a ;eword
safare ;eword e ;eword jwang ;eword
jwalo ;eword ntate ;eword ya ;eword mo ;eword holo ;eword hakalokalo ;eword
he ;eword u ;eword n ;eword cheb ;eword il ;eword e ;eword ng ;eword
u ;eword cheb ;eword il ;eword e ;eword ng ;eword
u ;eword cheb ;eword il ;eword e ;eword ng ;eword
u ;eword n ;eword cheb ;eword il ;eword e ;eword ng ;eword wena ;eword
ke ;eword ena ;eword
bon ;eword a ;eword ke ;eword ena ;eword
u ;eword cheb ;eword il ;eword e ;eword ng ;eword
ee ;eword wena ;eword u ;eword n ;eword cheb ;eword il ;eword e ;eword ng ;eword
u ;eword n ;eword cheb ;eword il ;eword e ;eword ng ;eword
he ;eword u ;eword cheb ;eword il ;eword e ;eword ng ;eword
Litlhare ;eword tsamay ;eword a ;eword ho ;eword r ;eword e ;eword na ;eword a ;eword u ;eword f ;eword e ;eword motlenyakatse ;eword
tsamay ;eword ang ;eword le ;eword o ;eword r ;eword e ;eword na ;eword a ;eword le ;eword f ;eword e ;eword motlenyakatse ;eword
motlenyakatse ;eword motlenyakatse ;eword le ;eword mo ;eword roho ;eword
motlenyakatse ;eword le ;eword mo ;eword roho ;eword
m ;eword ph ;eword e ;eword two ;eword le ;eword mo ;eword roho ;eword
m ;eword ph ;eword e ;eword motlenyakatse ;eword le ;eword mo ;eword roho ;eword
ke ;eword motlenyakatse ;eword le ;eword mo ;eword roho ;eword
ke ;eword motlenyakatse ;eword wena ;eword
ache ;eword motlenyakatse ;eword o ;eword kopan ;eword y ;eword e ;eword le ;eword mo ;eword roho ;eword
Litlhare ;eword motlenyakatse ;eword o ;eword monate ;eword
motlenyakatse ;eword
ke ;eword motlenyakatse ;eword le ;eword mo ;eword roho ;eword
le ;eword
u ;eword a ;eword rwak ;eword an ;eword a ;eword wena ;eword
ke ;eword e ;eword j ;eword e ;eword
Litlhare ;eword ha ;eword a ;eword khib ;eword a ;eword o ;eword r ;eword e ;eword
enwa ;eword o ;eword a ;eword khib ;eword a ;eword hore ;eword
he ;eword bon ;eword a ;eword
enwa ;eword o ;eword r ;eword e ;eword
