e ;eword
u ;eword a ;eword di ;eword j ;eword a ;eword
jwale ;eword u ;eword tsw ;eword a ;eword kae ;eword ka ;eword yona ;eword
o ;eword r ;eword e ;eword u ;eword e ;eword is ;eword a ;eword kae ;eword ekesaeze ;eword Tsebo ;eword
a ;eword le ;eword nk ;eword a ;eword kae ;eword
Neuoe ;eword o ;eword kae ;eword
ho ;eword kae ;eword
eng ;eword
eng ;eword
o ;eword ho ;eword kae ;eword
e ;eword
Lemohang ;eword
hakere ;eword u ;eword tlod ;eword is ;eword a ;eword le ;eword mati ;eword nna ;eword ke ;eword ne ;eword ke ;eword mo ;eword bul ;eword el ;eword a ;eword
u ;eword tlo ;eword i ;eword tj ;eword ell ;eword a ;eword tsona ;eword
ol ;eword a ;eword di ;eword erekisi ;eword tseno ;eword Hleso ;eword
u ;eword sheb ;eword a ;eword se ;eword boko ;eword sa ;eword eng ;eword
e ;eword haholo ;eword
tloo ;eword le ;eword ntho ;eword re ;eword tlo ;eword tSel ;eword a ;eword
he ;eword ho ;eword a ;eword sebets ;eword w ;eword a ;eword jwale ;eword
u ;eword tsw ;eword e ;eword Hleso ;eword ha ;eword u ;eword le ;eword bo ;eword kako ;eword tjee ;eword
ha ;eword a ;eword r ;eword e ;eword wena ;eword
o ;eword bots ;eword a ;eword Tsebo ;eword
u ;eword ets ;eword a ;eword ng ;eword
di ;eword kuku ;eword tsa ;eword pane ;eword
u ;eword a ;eword utlw ;eword a ;eword he ;eword Tsebo ;eword
di ;eword kuku ;eword tsa ;eword pane ;eword
tsw ;eword a ;eword Hleso ;eword
u ;eword tla ;eword j ;eword a ;eword le ;eword se ;eword boko ;eword
jwale ;eword u ;eword ets ;eword a ;eword ng ;eword e ;eword mo ;eword ng ;eword tsebe ;eword ng ;eword
u ;eword mo ;eword ets ;eword a ;eword ng ;eword tsebe ;eword ng ;eword
na ;eword u ;eword a ;eword ebol ;eword a ;eword Tsebo ;eword
u ;eword a ;eword ebol ;eword a ;eword na ;eword
e ;eword Tsebo ;eword
u ;eword ne ;eword u ;eword ntse ;eword u ;eword rat ;eword a ;eword ho ;eword e ;eword j ;eword a ;eword hakere ;eword
u ;eword hat ;eword a ;eword di ;eword ntho ;eword tsena ;eword tsa ;eword ba ;eword tho ;eword
u ;eword ets ;eword a ;eword ng ;eword hantle ;eword
ake ;eword u ;eword tlohel ;eword e ;eword e ;eword mo ;eword ng ;eword a ;eword ebol ;eword e ;eword
ee ;eword u ;eword ets ;eword a ;eword ng ;eword jwale ;eword
tsamay ;eword a ;eword ho ;eword thonak ;eword a ;eword ntho ;eword yane ;eword eo ;eword u ;eword e ;eword lahl ;eword ets ;eword e ;eword ng ;eword kwana ;eword
wena ;eword
ke ;eword wena ;eword helang ;eword
Tsebo ;eword seka ;eword sit ;eword is ;eword a ;eword ba ;eword tho ;eword ha ;eword ba ;eword ebol ;eword a ;eword
u ;eword tla ;eword rah ;eword a ;eword ngwana ;eword wena ;eword
eng ;eword
tlohel ;eword a ;eword e ;eword mo ;eword ng ;eword a ;eword ebol ;eword e ;eword wena ;eword
u ;eword bin ;eword a ;eword ng ;eword jwale ;eword
kapa ;eword o ;eword rat ;eword a ;eword ho ;eword ets ;eword a ;eword le ;eword rata ;eword feela ;eword
ho ;eword utlw ;eword ahal ;eword e ;eword wena ;eword feela ;eword ka ;eword tlung ;eword ka ;eword moo ;eword
wena ;eword u ;eword tla ;eword qhal ;eword a ;eword di ;eword erekisi ;eword tsena ;eword helang ;eword
Tsebo ;eword ke ;eword tla ;eword u ;eword shap ;eword a ;eword
tsw ;eword a ;eword mona ;eword ha ;eword u ;eword le ;eword bo ;eword kako ;eword tjee ;eword
tsw ;eword a ;eword wena ;eword ha ;eword u ;eword le ;eword bo ;eword kako ;eword
Tsebo ;eword u ;eword qhal ;eword a ;eword erekisi ;eword ena ;eword ke ;eword u ;eword shap ;eword e ;eword u ;eword a ;eword tseb ;eword a ;eword
di ;eword erekisi ;eword
u ;eword ile ;eword wa ;eword r ;eword e ;eword di ;eword perekisi ;eword
le ;eword batl ;eword a ;eword basekomo ;eword jwale ;eword
thol ;eword ang ;eword ke ;eword tseb ;eword e ;eword ho ;eword mo ;eword tl ;eword os ;eword a ;eword
tsw ;eword ang ;eword
ke ;eword its ;eword e ;eword le ;eword y ;eword e ;eword kantle ;eword le ;eword y ;eword e ;eword ho ;eword hlap ;eword a ;eword le ;eword tseb ;eword e ;eword ho ;eword tl ;eword a ;eword le ;eword ma ;eword bekere ;eword
ke ;eword tlo ;eword le ;eword tSel ;eword l ;eword a ;eword tee ;eword
em ;eword a ;eword wena ;eword le ;eword y ;eword e ;eword ho ;eword hlap ;eword a ;eword kantle ;eword
m ;eword ph ;eword e ;eword basekomo ;eword ke ;eword eo ;eword
