annotation1	utterance_id	session_id	speaker_id	uniquespeaker_id_fk	speaker_name	speaker_age	speaker_gender	speaker_role_raw_OLD	speaker_role_raw	speaker_macrorole	sentence_type	english_translation	annotation1_OLD	annotatorName1	commentsAnnotation1	annotation2_OLD	annotation2	annotatorName2	commentsAnnotation2	Diff_annotations	utterance	language	utterance_morphemes	utterance_gloses_raw	utterance_raw	utterance_id.1	utterance_poses_raw	start	end	start_raw	end_raw	corpus	speaker_label	languages_spoken	utterance_id_source	birthdate	speaker_age_in_days	speaker_addressee	speaker_role_OLD	speaker_id.1	MinuteofUtterance	TotalRecordingTime	session_CHILDES	keychild	session	speaker	role_adressee	register
881	22424	2458	16706	885	Mololo	5;4.0	NA	Cousin	Cousin	Child	default	He refuses with his book	881	emilie							ohana ka buka yahae	Sesotho	o-han-a ka buka ya-hae	sm1-t^p_refuse-m^in pr book(9,10) 9-1	ohana ka buka yahae	2678133	pfx-v-sfx pr n ps-sfx	3.458.706	3.464.288	3.458.706	3.464.288	Sesotho	MOL	sme	u106	NA	1945	NA	Cousin	16706	57	23_95.13	030000cd.cha	Hlobohang	Hlobohang-030000cd.cha	child	Grandmother	ADS
881	22483	2458	16706	885	Mololo	5;4.0	NA	Cousin	Cousin	Child	question	How mother Manyili ?	881	emilie							kang mme Manyili	Sesotho	ka-ng mme Manyili	pr-wh mother(1a,2a) a_name	kang mme Manyili	2678192	pfx-pfx n ???	3.825.089	3.829.458	3.825.089	3.829.458	Sesotho	MOL	sme	u165	NA	1945	NA	Cousin	16706	63	23_95.13	030000cd.cha	Hlobohang	Hlobohang-030000cd.cha	child	Grandmother	ADS
881	22484	2458	16706	885	Mololo	5;4.0	NA	Cousin	Cousin	Child	question	Mother Manyili is it going with what ?	881	emilie							mme Manyili eya kang	Sesotho	mme Manyili e-y-a ka-ng	mother(1a,2a) a_name sm9-t^p_go-m^in pr-wh	mme Manyili eya kang	2678193	n ??? pfx-v-sfx pfx-pfx	3.829.458	3.832.344	3.829.458	3.832.344	Sesotho	MOL	sme	u166	NA	1945	NA	Cousin	16706	63	23_95.13	030000cd.cha	Hlobohang	Hlobohang-030000cd.cha	child	Grandmother	ADS
881	22486	2458	16706	885	Mololo	5;4.0	NA	Cousin	Cousin	Child	question	What ?	881	emilie							e	Sesotho	e	wh	e	2678195	wh	3832.6	3.833.578	3832.6	3.833.578	Sesotho	MOL	sme	u168	NA	1945	NA	Cousin	16706	63	23_95.13	030000cd.cha	Hlobohang	Hlobohang-030000cd.cha	child	Grandmother	ADS
881	22506	2458	16706	885	Mololo	5;4.0	NA	Cousin	Cousin	Child	default	Give me mother Manyili	881	emilie							mphe mme Manyili	Sesotho	m-ph-e mme Manyili	om1s-give-m^i mother(1a,2a) a_name	mphe mme Manyili	2678215	pfx-v-sfx n ???	3949	3.953.347	3949	3.953.347	Sesotho	MOL	sme	u188	NA	1945	NA	Cousin	16706	65	23_95.13	030000cd.cha	Hlobohang	Hlobohang-030000cd.cha	child	Grandmother	ADS
881	22512	2458	16706	885	Mololo	5;4.0	NA	Cousin	Cousin	Child	default	It is mine	881	emilie							ke yaka	Sesotho	ke ya-ka	cp 9-1s	ke yaka	2678221	cop ps-sfx	3966.7	3.968.155	3966.7	3.968.155	Sesotho	MOL	sme	u194	NA	1945	NA	Cousin	16706	66	23_95.13	030000cd.cha	Hlobohang	Hlobohang-030000cd.cha	child	Grandmother	ADS
881	22588	2458	16706	885	Mololo	5;4.0	NA	Cousin	Cousin	Child	default	I roll it with foot	881	emilie							keetheta ka leoto	Sesotho	ke-e-thet-a ka le-oto	sm1s-t^p.om9-roll-m^in pr 5-foot(5,6)	keetheta ka leoto	2678297	pfx-pfx-v-sfx pr pfx-n	4.333.244	4.336.218	4.333.244	4.336.218	Sesotho	MOL	sme	u270	NA	1945	NA	Cousin	16706	72	23_95.13	030000cd.cha	Hlobohang	Hlobohang-030000cd.cha	child	Grandmother	ADS
