annotation1	utterance_id	session_id	speaker_id	uniquespeaker_id_fk	speaker_name	speaker_age	speaker_gender	speaker_role_raw_OLD	speaker_role_raw	speaker_macrorole	sentence_type	english_translation	annotation1_OLD	annotatorName1	commentsAnnotation1	annotation2_OLD	annotation2	annotatorName2	commentsAnnotation2	Diff_annotations	utterance	language	utterance_morphemes	utterance_gloses_raw	utterance_raw	utterance_id.1	utterance_poses_raw	start	end	start_raw	end_raw	corpus	speaker_label	languages_spoken	utterance_id_source	birthdate	speaker_age_in_days	speaker_addressee	speaker_role_OLD	speaker_id.1	MinuteofUtterance	TotalRecordingTime	session_CHILDES	keychild	session	speaker	role_adressee	register
889	8613	2428	16500	884	Mahlobohang	NA	Female	Mother	Mother	Adult	default	He has been dirtied by porridge Ntswaki	889	emilie							o masheleshele Ntsoaki	Sesotho	o ma-sheleshele Ntsoaki	cp1 6-porridge(5,6) a_name	o masheleshele Ntsoaki	2664322	cop pfx-n ???	206.6	210.486	206.6	210.486	Sesotho	MHL	sme	u33	NA	NA	NA	Mother	16500	3	8_95.10	020500ab.cha	Hlobohang	Hlobohang-020500ab.cha	mother	Cousin	OCDS
889	8614	2428	16500	884	Mahlobohang	NA	Female	Mother	Mother	Adult	default	Take a broom and sweep here next to his blanket	889	emilie							nka lefielo ufiele mona pela kobo yahae	Sesotho	nk-a le-fielo u-fiel-e mona pela kobo ya-hae	take-m^i 5-broom(5,6) sm2s-t^p_sweep-m^s loc loc blanket(9,10) 9-1	nka lefielo ufiele mona pela kobo yahae	2664323	v-sfx pfx-n pfx-v-sfx loc loc n ps-sfx	206.6	210.486	206.6	210.486	Sesotho	MHL	sme	u34	NA	NA	NA	Mother	16500	3	8_95.10	020500ab.cha	Hlobohang	Hlobohang-020500ab.cha	mother	Cousin	OCDS
889	9079	2428	16500	884	Mahlobohang	NA	Female	Mother	Mother	Adult	default	Ntswaki wash these dishes	889	emilie							Ntsoaki hlatswa dijana tsena	Sesotho	Ntsoaki hlatsw-a di-jana tsena	a_name wash-m^i 8-dish(7,8) 10	Ntsoaki hlatswa dijana tsena	2664788	??? v-sfx pfx-n d	2.426.145	2.430.657	2.426.145	2.430.657	Sesotho	MHL	sme	u499	NA	NA	NA	Mother	16500	40	8_95.10	020500ab.cha	Hlobohang	Hlobohang-020500ab.cha	mother	Cousin	OCDS
889	9082	2428	16500	884	Mahlobohang	NA	Female	Mother	Mother	Adult	question	Where is the salt ?	889	emilie							letswai le kae	Sesotho	le-tswai le kae	5-salt(5,6) cp5 wh	letswai le kae	2664791	pfx-n cop wh	2.436.579	2.439.834	2.436.579	2.439.834	Sesotho	MHL	sme	u502	NA	NA	NA	Mother	16500	40	8_95.10	020500ab.cha	Hlobohang	Hlobohang-020500ab.cha	mother	Cousin	OCDS
885	9114	2428	16500	884	Mahlobohang	NA	Female	Mother	Mother	Adult	default	Give it to him	885	emilie							monehe	Sesotho	mo-neh-e	om1-give-m^i	monehe	2664823	pfx-v-sfx	2626.1	2.627.277	2626.1	2.627.277	Sesotho	MHL	sme	u534	NA	NA	NA	Mother	16500	43	8_95.10	020500ab.cha	Hlobohang	Hlobohang-020500ab.cha	mother	Cousin	OCDS
885	9116	2428	16500	884	Mahlobohang	NA	Female	Mother	Mother	Adult	default	Pick it up give it to him nicely	885	emilie							sekuke monehe hantle	Sesotho	se-kuk-e mo-neh-e hantle	om7-take_up-m^i om1-give-m^i av	sekuke monehe hantle	2664825	pfx-v-sfx pfx-v-sfx av	2628.5	2.631.267	2628.5	2.631.267	Sesotho	MHL	sme	u536	NA	NA	NA	Mother	16500	43	8_95.10	020500ab.cha	Hlobohang	Hlobohang-020500ab.cha	mother	Cousin	OCDS
885	9394	2429	16508	884	Mahlobohang	NA	Female	Mother	Mother	Adult	question	What ?	885	emilie							e	Sesotho	e	wh	e	2665103	wh	4.447.114	4.455.742	4.447.114	4.455.742	Sesotho	MHL	sme	u239	NA	NA	NA	Mother	16508	74	8_95.10	020500ab.cha	Hlobohang	Hlobohang-020500ab.cha	mother	Cousin	OCDS
