annotation1	utterance_id	session_id	speaker_id	uniquespeaker_id_fk	speaker_name	speaker_age	speaker_gender	speaker_role_raw_OLD	speaker_role_raw	speaker_macrorole	sentence_type	english_translation	annotation1_OLD	annotatorName1	commentsAnnotation1	annotation2_OLD	annotation2	annotatorName2	commentsAnnotation2	Diff_annotations	utterance	language	utterance_morphemes	utterance_gloses_raw	utterance_raw	utterance_id.1	utterance_poses_raw	start	end	start_raw	end_raw	corpus	speaker_label	languages_spoken	utterance_id_source	birthdate	speaker_age_in_days	speaker_addressee	speaker_role_OLD	speaker_id.1	MinuteofUtterance	TotalRecordingTime	session_CHILDES	keychild	session	speaker	role_adressee	register
930	49793	2500	16984	947	Maelia	NA	NA	Adult	Adult	Adult	default	Litlhare says she saw is carried on the back by mother Machala	930	clara							Litlhare ore oileabona epepiwe ke mme Machala	Sesotho	Litlhare o-r-e o-ile-a-bon-a e-pep-iw-e ke mme Machala	a_name sm1-t^p_say-m^in sm1-t^ps-sm1-see-m^pt sm9-t^p_carry_on_back-p-m^s cp mother(1a,2a) a_name	Litlhare ore oileabona epepiwe ke mme Machala	2705502	??? pfx-v-sfx pfx-pfx-pfx-v-sfx pfx-v-sfx-sfx cop n ???	2.094.199	2.099.297	2.094.199	2.099.297	Sesotho	MAE	sme	u695	NA	NA	NA	Speaker	16984	34	21b_94.17	030200ab.cha	Litlhare	Litlhare-030200ab.cha	adult	Mother	ADS
930	50782	2501	16989	880	Noi	NA	NA	Adult	Adult	Adult	default	I am going to ask for money	930	clara							ketloqela chelete	Sesotho	ke-tlo-qel-a chelete	sm1s-t^f2-beg-m^in money(9,10)	ketloqela chelete	2706491	pfx-pfx-v-sfx n	5410.8	5.412.568	5410.8	5.412.568	Sesotho	NOI	sme	u818	NA	NA	NA	Speaker	16989	90	21b_94.17	030200ab.cha	Litlhare	Litlhare-030200ab.cha	adult	Mother	ADS
930	50786	2501	16989	880	Noi	NA	NA	Adult	Adult	Adult	default	Then	930	clara							na	Sesotho	na	q	na	2706495	q	5422	5422.89	5422	5422.89	Sesotho	NOI	sme	u822	NA	NA	NA	Speaker	16989	90	21b_94.17	030200ab.cha	Litlhare	Litlhare-030200ab.cha	adult	Mother	ADS
930	50805	2501	16989	880	Noi	NA	NA	Adult	Adult	Adult	default	You don't even have ten cents only	930	clara							ha una le ha ele tensente feela	Sesotho	ha u-n-a le ha ele tensente feela	ng sm2s-t^p_be-m^x cj ng cp ten_cents(9,10) av	ha una le ha ele tensente feela	2706514	ng pfx-v-sfx cj ng cop n av	5459	5.462.329	5459	5.462.329	Sesotho	NOI	sme	u841	NA	NA	NA	Speaker	16989	90	21b_94.17	030200ab.cha	Litlhare	Litlhare-030200ab.cha	adult	Mother	ADS
930	50807	2501	16989	880	Noi	NA	NA	Adult	Adult	Adult	default	You know it is only me who did not take out money for that!	930	clara							uatseba ke nna feela yasantsang chelete ela ya nnyee	Sesotho	u-a-tseb-a ke nna feela ya-sa-nts-a-ng chelete ela ya nnyee	sm2s-t^p-know-m^in cp 1s av sr1-ng-take_out-m^x-rl money(9,10) 9 9 ???	uatseba ke nna feela yasantsang chelete ela ya nnyee	2706516	pfx-pfx-v-sfx cop pn av pfx-pfx-v-sfx-sfx n d ps none	5.464.132	5.467.549	5.464.132	5.467.549	Sesotho	NOI	sme	u843	NA	NA	NA	Speaker	16989	91	21b_94.17	030200ab.cha	Litlhare	Litlhare-030200ab.cha	adult	Mother	ADS
