annotation1	utterance_id	session_id	speaker_id	uniquespeaker_id_fk	speaker_name	speaker_age	speaker_gender	speaker_role_raw_OLD	speaker_role_raw	speaker_macrorole	sentence_type	english_translation	annotation1_OLD	annotatorName1	commentsAnnotation1	annotation2_OLD	annotation2	annotatorName2	commentsAnnotation2	Diff_annotations	utterance	language	utterance_morphemes	utterance_gloses_raw	utterance_raw	utterance_id.1	utterance_poses_raw	start	end	start_raw	end_raw	corpus	speaker_label	languages_spoken	utterance_id_source	birthdate	speaker_age_in_days	speaker_addressee	speaker_role_OLD	speaker_id.1	MinuteofUtterance	TotalRecordingTime	session_CHILDES	keychild	session	speaker	role_adressee	register
932	29012	2467	16759	935	Ntala	NA	NA	Playmate	Playmate	Child	default	And of sister Makoma is like this	932	emilie							le ya ausi Makoma e tjee	Sesotho	le ya ausi Makoma e tjee	cj 9 sister(1a,2a) a_name cp9 av	le ya ausi Makoma e tjee	2684721	cj ps n ??? cop av	1	6.236	1	6.236	Sesotho	NTL	sme	u0	NA	NA	NA	Playmate	16759	0	5b_92.02	020200cd.cha	Litlhare	Litlhare-020200cd.cha	child	Brother	OCDS
935	29013	2467	16762	932	Namane	4;5.0	Male	Brother	Brother	Child	default	Sister	935	emilie							ausi	Sesotho	ausi	sister(1a,2a)	ausi	2684722	n	6.236	7.683	6.236	7.683	Sesotho	NAM	sme	u1	NA	1610	NA	Brother	16762	0	5b_92.02	020200cd.cha	Litlhare	Litlhare-020200cd.cha	child	Playmate	OCDS
932	29023	2467	16759	935	Ntala	NA	NA	Playmate	Playmate	Child	default	Namane it is little is little	932	emilie							Namane e nyenyane enyane	Sesotho	Namane e nyenyane e-nyane	a_name cp9 aj 9-aj	Namane e nyenyane enyane	2684732	??? cop aj pfx-aj	42.871	46.456	42.871	46.456	Sesotho	NTL	sme	u11	NA	NA	NA	Playmate	16759	0	5b_92.02	020200cd.cha	Litlhare	Litlhare-020200cd.cha	child	Brother	OCDS
934	29421	2467	16764	933	Mpinane	NA	NA	Playmate	Playmate	Child	default	Sister Sebina hey hear Litlhare	934	emilie							ausi Sebina hela utlwang Litlhare	Sesotho	ausi Sebina hela utlw-ang Litlhare	sister(1a,2a) a_name ij hear-m^ip a_name	ausi Sebina hela utlwang Litlhare	2685130	n ??? ij v-sfx ???	1610.2	1.613.319	1610.2	1.613.319	Sesotho	MPI	sme	u409	NA	NA	NA	Playmate	16764	26	5b_92.02	020200cd.cha	Litlhare	Litlhare-020200cd.cha	child	Sister	OCDS
934	30074	2468	16769	932	Namane	4;5.0	Male	Brother	Brother	Child	default	Hey this person is looking at us this one	934	emilie							he motho enwa oreshebile enwa	Sesotho	he mo-tho enwa o-re-sheb-il-e enwa	ij 1-person(1,2) 1 sm1-om1p-look-t^pf-m^in 1	he motho enwa oreshebile enwa	2685783	ij pfx-n d pfx-pfx-v-sfx-sfx d	4.790.781	4793.11	4.790.781	4793.11	Sesotho	NAM	sme	u408	NA	1610	NA	Brother	16769	79	5b_92.02	020200cd.cha	Litlhare	Litlhare-020200cd.cha	child	Sister	OCDS
934	30076	2468	16769	932	Namane	4;5.0	Male	Brother	Brother	Child	question	What is motlenya katse ?	934	emilie							motlenyakatse ke eng	Sesotho	motlenyakatse ke eng	??? cp wh	motlenyakatse ke eng	2685785	none cop wh	4797.8	4.799.738	4797.8	4.799.738	Sesotho	NAM	sme	u410	NA	1610	NA	Brother	16769	79	5b_92.02	020200cd.cha	Litlhare	Litlhare-020200cd.cha	child	Sister	OCDS
934	30078	2468	16769	932	Namane	4;5.0	Male	Brother	Brother	Child	question	What is motlenya katse ?	934	emilie							motlenyakatse ke eng	Sesotho	motlenyakatse ke eng	??? cp wh	motlenyakatse ke eng	2685787	none cop wh	4801.5	4.803.584	4801.5	4.803.584	Sesotho	NAM	sme	u412	NA	1610	NA	Brother	16769	80	5b_92.02	020200cd.cha	Litlhare	Litlhare-020200cd.cha	child	Sister	OCDS
