annotation1	utterance_id	session_id	speaker_id	uniquespeaker_id_fk	speaker_name	speaker_age	speaker_gender	speaker_role_raw_OLD	speaker_role_raw	speaker_macrorole	sentence_type	english_translation	annotation1_OLD	annotatorName1	commentsAnnotation1	annotation2_OLD	annotation2	annotatorName2	commentsAnnotation2	Diff_annotations	utterance	language	utterance_morphemes	utterance_gloses_raw	utterance_raw	utterance_id.1	utterance_poses_raw	start	end	start_raw	end_raw	corpus	speaker_label	languages_spoken	utterance_id_source	birthdate	speaker_age_in_days	speaker_addressee	speaker_role_OLD	speaker_id.1	MinuteofUtterance	TotalRecordingTime	session_CHILDES	keychild	session	speaker	role_adressee	register
962	54355	2511	17063	958	Julia	NA	Female	Grandmother	Grandmother	Adult	default	Matuli not so is a man	1	clara							Matuli hakere ke monna	Sesotho	Matuli hakere ke mo-nna	a_name q cp 1-man(1,2)	Matuli hakere ke monna	2710064	??? q cop pfx-n	90.871	92.838	90.871	92.838	Sesotho	JUL	sme	u27	NA	NA	NA	Grandmother	17063	1	5c_63.33	030900b.cha	Neuoe	Neuoe-030900b.cha	adult	Brother	OCDS
962	54356	2511	17063	958	Julia	NA	Female	Grandmother	Grandmother	Adult	question	How can he have earrings	1	clara							otlaba le masale jwang	Sesotho	o-tla-ba le ma-sale jwang	sm1-t^f1-cp cj 6-earring(5,6) wh	otlaba le masale jwang	2710065	pfx-pfx-pfx cj pfx-n wh	92.6	94.421	92.6	94.421	Sesotho	JUL	sme	u28	NA	NA	NA	Grandmother	17063	1	5c_63.33	030900b.cha	Neuoe	Neuoe-030900b.cha	adult	Brother	OCDS
962	54358	2511	17063	958	Julia	NA	Female	Grandmother	Grandmother	Adult	question	Did he go to the fields ?	1	clara							oneaile naheng	Sesotho	o-ne-a-il-e nahe-ng	sm1-t^ne-sm1-go/t^pf-m^pt land(9,10)-lc	oneaile naheng	2710067	pfx-pfx-pfx-v-sfx n-sfx	99.632	101.841	99.632	101.841	Sesotho	JUL	sme	u30	NA	NA	NA	Grandmother	17063	1	5c_63.33	030900b.cha	Neuoe	Neuoe-030900b.cha	adult	Brother	OCDS
962	54359	2511	17063	958	Julia	NA	Female	Grandmother	Grandmother	Adult	question	Do you come from the fields man ?	1	clara							utswa naheng na monna	Sesotho	u-tsw-a nahe-ng na mo-nna	sm2s-t^p_come_from-m^in land(9,10)-lc q 1-man(1,2)	utswa naheng na monna	2710068	pfx-v-sfx n-sfx q pfx-n	101.5	103.374	101.5	103.374	Sesotho	JUL	sme	u31	NA	NA	NA	Grandmother	17063	1	5c_63.33	030900b.cha	Neuoe	Neuoe-030900b.cha	adult	Brother	OCDS
962	54397	2511	17065	968	Semakaleng	NA	NA	Adult	Adult	Adult	default	Let us go you go take for yourself	1	clara							ha reye uye hoinkela	Sesotho	ha re-y-e u-y-e ho-i-nk-el-a	ht sm1p-t^p_go-m^s sm2s-t^p_go-m^s if-rf-take-ap-m^pt	ha reye uye hoinkela	2710106	ht pfx-v-sfx pfx-v-sfx pfx-pfx-v-sfx-sfx	194.5	196.619	194.5	196.619	Sesotho	SEM	sme	u69	NA	NA	NA	Speaker	17065	3	5c_63.33	030900b.cha	Neuoe	Neuoe-030900b.cha	adult	Brother	OCDS
