annotation1	utterance_id	session_id	speaker_id	uniquespeaker_id_fk	speaker_name	speaker_age	speaker_gender	speaker_role_raw_OLD	speaker_role_raw	speaker_macrorole	sentence_type	english_translation	annotation1_OLD	annotatorName1	commentsAnnotation1	annotation2_OLD	annotation2	annotatorName2	commentsAnnotation2	Diff_annotations	utterance	language	utterance_morphemes	utterance_gloses_raw	utterance_raw	utterance_id.1	utterance_poses_raw	start	end	start_raw	end_raw	corpus	speaker_label	languages_spoken	utterance_id_source	birthdate	speaker_age_in_days	speaker_addressee	speaker_role_OLD	speaker_id.1	MinuteofUtterance	TotalRecordingTime	session_CHILDES	keychild	session	speaker	role_adressee	register
1	56342	2515	17086	958	Julia	NA	Female	Grandmother	Grandmother	Adult	question	What are you playing ?	963	clara							ubapalang	Sesotho	u-bapal-a-ng	sm2s-t^p_play-m^in-wh	ubapalang	2712051	pfx-v-sfx-sfx	3.401.125	3.402.476	3.401.125	3.402.476	Sesotho	JUL	sme	u87	NA	NA	NA	Grandmother	17086	56	7c_92.23	031000cd.cha	Neuoe	Neuoe-031000cd.cha	adult	Keychild	CDS
1	56344	2515	17086	958	Julia	NA	Female	Grandmother	Grandmother	Adult	default	Dishes	963	clara							dijana	Sesotho	di-jana	8-dish(7,8)	dijana	2712053	pfx-n	3.404.076	3.405.366	3.404.076	3.405.366	Sesotho	JUL	sme	u89	NA	NA	NA	Grandmother	17086	56	7c_92.23	031000cd.cha	Neuoe	Neuoe-031000cd.cha	adult	Keychild	CDS
1	56346	2515	17086	958	Julia	NA	Female	Grandmother	Grandmother	Adult	question	Where are they ?	963	clara							di kae	Sesotho	di kae	cp8 wh	di kae	2712055	cop wh	3.406.488	3407.18	3.406.488	3407.18	Sesotho	JUL	sme	u91	NA	NA	NA	Grandmother	17086	56	7c_92.23	031000cd.cha	Neuoe	Neuoe-031000cd.cha	adult	Keychild	CDS
1	56348	2515	17086	958	Julia	NA	Female	Grandmother	Grandmother	Adult	question	Where are they ?	963	clara							di kae	Sesotho	di kae	cp8 wh	di kae	2712057	cop wh	3.408.341	3.409.158	3.408.341	3.409.158	Sesotho	JUL	sme	u93	NA	NA	NA	Grandmother	17086	56	7c_92.23	031000cd.cha	Neuoe	Neuoe-031000cd.cha	adult	Keychild	CDS
1	56350	2515	17086	958	Julia	NA	Female	Grandmother	Grandmother	Adult	default	Please bring we see them	963	clara							ake utlise redibone	Sesotho	ake u-tl-is-e re-di-bon-e	ij sm2s-t^p_come-c-m^s sm1p-t^p.om8-see-m^s	ake utlise redibone	2712059	ij pfx-v-sfx-sfx pfx-pfx-v-sfx	3.409.981	3.411.775	3.409.981	3.411.775	Sesotho	JUL	sme	u95	NA	NA	NA	Grandmother	17086	56	7c_92.23	031000cd.cha	Neuoe	Neuoe-031000cd.cha	adult	Keychild	CDS
1	56364	2515	17086	958	Julia	NA	Female	Grandmother	Grandmother	Adult	default	Be quiet	963	clara							thola	Sesotho	thol-a	become_silent-m^i	thola	2712073	v-sfx	3.446.703	3.447.678	3.446.703	3.447.678	Sesotho	JUL	sme	u109	NA	NA	NA	Grandmother	17086	57	7c_92.23	031000cd.cha	Neuoe	Neuoe-031000cd.cha	adult	Keychild	CDS
1	56365	2515	17086	958	Julia	NA	Female	Grandmother	Grandmother	Adult	default	No give him he be quiet	963	clara							ee monehe athole	Sesotho	ee mo-neh-e a-thol-e	ij om1-give-m^i sm1-t^p_become_silent-m^s	ee monehe athole	2712074	ij pfx-v-sfx pfx-v-sfx	3.447.678	3451.67	3.447.678	3451.67	Sesotho	JUL	sme	u110	NA	NA	NA	Grandmother	17086	57	7c_92.23	031000cd.cha	Neuoe	Neuoe-031000cd.cha	adult	Keychild	CDS
1	56366	2515	17086	958	Julia	NA	Female	Grandmother	Grandmother	Adult	default	Give him	963	clara							monehe	Sesotho	mo-neh-e	om1-give-m^i	monehe	2712075	pfx-v-sfx	3451.67	3.453.108	3451.67	3.453.108	Sesotho	JUL	sme	u111	NA	NA	NA	Grandmother	17086	57	7c_92.23	031000cd.cha	Neuoe	Neuoe-031000cd.cha	adult	Keychild	CDS
1	56368	2515	17086	958	Julia	NA	Female	Grandmother	Grandmother	Adult	default	Hey give him	963	clara							hey monehe	Sesotho	hey mo-neh-e	ij om1-give-m^i	hey monehe	2712077	ij pfx-v-sfx	3.454.453	3456.37	3.454.453	3456.37	Sesotho	JUL	sme	u113	NA	NA	NA	Grandmother	17086	57	7c_92.23	031000cd.cha	Neuoe	Neuoe-031000cd.cha	adult	Keychild	CDS
1	56428	2515	17086	958	Julia	NA	Female	Grandmother	Grandmother	Adult	question	Yes what is her name ?	963	clara							e ke mang lebitso lahae ngwanana	Sesotho	e ke mang le-bitso la-hae ngwanana	ij cp wh 5-name(5,6) 5-1 girl(1irg)	e ke mang lebitso lahae ngwanana	2712137	ij cop wh pfx-n ps-sfx n	3.597.623	3.600.223	3.597.623	3.600.223	Sesotho	JUL	sme	u173	NA	NA	NA	Grandmother	17086	59	7c_92.23	031000cd.cha	Neuoe	Neuoe-031000cd.cha	adult	Keychild	CDS
1	56433	2515	17086	958	Julia	NA	Female	Grandmother	Grandmother	Adult	question	Who ? Linono ?	963	clara							ke mang Linono	Sesotho	ke mang Linono	cp wh a_name	ke mang Linono	2712142	cop wh ???	3.614.521	3.618.405	3.614.521	3.618.405	Sesotho	JUL	sme	u178	NA	NA	NA	Grandmother	17086	60	7c_92.23	031000cd.cha	Neuoe	Neuoe-031000cd.cha	adult	Keychild	CDS
1	56435	2515	17086	958	Julia	NA	Female	Grandmother	Grandmother	Adult	default	oh hey	963	clara							oh hele	Sesotho	oh hele	ij ij	oh hele	2712144	ij ij	3619.6	3.624.405	3619.6	3.624.405	Sesotho	JUL	sme	u180	NA	NA	NA	Grandmother	17086	60	7c_92.23	031000cd.cha	Neuoe	Neuoe-031000cd.cha	adult	Keychild	CDS
1	56436	2515	17086	958	Julia	NA	Female	Grandmother	Grandmother	Adult	question	Who is her mother ?	963	clara							mme wahae hana ke mang	Sesotho	mme wa-hae hana ke mang	mother(1a,2a) 1-1 q cp wh	mme wahae hana ke mang	2712145	n ps-sfx q cop wh	3.624.405	3.625.693	3.624.405	3.625.693	Sesotho	JUL	sme	u181	NA	NA	NA	Grandmother	17086	60	7c_92.23	031000cd.cha	Neuoe	Neuoe-031000cd.cha	adult	Keychild	CDS
1	56438	2515	17086	958	Julia	NA	Female	Grandmother	Grandmother	Adult	default	Who are you ?	963	clara							u mang wena	Sesotho	u mang wena	cp2s wh 2s	u mang wena	2712147	cop wh pn	3.628.693	3.630.206	3.628.693	3.630.206	Sesotho	JUL	sme	u183	NA	NA	NA	Grandmother	17086	60	7c_92.23	031000cd.cha	Neuoe	Neuoe-031000cd.cha	adult	Keychild	CDS
1	56440	2515	17086	958	Julia	NA	Female	Grandmother	Grandmother	Adult	question	You are mother ?	963	clara							u mme	Sesotho	u mme	cp2s mother(1a,2a)	u mme	2712149	cop n	3.633.943	3.634.931	3.633.943	3.634.931	Sesotho	JUL	sme	u185	NA	NA	NA	Grandmother	17086	60	7c_92.23	031000cd.cha	Neuoe	Neuoe-031000cd.cha	adult	Keychild	CDS
1	56442	2515	17086	958	Julia	NA	Female	Grandmother	Grandmother	Adult	question	You are mother who ?	963	clara							u mme mang	Sesotho	u mme mang	cp2s mother(1a,2a) wh	u mme mang	2712151	cop n wh	3.640.908	3.642.908	3.640.908	3.642.908	Sesotho	JUL	sme	u187	NA	NA	NA	Grandmother	17086	60	7c_92.23	031000cd.cha	Neuoe	Neuoe-031000cd.cha	adult	Keychild	CDS
1	56444	2515	17086	958	Julia	NA	Female	Grandmother	Grandmother	Adult	question	You are mother who ?	963	clara							u mme mang	Sesotho	u mme mang	cp2s mother(1a,2a) wh	u mme mang	2712153	cop n wh	3649.74	3652.73	3649.74	3652.73	Sesotho	JUL	sme	u189	NA	NA	NA	Grandmother	17086	60	7c_92.23	031000cd.cha	Neuoe	Neuoe-031000cd.cha	adult	Keychild	CDS
1	56447	2515	17086	958	Julia	NA	Female	Grandmother	Grandmother	Adult	question	You are a mother Neuoe ?	963	clara							u mme Maneuoe	Sesotho	u mme Maneuoe	cp2s mother(1a,2a) a_name	u mme Maneuoe	2712156	cop n ???	3.656.106	3.664.368	3.656.106	3.664.368	Sesotho	JUL	sme	u192	NA	NA	NA	Grandmother	17086	60	7c_92.23	031000cd.cha	Neuoe	Neuoe-031000cd.cha	adult	Keychild	CDS
1	56528	2515	17086	958	Julia	NA	Female	Grandmother	Grandmother	Adult	question	Where are you going Neuoe ?	963	clara							uya kae Neuoe	Sesotho	u-y-a kae Neuoe	sm2s-t^p_go-m^in wh a_name	uya kae Neuoe	2712237	pfx-v-sfx wh ???	NA	NA	NA	NA	Sesotho	JUL	sme	u273	NA	NA	NA	Grandmother	17086	NA	7c_92.23	031000cd.cha	Neuoe	Neuoe-031000cd.cha	adult	Keychild	CDS
1	56529	2515	17086	958	Julia	NA	Female	Grandmother	Grandmother	Adult	question	Where are you going with the blanket ?	963	clara							uya kae ka kobo	Sesotho	u-y-a kae ka kobo	sm2s-t^p_go-m^in wh pr blanket(9,10)	uya kae ka kobo	2712238	pfx-v-sfx wh pr n	NA	NA	NA	NA	Sesotho	JUL	sme	u274	NA	NA	NA	Grandmother	17086	NA	7c_92.23	031000cd.cha	Neuoe	Neuoe-031000cd.cha	adult	Keychild	CDS
1	56539	2515	17091	973	Mapotlako	NA	NA	Adult	Adult	Adult	default	This kind is not the kind that stays same place	963	clara							mofuta ona ha se mofuta udulang nqa ele ngwe	Sesotho	mo-futa ona ha se mo-futa u-dul-a-ng nqa e-le ngwe	3-type(3,4) 3 ng cp 3-type(3,4) sm2s-t^p_sit-m^pt-rl side(9,10) sm9-cp nm	mofuta ona ha se mofuta udulang nqa ele ngwe	2712248	pfx-n d ng cop pfx-n pfx-v-sfx-sfx n pfx-pfx nm	4.043.071	4.047.808	4.043.071	4.047.808	Sesotho	MPT	sme	u284	NA	NA	NA	Speaker	17091	67	7c_92.23	031000cd.cha	Neuoe	Neuoe-031000cd.cha	adult	Keychild	CDS
1	56540	2515	17091	973	Mapotlako	NA	NA	Adult	Adult	Adult	default	Leave (and go) put her to sleep on cow skin	963	clara							tsamaya homorobatsa lekokong	Sesotho	tsamay-a ho-mo-robats-a le-koko-ng	leave-m^i if-om1-sleep/c-m^pt 5-hide(5,6)-lc	tsamaya homorobatsa lekokong	2712249	v-sfx pfx-pfx-v-sfx pfx-n-sfx	4.047.808	4.050.735	4.047.808	4.050.735	Sesotho	MPT	sme	u285	NA	NA	NA	Speaker	17091	67	7c_92.23	031000cd.cha	Neuoe	Neuoe-031000cd.cha	adult	Keychild	CDS
1	56541	2515	17086	958	Julia	NA	Female	Grandmother	Grandmother	Adult	default	It is raining	963	clara							pula eana	Sesotho	pula e-a-n-a	rain(9,10) sm9-t^p-rain-m^in	pula eana	2712250	n pfx-pfx-v-sfx	4.050.735	4.051.935	4.050.735	4.051.935	Sesotho	JUL	sme	u286	NA	NA	NA	Grandmother	17086	67	7c_92.23	031000cd.cha	Neuoe	Neuoe-031000cd.cha	adult	Keychild	CDS
1	56542	2515	17086	958	Julia	NA	Female	Grandmother	Grandmother	Adult	default	Go	963	clara							tsamaya	Sesotho	tsamay-a	leave-m^i	tsamaya	2712251	v-sfx	4.051.935	4.054.688	4.051.935	4.054.688	Sesotho	JUL	sme	u287	NA	NA	NA	Grandmother	17086	67	7c_92.23	031000cd.cha	Neuoe	Neuoe-031000cd.cha	adult	Keychild	CDS
1	56545	2515	17086	958	Julia	NA	Female	Grandmother	Grandmother	Adult	default	Yes you sleep with her !	963	clara							e urobale le yena	Sesotho	e u-robal-e le yena	ij sm2s-t^p_sleep-m^s cj 1	e urobale le yena	2712254	ij pfx-v-sfx cj pn	4.064.633	4.066.186	4.064.633	4.066.186	Sesotho	JUL	sme	u290	NA	NA	NA	Grandmother	17086	67	7c_92.23	031000cd.cha	Neuoe	Neuoe-031000cd.cha	adult	Keychild	CDS
1	56546	2515	17091	973	Mapotlako	NA	NA	Adult	Adult	Adult	default	Move back	963	clara							boela morao	Sesotho	bo-el-a morao	return-ap-m^i loc	boela morao	2712255	v-sfx-sfx loc	4.066.186	4.067.635	4.066.186	4.067.635	Sesotho	MPT	sme	u291	NA	NA	NA	Speaker	17091	67	7c_92.23	031000cd.cha	Neuoe	Neuoe-031000cd.cha	adult	Keychild	CDS
1	56547	2515	17091	973	Mapotlako	NA	NA	Adult	Adult	Adult	default	Move down	963	clara							boela tlase	Sesotho	bo-el-a tlase	return-ap-m^i loc	boela tlase	2712256	v-sfx-sfx loc	4.067.635	4071.36	4.067.635	4071.36	Sesotho	MPT	sme	u292	NA	NA	NA	Speaker	17091	67	7c_92.23	031000cd.cha	Neuoe	Neuoe-031000cd.cha	adult	Keychild	CDS
1	56548	2515	17091	973	Mapotlako	NA	NA	Adult	Adult	Adult	default	Move down with your child	963	clara							boela tlase le ngwana wahao	Sesotho	bo-el-a tlase le ngwana wa-hao	return-ap-m^i loc cj child(1irg) 1-2s	boela tlase le ngwana wahao	2712257	v-sfx-sfx loc cj n ps-sfx	4071.36	4.073.016	4071.36	4.073.016	Sesotho	MPT	sme	u293	NA	NA	NA	Speaker	17091	67	7c_92.23	031000cd.cha	Neuoe	Neuoe-031000cd.cha	adult	Keychild	CDS
1	56574	2515	17086	958	Julia	NA	Female	Grandmother	Grandmother	Adult	question	When are you going to wake up ?	963	clara							ebe letlatsoha neng	Sesotho	ebe le-tla-tsoh-a neng	cj sm2p-t^f1-waken-m^in wh	ebe letlatsoha neng	2712283	cj pfx-pfx-v-sfx wh	4.142.481	4.144.238	4.142.481	4.144.238	Sesotho	JUL	sme	u319	NA	NA	NA	Grandmother	17086	69	7c_92.23	031000cd.cha	Neuoe	Neuoe-031000cd.cha	adult	Keychild	CDS
1	56575	2515	17086	958	Julia	NA	Female	Grandmother	Grandmother	Adult	question	Where is the child ?	963	clara							ngwana o kae	Sesotho	ngwana o kae	child(1irg) cp1 wh	ngwana o kae	2712284	n cop wh	4.144.238	4.149.886	4.144.238	4.149.886	Sesotho	JUL	sme	u320	NA	NA	NA	Grandmother	17086	69	7c_92.23	031000cd.cha	Neuoe	Neuoe-031000cd.cha	adult	Keychild	CDS
1	56577	2515	17086	958	Julia	NA	Female	Grandmother	Grandmother	Adult	question	Where is she ?	963	clara							o kae	Sesotho	o kae	cp1 wh	o kae	2712286	cop wh	4.151.908	4.152.643	4.151.908	4.152.643	Sesotho	JUL	sme	u322	NA	NA	NA	Grandmother	17086	69	7c_92.23	031000cd.cha	Neuoe	Neuoe-031000cd.cha	adult	Keychild	CDS
1	56578	2515	17086	958	Julia	NA	Female	Grandmother	Grandmother	Adult	question	Is she sleeping too ?	963	clara							urobetse le yena	Sesotho	u-robets-e le yena	sm2s-sleep/t^pf-m^in cj 1	urobetse le yena	2712287	pfx-v-sfx cj pn	4.152.643	4.155.395	4.152.643	4.155.395	Sesotho	JUL	sme	u323	NA	NA	NA	Grandmother	17086	69	7c_92.23	031000cd.cha	Neuoe	Neuoe-031000cd.cha	adult	Keychild	CDS
1	56581	2515	17086	958	Julia	NA	Female	Grandmother	Grandmother	Adult	question	What ?	963	clara							e	Sesotho	e	wh	e	2712290	wh	4.158.783	4.161.253	4.158.783	4.161.253	Sesotho	JUL	sme	u326	NA	NA	NA	Grandmother	17086	69	7c_92.23	031000cd.cha	Neuoe	Neuoe-031000cd.cha	adult	Keychild	CDS
1	56583	2515	17086	958	Julia	NA	Female	Grandmother	Grandmother	Adult	default	Yes	963	clara							e	Sesotho	e	ij	e	2712292	ij	4.162.433	4.163.069	4.162.433	4.163.069	Sesotho	JUL	sme	u328	NA	NA	NA	Grandmother	17086	69	7c_92.23	031000cd.cha	Neuoe	Neuoe-031000cd.cha	adult	Keychild	CDS
1	56641	2515	17086	958	Julia	NA	Female	Grandmother	Grandmother	Adult	question	Neuoe you what do you do ?	963	clara							Neuoe wena leetsa jwang	Sesotho	Neuoe wena le-ets-a jwang	a_name 2s sm2p-t^p_do-m^in wh	Neuoe wena leetsa jwang	2712350	??? pn pfx-v-sfx wh	4325.01	4.330.395	4325.01	4.330.395	Sesotho	JUL	sme	u386	NA	NA	NA	Grandmother	17086	72	7c_92.23	031000cd.cha	Neuoe	Neuoe-031000cd.cha	adult	Keychild	CDS
1	56643	2515	17086	958	Julia	NA	Female	Grandmother	Grandmother	Adult	question	You wash yourselves ?	963	clara							leaitlhatswa	Sesotho	le-a-i-tlhatsw-a	sm2p-t^p-rf-wash-m^in	leaitlhatswa	2712352	pfx-pfx-pfx-v-sfx	4.335.715	4.337.061	4.335.715	4.337.061	Sesotho	JUL	sme	u388	NA	NA	NA	Grandmother	17086	72	7c_92.23	031000cd.cha	Neuoe	Neuoe-031000cd.cha	adult	Keychild	CDS
1	56645	2515	17086	958	Julia	NA	Female	Grandmother	Grandmother	Adult	question	Where do you wash yourselves ?	963	clara							leitlhatswa hokae	Sesotho	le-i-tlhatsw-a ho-kae	sm2p-rf-t^p_wash-m^in 17-wh	leitlhatswa hokae	2712354	pfx-pfx-v-sfx pfx-pfx	4337.48	4.338.841	4337.48	4.338.841	Sesotho	JUL	sme	u390	NA	NA	NA	Grandmother	17086	72	7c_92.23	031000cd.cha	Neuoe	Neuoe-031000cd.cha	adult	Keychild	CDS
1	56647	2515	17086	958	Julia	NA	Female	Grandmother	Grandmother	Adult	question	You wash yourselves where ?	963	clara							leitlhatswa kae	Sesotho	le-i-tlhatsw-a kae	sm2p-rf-t^p_wash-m^in wh	leitlhatswa kae	2712356	pfx-pfx-v-sfx wh	4.341.656	4.342.833	4.341.656	4.342.833	Sesotho	JUL	sme	u392	NA	NA	NA	Grandmother	17086	72	7c_92.23	031000cd.cha	Neuoe	Neuoe-031000cd.cha	adult	Keychild	CDS
1	56649	2515	17086	958	Julia	NA	Female	Grandmother	Grandmother	Adult	question	In the small river ?	963	clara							dinokaneng	Sesotho	di-noka-ne-ng	10-river(9,10)-dim-lc	dinokaneng	2712358	pfx-n-sfx-sfx	4.343.818	4.344.445	4.343.818	4.344.445	Sesotho	JUL	sme	u394	NA	NA	NA	Grandmother	17086	72	7c_92.23	031000cd.cha	Neuoe	Neuoe-031000cd.cha	adult	Keychild	CDS
1	56651	2515	17086	958	Julia	NA	Female	Grandmother	Grandmother	Adult	question	You wash yourself where ?	963	clara							uitlhatswa kae	Sesotho	u-i-tlhatsw-a kae	sm2s-rf-t^p_wash-m^in wh	uitlhatswa kae	2712360	pfx-pfx-v-sfx wh	4345.98	4.346.966	4345.98	4.346.966	Sesotho	JUL	sme	u396	NA	NA	NA	Grandmother	17086	72	7c_92.23	031000cd.cha	Neuoe	Neuoe-031000cd.cha	adult	Keychild	CDS
1	56653	2515	17086	958	Julia	NA	Female	Grandmother	Grandmother	Adult	question	When you go wash yourself what do you do ?	963	clara							ha uiloitlhatswa uetsa jwang	Sesotho	ha u-ilo-i-tlhatsw-a u-ets-a jwang	cd sm2s-t^f4-rf-wash-m^in sm2s-t^p_do-m^pt wh	ha uiloitlhatswa uetsa jwang	2712362	cd pfx-pfx-pfx-v-sfx pfx-v-sfx wh	4.352.535	4.355.801	4.352.535	4.355.801	Sesotho	JUL	sme	u398	NA	NA	NA	Grandmother	17086	72	7c_92.23	031000cd.cha	Neuoe	Neuoe-031000cd.cha	adult	Keychild	CDS
1	56655	2515	17086	958	Julia	NA	Female	Grandmother	Grandmother	Adult	question	I say Neuoe does what ?	963	clara							kere Neuoe na oetsa jwang yena	Sesotho	ke-r-e Neuoe na o-ets-a jwang yena	sm1s-t^p_say-m^in a_name q sm1-t^p_do-m^pt wh 1	kere Neuoe na oetsa jwang yena	2712364	pfx-v-sfx ??? q pfx-v-sfx wh pn	4.357.816	4.359.736	4.357.816	4.359.736	Sesotho	JUL	sme	u400	NA	NA	NA	Grandmother	17086	72	7c_92.23	031000cd.cha	Neuoe	Neuoe-031000cd.cha	adult	Keychild	CDS
1	56657	2515	17086	958	Julia	NA	Female	Grandmother	Grandmother	Adult	question	What are you doing Neuoe?	963	clara							uetsang Neuoe	Sesotho	u-ets-a-ng Neuoe	sm2s-t^p_do-m^in-wh a_name	uetsang Neuoe	2712366	pfx-v-sfx-sfx ???	4.361.046	4.364.366	4.361.046	4.364.366	Sesotho	JUL	sme	u402	NA	NA	NA	Grandmother	17086	72	7c_92.23	031000cd.cha	Neuoe	Neuoe-031000cd.cha	adult	Keychild	CDS
1	56659	2515	17086	958	Julia	NA	Female	Grandmother	Grandmother	Adult	question	You wash your feet on the stone ?	963	clara							uaikutletsa	Sesotho	u-a-i-kutlets-a	sm2s-t^p-rf-clean_with_stone-m^in	uaikutletsa	2712368	pfx-pfx-pfx-v-sfx	4.366.795	4.367.633	4.366.795	4.367.633	Sesotho	JUL	sme	u404	NA	NA	NA	Grandmother	17086	72	7c_92.23	031000cd.cha	Neuoe	Neuoe-031000cd.cha	adult	Keychild	CDS
1	56661	2515	17086	958	Julia	NA	Female	Grandmother	Grandmother	Adult	question	Where do you wash your feet on the stone ?	963	clara							uikutletsa kae	Sesotho	u-i-kutlets-a kae	sm2s-rf-t^p_clean_with_stone-m^in wh	uikutletsa kae	2712370	pfx-pfx-v-sfx wh	4.368.333	4369.47	4.368.333	4369.47	Sesotho	JUL	sme	u406	NA	NA	NA	Grandmother	17086	72	7c_92.23	031000cd.cha	Neuoe	Neuoe-031000cd.cha	adult	Keychild	CDS
1	56663	2515	17086	958	Julia	NA	Female	Grandmother	Grandmother	Adult	question	Where do you wash your feet on the stone ?	963	clara							uikutletsa kae	Sesotho	u-i-kutlets-a kae	sm2s-rf-t^p_clean_with_stone-m^in wh	uikutletsa kae	2712372	pfx-pfx-v-sfx wh	4370.82	4.372.066	4370.82	4.372.066	Sesotho	JUL	sme	u408	NA	NA	NA	Grandmother	17086	72	7c_92.23	031000cd.cha	Neuoe	Neuoe-031000cd.cha	adult	Keychild	CDS
1	56666	2515	17086	958	Julia	NA	Female	Grandmother	Grandmother	Adult	question	Where ?	963	clara							kae	Sesotho	kae	wh	kae	2712375	wh	4.375.003	4.376.448	4.375.003	4.376.448	Sesotho	JUL	sme	u411	NA	NA	NA	Grandmother	17086	72	7c_92.23	031000cd.cha	Neuoe	Neuoe-031000cd.cha	adult	Keychild	CDS
1	56691	2515	17086	958	Julia	NA	Female	Grandmother	Grandmother	Adult	default	You go	963	clara							tsamayang	Sesotho	tsamay-ang	leave-m^ip	tsamayang	2712400	v-sfx	NA	NA	NA	NA	Sesotho	JUL	sme	u436	NA	NA	NA	Grandmother	17086	NA	7c_92.23	031000cd.cha	Neuoe	Neuoe-031000cd.cha	adult	Keychild	CDS
1	56692	2515	17086	958	Julia	NA	Female	Grandmother	Grandmother	Adult	default	You leave and go and sleep with the child over there	963	clara							tsamayang leye horobala le ngwana kwana	Sesotho	tsamay-ang le-y-e ho-robal-a le ngwana kwana	leave-m^ip sm2p-t^p_go-m^s if-sleep-m^pt cj child(1irg) loc	tsamayang leye horobala le ngwana kwana	2712401	v-sfx pfx-v-sfx pfx-v-sfx cj n loc	NA	NA	NA	NA	Sesotho	JUL	sme	u437	NA	NA	NA	Grandmother	17086	NA	7c_92.23	031000cd.cha	Neuoe	Neuoe-031000cd.cha	adult	Keychild	CDS
1	56693	2515	17086	958	Julia	NA	Female	Grandmother	Grandmother	Adult	default	You leave Y ou go over there	963	clara							tsamayang leyeng kwana	Sesotho	tsamay-ang le-y-eng kwana	leave-m^ip sm2p-t^p_go-m^sp loc	tsamayang leyeng kwana	2712402	v-sfx pfx-v-sfx loc	NA	NA	NA	NA	Sesotho	JUL	sme	u438	NA	NA	NA	Grandmother	17086	NA	7c_92.23	031000cd.cha	Neuoe	Neuoe-031000cd.cha	adult	Keychild	CDS
1	56694	2515	17086	958	Julia	NA	Female	Grandmother	Grandmother	Adult	default	Go and sleep with the child over there	963	clara							leye horobala le ngwana kwana	Sesotho	le-y-e ho-robal-a le ngwana kwana	sm2p-t^p_go-m^s if-sleep-m^pt cj child(1irg) loc	leye horobala le ngwana kwana	2712403	pfx-v-sfx pfx-v-sfx cj n loc	NA	NA	NA	NA	Sesotho	JUL	sme	u439	NA	NA	NA	Grandmother	17086	NA	7c_92.23	031000cd.cha	Neuoe	Neuoe-031000cd.cha	adult	Keychild	CDS
1	56695	2515	17086	958	Julia	NA	Female	Grandmother	Grandmother	Adult	default	Put something on the floor for him	963	clara							moalle	Sesotho	mo-al-l-e	om1-spread-ap-m^i	moalle	2712404	pfx-v-sfx-sfx	NA	NA	NA	NA	Sesotho	JUL	sme	u440	NA	NA	NA	Grandmother	17086	NA	7c_92.23	031000cd.cha	Neuoe	Neuoe-031000cd.cha	adult	Keychild	CDS
1	56697	2515	17086	958	Julia	NA	Female	Grandmother	Grandmother	Adult	default	Yes put something on the floor for the child he sleeps	963	clara							e alla ngwana arobale	Sesotho	e al-l-a ngwana a-robal-e	ij spread-ap-m^i child(1irg) sm1-t^p_sleep-m^s	e alla ngwana arobale	2712406	ij v-sfx-sfx n pfx-v-sfx	NA	NA	NA	NA	Sesotho	JUL	sme	u442	NA	NA	NA	Grandmother	17086	NA	7c_92.23	031000cd.cha	Neuoe	Neuoe-031000cd.cha	adult	Keychild	CDS
1	56698	2515	17086	958	Julia	NA	Female	Grandmother	Grandmother	Adult	default	Put something on the floor for the child	963	clara							alla ngwana	Sesotho	al-l-a ngwana	spread-ap-m^i child(1irg)	alla ngwana	2712407	v-sfx-sfx n	NA	NA	NA	NA	Sesotho	JUL	sme	u443	NA	NA	NA	Grandmother	17086	NA	7c_92.23	031000cd.cha	Neuoe	Neuoe-031000cd.cha	adult	Keychild	CDS
1	56733	2515	17086	958	Julia	NA	Female	Grandmother	Grandmother	Adult	default	Yes	963	clara							e	Sesotho	e	ij	e	2712442	ij	4.659.701	4.660.296	4.659.701	4.660.296	Sesotho	JUL	sme	u478	NA	NA	NA	Grandmother	17086	77	7c_92.23	031000cd.cha	Neuoe	Neuoe-031000cd.cha	adult	Keychild	CDS
1	56743	2515	17086	958	Julia	NA	Female	Grandmother	Grandmother	Adult	question	Where is the hat ?	963	clara							katiba e kae	Sesotho	katiba e kae	hat(9,10) cp9 wh	katiba e kae	2712452	n cop wh	4.723.011	4.727.011	4.723.011	4.727.011	Sesotho	JUL	sme	u488	NA	NA	NA	Grandmother	17086	78	7c_92.23	031000cd.cha	Neuoe	Neuoe-031000cd.cha	adult	Keychild	CDS
1	56745	2515	17086	958	Julia	NA	Female	Grandmother	Grandmother	Adult	question	What did you hide ?	963	clara							upatileng	Sesotho	u-pat-il-e-ng	sm2s-hide-t^pf-m^in-wh	upatileng	2712454	pfx-v-sfx-sfx-sfx	4732.4	4.736.195	4732.4	4.736.195	Sesotho	JUL	sme	u490	NA	NA	NA	Grandmother	17086	78	7c_92.23	031000cd.cha	Neuoe	Neuoe-031000cd.cha	adult	Keychild	CDS
1	56747	2515	17086	958	Julia	NA	Female	Grandmother	Grandmother	Adult	question	Where is the child ?	963	clara							ngwana o kae	Sesotho	ngwana o kae	child(1irg) cp1 wh	ngwana o kae	2712456	n cop wh	4.736.195	4.740.848	4.736.195	4.740.848	Sesotho	JUL	sme	u492	NA	NA	NA	Grandmother	17086	78	7c_92.23	031000cd.cha	Neuoe	Neuoe-031000cd.cha	adult	Keychild	CDS
1	56749	2515	17086	958	Julia	NA	Female	Grandmother	Grandmother	Adult	default	No she is not there	963	clara							ache ha a yo	Sesotho	ache ha a yo	ij ng cp1 loc	ache ha a yo	2712458	ij ng cop loc	4.745.761	4.749.015	4.745.761	4.749.015	Sesotho	JUL	sme	u494	NA	NA	NA	Grandmother	17086	79	7c_92.23	031000cd.cha	Neuoe	Neuoe-031000cd.cha	adult	Keychild	CDS
1	56750	2515	17086	958	Julia	NA	Female	Grandmother	Grandmother	Adult	question	Do you say she is there ?	963	clara							na ure o teng	Sesotho	na u-r-e o teng	q sm2s-t^p_say-m^in cp1 loc	na ure o teng	2712459	q pfx-v-sfx cop loc	4.749.015	4.751.845	4.749.015	4.751.845	Sesotho	JUL	sme	u495	NA	NA	NA	Grandmother	17086	79	7c_92.23	031000cd.cha	Neuoe	Neuoe-031000cd.cha	adult	Keychild	CDS
1	56751	2515	17086	958	Julia	NA	Female	Grandmother	Grandmother	Adult	question	Where are you going you	963	clara							uya kae wena	Sesotho	u-y-a kae wena	sm2s-t^p_go-m^in wh 2s	uya kae wena	2712460	pfx-v-sfx wh pn	4.751.845	4.754.136	4.751.845	4.754.136	Sesotho	JUL	sme	u496	NA	NA	NA	Grandmother	17086	79	7c_92.23	031000cd.cha	Neuoe	Neuoe-031000cd.cha	adult	Keychild	CDS
1	56752	2515	17086	958	Julia	NA	Female	Grandmother	Grandmother	Adult	default	Hat leave (and go) get the hat	963	clara							katiba tsamaya holata katiba	Sesotho	katiba tsamay-a ho-lat-a katiba	hat(9,10) leave-m^i if-fetch-m^pt hat(9,10)	katiba tsamaya holata katiba	2712461	n v-sfx pfx-v-sfx n	4.754.136	4.755.803	4.754.136	4.755.803	Sesotho	JUL	sme	u497	NA	NA	NA	Grandmother	17086	79	7c_92.23	031000cd.cha	Neuoe	Neuoe-031000cd.cha	adult	Keychild	CDS
1	56761	2515	17086	958	Julia	NA	Female	Grandmother	Grandmother	Adult	question	Where did you hide it ?	963	clara							uepatile kae	Sesotho	u-e-pat-il-e kae	sm2s-om9-hide-t^pf-m^in wh	uepatile kae	2712470	pfx-pfx-v-sfx-sfx wh	4772.4	4.773.944	4772.4	4.773.944	Sesotho	JUL	sme	u506	NA	NA	NA	Grandmother	17086	79	7c_92.23	031000cd.cha	Neuoe	Neuoe-031000cd.cha	adult	Keychild	CDS
1	56795	2515	17086	958	Julia	NA	Female	Grandmother	Grandmother	Adult	question	Did you fall ?	963	clara							uwetse	Sesotho	u-w-ets-e	sm2s-fall-ap/t^pf-m^in	uwetse	2712504	pfx-v-sfx-sfx	4867.93	4.870.566	4867.93	4.870.566	Sesotho	JUL	sme	u540	NA	NA	NA	Grandmother	17086	81	7c_92.23	031000cd.cha	Neuoe	Neuoe-031000cd.cha	adult	Keychild	CDS
1	56797	2515	17086	958	Julia	NA	Female	Grandmother	Grandmother	Adult	question	Where did you fall ?	963	clara							uwetse kae	Sesotho	u-w-ets-e kae	sm2s-fall-ap/t^pf-m^in wh	uwetse kae	2712506	pfx-v-sfx-sfx wh	4.871.131	4872.32	4.871.131	4872.32	Sesotho	JUL	sme	u542	NA	NA	NA	Grandmother	17086	81	7c_92.23	031000cd.cha	Neuoe	Neuoe-031000cd.cha	adult	Keychild	CDS
1	56799	2515	17086	958	Julia	NA	Female	Grandmother	Grandmother	Adult	question	Right here ?	963	clara							hona moo	Sesotho	hona moo	av loc	hona moo	2712508	av loc	4.877.418	4.878.778	4.877.418	4.878.778	Sesotho	JUL	sme	u544	NA	NA	NA	Grandmother	17086	81	7c_92.23	031000cd.cha	Neuoe	Neuoe-031000cd.cha	adult	Keychild	CDS
1	56802	2515	17086	958	Julia	NA	Female	Grandmother	Grandmother	Adult	question	Why didn't we see ?	963	clara							ha reabona ke eng	Sesotho	ha re-a-bon-a ke eng	ng sm1p-t^p-see-m^x cp wh	ha reabona ke eng	2712511	ng pfx-pfx-v-sfx cop wh	4.882.156	4.882.961	4.882.156	4.882.961	Sesotho	JUL	sme	u547	NA	NA	NA	Grandmother	17086	81	7c_92.23	031000cd.cha	Neuoe	Neuoe-031000cd.cha	adult	Keychild	CDS
1	56804	2515	17086	958	Julia	NA	Female	Grandmother	Grandmother	Adult	default	Yes	963	clara							e	Sesotho	e	ij	e	2712513	ij	4.885.078	4887.67	4.885.078	4887.67	Sesotho	JUL	sme	u549	NA	NA	NA	Grandmother	17086	81	7c_92.23	031000cd.cha	Neuoe	Neuoe-031000cd.cha	adult	Keychild	CDS
1	56821	2515	17086	958	Julia	NA	Female	Grandmother	Grandmother	Adult	default	I will give you peaches when you finish to play	963	clara							ketlalefa diperekisi ha leqeta hobapala	Sesotho	ke-tla-le-f-a di-perekisi ha le-qet-a ho-bapal-a	sm1s-t^f1-om5-give-m^in 10-peach(9,10) cd sm2p-t^p_finish-m^pt if-play-m^pt	ketlalefa diperekisi ha leqeta hobapala	2712530	pfx-pfx-pfx-v-sfx pfx-n cd pfx-v-sfx pfx-v-sfx	4.949.496	4.953.411	4.949.496	4.953.411	Sesotho	JUL	sme	u566	NA	NA	NA	Grandmother	17086	82	7c_92.23	031000cd.cha	Neuoe	Neuoe-031000cd.cha	adult	Keychild	CDS
1	56822	2515	17086	958	Julia	NA	Female	Grandmother	Grandmother	Adult	default	Leave (and go) put the child to sleep	963	clara							tsamaya horobatsa ngwana	Sesotho	tsamay-a ho-robats-a ngwana	leave-m^i if-sleep/c-m^pt child(1irg)	tsamaya horobatsa ngwana	2712531	v-sfx pfx-v-sfx n	4.953.411	4.955.065	4.953.411	4.955.065	Sesotho	JUL	sme	u567	NA	NA	NA	Grandmother	17086	82	7c_92.23	031000cd.cha	Neuoe	Neuoe-031000cd.cha	adult	Keychild	CDS
1	56824	2515	17086	958	Julia	NA	Female	Grandmother	Grandmother	Adult	default	of course I am going	963	clara							kehlileketlilo	Sesotho	ke-hlile-ke-tlilo	sm1s-t^hla/pf-sm1s-t^f2	kehlileketlilo	2712533	pfx-pfx-pfx-pfx	4.955.923	4.959.597	4.955.923	4.959.597	Sesotho	JUL	sme	u569	NA	NA	NA	Grandmother	17086	82	7c_92.23	031000cd.cha	Neuoe	Neuoe-031000cd.cha	adult	Keychild	CDS
1	56825	2515	17086	958	Julia	NA	Female	Grandmother	Grandmother	Adult	default	I will give you peaches right now	963	clara							ketlolefa diperekisi hona jwale tjee	Sesotho	ke-tlo-le-f-a di-perekisi hona jwale tjee	sm1s-t^f2-om2p-give-m^in 10-peach(9,10) av av av	ketlolefa diperekisi hona jwale tjee	2712534	pfx-pfx-pfx-v-sfx pfx-n av av av	4.955.923	4.959.597	4.955.923	4.959.597	Sesotho	JUL	sme	u570	NA	NA	NA	Grandmother	17086	82	7c_92.23	031000cd.cha	Neuoe	Neuoe-031000cd.cha	adult	Keychild	CDS
1	56828	2515	17086	958	Julia	NA	Female	Grandmother	Grandmother	Adult	default	Yes I will give the ones playing peaches	963	clara							e ketlafa babapalang diperekisi	Sesotho	e ke-tla-f-a ba-bapal-a-ng di-perekisi	ij sm1s-t^f1-give-m^in sr2-t^p_play-m^pt-rl 10-peach(9,10)	e ketlafa babapalang diperekisi	2712537	ij pfx-pfx-v-sfx pfx-v-sfx-sfx pfx-n	4.962.078	4.963.471	4.962.078	4.963.471	Sesotho	JUL	sme	u573	NA	NA	NA	Grandmother	17086	82	7c_92.23	031000cd.cha	Neuoe	Neuoe-031000cd.cha	adult	Keychild	CDS
1	56829	2515	17086	958	Julia	NA	Female	Grandmother	Grandmother	Adult	default	Yes	963	clara							e	Sesotho	e	ij	e	2712538	ij	4.963.471	4.966.488	4.963.471	4.966.488	Sesotho	JUL	sme	u574	NA	NA	NA	Grandmother	17086	82	7c_92.23	031000cd.cha	Neuoe	Neuoe-031000cd.cha	adult	Keychild	CDS
1	56831	2515	17086	958	Julia	NA	Female	Grandmother	Grandmother	Adult	default	Go	963	clara							tsamaya	Sesotho	tsamay-a	leave-m^i	tsamaya	2712540	v-sfx	4.968.713	4.970.998	4.968.713	4.970.998	Sesotho	JUL	sme	u576	NA	NA	NA	Grandmother	17086	82	7c_92.23	031000cd.cha	Neuoe	Neuoe-031000cd.cha	adult	Keychild	CDS
1	56832	2515	17086	958	Julia	NA	Female	Grandmother	Grandmother	Adult	default	I will give you peaches	963	clara							ketlolefa diperekisi	Sesotho	ke-tlo-le-f-a di-perekisi	sm1s-t^f2-om2p-give-m^in 10-peach(9,10)	ketlolefa diperekisi	2712541	pfx-pfx-pfx-v-sfx pfx-n	4.970.998	4.973.421	4.970.998	4.973.421	Sesotho	JUL	sme	u577	NA	NA	NA	Grandmother	17086	82	7c_92.23	031000cd.cha	Neuoe	Neuoe-031000cd.cha	adult	Keychild	CDS
1	56833	2515	17086	958	Julia	NA	Female	Grandmother	Grandmother	Adult	question	Many really you know	963	clara							hela dingata kannete uatseba helang	Sesotho	hela di-ngata kannete u-a-tseb-a helang	ij 10-aj av sm2s-t^p-know-m^in ij	hela dingata kannete uatseba helang	2712542	ij pfx-aj av pfx-pfx-v-sfx ij	4.973.421	4975.5	4.973.421	4975.5	Sesotho	JUL	sme	u578	NA	NA	NA	Grandmother	17086	82	7c_92.23	031000cd.cha	Neuoe	Neuoe-031000cd.cha	adult	Keychild	CDS
1	56834	2515	17086	958	Julia	NA	Female	Grandmother	Grandmother	Adult	default	My tree is here	963	clara							sefate saka ele see	Sesotho	se-fate sa-ka e-le see	7-tree(7,8) 7-1s sm9-cp 7	sefate saka ele see	2712543	pfx-n ps-sfx pfx-pfx d	4975.5	4978.06	4975.5	4978.06	Sesotho	JUL	sme	u579	NA	NA	NA	Grandmother	17086	82	7c_92.23	031000cd.cha	Neuoe	Neuoe-031000cd.cha	adult	Keychild	CDS
1	56835	2515	17086	958	Julia	NA	Female	Grandmother	Grandmother	Adult	default	outside there women	963	clara							kantle ka moo basadi	Sesotho	kantle ka moo basadi	loc pr loc ij	kantle ka moo basadi	2712544	loc pr loc ij	4978.06	4.985.691	4978.06	4.985.691	Sesotho	JUL	sme	u580	NA	NA	NA	Grandmother	17086	82	7c_92.23	031000cd.cha	Neuoe	Neuoe-031000cd.cha	adult	Keychild	CDS
1	56836	2515	17086	958	Julia	NA	Female	Grandmother	Grandmother	Adult	default	I will give peaches right now	963	clara							ketlilofana ka diperekisi hona jwale	Sesotho	ke-tlilo-f-an-a ka di-perekisi hona jwale	sm1s-t^f2-give-rc-m^in pr 10-peach(9,10) av av	ketlilofana ka diperekisi hona jwale	2712545	pfx-pfx-v-sfx-sfx pr pfx-n av av	4.985.691	4.985.798	4.985.691	4.985.798	Sesotho	JUL	sme	u581	NA	NA	NA	Grandmother	17086	83	7c_92.23	031000cd.cha	Neuoe	Neuoe-031000cd.cha	adult	Keychild	CDS
1	56837	2515	17086	958	Julia	NA	Female	Grandmother	Grandmother	Adult	question	What ?	963	clara							e	Sesotho	e	wh	e	2712546	wh	4.985.798	4.990.125	4.985.798	4.990.125	Sesotho	JUL	sme	u582	NA	NA	NA	Grandmother	17086	83	7c_92.23	031000cd.cha	Neuoe	Neuoe-031000cd.cha	adult	Keychild	CDS
1	56839	2515	17086	958	Julia	NA	Female	Grandmother	Grandmother	Adult	default	I will give children peaches the ones playing	963	clara							ketlilofa bana diperekisi babapalang	Sesotho	ke-tlilo-f-a ba-na di-perekisi ba-bapal-a-ng	sm1s-t^f2-give-m^in 2-child(1,2) 10-peach(9,10) sr2-t^p_play-m^pt-rl	ketlilofa bana diperekisi babapalang	2712548	pfx-pfx-v-sfx pfx-n pfx-n pfx-v-sfx-sfx	4.991.336	4.993.743	4.991.336	4.993.743	Sesotho	JUL	sme	u584	NA	NA	NA	Grandmother	17086	83	7c_92.23	031000cd.cha	Neuoe	Neuoe-031000cd.cha	adult	Keychild	CDS
1	56849	2515	17086	958	Julia	NA	Female	Grandmother	Grandmother	Adult	question	Linono must I give you peaches ?	963	clara							Linono kelefe diperekisi	Sesotho	Linono ke-le-f-e di-perekisi	a_name sm1s-t^p.om2p-give-m^s 10-peach(9,10)	Linono kelefe diperekisi	2712558	??? pfx-pfx-v-sfx pfx-n	NA	NA	NA	NA	Sesotho	JUL	sme	u594	NA	NA	NA	Grandmother	17086	NA	7c_92.23	031000cd.cha	Neuoe	Neuoe-031000cd.cha	adult	Keychild	CDS
1	56920	2515	17086	958	Julia	NA	Female	Grandmother	Grandmother	Adult	default	Yes if you play	963	clara							e ha lebapala	Sesotho	e ha le-bapal-a	ij cd sm2p-t^p_play-m^in	e ha lebapala	2712629	ij cd pfx-v-sfx	5.294.001	5295.12	5.294.001	5295.12	Sesotho	JUL	sme	u665	NA	NA	NA	Grandmother	17086	88	7c_92.23	031000cd.cha	Neuoe	Neuoe-031000cd.cha	adult	Keychild	CDS
1	56921	2515	17086	958	Julia	NA	Female	Grandmother	Grandmother	Adult	default	I will give you peaches	963	clara							ketlalefa diperekisi	Sesotho	ke-tla-le-f-a di-perekisi	sm1s-t^f1-om2p-give-m^in 10-peach(9,10)	ketlalefa diperekisi	2712630	pfx-pfx-pfx-v-sfx pfx-n	5295.12	5.296.665	5295.12	5.296.665	Sesotho	JUL	sme	u666	NA	NA	NA	Grandmother	17086	88	7c_92.23	031000cd.cha	Neuoe	Neuoe-031000cd.cha	adult	Keychild	CDS
1	56924	2515	17086	958	Julia	NA	Female	Grandmother	Grandmother	Adult	default	Yes those who refuse	963	clara							e bahanang	Sesotho	e ba-han-a-ng	ij sr2-t^p_refuse-m^pt-rl	e bahanang	2712633	ij pfx-v-sfx-sfx	5.301.233	5.302.161	5.301.233	5.302.161	Sesotho	JUL	sme	u669	NA	NA	NA	Grandmother	17086	88	7c_92.23	031000cd.cha	Neuoe	Neuoe-031000cd.cha	adult	Keychild	CDS
1	56925	2515	17086	958	Julia	NA	Female	Grandmother	Grandmother	Adult	default	I will not give them peaches	963	clara							nkekebekabafa	Sesotho	n-kekebe-ka-ba-f-a	sm1s-t^po/ng-sm1s-om2-give-m^pt	nkekebekabafa	2712634	pfx-pfx-pfx-pfx-v-sfx	5.302.161	5304.78	5.302.161	5304.78	Sesotho	JUL	sme	u670	NA	NA	NA	Grandmother	17086	88	7c_92.23	031000cd.cha	Neuoe	Neuoe-031000cd.cha	adult	Keychild	CDS
1	56940	2515	17089	972	Masello	NA	NA	Adult	Adult	Adult	question	Linono why don't you say thank you	963	clara							Linono ha ulebohe ke eng	Sesotho	Linono ha u-leboh-e ke eng	a_name ng sm2s-t^p_be_thankful-m^x cp wh	Linono ha ulebohe ke eng	2712649	??? ng pfx-v-sfx cop wh	5363.37	5366.38	5363.37	5366.38	Sesotho	MSL	sme	u685	NA	NA	NA	Speaker	17089	89	7c_92.23	031000cd.cha	Neuoe	Neuoe-031000cd.cha	adult	Keychild	CDS
1	56942	2515	17086	958	Julia	NA	Female	Grandmother	Grandmother	Adult	default	I thank you grandma	963	clara							kealeboha nkhono	Sesotho	ke-a-leboh-a nkhono	sm1s-t^p-be_thankful-m^in grandmother(1a,2a)	kealeboha nkhono	2712651	pfx-pfx-v-sfx n	5.368.755	5.371.886	5.368.755	5.371.886	Sesotho	JUL	sme	u687	NA	NA	NA	Grandmother	17086	89	7c_92.23	031000cd.cha	Neuoe	Neuoe-031000cd.cha	adult	Keychild	CDS
1	56943	2515	17086	958	Julia	NA	Female	Grandmother	Grandmother	Adult	default	No	963	clara							ee	Sesotho	ee	ij	ee	2712652	ij	5.371.886	5.373.285	5.371.886	5.373.285	Sesotho	JUL	sme	u688	NA	NA	NA	Grandmother	17086	89	7c_92.23	031000cd.cha	Neuoe	Neuoe-031000cd.cha	adult	Keychild	CDS
1	56944	2515	17086	958	Julia	NA	Female	Grandmother	Grandmother	Adult	default	No	963	clara							mm	Sesotho	mm	ij	mm	2712653	ij	5.373.285	5.379.406	5.373.285	5.379.406	Sesotho	JUL	sme	u689	NA	NA	NA	Grandmother	17086	89	7c_92.23	031000cd.cha	Neuoe	Neuoe-031000cd.cha	adult	Keychild	CDS
1	56945	2515	17086	958	Julia	NA	Female	Grandmother	Grandmother	Adult	default	Wait then I pass	963	clara							butleng he kefete	Sesotho	butleng he ke-fet-e	ij ij sm1s-t^p_pass-m^s	butleng he kefete	2712654	ij ij pfx-v-sfx	NA	NA	NA	NA	Sesotho	JUL	sme	u690	NA	NA	NA	Grandmother	17086	NA	7c_92.23	031000cd.cha	Neuoe	Neuoe-031000cd.cha	adult	Keychild	CDS
1	56948	2515	17086	958	Julia	NA	Female	Grandmother	Grandmother	Adult	question	I thank you ?	963	clara							kealeboha	Sesotho	ke-a-leboh-a	sm1s-t^p-be_thankful-m^in	kealeboha	2712657	pfx-pfx-v-sfx	NA	NA	NA	NA	Sesotho	JUL	sme	u693	NA	NA	NA	Grandmother	17086	NA	7c_92.23	031000cd.cha	Neuoe	Neuoe-031000cd.cha	adult	Keychild	CDS
1	56964	2515	17086	958	Julia	NA	Female	Grandmother	Grandmother	Adult	default	Those are going out	963	clara							bane baatswa	Sesotho	bane ba-a-tsw-a	2 sm2-t^p-go_out-m^in	bane baatswa	2712673	d pfx-pfx-v-sfx	5.416.696	5.434.491	5.416.696	5.434.491	Sesotho	JUL	sme	u709	NA	NA	NA	Grandmother	17086	90	7c_92.23	031000cd.cha	Neuoe	Neuoe-031000cd.cha	adult	Keychild	CDS
1	56965	2515	17086	958	Julia	NA	Female	Grandmother	Grandmother	Adult	question	Have you gone out already ?	963	clara							leseletswile jwale	Sesotho	le-se-le-tsw-il-e jwale	sm2p-t^se-sm2p-go_out-t^pf-m^pt av	leseletswile jwale	2712674	pfx-pfx-pfx-v-sfx-sfx av	5.434.491	5.449.236	5.434.491	5.449.236	Sesotho	JUL	sme	u710	NA	NA	NA	Grandmother	17086	90	7c_92.23	031000cd.cha	Neuoe	Neuoe-031000cd.cha	adult	Keychild	CDS
